y_grid,v_target,iteration_0,iteration_1,iteration_3,iteration_4,iteration_6,iteration_8,iteration_9,iteration_11,iteration_12,iteration_14,iteration_16,iteration_17,iteration_19,iteration_20,iteration_22,iteration_24,iteration_25,iteration_27,iteration_29,iteration_30,iteration_32,iteration_33,iteration_35,iteration_37,iteration_38,iteration_40,iteration_41,iteration_43,iteration_45,iteration_46,iteration_48,iteration_49,iteration_51,iteration_53,iteration_54,iteration_56,iteration_58,iteration_59,iteration_61,iteration_62,iteration_64,iteration_66,iteration_67,iteration_69,iteration_70,iteration_72,iteration_74,iteration_75,iteration_77,iteration_79
0.000000000000000000e+00,0.000000000000000000e+00,0.000000000000000000e+00,0.000000000000000000e+00,0.000000000000000000e+00,0.000000000000000000e+00,0.000000000000000000e+00,0.000000000000000000e+00,0.000000000000000000e+00,0.000000000000000000e+00,0.000000000000000000e+00,0.000000000000000000e+00,0.000000000000000000e+00,0.000000000000000000e+00,0.000000000000000000e+00,0.000000000000000000e+00,0.000000000000000000e+00,0.000000000000000000e+00,0.000000000000000000e+00,0.000000000000000000e+00,0.000000000000000000e+00,0.000000000000000000e+00,0.000000000000000000e+00,0.000000000000000000e+00,0.000000000000000000e+00,0.000000000000000000e+00,0.000000000000000000e+00,0.000000000000000000e+00,0.000000000000000000e+00,0.000000000000000000e+00,0.000000000000000000e+00,0.000000000000000000e+00,0.000000000000000000e+00,0.000000000000000000e+00,0.000000000000000000e+00,0.000000000000000000e+00,0.000000000000000000e+00,0.000000000000000000e+00,0.000000000000000000e+00,0.000000000000000000e+00,0.000000000000000000e+00,0.000000000000000000e+00,0.000000000000000000e+00,0.000000000000000000e+00,0.000000000000000000e+00,0.000000000000000000e+00,0.000000000000000000e+00,0.000000000000000000e+00,0.000000000000000000e+00,0.000000000000000000e+00,0.000000000000000000e+00,0.000000000000000000e+00
5.050505050505050934e-03,0.000000000000000000e+00,0.000000000000000000e+00,0.000000000000000000e+00,0.000000000000000000e+00,0.000000000000000000e+00,0.000000000000000000e+00,0.000000000000000000e+00,0.000000000000000000e+00,0.000000000000000000e+00,0.000000000000000000e+00,0.000000000000000000e+00,0.000000000000000000e+00,0.000000000000000000e+00,0.000000000000000000e+00,0.000000000000000000e+00,0.000000000000000000e+00,0.000000000000000000e+00,0.000000000000000000e+00,0.000000000000000000e+00,0.000000000000000000e+00,0.000000000000000000e+00,0.000000000000000000e+00,0.000000000000000000e+00,0.000000000000000000e+00,0.000000000000000000e+00,0.000000000000000000e+00,0.000000000000000000e+00,0.000000000000000000e+00,0.000000000000000000e+00,0.000000000000000000e+00,0.000000000000000000e+00,0.000000000000000000e+00,0.000000000000000000e+00,0.000000000000000000e+00,0.000000000000000000e+00,0.000000000000000000e+00,0.000000000000000000e+00,0.000000000000000000e+00,0.000000000000000000e+00,0.000000000000000000e+00,0.000000000000000000e+00,0.000000000000000000e+00,0.000000000000000000e+00,0.000000000000000000e+00,0.000000000000000000e+00,0.000000000000000000e+00,0.000000000000000000e+00,0.000000000000000000e+00,0.000000000000000000e+00,0.000000000000000000e+00,0.000000000000000000e+00
1.010101010101010187e-02,0.000000000000000000e+00,0.000000000000000000e+00,0.000000000000000000e+00,0.000000000000000000e+00,0.000000000000000000e+00,0.000000000000000000e+00,0.000000000000000000e+00,0.000000000000000000e+00,0.000000000000000000e+00,0.000000000000000000e+00,0.000000000000000000e+00,0.000000000000000000e+00,0.000000000000000000e+00,0.000000000000000000e+00,0.000000000000000000e+00,0.000000000000000000e+00,0.000000000000000000e+00,0.000000000000000000e+00,0.000000000000000000e+00,0.000000000000000000e+00,0.000000000000000000e+00,0.000000000000000000e+00,0.000000000000000000e+00,0.000000000000000000e+00,0.000000000000000000e+00,0.000000000000000000e+00,0.000000000000000000e+00,0.000000000000000000e+00,0.000000000000000000e+00,0.000000000000000000e+00,0.000000000000000000e+00,0.000000000000000000e+00,0.000000000000000000e+00,0.000000000000000000e+00,0.000000000000000000e+00,0.000000000000000000e+00,0.000000000000000000e+00,0.000000000000000000e+00,0.000000000000000000e+00,0.000000000000000000e+00,0.000000000000000000e+00,0.000000000000000000e+00,0.000000000000000000e+00,0.000000000000000000e+00,0.000000000000000000e+00,0.000000000000000000e+00,0.000000000000000000e+00,0.000000000000000000e+00,0.000000000000000000e+00,0.000000000000000000e+00,0.000000000000000000e+00
1.515151515151515194e-02,0.000000000000000000e+00,0.000000000000000000e+00,0.000000000000000000e+00,0.000000000000000000e+00,0.000000000000000000e+00,0.000000000000000000e+00,0.000000000000000000e+00,0.000000000000000000e+00,0.000000000000000000e+00,0.000000000000000000e+00,0.000000000000000000e+00,0.000000000000000000e+00,0.000000000000000000e+00,0.000000000000000000e+00,0.000000000000000000e+00,0.000000000000000000e+00,0.000000000000000000e+00,0.000000000000000000e+00,0.000000000000000000e+00,0.000000000000000000e+00,0.000000000000000000e+00,0.000000000000000000e+00,0.000000000000000000e+00,0.000000000000000000e+00,0.000000000000000000e+00,0.000000000000000000e+00,0.000000000000000000e+00,0.000000000000000000e+00,0.000000000000000000e+00,0.000000000000000000e+00,0.000000000000000000e+00,0.000000000000000000e+00,0.000000000000000000e+00,0.000000000000000000e+00,0.000000000000000000e+00,0.000000000000000000e+00,0.000000000000000000e+00,0.000000000000000000e+00,0.000000000000000000e+00,0.000000000000000000e+00,0.000000000000000000e+00,0.000000000000000000e+00,0.000000000000000000e+00,0.000000000000000000e+00,0.000000000000000000e+00,0.000000000000000000e+00,0.000000000000000000e+00,0.000000000000000000e+00,0.000000000000000000e+00,0.000000000000000000e+00,0.000000000000000000e+00
2.020202020202020374e-02,0.000000000000000000e+00,0.000000000000000000e+00,0.000000000000000000e+00,0.000000000000000000e+00,0.000000000000000000e+00,0.000000000000000000e+00,0.000000000000000000e+00,0.000000000000000000e+00,0.000000000000000000e+00,0.000000000000000000e+00,0.000000000000000000e+00,0.000000000000000000e+00,0.000000000000000000e+00,0.000000000000000000e+00,0.000000000000000000e+00,0.000000000000000000e+00,0.000000000000000000e+00,0.000000000000000000e+00,0.000000000000000000e+00,0.000000000000000000e+00,0.000000000000000000e+00,0.000000000000000000e+00,0.000000000000000000e+00,0.000000000000000000e+00,0.000000000000000000e+00,0.000000000000000000e+00,0.000000000000000000e+00,0.000000000000000000e+00,0.000000000000000000e+00,0.000000000000000000e+00,0.000000000000000000e+00,0.000000000000000000e+00,0.000000000000000000e+00,0.000000000000000000e+00,0.000000000000000000e+00,0.000000000000000000e+00,0.000000000000000000e+00,0.000000000000000000e+00,0.000000000000000000e+00,0.000000000000000000e+00,0.000000000000000000e+00,0.000000000000000000e+00,0.000000000000000000e+00,0.000000000000000000e+00,0.000000000000000000e+00,0.000000000000000000e+00,0.000000000000000000e+00,0.000000000000000000e+00,0.000000000000000000e+00,0.000000000000000000e+00,0.000000000000000000e+00
2.525252525252525554e-02,0.000000000000000000e+00,0.000000000000000000e+00,0.000000000000000000e+00,0.000000000000000000e+00,0.000000000000000000e+00,0.000000000000000000e+00,0.000000000000000000e+00,0.000000000000000000e+00,0.000000000000000000e+00,0.000000000000000000e+00,0.000000000000000000e+00,0.000000000000000000e+00,0.000000000000000000e+00,0.000000000000000000e+00,0.000000000000000000e+00,0.000000000000000000e+00,0.000000000000000000e+00,0.000000000000000000e+00,0.000000000000000000e+00,0.000000000000000000e+00,0.000000000000000000e+00,0.000000000000000000e+00,0.000000000000000000e+00,0.000000000000000000e+00,0.000000000000000000e+00,0.000000000000000000e+00,0.000000000000000000e+00,0.000000000000000000e+00,0.000000000000000000e+00,0.000000000000000000e+00,0.000000000000000000e+00,0.000000000000000000e+00,0.000000000000000000e+00,0.000000000000000000e+00,0.000000000000000000e+00,0.000000000000000000e+00,0.000000000000000000e+00,0.000000000000000000e+00,0.000000000000000000e+00,0.000000000000000000e+00,0.000000000000000000e+00,0.000000000000000000e+00,0.000000000000000000e+00,0.000000000000000000e+00,0.000000000000000000e+00,0.000000000000000000e+00,0.000000000000000000e+00,0.000000000000000000e+00,0.000000000000000000e+00,0.000000000000000000e+00,0.000000000000000000e+00
3.030303030303030387e-02,0.000000000000000000e+00,0.000000000000000000e+00,0.000000000000000000e+00,0.000000000000000000e+00,0.000000000000000000e+00,0.000000000000000000e+00,0.000000000000000000e+00,0.000000000000000000e+00,0.000000000000000000e+00,0.000000000000000000e+00,0.000000000000000000e+00,0.000000000000000000e+00,0.000000000000000000e+00,0.000000000000000000e+00,0.000000000000000000e+00,0.000000000000000000e+00,0.000000000000000000e+00,0.000000000000000000e+00,0.000000000000000000e+00,0.000000000000000000e+00,0.000000000000000000e+00,0.000000000000000000e+00,0.000000000000000000e+00,0.000000000000000000e+00,0.000000000000000000e+00,0.000000000000000000e+00,0.000000000000000000e+00,0.000000000000000000e+00,0.000000000000000000e+00,0.000000000000000000e+00,0.000000000000000000e+00,0.000000000000000000e+00,0.000000000000000000e+00,0.000000000000000000e+00,0.000000000000000000e+00,0.000000000000000000e+00,0.000000000000000000e+00,0.000000000000000000e+00,0.000000000000000000e+00,0.000000000000000000e+00,0.000000000000000000e+00,0.000000000000000000e+00,0.000000000000000000e+00,0.000000000000000000e+00,0.000000000000000000e+00,0.000000000000000000e+00,0.000000000000000000e+00,0.000000000000000000e+00,0.000000000000000000e+00,0.000000000000000000e+00,0.000000000000000000e+00
3.535353535353535914e-02,0.000000000000000000e+00,0.000000000000000000e+00,0.000000000000000000e+00,0.000000000000000000e+00,0.000000000000000000e+00,0.000000000000000000e+00,0.000000000000000000e+00,0.000000000000000000e+00,0.000000000000000000e+00,0.000000000000000000e+00,0.000000000000000000e+00,0.000000000000000000e+00,0.000000000000000000e+00,0.000000000000000000e+00,0.000000000000000000e+00,0.000000000000000000e+00,0.000000000000000000e+00,0.000000000000000000e+00,0.000000000000000000e+00,0.000000000000000000e+00,0.000000000000000000e+00,0.000000000000000000e+00,0.000000000000000000e+00,0.000000000000000000e+00,0.000000000000000000e+00,0.000000000000000000e+00,0.000000000000000000e+00,0.000000000000000000e+00,0.000000000000000000e+00,0.000000000000000000e+00,0.000000000000000000e+00,0.000000000000000000e+00,0.000000000000000000e+00,0.000000000000000000e+00,0.000000000000000000e+00,0.000000000000000000e+00,0.000000000000000000e+00,0.000000000000000000e+00,0.000000000000000000e+00,0.000000000000000000e+00,0.000000000000000000e+00,0.000000000000000000e+00,0.000000000000000000e+00,0.000000000000000000e+00,0.000000000000000000e+00,0.000000000000000000e+00,0.000000000000000000e+00,0.000000000000000000e+00,0.000000000000000000e+00,0.000000000000000000e+00,0.000000000000000000e+00
4.040404040404040747e-02,0.000000000000000000e+00,0.000000000000000000e+00,0.000000000000000000e+00,0.000000000000000000e+00,0.000000000000000000e+00,0.000000000000000000e+00,0.000000000000000000e+00,0.000000000000000000e+00,0.000000000000000000e+00,0.000000000000000000e+00,0.000000000000000000e+00,0.000000000000000000e+00,0.000000000000000000e+00,0.000000000000000000e+00,0.000000000000000000e+00,0.000000000000000000e+00,0.000000000000000000e+00,0.000000000000000000e+00,0.000000000000000000e+00,0.000000000000000000e+00,0.000000000000000000e+00,0.000000000000000000e+00,0.000000000000000000e+00,0.000000000000000000e+00,0.000000000000000000e+00,0.000000000000000000e+00,0.000000000000000000e+00,0.000000000000000000e+00,0.000000000000000000e+00,0.000000000000000000e+00,0.000000000000000000e+00,0.000000000000000000e+00,0.000000000000000000e+00,0.000000000000000000e+00,0.000000000000000000e+00,0.000000000000000000e+00,0.000000000000000000e+00,0.000000000000000000e+00,0.000000000000000000e+00,0.000000000000000000e+00,0.000000000000000000e+00,0.000000000000000000e+00,0.000000000000000000e+00,0.000000000000000000e+00,0.000000000000000000e+00,0.000000000000000000e+00,0.000000000000000000e+00,0.000000000000000000e+00,0.000000000000000000e+00,0.000000000000000000e+00,0.000000000000000000e+00
4.545454545454545581e-02,7.463272660970687866e-03,9.773256629705429077e-02,1.636699140071868896e-01,2.145768851041793823e-01,1.804207414388656616e-01,1.564652472734451294e-01,1.716351658105850220e-01,1.838841885328292847e-01,2.249737977981567383e-01,2.454567551612854004e-01,2.187626063823699951e-01,1.655994057655334473e-01,1.503525525331497192e-01,1.290156692266464233e-01,1.373158246278762817e-01,1.485817879438400269e-01,1.527028828859329224e-01,1.506257951259613037e-01,1.398357450962066650e-01,1.342871934175491333e-01,1.290211081504821777e-01,1.333034038543701172e-01,1.395191699266433716e-01,1.364710628986358643e-01,1.399215459823608398e-01,1.388966292142868042e-01,1.369935423135757446e-01,1.346314549446105957e-01,1.446259915828704834e-01,1.447107940912246704e-01,1.495269685983657837e-01,1.528709530830383301e-01,1.496759802103042603e-01,2.229008227586746216e-01,1.452645659446716309e-01,1.559591889381408691e-01,1.537516862154006958e-01,1.506075561046600342e-01,1.524676978588104248e-01,1.455373018980026245e-01,1.345099061727523804e-01,1.453789174556732178e-01,1.425177603960037231e-01,1.450242847204208374e-01,1.378439962863922119e-01,1.389415711164474487e-01,1.280583292245864868e-01,1.310162991285324097e-01,1.380063444375991821e-01,1.317434459924697876e-01,1.423455327749252319e-01
5.050505050505051108e-02,1.492653973400592804e-02,1.538775712251663208e-01,2.521951198577880859e-01,3.311417698860168457e-01,2.794930040836334229e-01,2.425432801246643066e-01,2.660796344280242920e-01,2.846890091896057129e-01,3.483723402023315430e-01,3.795500397682189941e-01,3.382349312305450439e-01,2.589195072650909424e-01,2.361714690923690796e-01,2.040764242410659790e-01,2.156344503164291382e-01,2.305219471454620361e-01,2.375957816839218140e-01,2.338793277740478516e-01,2.168505340814590454e-01,2.070860564708709717e-01,1.996506303548812866e-01,2.057766765356063843e-01,2.141483277082443237e-01,2.126946598291397095e-01,2.184803485870361328e-01,2.166243940591812134e-01,2.130736261606216431e-01,2.095981240272521973e-01,2.234828770160675049e-01,2.252424210309982300e-01,2.326336055994033813e-01,2.375698536634445190e-01,2.334547191858291626e-01,3.113364577293395996e-01,2.273581326007843018e-01,2.413881123065948486e-01,2.393177151679992676e-01,2.346802949905395508e-01,2.360595017671585083e-01,2.261772900819778442e-01,2.112499475479125977e-01,2.252371758222579956e-01,2.216178476810455322e-01,2.254676371812820435e-01,2.146030515432357788e-01,2.151294797658920288e-01,2.019760906696319580e-01,2.041084766387939453e-01,2.124539315700531006e-01,2.049554735422134399e-01,2.197685390710830688e-01
5.555555555555555941e-02,1.744332462549209595e-01,2.170836776494979858e-01,3.476715385913848877e-01,4.570531845092773438e-01,3.872495591640472412e-01,3.368965983390808105e-01,3.690053820610046387e-01,3.945784866809844971e-01,4.827180206775665283e-01,5.252503156661987305e-01,4.682227969169616699e-01,3.625265359878540039e-01,3.318744897842407227e-01,2.891452014446258545e-01,3.030704855918884277e-01,3.204105496406555176e-01,3.314066827297210693e-01,3.257105648517608643e-01,3.016667366027832031e-01,2.862835824489593506e-01,2.770309448242187500e-01,2.848781049251556396e-01,2.950183153152465820e-01,2.973527610301971436e-01,3.059009015560150146e-01,3.028234839439392090e-01,2.969579100608825684e-01,2.924547493457794189e-01,3.094267547130584717e-01,3.142540156841278076e-01,3.244016766548156738e-01,3.309054374694824219e-01,3.264738023281097412e-01,3.963598012924194336e-01,3.187560439109802246e-01,3.345781266689300537e-01,3.335786461830139160e-01,3.276049792766571045e-01,3.277172148227691650e-01,3.152068257331848145e-01,2.975726723670959473e-01,3.126921951770782471e-01,3.088209033012390137e-01,3.139831125736236572e-01,2.996463775634765625e-01,2.988173067569732666e-01,2.853269875049591064e-01,2.849786579608917236e-01,2.930404543876647949e-01,2.857454419136047363e-01,3.040482401847839355e-01
6.060606060606060774e-02,3.339399993419647217e-01,2.782075703144073486e-01,4.350734055042266846e-01,5.723840594291687012e-01,4.867624342441558838e-01,4.253844022750854492e-01,4.644073247909545898e-01,4.966841340065002441e-01,6.071904897689819336e-01,6.600124239921569824e-01,5.888733863830566406e-01,4.610296785831451416e-01,4.230617582798004150e-01,3.720786869525909424e-01,3.865713477134704590e-01,4.048939943313598633e-01,4.204500317573547363e-01,4.128815531730651855e-01,3.821103274822235107e-01,3.601844608783721924e-01,3.498876690864562988e-01,3.590470254421234131e-01,3.704397082328796387e-01,3.784340620040893555e-01,3.896776735782623291e-01,3.850045800209045410e-01,3.763488233089447021e-01,3.711776137351989746e-01,3.897251188755035400e-01,3.988861143589019775e-01,4.115105569362640381e-01,4.193079471588134766e-01,4.153588116168975830e-01,4.676299989223480225e-01,4.061641991138458252e-01,4.215407669544219971e-01,4.225575923919677734e-01,4.158591032028198242e-01,4.141840338706970215e-01,3.998306691646575928e-01,3.814643919467926025e-01,3.949167728424072266e-01,3.914388120174407959e-01,3.975067138671875000e-01,3.809061050415039062e-01,3.780947029590606689e-01,3.662137091159820557e-01,3.619432151317596436e-01,3.678171336650848389e-01,3.624155223369598389e-01,3.828130662441253662e-01
6.565656565656566301e-02,4.202839136123657227e-01,3.290314078330993652e-01,5.027192831039428711e-01,6.615648269653320312e-01,5.644537210464477539e-01,4.964182972908020020e-01,5.394597649574279785e-01,5.774287581443786621e-01,7.052180171012878418e-01,7.660549283027648926e-01,6.844721436500549316e-01,5.413432717323303223e-01,4.973382353782653809e-01,4.418722391128540039e-01,4.548330605030059814e-01,4.731763005256652832e-01,4.933149516582489014e-01,4.845051169395446777e-01,4.482236802577972412e-01,4.196497201919555664e-01,4.092119038105010986e-01,4.191390872001647949e-01,4.314412176609039307e-01,4.458824396133422852e-01,4.592404961585998535e-01,4.527910649776458740e-01,4.412370920181274414e-01,4.359221160411834717e-01,4.544626772403717041e-01,4.686471819877624512e-01,4.830701351165771484e-01,4.918033778667449951e-01,4.889000654220581055e-01,5.203920006752014160e-01,4.783807098865509033e-01,4.913436174392700195e-01,4.949056208133697510e-01,4.884358644485473633e-01,4.849687814712524414e-01,4.696300327777862549e-01,4.524827897548675537e-01,4.618034362792968750e-01,4.592493474483489990e-01,4.654929339885711670e-01,4.484909474849700928e-01,4.435791969299316406e-01,4.342045783996582031e-01,4.254371821880340576e-01,4.278367161750793457e-01,4.255480468273162842e-01,4.466382563114166260e-01
7.070707070707071829e-02,5.066278576850891113e-01,3.654375076293945312e-01,5.466143488883972168e-01,7.191836833953857422e-01,6.152540445327758789e-01,5.451638102531433105e-01,5.893334150314331055e-01,6.315600872039794922e-01,7.706170082092285156e-01,8.368837237358093262e-01,7.492180466651916504e-01,5.976368784904479980e-01,5.492334961891174316e-01,4.929238557815551758e-01,5.027348995208740234e-01,5.210513472557067871e-01,5.450940132141113281e-01,5.359585285186767578e-01,4.958422482013702393e-01,4.614272117614746094e-01,4.515246152877807617e-01,4.617521166801452637e-01,4.748290479183197021e-01,4.953006505966186523e-01,5.098280906677246094e-01,5.017576813697814941e-01,4.876390099525451660e-01,4.826737344264984131e-01,5.001643300056457520e-01,5.192915201187133789e-01,5.346665382385253906e-01,5.440336465835571289e-01,5.421748757362365723e-01,5.556990504264831543e-01,5.305581688880920410e-01,5.401810407638549805e-01,5.462141036987304688e-01,5.409647822380065918e-01,5.361143350601196289e-01,5.203565359115600586e-01,5.056601762771606445e-01,5.097060799598693848e-01,5.082820653915405273e-01,5.139042139053344727e-01,4.982837736606597900e-01,4.917562603950500488e-01,4.844642281532287598e-01,4.716529250144958496e-01,4.703825116157531738e-01,4.715207219123840332e-01,4.924458563327789307e-01
7.575757575757575968e-02,5.634141564369201660e-01,3.879359066486358643e-01,5.699716210365295410e-01,7.493907213211059570e-01,6.424572467803955078e-01,5.735534429550170898e-01,6.169923543930053711e-01,6.619841456413269043e-01,8.072556853294372559e-01,8.768868446350097656e-01,7.867325544357299805e-01,6.317162513732910156e-01,5.805869102478027344e-01,5.257763862609863281e-01,5.318297147750854492e-01,5.507177710533142090e-01,5.774882435798645020e-01,5.688670277595520020e-01,5.265040397644042969e-01,4.877560436725616455e-01,4.786278009414672852e-01,4.889071285724639893e-01,5.026746988296508789e-01,5.279996395111083984e-01,5.426823496818542480e-01,5.334979891777038574e-01,5.174645781517028809e-01,5.131508708000183105e-01,5.292950868606567383e-01,5.526843667030334473e-01,5.682454705238342285e-01,5.780918002128601074e-01,5.766946077346801758e-01,5.779218077659606934e-01,5.643242001533508301e-01,5.708962082862854004e-01,5.788573622703552246e-01,5.754920244216918945e-01,5.697930455207824707e-01,5.537915229797363281e-01,5.418408513069152832e-01,5.410029888153076172e-01,5.406044721603393555e-01,5.449877381324768066e-01,5.318880081176757812e-01,5.245985388755798340e-01,5.182002186775207520e-01,5.024360418319702148e-01,4.981860518455505371e-01,5.022540092468261719e-01,5.228328704833984375e-01
8.080808080808081495e-02,6.202003955841064453e-01,3.998763561248779297e-01,5.793634057044982910e-01,7.609112262725830078e-01,6.534675955772399902e-01,5.871450304985046387e-01,6.292454004287719727e-01,6.758034229278564453e-01,8.240242600440979004e-01,8.957172036170959473e-01,8.053528666496276855e-01,6.496685743331909180e-01,5.973439812660217285e-01,5.447877645492553711e-01,5.474934577941894531e-01,5.676434040069580078e-01,5.959152579307556152e-01,5.882844924926757812e-01,5.447901487350463867e-01,5.034950971603393555e-01,4.950168132781982422e-01,5.053105950355529785e-01,5.196441411972045898e-01,5.484589934349060059e-01,5.624536275863647461e-01,5.528429150581359863e-01,5.356566905975341797e-01,5.320326685905456543e-01,5.470961332321166992e-01,5.738074183464050293e-01,5.890536308288574219e-01,5.993517637252807617e-01,5.976411104202270508e-01,5.920030474662780762e-01,5.848841071128845215e-01,5.894516706466674805e-01,5.986526012420654297e-01,5.973377227783203125e-01,5.912174582481384277e-01,5.749036669731140137e-01,5.653163790702819824e-01,5.609416961669921875e-01,5.613014698028564453e-01,5.641715526580810547e-01,5.538707375526428223e-01,5.466384887695312500e-01,5.400608777999877930e-01,5.224987268447875977e-01,5.162597894668579102e-01,5.223679542541503906e-01,5.428933501243591309e-01
8.585858585858587022e-02,6.447021365165710449e-01,4.052672386169433594e-01,5.810198187828063965e-01,7.619966268539428711e-01,6.554765105247497559e-01,5.918033123016357422e-01,6.327996253967285156e-01,6.801085472106933594e-01,8.296765089035034180e-01,9.027380943298339844e-01,8.132840991020202637e-01,6.580963134765625000e-01,6.057584881782531738e-01,5.551818013191223145e-01,5.555905103683471680e-01,5.773914456367492676e-01,6.061491966247558594e-01,5.996397733688354492e-01,5.556166768074035645e-01,5.133525729179382324e-01,5.052339434623718262e-01,5.156493782997131348e-01,5.304213166236877441e-01,5.614947676658630371e-01,5.742713212966918945e-01,5.648354291915893555e-01,5.472119450569152832e-01,5.440930724143981934e-01,5.584942698478698730e-01,5.876626968383789062e-01,6.024382114410400391e-01,6.132403016090393066e-01,6.105999350547790527e-01,6.017058491706848145e-01,5.976685285568237305e-01,6.014389395713806152e-01,6.113602519035339355e-01,6.117877960205078125e-01,6.055220961570739746e-01,5.887187719345092773e-01,5.809029340744018555e-01,5.745029449462890625e-01,5.753935575485229492e-01,5.767811536788940430e-01,5.689283013343811035e-01,5.622854828834533691e-01,5.550509691238403320e-01,5.365472435951232910e-01,5.290827155113220215e-01,5.364105105400085449e-01,5.573803186416625977e-01
9.090909090909091161e-02,6.692038774490356445e-01,4.072045385837554932e-01,5.791187882423400879e-01,7.581418156623840332e-01,6.533681750297546387e-01,5.918616056442260742e-01,6.321922540664672852e-01,6.799162626266479492e-01,8.301634788513183594e-01,9.042197465896606445e-01,8.161731958389282227e-01,6.618996858596801758e-01,6.103091239929199219e-01,5.610797405242919922e-01,5.603981614112854004e-01,5.839440822601318359e-01,6.125679016113281250e-01,6.070800423622131348e-01,5.627529025077819824e-01,5.205078125000000000e-01,5.125291943550109863e-01,5.231403708457946777e-01,5.383900403976440430e-01,5.708974003791809082e-01,5.822175145149230957e-01,5.732571482658386230e-01,5.557328462600708008e-01,5.528060197830200195e-01,5.669140815734863281e-01,5.979074835777282715e-01,6.122620105743408203e-01,6.237004399299621582e-01,6.198394298553466797e-01,6.088919639587402344e-01,6.067081093788146973e-01,6.105484366416931152e-01,6.209887266159057617e-01,6.226247549057006836e-01,6.163822412490844727e-01,5.989274978637695312e-01,5.923706293106079102e-01,5.850998163223266602e-01,5.863742828369140625e-01,5.864683389663696289e-01,5.805388092994689941e-01,5.745978951454162598e-01,5.668116807937622070e-01,5.478768348693847656e-01,5.395669341087341309e-01,5.476210117340087891e-01,5.695199370384216309e-01
9.595959595959596689e-02,6.730058193206787109e-01,4.072239696979522705e-01,5.752218365669250488e-01,7.513344883918762207e-01,6.489487290382385254e-01,5.892769098281860352e-01,6.292984485626220703e-01,6.773256063461303711e-01,8.279058337211608887e-01,9.025437831878662109e-01,8.163392543792724609e-01,6.635066866874694824e-01,6.130160689353942871e-01,5.647721886634826660e-01,5.639205574989318848e-01,5.890551805496215820e-01,6.173159480094909668e-01,6.126918196678161621e-01,5.680829286575317383e-01,5.262126326560974121e-01,5.183733701705932617e-01,5.290945172309875488e-01,5.449613928794860840e-01,5.784781575202941895e-01,5.883669853210449219e-01,5.799404382705688477e-01,5.628198385238647461e-01,5.597872138023376465e-01,5.738005042076110840e-01,6.062021255493164062e-01,6.202917098999023438e-01,6.324687600135803223e-01,6.274082064628601074e-01,6.159046888351440430e-01,6.139196157455444336e-01,6.181600689888000488e-01,6.292441487312316895e-01,6.315576434135437012e-01,6.253007054328918457e-01,6.072086095809936523e-01,6.016337871551513672e-01,5.940616130828857422e-01,5.957251191139221191e-01,5.947852134704589844e-01,5.902690291404724121e-01,5.848689675331115723e-01,5.769575834274291992e-01,5.578021407127380371e-01,5.487581491470336914e-01,5.574218630790710449e-01,5.806655287742614746e-01
1.010101010101010222e-01,6.768077611923217773e-01,4.066267907619476318e-01,5.711768865585327148e-01,7.437214851379394531e-01,6.441447138786315918e-01,5.863250494003295898e-01,6.261287927627563477e-01,6.746025681495666504e-01,8.252949118614196777e-01,9.003911614418029785e-01,8.163938522338867188e-01,6.651032567024230957e-01,6.155795454978942871e-01,5.681824088096618652e-01,5.677564740180969238e-01,5.945342183113098145e-01,6.226060390472412109e-01,6.187590956687927246e-01,5.737898945808410645e-01,5.321362614631652832e-01,5.245198607444763184e-01,5.352496504783630371e-01,5.520755052566528320e-01,5.862869620323181152e-01,5.948643684387207031e-01,5.868374109268188477e-01,5.702508687973022461e-01,5.669014453887939453e-01,5.809268951416015625e-01,6.145089864730834961e-01,6.285174489021301270e-01,6.414901018142700195e-01,6.353563070297241211e-01,6.229688525199890137e-01,6.212154626846313477e-01,6.259670257568359375e-01,6.378710269927978516e-01,6.404510140419006348e-01,6.341847181320190430e-01,6.155150532722473145e-01,6.106041073799133301e-01,6.031321883201599121e-01,6.051477193832397461e-01,6.034520864486694336e-01,5.998904109001159668e-01,5.948561429977416992e-01,5.869022011756896973e-01,5.677519440650939941e-01,5.581591725349426270e-01,5.674208998680114746e-01,5.925019383430480957e-01
1.060606060606060635e-01,6.777156591415405273e-01,4.055404663085937500e-01,5.667991638183593750e-01,7.351046800613403320e-01,6.389917135238647461e-01,5.832285881042480469e-01,6.230282187461853027e-01,6.718802452087402344e-01,8.223973512649536133e-01,8.978177905082702637e-01,8.164609670639038086e-01,6.671453118324279785e-01,6.183368563652038574e-01,5.721139907836914062e-01,5.721435546875000000e-01,6.004041433334350586e-01,6.286133527755737305e-01,6.255158782005310059e-01,5.801784992218017578e-01,5.383042097091674805e-01,5.311676263809204102e-01,5.416514277458190918e-01,5.595346093177795410e-01,5.946409106254577637e-01,6.020786762237548828e-01,5.943654179573059082e-01,5.782653093338012695e-01,5.745798349380493164e-01,5.884956717491149902e-01,6.231618523597717285e-01,6.372241377830505371e-01,6.509186029434204102e-01,6.438810229301452637e-01,6.305936574935913086e-01,6.291085481643676758e-01,6.341030597686767578e-01,6.470152139663696289e-01,6.496725678443908691e-01,6.431109905242919922e-01,6.240597367286682129e-01,6.197168827056884766e-01,6.124881505966186523e-01,6.148541569709777832e-01,6.126468181610107422e-01,6.095792055130004883e-01,6.046646833419799805e-01,5.970427393913269043e-01,5.778163671493530273e-01,5.677322745323181152e-01,5.778218507766723633e-01,6.050727963447570801e-01
1.111111111111111188e-01,6.786234974861145020e-01,4.040866494178771973e-01,5.619778037071228027e-01,7.252260446548461914e-01,6.334400177001953125e-01,5.803728699684143066e-01,6.200824975967407227e-01,6.691859960556030273e-01,8.189896345138549805e-01,8.946048021316528320e-01,8.163427710533142090e-01,6.697280406951904297e-01,6.212322115898132324e-01,5.767442584037780762e-01,5.770578384399414062e-01,6.065193414688110352e-01,6.352617144584655762e-01,6.330442428588867188e-01,5.873607993125915527e-01,5.449010133743286133e-01,5.385949611663818359e-01,5.487167835235595703e-01,5.675566196441650391e-01,6.037649512290954590e-01,6.100345849990844727e-01,6.025317907333374023e-01,5.868239402770996094e-01,5.829797983169555664e-01,5.965867042541503906e-01,6.322163939476013184e-01,6.465343832969665527e-01,6.606089472770690918e-01,6.528946757316589355e-01,6.388580203056335449e-01,6.375865340232849121e-01,6.426043510437011719e-01,6.564399600028991699e-01,6.590942144393920898e-01,6.521401405334472656e-01,6.329396963119506836e-01,6.290973424911499023e-01,6.221719980239868164e-01,6.246849298477172852e-01,6.223129630088806152e-01,6.193955540657043457e-01,6.143919229507446289e-01,6.073360443115234375e-01,5.879396200180053711e-01,5.774151682853698730e-01,5.884044766426086426e-01,6.179210543632507324e-01
1.161616161616161741e-01,6.825322508811950684e-01,4.021779298782348633e-01,5.564484000205993652e-01,7.141667604446411133e-01,6.274842619895935059e-01,5.778958797454833984e-01,6.173356175422668457e-01,6.664876937866210938e-01,8.152462244033813477e-01,8.910224437713623047e-01,8.160957098007202148e-01,6.729034781455993652e-01,6.241987347602844238e-01,5.819682478904724121e-01,5.822524428367614746e-01,6.126490831375122070e-01,6.422502398490905762e-01,6.411187052726745605e-01,5.951783061027526855e-01,5.521450638771057129e-01,5.468204617500305176e-01,5.565242767333984375e-01,5.761382579803466797e-01,6.136277318000793457e-01,6.186703443527221680e-01,6.112934947013854980e-01,5.957757234573364258e-01,5.921091437339782715e-01,6.052038073539733887e-01,6.416320800781250000e-01,6.563079953193664551e-01,6.703865528106689453e-01,6.622023582458496094e-01,6.476553082466125488e-01,6.466486454010009766e-01,6.515890955924987793e-01,6.659506559371948242e-01,6.685286760330200195e-01,6.611949205398559570e-01,6.420172452926635742e-01,6.387910842895507812e-01,6.321461796760559082e-01,6.345611810684204102e-01,6.323873400688171387e-01,6.292774677276611328e-01,6.241689324378967285e-01,6.177616715431213379e-01,5.980373620986938477e-01,5.872030258178710938e-01,5.989529490470886230e-01,6.306719183921813965e-01
1.212121212121212155e-01,6.864410042762756348e-01,4.001429677009582520e-01,5.502600669860839844e-01,7.025180459022521973e-01,6.213786005973815918e-01,5.759068727493286133e-01,6.148229837417602539e-01,6.640229821205139160e-01,8.115791082382202148e-01,8.875156044960021973e-01,8.159205317497253418e-01,6.767130494117736816e-01,6.275338530540466309e-01,5.877002477645874023e-01,5.877354145050048828e-01,6.188719868659973145e-01,6.495105624198913574e-01,6.496683359146118164e-01,6.034633517265319824e-01,5.601765513420104980e-01,5.557980537414550781e-01,5.652269124984741211e-01,5.852527022361755371e-01,6.241120696067810059e-01,6.280975937843322754e-01,6.206062436103820801e-01,6.052079796791076660e-01,6.019786000251770020e-01,6.145479679107666016e-01,6.515406370162963867e-01,6.664264202117919922e-01,6.803023815155029297e-01,6.717872619628906250e-01,6.569253802299499512e-01,6.563028097152709961e-01,6.611780524253845215e-01,6.756579875946044922e-01,6.779866814613342285e-01,6.705492734909057617e-01,6.513507962226867676e-01,6.489632725715637207e-01,6.424331068992614746e-01,6.445357799530029297e-01,6.429563760757446289e-01,6.392998099327087402e-01,6.343551874160766602e-01,6.283932328224182129e-01,6.082354187965393066e-01,5.973103046417236328e-01,6.094027161598205566e-01,6.429483890533447266e-01
1.262626262626262708e-01,6.897504329681396484e-01,3.983172774314880371e-01,5.435375571250915527e-01,6.908760666847229004e-01,6.153168082237243652e-01,5.741196870803833008e-01,6.123850941658020020e-01,6.619350910186767578e-01,8.083635568618774414e-01,8.846004605293273926e-01,8.160117268562316895e-01,6.811215877532958984e-01,6.312622427940368652e-01,5.937568545341491699e-01,5.934285521507263184e-01,6.253508925437927246e-01,6.572098731994628906e-01,6.585876941680908203e-01,6.119787096977233887e-01,5.689654946327209473e-01,5.652266740798950195e-01,5.746794342994689941e-01,5.946589112281799316e-01,6.346828341484069824e-01,6.382430791854858398e-01,6.302512884140014648e-01,6.149231195449829102e-01,6.124289035797119141e-01,6.244152784347534180e-01,6.619935631752014160e-01,6.766180396080017090e-01,6.902227997779846191e-01,6.813912391662597656e-01,6.664180159568786621e-01,6.663331389427185059e-01,6.712185740470886230e-01,6.855424046516418457e-01,6.873561143875122070e-01,6.803138852119445801e-01,6.607530117034912109e-01,6.595742106437683105e-01,6.528953909873962402e-01,6.546174287796020508e-01,6.540909409523010254e-01,6.493282318115234375e-01,6.452770829200744629e-01,6.392071843147277832e-01,6.187146902084350586e-01,6.078576445579528809e-01,6.195399761199951172e-01,6.545460224151611328e-01
1.313131313131313260e-01,6.930599212646484375e-01,3.970180153846740723e-01,5.365238189697265625e-01,6.797409057617187500e-01,6.092761754989624023e-01,5.720178484916687012e-01,6.097393035888671875e-01,6.603309512138366699e-01,8.058538436889648438e-01,8.825989365577697754e-01,8.164895772933959961e-01,6.859040260314941406e-01,6.353571414947509766e-01,5.999647974967956543e-01,5.992510318756103516e-01,6.321710944175720215e-01,6.656659841537475586e-01,6.677792668342590332e-01,6.205283999443054199e-01,5.781839489936828613e-01,5.745851397514343262e-01,5.845593214035034180e-01,6.040215492248535156e-01,6.446461677551269531e-01,6.488102674484252930e-01,6.399030089378356934e-01,6.246390938758850098e-01,6.231208443641662598e-01,6.344437599182128906e-01,6.729093790054321289e-01,6.865999698638916016e-01,7.000238299369812012e-01,6.908430457115173340e-01,6.756949424743652344e-01,6.763613224029541016e-01,6.813297867774963379e-01,6.956368684768676758e-01,6.964882016181945801e-01,6.905847787857055664e-01,6.699748635292053223e-01,6.703565716743469238e-01,6.633429527282714844e-01,6.648604869842529297e-01,6.658256053924560547e-01,6.592282056808471680e-01,6.569638848304748535e-01,6.501334309577941895e-01,6.295657753944396973e-01,6.187220811843872070e-01,6.292163729667663574e-01,6.654424071311950684e-01
1.363636363636363813e-01,6.976366639137268066e-01,3.964351117610931396e-01,5.294870734214782715e-01,6.692628860473632812e-01,6.029346585273742676e-01,5.689863562583923340e-01,6.066912412643432617e-01,6.590174436569213867e-01,8.041207790374755859e-01,8.814031481742858887e-01,8.174277544021606445e-01,6.907480359077453613e-01,6.396253705024719238e-01,6.061463952064514160e-01,6.051228642463684082e-01,6.391196250915527344e-01,6.749566793441772461e-01,6.770682334899902344e-01,6.288896799087524414e-01,5.872028470039367676e-01,5.833156108856201172e-01,5.942118763923645020e-01,6.128838062286376953e-01,6.534191966056823730e-01,6.592386960983276367e-01,6.492577195167541504e-01,6.339172124862670898e-01,6.335217356681823730e-01,6.440384387969970703e-01,6.838890314102172852e-01,6.960750222206115723e-01,7.094330787658691406e-01,6.999151110649108887e-01,6.842693686485290527e-01,6.857165694236755371e-01,6.909409761428833008e-01,7.057073712348937988e-01,7.051869034767150879e-01,7.011590003967285156e-01,6.786898970603942871e-01,6.807426810264587402e-01,6.735189557075500488e-01,6.751319766044616699e-01,6.778709888458251953e-01,6.688377857208251953e-01,6.689107418060302734e-01,6.609417796134948730e-01,6.406484246253967285e-01,6.294905543327331543e-01,6.383407115936279297e-01,6.758113503456115723e-01
1.414141414141414366e-01,7.022134065628051758e-01,3.963853418827056885e-01,5.227965116500854492e-01,6.593379974365234375e-01,5.959799885749816895e-01,5.647953152656555176e-01,6.031766533851623535e-01,6.576001048088073730e-01,8.030211329460144043e-01,8.805881738662719727e-01,8.188560605049133301e-01,6.954208016395568848e-01,6.439743041992187500e-01,6.119720935821533203e-01,6.108631491661071777e-01,6.458221673965454102e-01,6.847648620605468750e-01,6.862839460372924805e-01,6.370161771774291992e-01,5.955657362937927246e-01,5.911083221435546875e-01,6.030788421630859375e-01,6.210113763809204102e-01,6.608614325523376465e-01,6.690157651901245117e-01,6.581810712814331055e-01,6.423152685165405273e-01,6.430279612541198730e-01,6.527468562126159668e-01,6.943563818931579590e-01,7.050042748451232910e-01,7.182781100273132324e-01,7.085276246070861816e-01,6.919248700141906738e-01,6.939060091972351074e-01,6.996613144874572754e-01,7.154467701911926270e-01,7.132570743560791016e-01,7.114824652671813965e-01,6.868939399719238281e-01,6.902407407760620117e-01,6.832910776138305664e-01,6.852716803550720215e-01,6.896474361419677734e-01,6.781461834907531738e-01,6.803395152091979980e-01,6.714227199554443359e-01,6.515239477157592773e-01,6.397684216499328613e-01,6.469985246658325195e-01,6.859061121940612793e-01
1.464646464646464641e-01,7.075439095497131348e-01,3.965277969837188721e-01,5.167360901832580566e-01,6.497470140457153320e-01,5.883536934852600098e-01,5.597778558731079102e-01,5.994891524314880371e-01,6.557135581970214844e-01,8.022682666778564453e-01,8.798562884330749512e-01,8.209196329116821289e-01,6.998300552368164062e-01,6.484616994857788086e-01,6.170776486396789551e-01,6.163520812988281250e-01,6.520095467567443848e-01,6.944690942764282227e-01,6.952906847000122070e-01,6.448950767517089844e-01,6.030768752098083496e-01,5.980138182640075684e-01,6.108156442642211914e-01,6.284597516059875488e-01,6.674036979675292969e-01,6.779749393463134766e-01,6.668258309364318848e-01,6.497060656547546387e-01,6.512767672538757324e-01,6.603929996490478516e-01,7.038134932518005371e-01,7.135093212127685547e-01,7.265211343765258789e-01,7.166858911514282227e-01,6.988484263420104980e-01,7.007866501808166504e-01,7.074133157730102539e-01,7.245140075683593750e-01,7.206562757492065430e-01,7.209702134132385254e-01,6.947942376136779785e-01,6.985719799995422363e-01,6.925613880157470703e-01,6.952109336853027344e-01,7.005453109741210938e-01,6.872971057891845703e-01,6.905296444892883301e-01,6.813638806343078613e-01,6.616069674491882324e-01,6.493865847587585449e-01,6.554647088050842285e-01,6.959240436553955078e-01
1.515151515151515194e-01,7.128744125366210938e-01,3.964143991470336914e-01,5.115058422088623047e-01,6.404230594635009766e-01,5.804727077484130859e-01,5.547415018081665039e-01,5.960303544998168945e-01,6.531469225883483887e-01,8.014171123504638672e-01,8.790243864059448242e-01,8.238113522529602051e-01,7.039533853530883789e-01,6.532852053642272949e-01,6.211767196655273438e-01,6.214921474456787109e-01,6.578060984611511230e-01,7.034649848937988281e-01,7.040022015571594238e-01,6.526952981948852539e-01,6.100485920906066895e-01,6.044823527336120605e-01,6.176283955574035645e-01,6.355665922164916992e-01,6.738260388374328613e-01,6.863771677017211914e-01,6.754190325736999512e-01,6.564437747001647949e-01,6.582606434822082520e-01,6.671279072761535645e-01,7.119714617729187012e-01,7.217344045639038086e-01,7.342339158058166504e-01,7.243828773498535156e-01,7.055265307426452637e-01,7.066493630409240723e-01,7.144160866737365723e-01,7.326729893684387207e-01,7.275420427322387695e-01,7.292170524597167969e-01,7.027047872543334961e-01,7.057517170906066895e-01,7.012482881546020508e-01,7.048940062522888184e-01,7.100919485092163086e-01,6.963099241256713867e-01,6.991891264915466309e-01,6.906467080116271973e-01,6.704934239387512207e-01,6.584215164184570312e-01,6.640569567680358887e-01,7.058069109916687012e-01
1.565656565656565746e-01,7.174044847488403320e-01,3.957787156105041504e-01,5.071127414703369141e-01,6.314582228660583496e-01,5.730371475219726562e-01,5.505058765411376953e-01,5.932301282882690430e-01,6.500219106674194336e-01,8.000273704528808594e-01,8.781819939613342285e-01,8.275077342987060547e-01,7.078412771224975586e-01,6.584473848342895508e-01,6.243754029273986816e-01,6.264028549194335938e-01,6.637400388717651367e-01,7.115268707275390625e-01,7.124375700950622559e-01,6.607308387756347656e-01,6.169443130493164062e-01,6.110874414443969727e-01,6.242002844810485840e-01,6.427708864212036133e-01,6.808647513389587402e-01,6.947466731071472168e-01,6.840898990631103516e-01,6.631377935409545898e-01,6.643617749214172363e-01,6.732537150382995605e-01,7.189147472381591797e-01,7.298166155815124512e-01,7.413981556892395020e-01,7.314760684967041016e-01,7.123121023178100586e-01,7.119605541229248047e-01,7.208629846572875977e-01,7.397150993347167969e-01,7.341123223304748535e-01,7.361342906951904297e-01,7.106929421424865723e-01,7.119343280792236328e-01,7.092004418373107910e-01,7.141066193580627441e-01,7.180868983268737793e-01,7.050621509552001953e-01,7.065927982330322266e-01,6.992555856704711914e-01,6.781544685363769531e-01,6.670264601707458496e-01,6.728888750076293945e-01,7.151831388473510742e-01
1.616161616161616299e-01,7.219345569610595703e-01,3.944984674453735352e-01,5.033201575279235840e-01,6.230311393737792969e-01,5.666064023971557617e-01,5.473726987838745117e-01,5.911633372306823730e-01,6.466850042343139648e-01,7.978964447975158691e-01,8.773738741874694824e-01,8.316753506660461426e-01,7.115200757980346680e-01,6.637927293777465820e-01,6.271499991416931152e-01,6.312515139579772949e-01,6.702823638916015625e-01,7.190537452697753906e-01,7.206701040267944336e-01,6.692349910736083984e-01,6.241708993911743164e-01,6.182291507720947266e-01,6.312774419784545898e-01,6.503792405128479004e-01,6.890339851379394531e-01,7.034739851951599121e-01,6.928106546401977539e-01,6.703736782073974609e-01,6.701424717903137207e-01,6.791520118713378906e-01,7.249715924263000488e-01,7.377387881278991699e-01,7.478552460670471191e-01,7.378653287887573242e-01,7.193563580513000488e-01,7.171738743782043457e-01,7.268708944320678711e-01,7.455722689628601074e-01,7.405368089675903320e-01,7.419826984405517578e-01,7.185767292976379395e-01,7.173835635185241699e-01,7.163287401199340820e-01,7.225246429443359375e-01,7.246755957603454590e-01,7.133245468139648438e-01,7.132595181465148926e-01,7.072016596794128418e-01,6.848629117012023926e-01,6.752572655677795410e-01,6.817201972007751465e-01,7.235423326492309570e-01
1.666666666666666852e-01,7.279685139656066895e-01,3.926777243614196777e-01,4.998346567153930664e-01,6.152777671813964844e-01,5.612699389457702637e-01,5.450727343559265137e-01,5.896379947662353516e-01,6.434261202812194824e-01,7.951734066009521484e-01,8.765326738357543945e-01,8.358699679374694824e-01,7.151225209236145020e-01,6.691151857376098633e-01,6.302205324172973633e-01,6.361953020095825195e-01,6.776105165481567383e-01,7.266895771026611328e-01,7.288181781768798828e-01,6.782814264297485352e-01,6.319169402122497559e-01,6.259338855743408203e-01,6.393238306045532227e-01,6.584910154342651367e-01,6.983683109283447266e-01,7.126654386520385742e-01,7.015444636344909668e-01,6.784589886665344238e-01,6.761401891708374023e-01,6.852478384971618652e-01,7.305762171745300293e-01,7.453916668891906738e-01,7.534232139587402344e-01,7.436012625694274902e-01,7.264676094055175781e-01,7.225037217140197754e-01,7.324120998382568359e-01,7.502996325492858887e-01,7.469269633293151855e-01,7.471659779548645020e-01,7.260265946388244629e-01,7.224409580230712891e-01,7.227520942687988281e-01,7.298064827919006348e-01,7.302807569503784180e-01,7.209219336509704590e-01,7.197528481483459473e-01,7.145424485206604004e-01,6.910152435302734375e-01,6.830314397811889648e-01,6.902586221694946289e-01,7.306253910064697266e-01
1.717171717171717404e-01,7.340024113655090332e-01,3.905247449874877930e-01,4.965080320835113525e-01,6.082075238227844238e-01,5.568420886993408203e-01,5.430756211280822754e-01,5.882782340049743652e-01,6.405005455017089844e-01,7.922268509864807129e-01,8.754515051841735840e-01,8.397060632705688477e-01,7.187787890434265137e-01,6.743468046188354492e-01,6.341530084609985352e-01,6.413132548332214355e-01,6.855500936508178711e-01,7.350398302078247070e-01,7.370778918266296387e-01,6.877680420875549316e-01,6.401388049125671387e-01,6.338999867439270020e-01,6.481996774673461914e-01,6.669865846633911133e-01,7.086342573165893555e-01,7.222853302955627441e-01,7.103668451309204102e-01,6.873784661293029785e-01,6.827481389045715332e-01,6.920436620712280273e-01,7.362475395202636719e-01,7.527524828910827637e-01,7.582446932792663574e-01,7.491321563720703125e-01,7.334300875663757324e-01,7.281290888786315918e-01,7.375225424766540527e-01,7.542508840560913086e-01,7.534243464469909668e-01,7.521749734878540039e-01,7.329651713371276855e-01,7.275854945182800293e-01,7.289294600486755371e-01,7.360270619392395020e-01,7.354001402854919434e-01,7.279625535011291504e-01,7.264898419380187988e-01,7.215387225151062012e-01,6.970653533935546875e-01,6.903423666954040527e-01,6.983882188796997070e-01,7.365838289260864258e-01
1.767676767676767957e-01,7.371829748153686523e-01,3.882870078086853027e-01,4.933039844036102295e-01,6.017051339149475098e-01,5.529047846794128418e-01,5.409042239189147949e-01,5.867574214935302734e-01,6.379176974296569824e-01,7.895004749298095703e-01,8.738646507263183594e-01,8.429349064826965332e-01,7.226274609565734863e-01,6.795278191566467285e-01,6.391779780387878418e-01,6.466299891471862793e-01,6.937265992164611816e-01,7.442974448204040527e-01,7.456449866294860840e-01,6.974014639854431152e-01,6.487172842025756836e-01,6.418482661247253418e-01,6.574261188507080078e-01,6.757262349128723145e-01,7.192615270614624023e-01,7.320767045021057129e-01,7.193967700004577637e-01,6.967784166336059570e-01,6.900749206542968750e-01,6.999722719192504883e-01,7.423105835914611816e-01,7.598615288734436035e-01,7.627047896385192871e-01,7.549828290939331055e-01,7.401285171508789062e-01,7.341632843017578125e-01,7.423247098922729492e-01,7.579008936882019043e-01,7.601510882377624512e-01,7.573603391647338867e-01,7.395201325416564941e-01,7.332546114921569824e-01,7.352150678634643555e-01,7.416415810585021973e-01,7.405531406402587891e-01,7.347509264945983887e-01,7.336999773979187012e-01,7.285097241401672363e-01,7.033666968345642090e-01,6.972387433052062988e-01,7.062270641326904297e-01,7.419668436050415039e-01
1.818181818181818232e-01,7.403635978698730469e-01,3.862570226192474365e-01,4.903663992881774902e-01,5.955433249473571777e-01,5.492053031921386719e-01,5.385136008262634277e-01,5.849390625953674316e-01,6.355675458908081055e-01,7.871412634849548340e-01,8.716244101524353027e-01,8.455291390419006348e-01,7.264940142631530762e-01,6.846597194671630859e-01,6.449875235557556152e-01,6.520760059356689453e-01,7.017155885696411133e-01,7.540766596794128418e-01,7.545191645622253418e-01,7.067299485206604004e-01,6.573851108551025391e-01,6.495467424392700195e-01,6.663566827774047852e-01,6.844951510429382324e-01,7.295787930488586426e-01,7.417822480201721191e-01,7.285287380218505859e-01,7.060803771018981934e-01,6.979424953460693359e-01,7.088565230369567871e-01,7.488430142402648926e-01,7.667253613471984863e-01,7.672518491744995117e-01,7.614640593528747559e-01,7.463930249214172363e-01,7.405456900596618652e-01,7.469459772109985352e-01,7.617585062980651855e-01,7.671639323234558105e-01,7.629601955413818359e-01,7.458109855651855469e-01,7.395920753479003906e-01,7.417210936546325684e-01,7.471839785575866699e-01,7.460457682609558105e-01,7.415323853492736816e-01,7.412713170051574707e-01,7.356159687042236328e-01,7.100477218627929688e-01,7.037320137023925781e-01,7.139165997505187988e-01,7.473011612892150879e-01
1.868686868686868785e-01,7.435685992240905762e-01,3.846479356288909912e-01,4.877285063266754150e-01,5.895140767097473145e-01,5.456514954566955566e-01,5.360494852066040039e-01,5.828893780708312988e-01,6.333046555519104004e-01,7.849119305610656738e-01,8.685927391052246094e-01,8.474302887916564941e-01,7.299382090568542480e-01,6.893515586853027344e-01,6.508800387382507324e-01,6.574631333351135254e-01,7.089917063713073730e-01,7.635479569435119629e-01,7.633966207504272461e-01,7.153413891792297363e-01,6.656673550605773926e-01,6.568376421928405762e-01,6.743531823158264160e-01,6.929953694343566895e-01,7.389537692070007324e-01,7.510023117065429688e-01,7.373758554458618164e-01,7.145898342132568359e-01,7.059146761894226074e-01,7.180234789848327637e-01,7.554767727851867676e-01,7.730729579925537109e-01,7.720676064491271973e-01,7.682570219039916992e-01,7.519170045852661133e-01,7.469133734703063965e-01,7.513953447341918945e-01,7.659983634948730469e-01,7.740922570228576660e-01,7.688811421394348145e-01,7.518416047096252441e-01,7.462483048439025879e-01,7.480025291442871094e-01,7.528783679008483887e-01,7.517626881599426270e-01,7.481015920639038086e-01,7.487320303916931152e-01,7.426664829254150391e-01,7.169325947761535645e-01,7.096233367919921875e-01,7.214258313179016113e-01,7.527588605880737305e-01
1.919191919191919338e-01,7.467736005783081055e-01,3.834581673145294189e-01,4.853011071681976318e-01,5.834288001060485840e-01,5.421955585479736328e-01,5.335539579391479492e-01,5.805935859680175781e-01,6.309310197830200195e-01,7.825143337249755859e-01,8.646858930587768555e-01,8.484169244766235352e-01,7.323871254920959473e-01,6.931046247482299805e-01,6.561539173126220703e-01,6.626492738723754883e-01,7.151772379875183105e-01,7.718523144721984863e-01,7.717736959457397461e-01,7.228977084159851074e-01,6.729415655136108398e-01,6.635854244232177734e-01,6.810757517814636230e-01,7.008427977561950684e-01,7.469086647033691406e-01,7.593113780021667480e-01,7.453339695930480957e-01,7.216945290565490723e-01,7.132860422134399414e-01,7.263375520706176758e-01,7.615299224853515625e-01,7.784556150436401367e-01,7.768646478652954102e-01,7.745808362960815430e-01,7.563263177871704102e-01,7.525932192802429199e-01,7.554650306701660156e-01,7.703491449356079102e-01,7.803269028663635254e-01,7.746814489364624023e-01,7.572976350784301758e-01,7.524846196174621582e-01,7.533336877822875977e-01,7.582941055297851562e-01,7.571288347244262695e-01,7.539197802543640137e-01,7.553341388702392578e-01,7.489613294601440430e-01,7.235242128372192383e-01,7.145527005195617676e-01,7.283833026885986328e-01,7.580268383026123047e-01
1.969696969696969890e-01,7.504127621650695801e-01,3.823811113834381104e-01,4.828143715858459473e-01,5.772791504859924316e-01,5.388949513435363770e-01,5.309516191482543945e-01,5.781456232070922852e-01,6.283223628997802734e-01,7.797855734825134277e-01,8.600415587425231934e-01,8.484928607940673828e-01,7.335805892944335938e-01,6.955595612525939941e-01,6.603993773460388184e-01,6.674044132232666016e-01,7.200736999511718750e-01,7.784151434898376465e-01,7.790954709053039551e-01,7.292725443840026855e-01,6.788747906684875488e-01,6.696039438247680664e-01,6.864453554153442383e-01,7.077050805091857910e-01,7.533987164497375488e-01,7.664231061935424805e-01,7.520625591278076172e-01,7.270340323448181152e-01,7.195444703102111816e-01,7.328496575355529785e-01,7.664596438407897949e-01,7.825301289558410645e-01,7.812631726264953613e-01,7.797030806541442871e-01,7.594570517539978027e-01,7.569724917411804199e-01,7.590580582618713379e-01,7.743673324584960938e-01,7.852572798728942871e-01,7.797667384147644043e-01,7.618980407714843750e-01,7.575306296348571777e-01,7.572587132453918457e-01,7.629632353782653809e-01,7.616699934005737305e-01,7.584527134895324707e-01,7.603996396064758301e-01,7.538137435913085938e-01,7.291883230209350586e-01,7.183008193969726562e-01,7.343619465827941895e-01,7.628338932991027832e-01
2.020202020202020443e-01,7.540518641471862793e-01,3.811099231243133545e-01,4.799639284610748291e-01,5.711031556129455566e-01,5.357352495193481445e-01,5.281175374984741211e-01,5.755848288536071777e-01,6.255562305450439453e-01,7.767569422721862793e-01,8.549232482910156250e-01,8.478124141693115234e-01,7.336782217025756836e-01,6.968036293983459473e-01,6.636875271797180176e-01,6.716625094413757324e-01,7.239086031913757324e-01,7.831147313117980957e-01,7.851311564445495605e-01,7.346349954605102539e-01,6.834494471549987793e-01,6.748999953269958496e-01,6.907954216003417969e-01,7.133619785308837891e-01,7.586418986320495605e-01,7.724155187606811523e-01,7.575678825378417969e-01,7.308823466300964355e-01,7.245282530784606934e-01,7.372504472732543945e-01,7.700762748718261719e-01,7.852197885513305664e-01,7.850502133369445801e-01,7.832769751548767090e-01,7.614015936851501465e-01,7.597054243087768555e-01,7.620972394943237305e-01,7.776042222976684570e-01,7.886575460433959961e-01,7.836713194847106934e-01,7.654869556427001953e-01,7.608515024185180664e-01,7.597256898880004883e-01,7.665339112281799316e-01,7.651199102401733398e-01,7.615512609481811523e-01,7.637552618980407715e-01,7.568329572677612305e-01,7.334842681884765625e-01,7.209572196006774902e-01,7.391042113304138184e-01,7.669439315795898438e-01
2.070707070707070996e-01,7.548813819885253906e-01,3.794030845165252686e-01,4.765803813934326172e-01,5.649155974388122559e-01,5.326790213584899902e-01,5.249171853065490723e-01,5.730204582214355469e-01,6.226460933685302734e-01,7.734738588333129883e-01,8.496338129043579102e-01,8.466606736183166504e-01,7.333281040191650391e-01,6.971226930618286133e-01,6.664757728576660156e-01,6.754581928253173828e-01,7.272537350654602051e-01,7.863388061523437500e-01,7.899104952812194824e-01,7.392466068267822266e-01,6.871623992919921875e-01,6.796296238899230957e-01,6.947333812713623047e-01,7.179427742958068848e-01,7.631001472473144531e-01,7.775074839591979980e-01,7.621613144874572754e-01,7.337222695350646973e-01,7.285330295562744141e-01,7.397726178169250488e-01,7.725470066070556641e-01,7.868358492851257324e-01,7.881121635437011719e-01,7.853684425354003906e-01,7.625845074653625488e-01,7.609025239944458008e-01,7.645464539527893066e-01,7.798118591308593750e-01,7.907359004020690918e-01,7.862259745597839355e-01,7.680857777595520020e-01,7.624086737632751465e-01,7.611605525016784668e-01,7.690520286560058594e-01,7.677195072174072266e-01,7.634778022766113281e-01,7.657138705253601074e-01,7.582020163536071777e-01,7.364496588706970215e-01,7.229839563369750977e-01,7.424978613853454590e-01,7.703732848167419434e-01
2.121212121212121271e-01,7.557109594345092773e-01,3.772708475589752197e-01,4.727227687835693359e-01,5.587779879570007324e-01,5.296882987022399902e-01,5.214665532112121582e-01,5.704760551452636719e-01,6.197186708450317383e-01,7.699270844459533691e-01,8.445603847503662109e-01,8.452954292297363281e-01,7.332243323326110840e-01,6.971225738525390625e-01,6.692422032356262207e-01,6.789672970771789551e-01,7.306828498840332031e-01,7.887497544288635254e-01,7.938618659973144531e-01,7.434470057487487793e-01,6.907643079757690430e-01,6.841544508934020996e-01,6.989074349403381348e-01,7.218471169471740723e-01,7.673834562301635742e-01,7.821006774902343750e-01,7.661866545677185059e-01,7.361788153648376465e-01,7.319399118423461914e-01,7.412445545196533203e-01,7.744225859642028809e-01,7.879522442817687988e-01,7.905979752540588379e-01,7.863421440124511719e-01,7.634710073471069336e-01,7.611363530158996582e-01,7.664291858673095703e-01,7.811562418937683105e-01,7.918605804443359375e-01,7.876932621002197266e-01,7.699385881423950195e-01,7.627014517784118652e-01,7.621917128562927246e-01,7.709503769874572754e-01,7.700953483581542969e-01,7.650354504585266113e-01,7.670578360557556152e-01,7.586813569068908691e-01,7.384498119354248047e-01,7.250005006790161133e-01,7.449434995651245117e-01,7.734224200248718262e-01
2.171717171717171824e-01,7.586334347724914551e-01,3.750742077827453613e-01,4.685572385787963867e-01,5.527777671813964844e-01,5.266085863113403320e-01,5.178307294845581055e-01,5.679106712341308594e-01,6.167273521423339844e-01,7.659828662872314453e-01,8.400197029113769531e-01,8.438830375671386719e-01,7.337048053741455078e-01,6.972233057022094727e-01,6.721643209457397461e-01,6.823666691780090332e-01,7.344719767570495605e-01,7.911341190338134766e-01,7.974876165390014648e-01,7.474229335784912109e-01,6.947125792503356934e-01,6.886509060859680176e-01,7.034995555877685547e-01,7.255069017410278320e-01,7.719322443008422852e-01,7.864798903465270996e-01,7.699076533317565918e-01,7.386388182640075684e-01,7.349858283996582031e-01,7.424860596656799316e-01,7.761695981025695801e-01,7.889561057090759277e-01,7.925949096679687500e-01,7.865823507308959961e-01,7.644982933998107910e-01,7.610021233558654785e-01,7.677673697471618652e-01,7.820100188255310059e-01,7.924755215644836426e-01,7.884957790374755859e-01,7.712891101837158203e-01,7.625233530998229980e-01,7.632769346237182617e-01,7.726731300354003906e-01,7.728392481803894043e-01,7.669712901115417480e-01,7.684730291366577148e-01,7.590506672859191895e-01,7.400308847427368164e-01,7.274521589279174805e-01,7.469961643218994141e-01,7.763996720314025879e-01
2.222222222222222376e-01,7.615559101104736328e-01,3.730456829071044922e-01,4.644252955913543701e-01,5.471549034118652344e-01,5.232192873954772949e-01,5.142434239387512207e-01,5.651611685752868652e-01,6.135886311531066895e-01,7.614954113960266113e-01,8.361205458641052246e-01,8.423580527305603027e-01,7.346501350402832031e-01,6.975673437118530273e-01,6.750199794769287109e-01,6.856496334075927734e-01,7.385271191596984863e-01,7.940418124198913574e-01,8.012931942939758301e-01,7.513515949249267578e-01,6.991202831268310547e-01,6.930248141288757324e-01,7.083376049995422363e-01,7.292027473449707031e-01,7.767904400825500488e-01,7.906460165977478027e-01,7.733575701713562012e-01,7.412055134773254395e-01,7.376694083213806152e-01,7.442368865013122559e-01,7.780992984771728516e-01,7.901000976562500000e-01,7.942553162574768066e-01,7.864776849746704102e-01,7.659533023834228516e-01,7.610197663307189941e-01,7.686087489128112793e-01,7.828020453453063965e-01,7.929146289825439453e-01,7.889903783798217773e-01,7.725936770439147949e-01,7.627214193344116211e-01,7.647793889045715332e-01,7.745878696441650391e-01,7.762820124626159668e-01,7.697437405586242676e-01,7.703480720520019531e-01,7.599718570709228516e-01,7.416547536849975586e-01,7.305412888526916504e-01,7.492542862892150879e-01,7.795988321304321289e-01
2.272727272727272929e-01,7.631615996360778809e-01,3.714273273944854736e-01,4.606839120388031006e-01,5.421355366706848145e-01,5.193450450897216797e-01,5.108128786087036133e-01,5.622592568397521973e-01,6.103094816207885742e-01,7.564325332641601562e-01,8.327400088310241699e-01,8.406221270561218262e-01,7.356566190719604492e-01,6.980072855949401855e-01,6.775257587432861328e-01,6.887404918670654297e-01,7.425875663757324219e-01,7.977873086929321289e-01,8.055482506752014160e-01,7.552558779716491699e-01,7.036849856376647949e-01,6.970219016075134277e-01,7.129948735237121582e-01,7.329450845718383789e-01,7.817221283912658691e-01,7.944442629814147949e-01,7.765840888023376465e-01,7.438498139381408691e-01,7.399951219558715820e-01,7.469125986099243164e-01,7.803235650062561035e-01,7.915108203887939453e-01,7.958063483238220215e-01,7.864840030670166016e-01,7.680066227912902832e-01,7.614356875419616699e-01,7.691202163696289062e-01,7.839044332504272461e-01,7.934475541114807129e-01,7.895184159278869629e-01,7.742028236389160156e-01,7.637950778007507324e-01,7.667219042778015137e-01,7.769068479537963867e-01,7.803513407707214355e-01,7.733364701271057129e-01,7.726552486419677734e-01,7.617610692977905273e-01,7.436755299568176270e-01,7.342070937156677246e-01,7.520910501480102539e-01,7.832465767860412598e-01
2.323232323232323482e-01,7.647672295570373535e-01,3.703317344188690186e-01,4.575364589691162109e-01,5.379153490066528320e-01,5.149809718132019043e-01,5.077025294303894043e-01,5.593466758728027344e-01,6.069140434265136719e-01,7.509753108024597168e-01,8.294836282730102539e-01,8.386060595512390137e-01,7.363451719284057617e-01,6.981917023658752441e-01,6.795010566711425781e-01,6.914613842964172363e-01,7.464201450347900391e-01,8.021661639213562012e-01,8.102232813835144043e-01,7.591449618339538574e-01,7.081696391105651855e-01,7.005664706230163574e-01,7.171332240104675293e-01,7.364949584007263184e-01,7.862857580184936523e-01,7.976778149604797363e-01,7.796037793159484863e-01,7.464884519577026367e-01,7.419937252998352051e-01,7.504655718803405762e-01,7.827426195144653320e-01,7.931060791015625000e-01,7.973974943161010742e-01,7.870092391967773438e-01,7.705656290054321289e-01,7.621942162513732910e-01,7.694526314735412598e-01,7.854994535446166992e-01,7.942875027656555176e-01,7.902126312255859375e-01,7.761695384979248047e-01,7.656639814376831055e-01,7.689539790153503418e-01,7.795193195343017578e-01,7.846347689628601074e-01,7.772850394248962402e-01,7.750757932662963867e-01,7.644019126892089844e-01,7.462022900581359863e-01,7.381175160408020020e-01,7.554308176040649414e-01,7.873842716217041016e-01
2.373737373737374035e-01,7.647266387939453125e-01,3.697918057441711426e-01,4.550413191318511963e-01,5.344923734664916992e-01,5.104265809059143066e-01,5.050594210624694824e-01,5.567157864570617676e-01,6.035333275794982910e-01,7.453746199607849121e-01,8.259217143058776855e-01,8.362321257591247559e-01,7.364355921745300293e-01,6.977565288543701172e-01,6.809020042419433594e-01,6.936117410659790039e-01,7.498202323913574219e-01,8.067913651466369629e-01,8.151228427886962891e-01,7.630326151847839355e-01,7.124404311180114746e-01,7.038204073905944824e-01,7.206878066062927246e-01,7.396241426467895508e-01,7.902386188507080078e-01,8.002518415451049805e-01,7.825308442115783691e-01,7.490875720977783203e-01,7.438765764236450195e-01,7.544971108436584473e-01,7.851719260215759277e-01,7.948306798934936523e-01,7.991105914115905762e-01,7.882615923881530762e-01,7.732982039451599121e-01,7.630569934844970703e-01,7.696276903152465820e-01,7.875126600265502930e-01,7.955493330955505371e-01,7.910626530647277832e-01,7.782473564147949219e-01,7.678261995315551758e-01,7.711382508277893066e-01,7.820180058479309082e-01,7.885621786117553711e-01,7.809554934501647949e-01,7.772505283355712891e-01,7.677035331726074219e-01,7.491092681884765625e-01,7.419030070304870605e-01,7.588734030723571777e-01,7.918619513511657715e-01
2.424242424242424310e-01,7.646861076354980469e-01,3.698112070560455322e-01,4.530208706855773926e-01,5.315945148468017578e-01,5.061650276184082031e-01,5.029182434082031250e-01,5.545893907546997070e-01,6.002767682075500488e-01,7.397934794425964355e-01,8.217539787292480469e-01,8.333966732025146484e-01,7.357912063598632812e-01,6.965842247009277344e-01,6.818580031394958496e-01,6.951285600662231445e-01,7.526659965515136719e-01,8.113052845001220703e-01,8.198650479316711426e-01,7.669147849082946777e-01,7.165901660919189453e-01,7.071385383605957031e-01,7.238702774047851562e-01,7.422426939010620117e-01,7.936786413192749023e-01,8.021774888038635254e-01,7.855013012886047363e-01,7.515731453895568848e-01,7.458357214927673340e-01,7.583305239677429199e-01,7.873288989067077637e-01,7.964931726455688477e-01,8.007526993751525879e-01,7.900704145431518555e-01,7.757200598716735840e-01,7.637996077537536621e-01,7.695515155792236328e-01,7.895913124084472656e-01,7.969748377799987793e-01,7.919865846633911133e-01,7.799039483070373535e-01,7.696948051452636719e-01,7.729048132896423340e-01,7.840067744255065918e-01,7.916022539138793945e-01,7.838152050971984863e-01,7.790070176124572754e-01,7.712246775627136230e-01,7.520900368690490723e-01,7.451384067535400391e-01,7.618417143821716309e-01,7.963093519210815430e-01
2.474747474747474862e-01,7.666796445846557617e-01,3.702742457389831543e-01,4.511192739009857178e-01,5.288162827491760254e-01,5.024657249450683594e-01,5.011838078498840332e-01,5.528457164764404297e-01,5.971500277519226074e-01,7.342489957809448242e-01,8.168516159057617188e-01,8.298901319503784180e-01,7.344182729721069336e-01,6.948941349983215332e-01,6.824734807014465332e-01,6.960058808326721191e-01,7.549219131469726562e-01,8.154501318931579590e-01,8.240886926651000977e-01,7.707871198654174805e-01,7.206282019615173340e-01,7.107335329055786133e-01,7.269439101219177246e-01,7.445243000984191895e-01,7.968667149543762207e-01,8.035803437232971191e-01,7.885383963584899902e-01,7.538100481033325195e-01,7.479165792465209961e-01,7.614077329635620117e-01,7.889742255210876465e-01,7.978289723396301270e-01,8.019611239433288574e-01,7.918559908866882324e-01,7.772811651229858398e-01,7.642149329185485840e-01,7.689850926399230957e-01,7.911455631256103516e-01,7.981516122817993164e-01,7.928966283798217773e-01,7.807224988937377930e-01,7.709144949913024902e-01,7.739764451980590820e-01,7.851121425628662109e-01,7.934951186180114746e-01,7.856926918029785156e-01,7.804354429244995117e-01,7.743784189224243164e-01,7.548338770866394043e-01,7.475602030754089355e-01,7.640591263771057129e-01,8.003966808319091797e-01
2.525252525252525415e-01,7.686732411384582520e-01,3.709616959095001221e-01,4.490589201450347900e-01,5.257114171981811523e-01,4.992684125900268555e-01,4.995534718036651611e-01,5.511252880096435547e-01,5.941283702850341797e-01,7.286494970321655273e-01,8.113945126533508301e-01,8.255668878555297852e-01,7.324373126029968262e-01,6.931769847869873047e-01,6.828560829162597656e-01,6.964065432548522949e-01,7.566704154014587402e-01,8.189671039581298828e-01,8.275268077850341797e-01,7.746050357818603516e-01,7.243684530258178711e-01,7.145195603370666504e-01,7.299589514732360840e-01,7.467873692512512207e-01,7.999510765075683594e-01,8.045584559440612793e-01,7.914663553237915039e-01,7.556944489479064941e-01,7.500027418136596680e-01,7.634570598602294922e-01,7.899578213691711426e-01,7.987149953842163086e-01,8.025525808334350586e-01,7.931275963783264160e-01,7.776891589164733887e-01,7.643086314201354980e-01,7.678703665733337402e-01,7.917816042900085449e-01,7.987610697746276855e-01,7.937173247337341309e-01,7.806447744369506836e-01,7.714090347290039062e-01,7.743503451347351074e-01,7.853361368179321289e-01,7.942960858345031738e-01,7.867718935012817383e-01,7.816681265830993652e-01,7.766526937484741211e-01,7.571709752082824707e-01,7.491012215614318848e-01,7.655978798866271973e-01,8.038038015365600586e-01
2.575757575757576245e-01,7.691411375999450684e-01,3.715845644474029541e-01,4.466706812381744385e-01,5.220311284065246582e-01,4.961748719215393066e-01,4.976968169212341309e-01,5.490307211875915527e-01,5.910857915878295898e-01,7.230423092842102051e-01,8.056818246841430664e-01,8.204068541526794434e-01,7.301048040390014648e-01,6.919180154800415039e-01,6.831098794937133789e-01,6.966179013252258301e-01,7.580407857894897461e-01,8.215686678886413574e-01,8.300821781158447266e-01,7.782038450241088867e-01,7.276108860969543457e-01,7.181653976440429688e-01,7.328392267227172852e-01,7.492941021919250488e-01,8.028752803802490234e-01,8.052867650985717773e-01,7.939639687538146973e-01,7.571754455566406250e-01,7.518643736839294434e-01,7.646088004112243652e-01,7.903100252151489258e-01,7.991632819175720215e-01,8.026356101036071777e-01,7.935981154441833496e-01,7.769703269004821777e-01,7.641654014587402344e-01,7.662805318832397461e-01,7.913774251937866211e-01,7.987563610076904297e-01,7.943453788757324219e-01,7.799960970878601074e-01,7.713159322738647461e-01,7.741836309432983398e-01,7.849296331405639648e-01,7.942645549774169922e-01,7.874634265899658203e-01,7.828072905540466309e-01,7.777919173240661621e-01,7.590403556823730469e-01,7.498326897621154785e-01,7.667493820190429688e-01,8.063583970069885254e-01
2.626262626262626521e-01,7.696090340614318848e-01,3.719510734081268311e-01,4.440414011478424072e-01,5.177492499351501465e-01,4.928941130638122559e-01,4.953401386737823486e-01,5.463318824768066406e-01,5.880197286605834961e-01,7.176929116249084473e-01,8.001450896263122559e-01,8.146854043006896973e-01,7.276464104652404785e-01,6.914483904838562012e-01,6.833221316337585449e-01,6.968760490417480469e-01,7.591471672058105469e-01,8.231457471847534180e-01,8.318796157836914062e-01,7.812935113906860352e-01,7.302853465080261230e-01,7.213830351829528809e-01,7.354533076286315918e-01,7.521662712097167969e-01,8.054993748664855957e-01,8.061265945434570312e-01,7.957552075386047363e-01,7.582107186317443848e-01,7.532489895820617676e-01,7.651923298835754395e-01,7.903565168380737305e-01,7.993542551994323730e-01,8.025579452514648438e-01,7.934349179267883301e-01,7.754634022712707520e-01,7.638377547264099121e-01,7.645472288131713867e-01,7.903562188148498535e-01,7.985393404960632324e-01,7.947983145713806152e-01,7.793557047843933105e-01,7.709498405456542969e-01,7.738884687423706055e-01,7.842068076133728027e-01,7.937639355659484863e-01,7.882566452026367188e-01,7.838868498802185059e-01,7.779811620712280273e-01,7.603443861007690430e-01,7.499619722366333008e-01,7.677682042121887207e-01,8.080897927284240723e-01
2.676767676767676796e-01,7.708768844604492188e-01,3.719461858272552490e-01,4.413776397705078125e-01,5.131096243858337402e-01,4.894697368144989014e-01,4.925088286399841309e-01,5.431910157203674316e-01,5.849555134773254395e-01,7.129462957382202148e-01,7.950764894485473633e-01,8.088411092758178711e-01,7.251898646354675293e-01,6.916379332542419434e-01,6.834266781806945801e-01,6.972746253013610840e-01,7.599028944969177246e-01,8.239835500717163086e-01,8.332692980766296387e-01,7.835887670516967773e-01,7.325733900070190430e-01,7.239725589752197266e-01,7.376577258110046387e-01,7.552823424339294434e-01,8.078025579452514648e-01,8.074718713760375977e-01,7.967252731323242188e-01,7.587255835533142090e-01,7.541308403015136719e-01,7.654844522476196289e-01,7.903949022293090820e-01,7.995432019233703613e-01,8.027311563491821289e-01,7.929684519767761230e-01,7.736208438873291016e-01,7.633342742919921875e-01,7.630940675735473633e-01,7.893772721290588379e-01,7.985141873359680176e-01,7.950783371925354004e-01,7.790175676345825195e-01,7.706615328788757324e-01,7.738426923751831055e-01,7.835332155227661133e-01,7.931333184242248535e-01,7.893829941749572754e-01,7.848965525627136230e-01,7.777186632156372070e-01,7.610112428665161133e-01,7.498298883438110352e-01,7.687429785728454590e-01,8.091787099838256836e-01
2.727272727272727626e-01,7.721447944641113281e-01,3.715921938419342041e-01,4.389066100120544434e-01,5.084485411643981934e-01,4.861261844635009766e-01,4.894995689392089844e-01,5.399814844131469727e-01,5.820233225822448730e-01,7.089506983757019043e-01,7.906296253204345703e-01,8.033105731010437012e-01,7.227052450180053711e-01,6.920749545097351074e-01,6.832911372184753418e-01,6.977581381797790527e-01,7.603064179420471191e-01,8.247839212417602539e-01,8.345400691032409668e-01,7.850496768951416016e-01,7.347952723503112793e-01,7.259354591369628906e-01,7.395568490028381348e-01,7.585369348526000977e-01,8.098421096801757812e-01,8.096256852149963379e-01,7.971006035804748535e-01,7.588030099868774414e-01,7.545983195304870605e-01,7.656580209732055664e-01,7.905945777893066406e-01,7.997981905937194824e-01,8.031989336013793945e-01,7.923786640167236328e-01,7.717379927635192871e-01,7.625508904457092285e-01,7.621169686317443848e-01,7.887663841247558594e-01,7.987971305847167969e-01,7.951152920722961426e-01,7.788894176483154297e-01,7.706562876701354980e-01,7.741150856018066406e-01,7.831749916076660156e-01,7.925706505775451660e-01,7.908099293708801270e-01,7.859308719635009766e-01,7.775249481201171875e-01,7.610874176025390625e-01,7.496910095214843750e-01,7.695914506912231445e-01,8.097999691963195801e-01
2.777777777777777901e-01,7.739733457565307617e-01,3.708969354629516602e-01,4.368233382701873779e-01,5.041438341140747070e-01,4.831947088241577148e-01,4.867489635944366455e-01,5.371286869049072266e-01,5.794283747673034668e-01,7.055687904357910156e-01,7.866824865341186523e-01,7.983822226524353027e-01,7.201905250549316406e-01,6.923304200172424316e-01,6.829125881195068359e-01,6.981502175331115723e-01,7.603368163108825684e-01,8.262670636177062988e-01,8.358174562454223633e-01,7.859675884246826172e-01,7.371490597724914551e-01,7.273549437522888184e-01,7.413079142570495605e-01,7.617603540420532227e-01,8.117659091949462891e-01,8.124770522117614746e-01,7.972022891044616699e-01,7.585625052452087402e-01,7.547857761383056641e-01,7.657625079154968262e-01,7.908725142478942871e-01,8.000419139862060547e-01,8.036276698112487793e-01,7.916321158409118652e-01,7.698609828948974609e-01,7.613364458084106445e-01,7.615579962730407715e-01,7.884113788604736328e-01,7.990008592605590820e-01,7.947739958763122559e-01,7.786242961883544922e-01,7.709493041038513184e-01,7.745569348335266113e-01,7.832493782043457031e-01,7.921317815780639648e-01,7.922559380531311035e-01,7.869604229927062988e-01,7.776929140090942383e-01,7.607876658439636230e-01,7.496656179428100586e-01,7.701665759086608887e-01,8.101491332054138184e-01
2.828282828282828731e-01,7.758018374443054199e-01,3.699451982975006104e-01,4.352066814899444580e-01,5.004262924194335938e-01,4.807900190353393555e-01,4.846318662166595459e-01,5.348534584045410156e-01,5.773746371269226074e-01,7.024776935577392578e-01,7.830027937889099121e-01,7.940813899040222168e-01,7.177067995071411133e-01,6.920856833457946777e-01,6.824641823768615723e-01,6.983616948127746582e-01,7.601411342620849609e-01,8.287055492401123047e-01,8.371562957763671875e-01,7.869209051132202148e-01,7.395434379577636719e-01,7.284425497055053711e-01,7.430701851844787598e-01,7.648393511772155762e-01,8.136188387870788574e-01,8.155768513679504395e-01,7.973541021347045898e-01,7.583374381065368652e-01,7.547422647476196289e-01,7.658625841140747070e-01,7.908999323844909668e-01,7.999779582023620605e-01,8.034328818321228027e-01,7.903110980987548828e-01,7.677593231201171875e-01,7.595195770263671875e-01,7.610137462615966797e-01,7.877489924430847168e-01,7.984118461608886719e-01,7.938049435615539551e-01,7.778251767158508301e-01,7.711811065673828125e-01,7.748023867607116699e-01,7.836436629295349121e-01,7.916930317878723145e-01,7.933858036994934082e-01,7.878925204277038574e-01,7.782393693923950195e-01,7.604319453239440918e-01,7.497494816780090332e-01,7.704163789749145508e-01,8.102999329566955566e-01
2.878787878787879007e-01,7.755858898162841797e-01,3.688966631889343262e-01,4.340229332447052002e-01,4.973499476909637451e-01,4.787205755710601807e-01,4.831396639347076416e-01,5.331294536590576172e-01,5.758277177810668945e-01,6.993327140808105469e-01,7.792541980743408203e-01,7.902009487152099609e-01,7.154758572578430176e-01,6.911838650703430176e-01,6.821430921554565430e-01,6.983435750007629395e-01,7.598622441291809082e-01,8.318498134613037109e-01,8.385138511657714844e-01,7.884260416030883789e-01,7.416704893112182617e-01,7.293341159820556641e-01,7.448945641517639160e-01,7.677217125892639160e-01,8.152948021888732910e-01,8.181921243667602539e-01,7.977718710899353027e-01,7.584688067436218262e-01,7.545219063758850098e-01,7.659236192703247070e-01,7.902858853340148926e-01,7.991667389869689941e-01,8.020341396331787109e-01,7.880576252937316895e-01,7.651771903038024902e-01,7.569734454154968262e-01,7.599567174911499023e-01,7.862108349800109863e-01,7.963609695434570312e-01,7.919116616249084473e-01,7.763861417770385742e-01,7.709414958953857422e-01,7.745050191879272461e-01,7.840079069137573242e-01,7.910246849060058594e-01,7.937749028205871582e-01,7.884112596511840820e-01,7.788420319557189941e-01,7.602488994598388672e-01,7.498079538345336914e-01,7.703750729560852051e-01,8.101667165756225586e-01
2.929292929292929282e-01,7.753699421882629395e-01,3.678922951221466064e-01,4.330570995807647705e-01,4.947754740715026855e-01,4.768553674221038818e-01,4.821044504642486572e-01,5.318313241004943848e-01,5.746005177497863770e-01,6.959570646286010742e-01,7.751851081848144531e-01,7.864724397659301758e-01,7.136275768280029297e-01,6.897634863853454590e-01,6.821112036705017090e-01,6.981866955757141113e-01,7.596037387847900391e-01,8.350222110748291016e-01,8.399034738540649414e-01,7.906763553619384766e-01,7.431190609931945801e-01,7.301800847053527832e-01,7.466248869895935059e-01,7.703194618225097656e-01,8.166545033454895020e-01,8.197696208953857422e-01,7.984471321105957031e-01,7.591219544410705566e-01,7.539861202239990234e-01,7.658978104591369629e-01,7.888052463531494141e-01,7.972011566162109375e-01,7.991666197776794434e-01,7.846295237541198730e-01,7.618843913078308105e-01,7.536626458168029785e-01,7.580662965774536133e-01,7.834332585334777832e-01,7.925346493721008301e-01,7.890115380287170410e-01,7.744588255882263184e-01,7.698761224746704102e-01,7.734476923942565918e-01,7.838380336761474609e-01,7.899060249328613281e-01,7.932536602020263672e-01,7.881309390068054199e-01,7.791612148284912109e-01,7.600986957550048828e-01,7.496940493583679199e-01,7.700959444046020508e-01,8.097620606422424316e-01
2.979797979797980112e-01,7.766957283020019531e-01,3.671157360076904297e-01,4.319921731948852539e-01,4.923725426197052002e-01,4.750704169273376465e-01,4.811565577983856201e-01,5.306861996650695801e-01,5.732983350753784180e-01,6.924393773078918457e-01,7.706237435340881348e-01,7.826724052429199219e-01,7.121735811233520508e-01,6.880603432655334473e-01,6.823093295097351074e-01,6.979173421859741211e-01,7.594197392463684082e-01,8.376337289810180664e-01,8.413349390029907227e-01,7.934660315513610840e-01,7.436223030090332031e-01,7.309638261795043945e-01,7.480115294456481934e-01,7.725768089294433594e-01,8.176428675651550293e-01,8.201415538787841797e-01,7.992635965347290039e-01,7.600739598274230957e-01,7.530496716499328613e-01,7.653745412826538086e-01,7.864170670509338379e-01,7.939289212226867676e-01,7.948952913284301758e-01,7.801705598831176758e-01,7.578755021095275879e-01,7.497165203094482422e-01,7.553946971893310547e-01,7.794808149337768555e-01,7.871892452239990234e-01,7.851685285568237305e-01,7.721876502037048340e-01,7.679036259651184082e-01,7.713853120803833008e-01,7.826454043388366699e-01,7.880672216415405273e-01,7.917838096618652344e-01,7.868350744247436523e-01,7.788724899291992188e-01,7.596099972724914551e-01,7.493083477020263672e-01,7.695774435997009277e-01,8.091626167297363281e-01
3.030303030303030387e-01,7.780215144157409668e-01,3.665567338466644287e-01,4.305517077445983887e-01,4.898784458637237549e-01,4.732822179794311523e-01,4.800341427326202393e-01,5.294718146324157715e-01,5.716058015823364258e-01,6.890075802803039551e-01,7.655513882637023926e-01,7.787078619003295898e-01,7.108640074729919434e-01,6.863720417022705078e-01,6.825593113899230957e-01,6.975488662719726562e-01,7.593101263046264648e-01,8.391836285591125488e-01,8.427203893661499023e-01,7.962808609008789062e-01,7.431624531745910645e-01,7.315714359283447266e-01,7.488073110580444336e-01,7.743939161300659180e-01,8.182108402252197266e-01,8.194954395294189453e-01,7.999603748321533203e-01,7.608849406242370605e-01,7.517842054367065430e-01,7.639727592468261719e-01,7.832391262054443359e-01,7.896067500114440918e-01,7.895968556404113770e-01,7.750688195228576660e-01,7.532952427864074707e-01,7.454751729965209961e-01,7.523716092109680176e-01,7.746231555938720703e-01,7.810261249542236328e-01,7.806852459907531738e-01,7.695804238319396973e-01,7.651933431625366211e-01,7.683410048484802246e-01,7.802572846412658691e-01,7.854614257812500000e-01,7.895792722702026367e-01,7.846183180809020996e-01,7.778602838516235352e-01,7.584510445594787598e-01,7.487371563911437988e-01,7.688245177268981934e-01,8.084521293640136719e-01
3.080808080808081217e-01,7.790099978446960449e-01,3.659812808036804199e-01,4.287441968917846680e-01,4.871720969676971436e-01,4.715715050697326660e-01,4.785893261432647705e-01,5.281348824501037598e-01,5.694437623023986816e-01,6.858239173889160156e-01,7.601345181465148926e-01,7.748131155967712402e-01,7.094761133193969727e-01,6.850923299789428711e-01,6.827048063278198242e-01,6.970483064651489258e-01,7.592424750328063965e-01,8.395268917083740234e-01,8.439224362373352051e-01,7.985851764678955078e-01,7.421693801879882812e-01,7.318640947341918945e-01,7.490241527557373047e-01,7.756574749946594238e-01,8.184596300125122070e-01,8.182055950164794922e-01,8.002945184707641602e-01,7.612261772155761719e-01,7.504317164421081543e-01,7.614745497703552246e-01,7.796080112457275391e-01,7.849950194358825684e-01,7.839719653129577637e-01,7.699404358863830566e-01,7.485140562057495117e-01,7.414083480834960938e-01,7.495505213737487793e-01,7.693698406219482422e-01,7.749268412590026855e-01,7.760898470878601074e-01,7.667806148529052734e-01,7.621617317199707031e-01,7.645772695541381836e-01,7.771438360214233398e-01,7.823020815849304199e-01,7.870908975601196289e-01,7.819771766662597656e-01,7.762959003448486328e-01,7.567143440246582031e-01,7.481631040573120117e-01,7.679486274719238281e-01,8.076404929161071777e-01
3.131313131313131493e-01,7.799984812736511230e-01,3.651822805404663086e-01,4.266690015792846680e-01,4.843696951866149902e-01,4.699671268463134766e-01,4.768687784671783447e-01,5.267549753189086914e-01,5.670208334922790527e-01,6.830634474754333496e-01,7.547678947448730469e-01,7.713242769241333008e-01,7.080974578857421875e-01,6.844415068626403809e-01,6.827837824821472168e-01,6.965950131416320801e-01,7.593066692352294922e-01,8.387610316276550293e-01,8.449184298515319824e-01,8.000419139862060547e-01,7.412107586860656738e-01,7.318786978721618652e-01,7.489214539527893066e-01,7.762034535408020020e-01,8.184996843338012695e-01,8.166831135749816895e-01,7.999761700630187988e-01,7.609487175941467285e-01,7.491698861122131348e-01,7.579987645149230957e-01,7.760065793991088867e-01,7.809708714485168457e-01,7.786516547203063965e-01,7.652984261512756348e-01,7.439925670623779297e-01,7.380723953247070312e-01,7.473014593124389648e-01,7.642743587493896484e-01,7.697224020957946777e-01,7.719071507453918457e-01,7.640367150306701660e-01,7.593305706977844238e-01,7.607367038726806641e-01,7.740569114685058594e-01,7.789698243141174316e-01,7.848429679870605469e-01,7.795146107673645020e-01,7.744461297988891602e-01,7.548177242279052734e-01,7.477146983146667480e-01,7.671027779579162598e-01,8.066370487213134766e-01
3.181818181818182323e-01,7.817928194999694824e-01,3.640026748180389404e-01,4.245148301124572754e-01,4.817464053630828857e-01,4.685604870319366455e-01,4.750567376613616943e-01,5.254108905792236328e-01,5.647635459899902344e-01,6.808112263679504395e-01,7.500072121620178223e-01,7.685889005661010742e-01,7.069844007492065430e-01,6.845440268516540527e-01,6.827594637870788574e-01,6.963670849800109863e-01,7.594911456108093262e-01,8.372409343719482422e-01,8.458167314529418945e-01,8.006110787391662598e-01,7.407560944557189941e-01,7.317050695419311523e-01,7.488090395927429199e-01,7.760462164878845215e-01,8.184515833854675293e-01,8.151118159294128418e-01,7.989263534545898438e-01,7.602257728576660156e-01,7.481700778007507324e-01,7.540888786315917969e-01,7.728701233863830566e-01,7.783219814300537109e-01,7.742010354995727539e-01,7.614062428474426270e-01,7.401483654975891113e-01,7.357690334320068359e-01,7.456496357917785645e-01,7.599156498908996582e-01,7.659856081008911133e-01,7.684718966484069824e-01,7.617893815040588379e-01,7.570458054542541504e-01,7.575803399085998535e-01,7.716793417930603027e-01,7.759593725204467773e-01,7.832721471786499023e-01,7.777438163757324219e-01,7.726084589958190918e-01,7.533248066902160645e-01,7.475616335868835449e-01,7.665488719940185547e-01,8.053545355796813965e-01
3.232323232323232598e-01,7.835871577262878418e-01,3.625320792198181152e-01,4.224836230278015137e-01,4.794310629367828369e-01,4.673991501331329346e-01,4.733401238918304443e-01,5.242336392402648926e-01,5.629405975341796875e-01,6.789126992225646973e-01,7.463559508323669434e-01,7.668073773384094238e-01,7.064608335494995117e-01,6.852487921714782715e-01,6.826564669609069824e-01,6.965418457984924316e-01,7.598266601562500000e-01,8.355003595352172852e-01,8.467064499855041504e-01,8.004900217056274414e-01,7.409464120864868164e-01,7.315757870674133301e-01,7.489267587661743164e-01,7.752486467361450195e-01,8.184062242507934570e-01,8.136966228485107422e-01,7.973471879959106445e-01,7.594206333160400391e-01,7.474710941314697266e-01,7.503772974014282227e-01,7.704423069953918457e-01,7.772346735000610352e-01,7.708176374435424805e-01,7.583335638046264648e-01,7.372487783432006836e-01,7.344734668731689453e-01,7.443804740905761719e-01,7.566899657249450684e-01,7.638958096504211426e-01,7.658632397651672363e-01,7.603644728660583496e-01,7.554292678833007812e-01,7.556480169296264648e-01,7.703375816345214844e-01,7.736012935638427734e-01,7.823665142059326172e-01,7.768260836601257324e-01,7.709007859230041504e-01,7.524789571762084961e-01,7.474984526634216309e-01,7.662548422813415527e-01,8.037961721420288086e-01
3.282828282828282873e-01,7.825871706008911133e-01,3.610674738883972168e-01,4.206694066524505615e-01,4.774000048637390137e-01,4.663627743721008301e-01,4.718601703643798828e-01,5.231508612632751465e-01,5.616635680198669434e-01,6.771295666694641113e-01,7.439271807670593262e-01,7.659736871719360352e-01,7.067495584487915039e-01,6.862380504608154297e-01,6.824533939361572266e-01,6.971932053565979004e-01,7.604103684425354004e-01,8.341693282127380371e-01,8.476636409759521484e-01,8.000587821006774902e-01,7.416533231735229492e-01,7.317174077033996582e-01,7.494059801101684570e-01,7.741526365280151367e-01,8.184026479721069336e-01,8.127279281616210938e-01,7.956559658050537109e-01,7.588881254196166992e-01,7.469916939735412598e-01,7.474122643470764160e-01,7.686392068862915039e-01,7.773236632347106934e-01,7.682878375053405762e-01,7.559301257133483887e-01,7.352899909019470215e-01,7.338309884071350098e-01,7.431381344795227051e-01,7.547012567520141602e-01,7.632507085800170898e-01,7.639836668968200684e-01,7.598572373390197754e-01,7.542922496795654297e-01,7.548492550849914551e-01,7.697016596794128418e-01,7.719466090202331543e-01,7.817440032958984375e-01,7.765975594520568848e-01,7.693451642990112305e-01,7.521528601646423340e-01,7.473323941230773926e-01,7.661023736000061035e-01,8.021609187126159668e-01
3.333333333333333703e-01,7.815871238708496094e-01,3.599444031715393066e-01,4.191958308219909668e-01,4.755549430847167969e-01,4.652893543243408203e-01,4.705497324466705322e-01,5.220593214035034180e-01,5.609025359153747559e-01,6.753029823303222656e-01,7.425038218498229980e-01,7.659817934036254883e-01,7.077186703681945801e-01,6.872102618217468262e-01,6.822547316551208496e-01,6.981247663497924805e-01,7.613524794578552246e-01,8.336405158042907715e-01,8.487617969512939453e-01,7.998566627502441406e-01,7.427206635475158691e-01,7.324690222740173340e-01,7.502419352531433105e-01,7.732969522476196289e-01,8.185071349143981934e-01,8.124575614929199219e-01,7.944149971008300781e-01,7.589365839958190918e-01,7.466899156570434570e-01,7.455279231071472168e-01,7.672468423843383789e-01,7.779412269592285156e-01,7.663218975067138672e-01,7.543340921401977539e-01,7.341320514678955078e-01,7.335467934608459473e-01,7.417719960212707520e-01,7.538370490074157715e-01,7.635809779167175293e-01,7.625905871391296387e-01,7.600786089897155762e-01,7.533547878265380859e-01,7.546295523643493652e-01,7.691951394081115723e-01,7.709581851959228516e-01,7.810057401657104492e-01,7.766519188880920410e-01,7.679964303970336914e-01,7.520047426223754883e-01,7.468821406364440918e-01,7.659986019134521484e-01,8.007373213768005371e-01
3.383838383838383979e-01,7.833130955696105957e-01,3.593990504741668701e-01,4.181118011474609375e-01,4.739212095737457275e-01,4.639991819858551025e-01,4.693003296852111816e-01,5.208325982093811035e-01,5.604824423789978027e-01,6.735116839408874512e-01,7.416615486145019531e-01,7.666584849357604980e-01,7.090713381767272949e-01,6.879818439483642578e-01,6.823283433914184570e-01,6.991648077964782715e-01,7.628057003021240234e-01,8.341276645660400391e-01,8.500288724899291992e-01,8.003498911857604980e-01,7.441412210464477539e-01,7.341311573982238770e-01,7.515835165977478027e-01,7.731959223747253418e-01,8.188695311546325684e-01,8.131154775619506836e-01,7.940829992294311523e-01,7.596068978309631348e-01,7.466208338737487793e-01,7.448424100875854492e-01,7.660823464393615723e-01,7.783731818199157715e-01,7.647179365158081055e-01,7.536547780036926270e-01,7.335923910140991211e-01,7.335090041160583496e-01,7.403547763824462891e-01,7.537600994110107422e-01,7.642357349395751953e-01,7.614561915397644043e-01,7.606233954429626465e-01,7.523980736732482910e-01,7.543113231658935547e-01,7.683526873588562012e-01,7.704321742057800293e-01,7.799038290977478027e-01,7.766770124435424805e-01,7.670601010322570801e-01,7.519612908363342285e-01,7.462152242660522461e-01,7.659900188446044922e-01,7.996813654899597168e-01
3.434343434343434809e-01,7.850391268730163574e-01,3.594753742218017578e-01,4.174473583698272705e-01,4.726739525794982910e-01,4.624404907226562500e-01,4.680074751377105713e-01,5.194891691207885742e-01,5.602235198020935059e-01,6.721385121345520020e-01,7.410344481468200684e-01,7.678490877151489258e-01,7.103944420814514160e-01,6.885796785354614258e-01,6.828648447990417480e-01,7.002327442169189453e-01,7.647674679756164551e-01,8.355298042297363281e-01,8.513175249099731445e-01,8.018558025360107422e-01,7.460557222366333008e-01,7.368704080581665039e-01,7.535927295684814453e-01,7.741770148277282715e-01,8.196004629135131836e-01,8.145312070846557617e-01,7.947152853012084961e-01,7.606391310691833496e-01,7.468061447143554688e-01,7.452468276023864746e-01,7.651205658912658691e-01,7.781628966331481934e-01,7.634175419807434082e-01,7.539440393447875977e-01,7.334778308868408203e-01,7.336693406105041504e-01,7.390109300613403320e-01,7.540183663368225098e-01,7.646030783653259277e-01,7.603408098220825195e-01,7.611793279647827148e-01,7.513897418975830078e-01,7.535580992698669434e-01,7.669078707695007324e-01,7.700672149658203125e-01,7.784534096717834473e-01,7.765417695045471191e-01,7.667500972747802734e-01,7.521790862083435059e-01,7.454909682273864746e-01,7.662642002105712891e-01,7.989745736122131348e-01
3.484848484848485084e-01,7.854723930358886719e-01,3.600435554981231689e-01,4.171317219734191895e-01,4.719935059547424316e-01,4.608069062232971191e-01,4.667041003704071045e-01,5.180708765983581543e-01,5.598449110984802246e-01,6.716912984848022461e-01,7.405593395233154297e-01,7.693558335304260254e-01,7.115175127983093262e-01,6.890420317649841309e-01,6.839229464530944824e-01,7.014924287796020508e-01,7.671113014221191406e-01,8.375446796417236328e-01,8.524153828620910645e-01,8.043271303176879883e-01,7.485461831092834473e-01,7.405092716217041016e-01,7.563492655754089355e-01,7.761542201042175293e-01,8.208231329917907715e-01,8.163349628448486328e-01,7.960643172264099121e-01,7.615795731544494629e-01,7.473374605178833008e-01,7.464759349822998047e-01,7.645199894905090332e-01,7.772588729858398438e-01,7.625596523284912109e-01,7.550827264785766602e-01,7.337663173675537109e-01,7.341101169586181641e-01,7.379264831542968750e-01,7.543051838874816895e-01,7.642846107482910156e-01,7.591221928596496582e-01,7.615483999252319336e-01,7.504180669784545898e-01,7.526450753211975098e-01,7.650317549705505371e-01,7.696179747581481934e-01,7.768332958221435547e-01,7.761898636817932129e-01,7.671248912811279297e-01,7.529608011245727539e-01,7.449849247932434082e-01,7.669298648834228516e-01,7.985140085220336914e-01
3.535353535353535914e-01,7.859057188034057617e-01,3.608951270580291748e-01,4.170583486557006836e-01,4.718766808509826660e-01,4.593124091625213623e-01,4.655408263206481934e-01,5.167649388313293457e-01,5.591810941696166992e-01,6.724448204040527344e-01,7.404102683067321777e-01,7.709277272224426270e-01,7.123770713806152344e-01,6.894385814666748047e-01,6.853678226470947266e-01,7.032859325408935547e-01,7.697642445564270020e-01,8.396336436271667480e-01,8.529296517372131348e-01,8.073555827140808105e-01,7.515415549278259277e-01,7.445381283760070801e-01,7.595863938331604004e-01,7.788298130035400391e-01,8.225045204162597656e-01,8.179375529289245605e-01,7.976748347282409668e-01,7.620485424995422363e-01,7.481943368911743164e-01,7.481824159622192383e-01,7.644124627113342285e-01,7.759273648262023926e-01,7.623108029365539551e-01,7.566636800765991211e-01,7.344886660575866699e-01,7.347726821899414062e-01,7.371353507041931152e-01,7.544833421707153320e-01,7.632337212562561035e-01,7.578405141830444336e-01,7.615862488746643066e-01,7.495312690734863281e-01,7.520403265953063965e-01,7.632030844688415527e-01,7.689681053161621094e-01,7.753368616104125977e-01,7.756705284118652344e-01,7.680186033248901367e-01,7.544347047805786133e-01,7.449191808700561523e-01,7.678977847099304199e-01,7.981458306312561035e-01
3.585858585858586189e-01,7.856903672218322754e-01,3.616792857646942139e-01,4.171752333641052246e-01,4.720426797866821289e-01,4.581655859947204590e-01,4.647574126720428467e-01,5.156513452529907227e-01,5.582584142684936523e-01,6.742513775825500488e-01,7.407338023185729980e-01,7.723119854927062988e-01,7.129592299461364746e-01,6.898743510246276855e-01,6.869298219680786133e-01,7.057923674583435059e-01,7.725134491920471191e-01,8.412380218505859375e-01,8.527042865753173828e-01,8.103919029235839844e-01,7.547755837440490723e-01,7.483089566230773926e-01,7.627658247947692871e-01,7.816976904869079590e-01,8.244497776031494141e-01,8.189315795898437500e-01,7.990428209304809570e-01,7.619680762290954590e-01,7.492653727531433105e-01,7.499986290931701660e-01,7.648833394050598145e-01,7.746023535728454590e-01,7.626796364784240723e-01,7.582898139953613281e-01,7.357373237609863281e-01,7.354475855827331543e-01,7.366401553153991699e-01,7.545744180679321289e-01,7.617313265800476074e-01,7.567868232727050781e-01,7.613400816917419434e-01,7.488352060317993164e-01,7.522361874580383301e-01,7.619580030441284180e-01,7.682819366455078125e-01,7.741714715957641602e-01,7.749599218368530273e-01,7.689889073371887207e-01,7.562379240989685059e-01,7.452821731567382812e-01,7.688004374504089355e-01,7.977821230888366699e-01
3.636363636363636465e-01,7.854750156402587891e-01,3.620771169662475586e-01,4.173679947853088379e-01,4.721913039684295654e-01,4.574526250362396240e-01,4.645934998989105225e-01,5.148910880088806152e-01,5.572625398635864258e-01,6.765990853309631348e-01,7.414787411689758301e-01,7.732447981834411621e-01,7.132114768028259277e-01,6.903700232505798340e-01,6.883655190467834473e-01,7.088526487350463867e-01,7.751240730285644531e-01,8.421124815940856934e-01,8.520361781120300293e-01,8.129970431327819824e-01,7.578639984130859375e-01,7.513535618782043457e-01,7.653251886367797852e-01,7.843230962753295898e-01,8.264251947402954102e-01,8.192407488822937012e-01,7.998430728912353516e-01,7.616071701049804688e-01,7.504357099533081055e-01,7.517678737640380859e-01,7.659102082252502441e-01,7.737604379653930664e-01,7.636148929595947266e-01,7.596335411071777344e-01,7.375262379646301270e-01,7.359644770622253418e-01,7.364410161972045898e-01,7.547590136528015137e-01,7.602336406707763672e-01,7.564146518707275391e-01,7.608664035797119141e-01,7.484711408615112305e-01,7.534267306327819824e-01,7.617586255073547363e-01,7.679401636123657227e-01,7.735470533370971680e-01,7.740921378135681152e-01,7.697010636329650879e-01,7.578504681587219238e-01,7.460353970527648926e-01,7.694016098976135254e-01,7.976832389831542969e-01
3.686868686868687295e-01,7.863551378250122070e-01,3.619357645511627197e-01,4.176143109798431396e-01,4.722099304199218750e-01,4.570421278476715088e-01,4.650841355323791504e-01,5.145263671875000000e-01,5.564410090446472168e-01,6.788353919982910156e-01,7.422801852226257324e-01,7.736524343490600586e-01,7.131078839302062988e-01,6.909214258193969727e-01,6.894776821136474609e-01,7.119913101196289062e-01,7.772286534309387207e-01,8.424734473228454590e-01,8.516641259193420410e-01,8.151217699050903320e-01,7.606112957000732422e-01,7.535700798034667969e-01,7.670253515243530273e-01,7.864645123481750488e-01,8.282434940338134766e-01,8.192005157470703125e-01,8.001497983932495117e-01,7.613883614540100098e-01,7.516701221466064453e-01,7.534896135330200195e-01,7.674365639686584473e-01,7.737866640090942383e-01,7.650280594825744629e-01,7.606548070907592773e-01,7.397251129150390625e-01,7.363736033439636230e-01,7.365533113479614258e-01,7.552075386047363281e-01,7.591974139213562012e-01,7.570385336875915527e-01,7.602637410163879395e-01,7.487806081771850586e-01,7.555617094039916992e-01,7.627502083778381348e-01,7.683798670768737793e-01,7.736569046974182129e-01,7.734083533287048340e-01,7.700919508934020996e-01,7.589620947837829590e-01,7.472726702690124512e-01,7.698554396629333496e-01,7.981899380683898926e-01
3.737373737373737570e-01,7.872353196144104004e-01,3.612349927425384521e-01,4.178293049335479736e-01,4.722553193569183350e-01,4.568782448768615723e-01,4.661537110805511475e-01,5.146294236183166504e-01,5.559521913528442383e-01,6.803700923919677734e-01,7.428690791130065918e-01,7.737016081809997559e-01,7.127778530120849609e-01,6.914622187614440918e-01,6.903156638145446777e-01,7.146033644676208496e-01,7.784457802772521973e-01,8.428559303283691406e-01,8.523262739181518555e-01,8.169027566909790039e-01,7.628740668296813965e-01,7.550668120384216309e-01,7.679497003555297852e-01,7.881399989128112793e-01,8.297443389892578125e-01,8.194149732589721680e-01,8.003331422805786133e-01,7.615754008293151855e-01,7.528231143951416016e-01,7.552720308303833008e-01,7.692557573318481445e-01,7.747709155082702637e-01,7.668702602386474609e-01,7.613772749900817871e-01,7.420841455459594727e-01,7.367911338806152344e-01,7.370825409889221191e-01,7.558797597885131836e-01,7.588576078414916992e-01,7.585673928260803223e-01,7.595551609992980957e-01,7.500280141830444336e-01,7.584183216094970703e-01,7.647115588188171387e-01,7.697256207466125488e-01,7.745792865753173828e-01,7.733247280120849609e-01,7.704114317893981934e-01,7.596012949943542480e-01,7.491073012351989746e-01,7.704249620437622070e-01,7.995687723159790039e-01
3.787878787878788400e-01,7.897999286651611328e-01,3.602980375289916992e-01,4.179787039756774902e-01,4.725558459758758545e-01,4.569918811321258545e-01,4.675529599189758301e-01,5.151240229606628418e-01,5.557578802108764648e-01,6.808702945709228516e-01,7.432640790939331055e-01,7.736823558807373047e-01,7.126908898353576660e-01,6.920065283775329590e-01,6.910166144371032715e-01,7.163327932357788086e-01,7.786473631858825684e-01,8.439131379127502441e-01,8.545259833335876465e-01,8.185443282127380371e-01,7.647230625152587891e-01,7.559517025947570801e-01,7.683766484260559082e-01,7.896311879158020020e-01,8.309410810470581055e-01,8.204107880592346191e-01,8.008424639701843262e-01,7.622073292732238770e-01,7.537571191787719727e-01,7.569640278816223145e-01,7.710993289947509766e-01,7.765182256698608398e-01,7.690246701240539551e-01,7.619453668594360352e-01,7.443164587020874023e-01,7.373944520950317383e-01,7.380156517028808594e-01,7.566184401512145996e-01,7.592285275459289551e-01,7.605983614921569824e-01,7.588108181953430176e-01,7.522782683372497559e-01,7.615922689437866211e-01,7.671605944633483887e-01,7.716808915138244629e-01,7.761985063552856445e-01,7.741651535034179688e-01,7.710984349250793457e-01,7.600418925285339355e-01,7.516016364097595215e-01,7.713628411293029785e-01,8.018234372138977051e-01
3.838383838383838675e-01,7.923645377159118652e-01,3.595397174358367920e-01,4.180330336093902588e-01,4.732631742954254150e-01,4.575071334838867188e-01,4.689554870128631592e-01,5.158792138099670410e-01,5.558210015296936035e-01,6.804013848304748535e-01,7.437182664871215820e-01,7.737930417060852051e-01,7.132984399795532227e-01,6.926484704017639160e-01,6.918400526046752930e-01,7.171537876129150391e-01,7.780967950820922852e-01,8.460413813591003418e-01,8.580788969993591309e-01,8.201261162757873535e-01,7.663043737411499023e-01,7.563744783401489258e-01,7.685437202453613281e-01,7.911942601203918457e-01,8.318978548049926758e-01,8.223572373390197754e-01,8.020367026329040527e-01,7.631447911262512207e-01,7.543876171112060547e-01,7.583337426185607910e-01,7.726655602455139160e-01,7.785483598709106445e-01,7.712383270263671875e-01,7.624738812446594238e-01,7.461652755737304688e-01,7.382473945617675781e-01,7.393114566802978516e-01,7.572235465049743652e-01,7.601048946380615234e-01,7.625965476036071777e-01,7.580912709236145020e-01,7.552756071090698242e-01,7.645922899246215820e-01,7.696076631546020508e-01,7.737125158309936523e-01,7.781043052673339844e-01,7.759602665901184082e-01,7.724916338920593262e-01,7.605649232864379883e-01,7.546285390853881836e-01,7.727498412132263184e-01,8.045824766159057617e-01
3.888888888888888951e-01,7.913528084754943848e-01,3.592056035995483398e-01,4.180835485458374023e-01,4.742932021617889404e-01,4.585751891136169434e-01,4.701404869556427002e-01,5.167949199676513672e-01,5.562220215797424316e-01,6.793365478515625000e-01,7.446748614311218262e-01,7.742121815681457520e-01,7.148464918136596680e-01,6.936704516410827637e-01,6.930022239685058594e-01,7.172650694847106934e-01,7.773925065994262695e-01,8.492731451988220215e-01,8.623966574668884277e-01,8.216058015823364258e-01,7.679555416107177734e-01,7.564771771430969238e-01,7.686444520950317383e-01,7.930734157562255859e-01,8.327882289886474609e-01,8.249569535255432129e-01,8.039492964744567871e-01,7.643516659736633301e-01,7.547615170478820801e-01,7.591581344604492188e-01,7.737768888473510742e-01,7.803294658660888672e-01,7.732248902320861816e-01,7.631015777587890625e-01,7.473798394203186035e-01,7.391506433486938477e-01,7.408090829849243164e-01,7.575807571411132812e-01,7.612071037292480469e-01,7.642781138420104980e-01,7.576059699058532715e-01,7.585057616233825684e-01,7.668798565864562988e-01,7.718039155006408691e-01,7.754744291305541992e-01,7.798890471458435059e-01,7.784135937690734863e-01,7.746236324310302734e-01,7.612907886505126953e-01,7.578713893890380859e-01,7.744188308715820312e-01,8.072060346603393555e-01
3.939393939393939781e-01,7.903410792350769043e-01,3.593818843364715576e-01,4.182555675506591797e-01,4.754281938076019287e-01,4.601977765560150146e-01,4.710966050624847412e-01,5.178395509719848633e-01,5.571620464324951172e-01,6.782294511795043945e-01,7.463198900222778320e-01,7.748822569847106934e-01,7.172788381576538086e-01,6.952484250068664551e-01,6.946229934692382812e-01,7.170330882072448730e-01,7.772082686424255371e-01,8.534297347068786621e-01,8.667922019958496094e-01,8.229869008064270020e-01,7.697813510894775391e-01,7.566121816635131836e-01,7.688214182853698730e-01,7.951195836067199707e-01,8.337701559066772461e-01,8.277754783630371094e-01,8.061988949775695801e-01,7.658497095108032227e-01,7.550926804542541504e-01,7.593626379966735840e-01,7.744604945182800293e-01,7.814567089080810547e-01,7.747389078140258789e-01,7.638687491416931152e-01,7.478457093238830566e-01,7.398141026496887207e-01,7.423732876777648926e-01,7.577354907989501953e-01,7.624506950378417969e-01,7.656543254852294922e-01,7.574820518493652344e-01,7.613918781280517578e-01,7.680136561393737793e-01,7.737132906913757324e-01,7.768593430519104004e-01,7.812734246253967285e-01,7.809181213378906250e-01,7.770869731903076172e-01,7.620630264282226562e-01,7.608456015586853027e-01,7.760901451110839844e-01,8.091517686843872070e-01
3.989898989898990056e-01,7.901742458343505859e-01,3.599596023559570312e-01,4.187235832214355469e-01,4.765029549598693848e-01,4.622006714344024658e-01,4.719724357128143311e-01,5.190351009368896484e-01,5.587853789329528809e-01,6.776484847068786621e-01,7.484866976737976074e-01,7.758122682571411133e-01,7.202408909797668457e-01,6.973471045494079590e-01,6.965470910072326660e-01,7.167636752128601074e-01,7.777916789054870605e-01,8.578835725784301758e-01,8.706352710723876953e-01,8.242104649543762207e-01,7.717100977897644043e-01,7.571509480476379395e-01,7.692389488220214844e-01,7.970846295356750488e-01,8.348795175552368164e-01,8.303065896034240723e-01,8.084424734115600586e-01,7.676255106925964355e-01,7.556648850440979004e-01,7.591760754585266113e-01,7.749935388565063477e-01,7.818932533264160156e-01,7.757374644279479980e-01,7.646963000297546387e-01,7.475911974906921387e-01,7.399424910545349121e-01,7.439087033271789551e-01,7.577887177467346191e-01,7.637708783149719238e-01,7.668600678443908691e-01,7.577104568481445312e-01,7.634553909301757812e-01,7.679372429847717285e-01,7.752988934516906738e-01,7.779908776283264160e-01,7.822652459144592285e-01,7.829786539077758789e-01,7.792657613754272461e-01,7.626690864562988281e-01,7.632240653038024902e-01,7.775365114212036133e-01,8.101791143417358398e-01
4.040404040404040886e-01,7.900073528289794922e-01,3.608247041702270508e-01,4.196909666061401367e-01,4.774602651596069336e-01,4.642466306686401367e-01,4.728520512580871582e-01,5.204001069068908691e-01,5.608824491500854492e-01,6.779558062553405762e-01,7.507842183113098145e-01,7.771157622337341309e-01,7.232989072799682617e-01,6.997492909431457520e-01,6.985422968864440918e-01,7.167723774909973145e-01,7.790369987487792969e-01,8.620057702064514160e-01,8.736821413040161133e-01,8.252939581871032715e-01,7.734482288360595703e-01,7.583767175674438477e-01,7.699973583221435547e-01,7.985221743583679199e-01,8.360930681228637695e-01,8.324444890022277832e-01,8.104546666145324707e-01,7.695978283882141113e-01,7.567381858825683594e-01,7.589644193649291992e-01,7.758070826530456543e-01,7.818062901496887207e-01,7.763720750808715820e-01,7.654551267623901367e-01,7.468273639678955078e-01,7.393600344657897949e-01,7.453863620758056641e-01,7.579305768013000488e-01,7.652532458305358887e-01,7.679738998413085938e-01,7.581357955932617188e-01,7.645744681358337402e-01,7.670386433601379395e-01,7.765969634056091309e-01,7.790694236755371094e-01,7.831271886825561523e-01,7.843655943870544434e-01,7.806686162948608398e-01,7.629641890525817871e-01,7.647866606712341309e-01,7.786009907722473145e-01,8.104180097579956055e-01
4.090909090909091161e-01,7.897049188613891602e-01,3.618761003017425537e-01,4.212582409381866455e-01,4.785406291484832764e-01,4.660511314868927002e-01,4.739201664924621582e-01,5.218173265457153320e-01,5.630168914794921875e-01,6.792215704917907715e-01,7.527958750724792480e-01,7.789496779441833496e-01,7.262146472930908203e-01,7.021672129631042480e-01,7.003241777420043945e-01,7.174102663993835449e-01,7.807145118713378906e-01,8.652502298355102539e-01,8.761031627655029297e-01,8.261829614639282227e-01,7.748351097106933594e-01,7.602660059928894043e-01,7.711351513862609863e-01,7.993217706680297852e-01,8.373518586158752441e-01,8.343360424041748047e-01,8.124333024024963379e-01,7.715378999710083008e-01,7.584174871444702148e-01,7.591336369514465332e-01,7.772283554077148438e-01,7.816796898841857910e-01,7.769513130187988281e-01,7.660543918609619141e-01,7.460289001464843750e-01,7.382424473762512207e-01,7.468595504760742188e-01,7.583911418914794922e-01,7.669519186019897461e-01,7.690091729164123535e-01,7.586864829063415527e-01,7.649955749511718750e-01,7.660131454467773438e-01,7.776974439620971680e-01,7.802953124046325684e-01,7.842457294464111328e-01,7.852880954742431641e-01,7.813350558280944824e-01,7.631393074989318848e-01,7.656525969505310059e-01,7.792968153953552246e-01,8.104090690612792969e-01
4.141414141414141992e-01,7.894025444984436035e-01,3.630108535289764404e-01,4.232819080352783203e-01,4.799861907958984375e-01,4.674536287784576416e-01,4.752887785434722900e-01,5.233308672904968262e-01,5.647332072257995605e-01,6.812613606452941895e-01,7.543399333953857422e-01,7.815071344375610352e-01,7.290128469467163086e-01,7.044478058815002441e-01,7.017164826393127441e-01,7.188174724578857422e-01,7.827484011650085449e-01,8.673498034477233887e-01,8.783575892448425293e-01,8.271076679229736328e-01,7.760710120201110840e-01,7.626469731330871582e-01,7.726837396621704102e-01,7.996644377708435059e-01,8.386047482490539551e-01,8.362880349159240723e-01,8.147342205047607422e-01,7.733461856842041016e-01,7.606794238090515137e-01,7.600221037864685059e-01,7.794321775436401367e-01,7.821401357650756836e-01,7.778453230857849121e-01,7.666589021682739258e-01,7.455619573593139648e-01,7.370671033859252930e-01,7.482918500900268555e-01,7.593256235122680664e-01,7.688686251640319824e-01,7.698950767517089844e-01,7.596007585525512695e-01,7.652240395545959473e-01,7.655360698699951172e-01,7.788037061691284180e-01,7.820492386817932129e-01,7.860714793205261230e-01,7.862288951873779297e-01,7.817700505256652832e-01,7.636405229568481445e-01,7.661362886428833008e-01,7.797621488571166992e-01,8.107643127441406250e-01
4.191919191919192267e-01,7.902978658676147461e-01,3.641417622566223145e-01,4.253311753273010254e-01,4.818265140056610107e-01,4.684376418590545654e-01,4.768993556499481201e-01,5.249822735786437988e-01,5.660858154296875000e-01,6.838144063949584961e-01,7.555662393569946289e-01,7.847641706466674805e-01,7.318625450134277344e-01,7.065989971160888672e-01,7.028348445892333984e-01,7.210406661033630371e-01,7.853358983993530273e-01,8.685305118560791016e-01,8.809905052185058594e-01,8.284747004508972168e-01,7.775390744209289551e-01,7.653272151947021484e-01,7.747608423233032227e-01,7.999627590179443359e-01,8.399473428726196289e-01,8.386784791946411133e-01,8.176409602165222168e-01,7.749247550964355469e-01,7.634493708610534668e-01,7.619402408599853516e-01,7.823601365089416504e-01,7.836665511131286621e-01,7.792676687240600586e-01,7.675840258598327637e-01,7.457727193832397461e-01,7.365326285362243652e-01,7.497981190681457520e-01,7.609044313430786133e-01,7.710000276565551758e-01,7.708407640457153320e-01,7.612581849098205566e-01,7.658129930496215820e-01,7.661268711090087891e-01,7.802282571792602539e-01,7.847195267677307129e-01,7.888305783271789551e-01,7.877160310745239258e-01,7.828577756881713867e-01,7.650585174560546875e-01,7.666671276092529297e-01,7.802679538726806641e-01,8.119826316833496094e-01
4.242424242424242542e-01,7.911932468414306641e-01,3.651379048824310303e-01,4.268330931663513184e-01,4.838461577892303467e-01,4.691851437091827393e-01,4.786183536052703857e-01,5.269529819488525391e-01,5.674465894699096680e-01,6.866382956504821777e-01,7.568992376327514648e-01,7.885866165161132812e-01,7.348561882972717285e-01,7.087633013725280762e-01,7.039322853088378906e-01,7.239027619361877441e-01,7.887410521507263184e-01,8.692194223403930664e-01,8.842793107032775879e-01,8.307940959930419922e-01,7.796424031257629395e-01,7.682835459709167480e-01,7.775059342384338379e-01,8.007251620292663574e-01,8.415349721908569336e-01,8.416348099708557129e-01,8.209046721458435059e-01,7.762917876243591309e-01,7.664607763290405273e-01,7.649034261703491211e-01,7.857106328010559082e-01,7.865044474601745605e-01,7.812543511390686035e-01,7.690212726593017578e-01,7.467755675315856934e-01,7.372626066207885742e-01,7.514377236366271973e-01,7.631258964538574219e-01,7.734133005142211914e-01,7.721738815307617188e-01,7.639424204826354980e-01,7.670875191688537598e-01,7.679170966148376465e-01,7.821761965751647949e-01,7.885100841522216797e-01,7.924303412437438965e-01,7.901470065116882324e-01,7.853021025657653809e-01,7.677544951438903809e-01,7.675511837005615234e-01,7.811719179153442383e-01,8.142344951629638672e-01
4.292929292929293372e-01,7.911368608474731445e-01,3.659524619579315186e-01,4.274225533008575439e-01,4.855995774269104004e-01,4.699744880199432373e-01,4.803217649459838867e-01,5.292664170265197754e-01,5.693838000297546387e-01,6.895922422409057617e-01,7.587231397628784180e-01,7.927498221397399902e-01,7.379656434059143066e-01,7.109951972961425781e-01,7.053194642066955566e-01,7.270978689193725586e-01,7.930397987365722656e-01,8.700110912322998047e-01,8.880908489227294922e-01,8.343110680580139160e-01,7.824439406394958496e-01,7.714705467224121094e-01,7.811051011085510254e-01,8.022272586822509766e-01,8.436481356620788574e-01,8.450410366058349609e-01,8.238791227340698242e-01,7.776918411254882812e-01,7.695220112800598145e-01,7.687343358993530273e-01,7.890988588333129883e-01,7.904397845268249512e-01,7.837204933166503906e-01,7.710856199264526367e-01,7.486296296119689941e-01,7.396997213363647461e-01,7.533571720123291016e-01,7.660048604011535645e-01,7.762395739555358887e-01,7.743902206420898438e-01,7.676572203636169434e-01,7.690308094024658203e-01,7.708097696304321289e-01,7.846935391426086426e-01,7.932453751564025879e-01,7.966353297233581543e-01,7.934618592262268066e-01,7.892504930496215820e-01,7.716778516769409180e-01,7.688874006271362305e-01,7.826675176620483398e-01,8.172830939292907715e-01
4.343434343434343647e-01,7.910804748535156250e-01,3.667112886905670166e-01,4.271645247936248779e-01,4.868831634521484375e-01,4.709504842758178711e-01,4.819142222404479980e-01,5.318242311477661133e-01,5.720826983451843262e-01,6.926397085189819336e-01,7.613061070442199707e-01,7.970790863037109375e-01,7.411017417907714844e-01,7.133100628852844238e-01,7.073063850402832031e-01,7.303501963615417480e-01,7.980146408081054688e-01,8.714855313301086426e-01,8.920153975486755371e-01,8.387119770050048828e-01,7.857554554939270020e-01,7.747939229011535645e-01,7.854475975036621094e-01,8.044931292533874512e-01,8.464542031288146973e-01,8.484278321266174316e-01,8.259621858596801758e-01,7.794472575187683105e-01,7.724536657333374023e-01,7.730243206024169922e-01,7.922271490097045898e-01,7.949508428573608398e-01,7.865238785743713379e-01,7.737066745758056641e-01,7.512261271476745605e-01,7.439254522323608398e-01,7.555868625640869141e-01,7.696222066879272461e-01,7.795878648757934570e-01,7.777483463287353516e-01,7.720183134078979492e-01,7.714978456497192383e-01,7.744383215904235840e-01,7.876215577125549316e-01,7.982748150825500488e-01,8.010433316230773926e-01,7.974550724029541016e-01,7.943362593650817871e-01,7.764502167701721191e-01,7.707140445709228516e-01,7.850602269172668457e-01,8.206100463867187500e-01
4.393939393939394478e-01,7.908341884613037109e-01,3.674295544624328613e-01,4.265847206115722656e-01,4.877611994743347168e-01,4.720853269100189209e-01,4.834728240966796875e-01,5.341900587081909180e-01,5.752551555633544922e-01,6.957682967185974121e-01,7.646642327308654785e-01,8.013371229171752930e-01,7.440029382705688477e-01,7.157883048057556152e-01,7.100331187248229980e-01,7.333998084068298340e-01,8.032302260398864746e-01,8.741194605827331543e-01,8.956521153450012207e-01,8.434053659439086914e-01,7.893213629722595215e-01,7.779706716537475586e-01,7.901900410652160645e-01,8.073045611381530762e-01,8.497951030731201172e-01,8.512394428253173828e-01,8.269737958908081055e-01,7.819272279739379883e-01,7.751126289367675781e-01,7.773223519325256348e-01,7.949569821357727051e-01,7.993642091751098633e-01,7.895056605339050293e-01,7.767959833145141602e-01,7.544029951095581055e-01,7.495838403701782227e-01,7.580773234367370605e-01,7.738667130470275879e-01,7.834179997444152832e-01,7.821473479270935059e-01,7.765617966651916504e-01,7.742360830307006836e-01,7.783099412918090820e-01,7.906624078750610352e-01,8.027561902999877930e-01,8.051998019218444824e-01,8.016635775566101074e-01,7.997142672538757324e-01,7.816223502159118652e-01,7.730420827865600586e-01,7.883455157279968262e-01,8.236799836158752441e-01
4.444444444444444753e-01,7.905879020690917969e-01,3.680512607097625732e-01,4.262474179267883301e-01,4.887019991874694824e-01,4.732863605022430420e-01,4.851119816303253174e-01,5.360416173934936523e-01,5.782163143157958984e-01,6.990077495574951172e-01,7.686893939971923828e-01,8.052428364753723145e-01,7.465482950210571289e-01,7.184478044509887695e-01,7.134254574775695801e-01,7.360728383064270020e-01,8.082330226898193359e-01,8.782505393028259277e-01,8.989027142524719238e-01,8.477236032485961914e-01,7.929421067237854004e-01,7.808026075363159180e-01,7.948804497718811035e-01,8.103585243225097656e-01,8.532746434211730957e-01,8.531576991081237793e-01,8.272870779037475586e-01,7.853062152862548828e-01,7.774800062179565430e-01,7.813812494277954102e-01,7.973358631134033203e-01,8.031216859817504883e-01,7.925101518630981445e-01,7.802281379699707031e-01,7.578082680702209473e-01,7.558375000953674316e-01,7.606824636459350586e-01,7.784448862075805664e-01,7.874262928962707520e-01,7.870604395866394043e-01,7.808703184127807617e-01,7.771456241607666016e-01,7.818990349769592285e-01,7.936676144599914551e-01,8.060828447341918945e-01,8.088088631629943848e-01,8.057116270065307617e-01,8.044707179069519043e-01,7.866891622543334961e-01,7.757671475410461426e-01,7.923935651779174805e-01,8.263885974884033203e-01
4.494949494949495583e-01,7.909632325172424316e-01,3.685045242309570312e-01,4.265200793743133545e-01,4.900805056095123291e-01,4.744784533977508545e-01,4.868068099021911621e-01,5.372568964958190918e-01,5.804684758186340332e-01,7.023413181304931641e-01,7.731590270996093750e-01,8.085721731185913086e-01,7.487602829933166504e-01,7.212029099464416504e-01,7.171940803527832031e-01,7.383256554603576660e-01,8.127810359001159668e-01,8.838920593261718750e-01,9.019209146499633789e-01,8.514287471771240234e-01,7.965596914291381836e-01,7.832869887351989746e-01,7.990167737007141113e-01,8.133286833763122559e-01,8.564147353172302246e-01,8.542752861976623535e-01,8.277323842048645020e-01,7.894905209541320801e-01,7.796216011047363281e-01,7.851165533065795898e-01,7.995862960815429688e-01,8.060020804405212402e-01,7.954300642013549805e-01,7.838730812072753906e-01,7.610583305358886719e-01,7.617741823196411133e-01,7.633121013641357422e-01,7.827658653259277344e-01,7.913153767585754395e-01,7.918499708175659180e-01,7.847754359245300293e-01,7.802245020866394043e-01,7.849345207214355469e-01,7.966862916946411133e-01,8.082315325736999512e-01,8.118731975555419922e-01,8.095069527626037598e-01,8.080769181251525879e-01,7.912550568580627441e-01,7.788405418395996094e-01,7.968729734420776367e-01,8.289680480957031250e-01
4.545454545454545858e-01,7.913385629653930664e-01,3.686481416225433350e-01,4.274666607379913330e-01,4.919219613075256348e-01,4.756487011909484863e-01,4.883938431739807129e-01,5.379990935325622559e-01,5.820531249046325684e-01,7.057605981826782227e-01,7.777184247970581055e-01,8.112511634826660156e-01,7.507718205451965332e-01,7.238058447837829590e-01,7.208918333053588867e-01,7.401272058486938477e-01,8.167480230331420898e-01,8.906234502792358398e-01,9.048278927803039551e-01,8.546361327171325684e-01,8.000145554542541504e-01,7.856822609901428223e-01,8.022714257240295410e-01,8.160173296928405762e-01,8.590552210807800293e-01,8.550898432731628418e-01,8.290591835975646973e-01,7.940654158592224121e-01,7.815398573875427246e-01,7.886442542076110840e-01,8.019860982894897461e-01,8.081321716308593750e-01,7.984073758125305176e-01,7.874473929405212402e-01,7.639631032943725586e-01,7.665416002273559570e-01,7.659412026405334473e-01,7.862304449081420898e-01,7.948623299598693848e-01,7.960790395736694336e-01,7.883905768394470215e-01,7.836017012596130371e-01,7.874825000762939453e-01,7.998508810997009277e-01,8.096190690994262695e-01,8.145662546157836914e-01,8.130985498428344727e-01,8.103754520416259766e-01,7.950598597526550293e-01,7.820023894309997559e-01,8.012036085128784180e-01,8.319044709205627441e-01
4.595959595959596133e-01,7.909367084503173828e-01,3.685871362686157227e-01,4.289093017578125000e-01,4.938746094703674316e-01,4.768395125865936279e-01,4.897662997245788574e-01,5.386048555374145508e-01,5.833160877227783203e-01,7.090758085250854492e-01,7.819892764091491699e-01,8.134541511535644531e-01,7.527403831481933594e-01,7.259732484817504883e-01,7.239820957183837891e-01,7.415368556976318359e-01,8.201105594635009766e-01,8.975580334663391113e-01,9.075501561164855957e-01,8.575428724288940430e-01,8.029585480690002441e-01,7.882024645805358887e-01,8.045317530632019043e-01,8.183898329734802246e-01,8.612892627716064453e-01,8.562273383140563965e-01,8.316425085067749023e-01,7.984763383865356445e-01,7.832695841789245605e-01,7.919076085090637207e-01,8.045881986618041992e-01,8.098241686820983887e-01,8.016318678855895996e-01,7.905930876731872559e-01,7.665895223617553711e-01,7.698205113410949707e-01,7.685189247131347656e-01,7.885513305664062500e-01,7.981013059616088867e-01,7.996473908424377441e-01,7.919363975524902344e-01,7.873347401618957520e-01,7.897771596908569336e-01,8.031725883483886719e-01,8.106787204742431641e-01,8.170846700668334961e-01,8.165418505668640137e-01,8.115395307540893555e-01,7.978621721267700195e-01,7.848613262176513672e-01,8.048204183578491211e-01,8.354665040969848633e-01
4.646464646464646964e-01,7.905348539352416992e-01,3.685400784015655518e-01,4.306480884552001953e-01,4.954938590526580811e-01,4.780920147895812988e-01,4.908846616744995117e-01,5.393636822700500488e-01,5.846343636512756348e-01,7.120249867439270020e-01,7.854272723197937012e-01,8.154483437538146973e-01,7.547418475151062012e-01,7.276085615158081055e-01,7.260280251502990723e-01,7.425597906112670898e-01,8.228842020034790039e-01,9.036489129066467285e-01,9.097585082054138184e-01,8.602981567382812500e-01,8.050502538681030273e-01,7.908891439437866211e-01,8.058841228485107422e-01,8.203374147415161133e-01,8.634096384048461914e-01,8.581368327140808105e-01,8.353756070137023926e-01,8.022382259368896484e-01,7.848483324050903320e-01,7.946828603744506836e-01,8.073444962501525879e-01,8.113885521888732910e-01,8.053144216537475586e-01,7.931115031242370605e-01,7.691742777824401855e-01,7.718746662139892578e-01,7.709528207778930664e-01,7.899665832519531250e-01,8.012335896492004395e-01,8.026749491691589355e-01,7.955997586250305176e-01,7.913609147071838379e-01,7.919970154762268066e-01,8.065662384033203125e-01,8.117116093635559082e-01,8.194918036460876465e-01,8.197887539863586426e-01,8.118711709976196289e-01,7.996578812599182129e-01,7.869656682014465332e-01,8.073743581771850586e-01,8.394618034362792969e-01
4.696969696969697239e-01,7.908310890197753906e-01,3.686775267124176025e-01,4.325753450393676758e-01,4.965815246105194092e-01,4.794236421585083008e-01,4.918228685855865479e-01,5.404058694839477539e-01,5.861387252807617188e-01,7.144044637680053711e-01,7.876408100128173828e-01,8.174711465835571289e-01,7.567936778068542480e-01,7.288318872451782227e-01,7.269049882888793945e-01,7.431689500808715820e-01,8.251370191574096680e-01,9.080003499984741211e-01,9.111463427543640137e-01,8.628836274147033691e-01,8.061776757240295410e-01,7.934918403625488281e-01,8.065648674964904785e-01,8.218550682067871094e-01,8.656772375106811523e-01,8.607529997825622559e-01,8.397251963615417480e-01,8.050332069396972656e-01,7.864148020744323730e-01,7.967705130577087402e-01,8.099722862243652344e-01,8.131129741668701172e-01,8.093696236610412598e-01,7.949333190917968750e-01,7.718313336372375488e-01,7.732627987861633301e-01,7.730711698532104492e-01,7.909423708915710449e-01,8.042826652526855469e-01,8.051971197128295898e-01,7.993524670600891113e-01,7.953615784645080566e-01,7.941518425941467285e-01,8.097950816154479980e-01,8.127814531326293945e-01,8.216680288314819336e-01,8.226054310798645020e-01,8.116523623466491699e-01,8.006129860877990723e-01,7.881956100463867188e-01,8.088427186012268066e-01,8.432902693748474121e-01
4.747474747474748069e-01,7.911272644996643066e-01,3.690383136272430420e-01,4.345915019512176514e-01,4.973590970039367676e-01,4.809217751026153564e-01,4.927097856998443604e-01,5.417027473449707031e-01,5.877456665039062500e-01,7.161895036697387695e-01,7.885430455207824707e-01,8.195199370384216309e-01,7.588068842887878418e-01,7.299484014511108398e-01,7.268550395965576172e-01,7.434366345405578613e-01,8.270215988159179688e-01,9.102679491043090820e-01,9.118131399154663086e-01,8.652122616767883301e-01,8.064066767692565918e-01,7.955297231674194336e-01,8.067731857299804688e-01,8.229174613952636719e-01,8.681043386459350586e-01,8.638427853584289551e-01,8.438504338264465332e-01,8.068262934684753418e-01,7.881752848625183105e-01,7.980508208274841309e-01,8.121634721755981445e-01,8.150810003280639648e-01,8.133692741394042969e-01,7.962292432785034180e-01,7.744603753089904785e-01,7.744616866111755371e-01,7.746884226799011230e-01,7.919960618019104004e-01,8.070859313011169434e-01,8.071634173393249512e-01,8.028277158737182617e-01,7.988454103469848633e-01,7.959556579589843750e-01,8.127437233924865723e-01,8.138924837112426758e-01,8.233802914619445801e-01,8.246644735336303711e-01,8.109707832336425781e-01,8.010438084602355957e-01,7.886523604393005371e-01,8.095073699951171875e-01,8.462204933166503906e-01
4.797979797979798344e-01,7.922923564910888672e-01,3.694895803928375244e-01,4.365249872207641602e-01,4.982231259346008301e-01,4.826560020446777344e-01,4.935826957225799561e-01,5.430503487586975098e-01,5.892558097839355469e-01,7.175798416137695312e-01,7.883908152580261230e-01,8.213428258895874023e-01,7.606247067451477051e-01,7.311517000198364258e-01,7.263916134834289551e-01,7.434337735176086426e-01,8.285823464393615723e-01,9.106498956680297852e-01,9.120386838912963867e-01,8.671811223030090332e-01,8.060056567192077637e-01,7.965830564498901367e-01,8.066775202751159668e-01,8.236782550811767578e-01,8.704260587692260742e-01,8.668980598449707031e-01,8.471107482910156250e-01,8.078090548515319824e-01,7.902796864509582520e-01,7.986954450607299805e-01,8.137489557266235352e-01,8.173602819442749023e-01,8.167142271995544434e-01,7.973533868789672852e-01,7.769114971160888672e-01,7.756885886192321777e-01,7.757768034934997559e-01,7.934261560440063477e-01,8.092423081398010254e-01,8.085561990737915039e-01,8.056133389472961426e-01,8.014280200004577637e-01,7.971059679985046387e-01,8.153150081634521484e-01,8.151332139968872070e-01,8.244480490684509277e-01,8.257637619972229004e-01,8.099491596221923828e-01,8.012921214103698730e-01,7.887470722198486328e-01,8.097372651100158691e-01,8.477898240089416504e-01
4.848484848484848619e-01,7.934573888778686523e-01,3.698957860469818115e-01,4.381866157054901123e-01,4.994037747383117676e-01,4.845766127109527588e-01,4.942815303802490234e-01,5.442580580711364746e-01,5.904182791709899902e-01,7.188395857810974121e-01,7.877712249755859375e-01,8.227492570877075195e-01,7.620049118995666504e-01,7.323829531669616699e-01,7.260157465934753418e-01,7.434239983558654785e-01,8.296895623207092285e-01,9.098700284957885742e-01,9.121657013893127441e-01,8.686935305595397949e-01,8.053978681564331055e-01,7.965100407600402832e-01,8.064742088317871094e-01,8.241898417472839355e-01,8.722622990608215332e-01,8.694848418235778809e-01,8.490172028541564941e-01,8.082631230354309082e-01,7.928382158279418945e-01,7.990292906761169434e-01,8.147178888320922852e-01,8.197457790374755859e-01,8.189339041709899902e-01,7.986978292465209961e-01,7.790020704269409180e-01,7.768011689186096191e-01,7.763596773147583008e-01,7.953211069107055664e-01,8.105486631393432617e-01,8.095507025718688965e-01,8.074404001235961914e-01,8.030104637145996094e-01,7.974590659141540527e-01,8.173413872718811035e-01,8.166080713272094727e-01,8.247984051704406738e-01,8.258867263793945312e-01,8.088207840919494629e-01,8.015438318252563477e-01,7.889543771743774414e-01,8.099246025085449219e-01,8.479403257369995117e-01
4.898989898989899450e-01,7.924659848213195801e-01,3.702907860279083252e-01,4.395306706428527832e-01,5.009145736694335938e-01,4.865310788154602051e-01,4.945830404758453369e-01,5.450500249862670898e-01,5.911440849304199219e-01,7.201493382453918457e-01,7.873134613037109375e-01,8.236443996429443359e-01,7.625874280929565430e-01,7.334269881248474121e-01,7.259737253189086914e-01,7.436493039131164551e-01,8.299931287765502930e-01,9.087701439857482910e-01,9.123558402061462402e-01,8.695774674415588379e-01,8.048989772796630859e-01,7.954429984092712402e-01,8.062117099761962891e-01,8.244783878326416016e-01,8.732916712760925293e-01,8.712679743766784668e-01,8.494905829429626465e-01,8.082739710807800293e-01,7.956052422523498535e-01,7.992412447929382324e-01,8.151049017906188965e-01,8.219316601753234863e-01,8.198249340057373047e-01,8.004807829856872559e-01,7.806528210639953613e-01,7.775236368179321289e-01,7.765604257583618164e-01,7.975588440895080566e-01,8.109705448150634766e-01,8.103263974189758301e-01,8.082467913627624512e-01,8.036305904388427734e-01,7.970571517944335938e-01,8.185528516769409180e-01,8.182775378227233887e-01,8.244999647140502930e-01,8.250787854194641113e-01,8.079555630683898926e-01,8.016486167907714844e-01,7.894229292869567871e-01,8.102691769599914551e-01,8.470806479454040527e-01
4.949494949494949725e-01,7.914745807647705078e-01,3.707008063793182373e-01,4.405034780502319336e-01,5.023151636123657227e-01,4.880289435386657715e-01,4.943067431449890137e-01,5.453764200210571289e-01,5.911861658096313477e-01,7.213532328605651855e-01,7.875342369079589844e-01,8.241491317749023438e-01,7.620812654495239258e-01,7.341319322586059570e-01,7.261597514152526855e-01,7.441773414611816406e-01,8.292014598846435547e-01,9.078076481819152832e-01,9.125412106513977051e-01,8.697647452354431152e-01,8.046390414237976074e-01,7.937622070312500000e-01,8.058953285217285156e-01,8.244280219078063965e-01,8.734295368194580078e-01,8.721584677696228027e-01,8.488667607307434082e-01,8.077297210693359375e-01,7.980796694755554199e-01,7.991881370544433594e-01,8.150159716606140137e-01,8.235010504722595215e-01,8.196520805358886719e-01,8.025807738304138184e-01,7.818392515182495117e-01,7.776842117309570312e-01,7.765424251556396484e-01,7.997669577598571777e-01,8.107060194015502930e-01,8.109364509582519531e-01,8.081169128417968750e-01,8.033460378646850586e-01,7.960348129272460938e-01,8.187751770019531250e-01,8.198097348213195801e-01,8.238194584846496582e-01,8.235069513320922852e-01,8.075727224349975586e-01,8.012028336524963379e-01,7.898859977722167969e-01,8.107420802116394043e-01,8.457681536674499512e-01
5.000000000000000000e-01,7.914908528327941895e-01,3.712181448936462402e-01,4.412026107311248779e-01,5.030215978622436523e-01,4.886571466922760010e-01,4.933350086212158203e-01,5.453080534934997559e-01,5.905701518058776855e-01,7.223077416419982910e-01,7.884986400604248047e-01,8.243630528450012207e-01,7.603867650032043457e-01,7.343058586120605469e-01,7.263514995574951172e-01,7.448652386665344238e-01,8.273177742958068848e-01,9.069408178329467773e-01,9.126162528991699219e-01,8.693031668663024902e-01,8.045745491981506348e-01,7.919331192970275879e-01,8.053739070892333984e-01,8.238380551338195801e-01,8.728358745574951172e-01,8.722270131111145020e-01,8.477399945259094238e-01,8.064434528350830078e-01,7.997088432312011719e-01,7.985443472862243652e-01,8.145214915275573730e-01,8.240997195243835449e-01,8.187892436981201172e-01,8.045411705970764160e-01,7.824039459228515625e-01,7.771454453468322754e-01,7.763695716857910156e-01,8.014703392982482910e-01,8.099896907806396484e-01,8.112406134605407715e-01,8.070418834686279297e-01,8.020553588867187500e-01,7.946544289588928223e-01,8.179973363876342773e-01,8.206952214241027832e-01,8.229123353958129883e-01,8.211793303489685059e-01,8.076444864273071289e-01,7.997269034385681152e-01,7.897760868072509766e-01,8.112142086029052734e-01,8.446316719055175781e-01
5.050505050505050830e-01,7.915071249008178711e-01,3.718358278274536133e-01,4.416087865829467773e-01,5.027677416801452637e-01,4.882430434226989746e-01,4.918255209922790527e-01,5.450952649116516113e-01,5.895414352416992188e-01,7.229941487312316895e-01,7.899897694587707520e-01,8.243978023529052734e-01,7.577575445175170898e-01,7.339915037155151367e-01,7.264491915702819824e-01,7.455189824104309082e-01,8.247972130775451660e-01,9.059002399444580078e-01,9.126790165901184082e-01,8.683432936668395996e-01,8.045196533203125000e-01,7.903946638107299805e-01,8.044239878654479980e-01,8.227317333221435547e-01,8.719229102134704590e-01,8.717060089111328125e-01,8.467316031455993652e-01,8.045052289962768555e-01,7.999864220619201660e-01,7.970753312110900879e-01,8.137891888618469238e-01,8.237975835800170898e-01,8.177068829536437988e-01,8.057317137718200684e-01,7.821437716484069824e-01,7.759124040603637695e-01,7.760699391365051270e-01,8.022356033325195312e-01,8.089978098869323730e-01,8.109880685806274414e-01,8.050158023834228516e-01,7.997887134552001953e-01,7.932864427566528320e-01,8.164970874786376953e-01,8.205677270889282227e-01,8.219125270843505859e-01,8.183086514472961426e-01,8.080232739448547363e-01,7.971779704093933105e-01,7.887492179870605469e-01,8.115565776824951172e-01,8.441514968872070312e-01
5.101010101010101661e-01,7.905491590499877930e-01,3.725101053714752197e-01,4.416547715663909912e-01,5.016437172889709473e-01,4.870421886444091797e-01,4.902735054492950439e-01,5.449922084808349609e-01,5.886068940162658691e-01,7.234262824058532715e-01,7.915565967559814453e-01,8.241482973098754883e-01,7.546932101249694824e-01,7.332779169082641602e-01,7.264140248298645020e-01,7.459570765495300293e-01,8.223634362220764160e-01,9.044620394706726074e-01,9.127614498138427734e-01,8.671509027481079102e-01,8.042659759521484375e-01,7.894394993782043457e-01,8.030642867088317871e-01,8.213137984275817871e-01,8.711940050125122070e-01,8.708430528640747070e-01,8.462346792221069336e-01,8.023552894592285156e-01,7.988820075988769531e-01,7.948541045188903809e-01,8.129639625549316406e-01,8.229873180389404297e-01,8.168290853500366211e-01,8.058973550796508789e-01,7.810736894607543945e-01,7.741092443466186523e-01,7.756524682044982910e-01,8.019138574600219727e-01,8.078120350837707520e-01,8.100711107254028320e-01,8.021540641784667969e-01,7.967422008514404297e-01,7.923405766487121582e-01,8.147541284561157227e-01,8.193098306655883789e-01,8.209720253944396973e-01,8.151547312736511230e-01,8.084520697593688965e-01,7.940600514411926270e-01,7.868691682815551758e-01,8.114740848541259766e-01,8.444570899009704590e-01
5.151515151515152491e-01,7.895912528038024902e-01,3.731642663478851318e-01,4.412800073623657227e-01,5.002185702323913574e-01,4.855368435382843018e-01,4.892239272594451904e-01,5.450782179832458496e-01,5.881041884422302246e-01,7.235760688781738281e-01,7.928068637847900391e-01,8.235584497451782227e-01,7.518048882484436035e-01,7.322192788124084473e-01,7.262336015701293945e-01,7.460188269615173340e-01,8.206605315208435059e-01,9.028134346008300781e-01,9.129202365875244141e-01,8.658338189125061035e-01,8.036885857582092285e-01,7.891721129417419434e-01,8.015621900558471680e-01,8.199383020401000977e-01,8.710269331932067871e-01,8.697255253791809082e-01,8.463401794433593750e-01,8.005576133728027344e-01,7.968025207519531250e-01,7.923331856727600098e-01,8.122614026069641113e-01,8.221864104270935059e-01,8.164969086647033691e-01,8.051038980484008789e-01,7.793784737586975098e-01,7.719478607177734375e-01,7.751431465148925781e-01,8.007831573486328125e-01,8.064881563186645508e-01,8.086030483245849609e-01,7.988015413284301758e-01,7.934254407882690430e-01,7.921301126480102539e-01,8.132299184799194336e-01,8.172202706336975098e-01,8.201180100440979004e-01,8.122753500938415527e-01,8.090137839317321777e-01,7.911933064460754395e-01,7.847318053245544434e-01,8.108723163604736328e-01,8.451886177062988281e-01
5.202020202020202211e-01,7.897048592567443848e-01,3.737005293369293213e-01,4.404136538505554199e-01,4.990079700946807861e-01,4.840843677520751953e-01,4.889402687549591064e-01,5.451214909553527832e-01,5.880830883979797363e-01,7.232127785682678223e-01,7.935687899589538574e-01,8.224597573280334473e-01,7.495533227920532227e-01,7.310128211975097656e-01,7.257440686225891113e-01,7.455321550369262695e-01,8.199740052223205566e-01,9.013874530792236328e-01,9.130891561508178711e-01,8.646172285079956055e-01,8.027840852737426758e-01,7.894617319107055664e-01,8.002575635910034180e-01,8.189188241958618164e-01,8.715205192565917969e-01,8.682776093482971191e-01,8.467566967010498047e-01,7.994947433471679688e-01,7.942365407943725586e-01,7.899195551872253418e-01,8.117913603782653809e-01,8.216621279716491699e-01,8.168407082557678223e-01,8.037099242210388184e-01,7.775979638099670410e-01,7.697420716285705566e-01,7.745939493179321289e-01,7.991713285446166992e-01,8.050439357757568359e-01,8.067116737365722656e-01,7.954301834106445312e-01,7.903125286102294922e-01,7.926206588745117188e-01,8.120742440223693848e-01,8.147337436676025391e-01,8.192201256752014160e-01,8.101614117622375488e-01,8.098685145378112793e-01,7.893790006637573242e-01,7.830500006675720215e-01,8.096077442169189453e-01,8.457521200180053711e-01
5.252525252525253041e-01,7.898184061050415039e-01,3.739024400711059570e-01,4.390321373939514160e-01,4.981712102890014648e-01,4.826563596725463867e-01,4.890697896480560303e-01,5.447439551353454590e-01,5.882217288017272949e-01,7.219549417495727539e-01,7.936840057373046875e-01,8.207237124443054199e-01,7.481129765510559082e-01,7.298327684402465820e-01,7.247243523597717285e-01,7.443373203277587891e-01,8.200711011886596680e-01,9.004545211791992188e-01,9.131789803504943848e-01,8.636764287948608398e-01,8.016387820243835449e-01,7.900435924530029297e-01,7.993956208229064941e-01,8.183578252792358398e-01,8.724484443664550781e-01,8.664823770523071289e-01,8.470293879508972168e-01,7.989236712455749512e-01,7.915902137756347656e-01,7.878422141075134277e-01,8.114563822746276855e-01,8.211333155632019043e-01,8.174298405647277832e-01,8.018140792846679688e-01,7.760833501815795898e-01,7.676870822906494141e-01,7.739040851593017578e-01,7.972686886787414551e-01,8.033729791641235352e-01,8.044748306274414062e-01,7.922647595405578613e-01,7.876757383346557617e-01,7.933712005615234375e-01,8.111201524734497070e-01,8.122711777687072754e-01,8.179923892021179199e-01,8.089680671691894531e-01,8.109296560287475586e-01,7.887657284736633301e-01,7.820575237274169922e-01,8.076333999633789062e-01,8.455923795700073242e-01
5.303030303030303871e-01,7.900312542915344238e-01,3.735676109790802002e-01,4.370829164981842041e-01,4.974120259284973145e-01,4.810492396354675293e-01,4.890516698360443115e-01,5.435114502906799316e-01,5.880982279777526855e-01,7.196241021156311035e-01,7.930955290794372559e-01,8.183583021163940430e-01,7.474785447120666504e-01,7.287788391113281250e-01,7.232406139373779297e-01,7.424069046974182129e-01,8.204396367073059082e-01,8.999432325363159180e-01,9.131883382797241211e-01,8.631010651588439941e-01,8.004006743431091309e-01,7.904882431030273438e-01,7.988112568855285645e-01,8.180392980575561523e-01,8.732749223709106445e-01,8.643918037414550781e-01,8.467841148376464844e-01,7.982710599899291992e-01,7.890141606330871582e-01,7.860179543495178223e-01,8.111174106597900391e-01,8.200616240501403809e-01,8.175166845321655273e-01,7.992994189262390137e-01,7.749082446098327637e-01,7.658522725105285645e-01,7.728801369667053223e-01,7.951152920722961426e-01,8.012790083885192871e-01,8.018541336059570312e-01,7.892670035362243652e-01,7.854865193367004395e-01,7.937897443771362305e-01,8.100391030311584473e-01,8.101494312286376953e-01,8.161575794219970703e-01,8.085358738899230957e-01,8.118349909782409668e-01,7.888438105583190918e-01,7.814919948577880859e-01,8.050643205642700195e-01,8.445894718170166016e-01
5.353535353535353591e-01,7.902441024780273438e-01,3.724667727947235107e-01,4.346666336059570312e-01,4.961790442466735840e-01,4.790151417255401611e-01,4.882012307643890381e-01,5.412055253982543945e-01,5.874361991882324219e-01,7.164063453674316406e-01,7.916433215141296387e-01,8.157051205635070801e-01,7.474395632743835449e-01,7.278505563735961914e-01,7.215499281883239746e-01,7.399578094482421875e-01,8.204884529113769531e-01,8.995404839515686035e-01,9.131675958633422852e-01,8.627318739891052246e-01,7.992241978645324707e-01,7.905004024505615234e-01,7.980965375900268555e-01,8.175739645957946777e-01,8.734832406044006348e-01,8.622572422027587891e-01,8.458300828933715820e-01,7.970938682556152344e-01,7.864918112754821777e-01,7.843669652938842773e-01,8.104815483093261719e-01,8.179956078529357910e-01,8.163573741912841797e-01,7.960721254348754883e-01,7.737146615982055664e-01,7.641429305076599121e-01,7.712752819061279297e-01,7.926290035247802734e-01,7.986237406730651855e-01,7.988716363906860352e-01,7.862336635589599609e-01,7.836284041404724121e-01,7.934191226959228516e-01,8.084762096405029297e-01,8.085274696350097656e-01,8.136691451072692871e-01,8.083872795104980469e-01,8.120080232620239258e-01,7.889385223388671875e-01,7.808112502098083496e-01,8.021159172058105469e-01,8.431233167648315430e-01
5.404040404040404422e-01,7.904129028320312500e-01,3.707881271839141846e-01,4.319966137409210205e-01,4.941402077674865723e-01,4.765329360961914062e-01,4.863347113132476807e-01,5.380057096481323242e-01,5.860801935195922852e-01,7.127438187599182129e-01,7.892856597900390625e-01,8.132421374320983887e-01,7.475674748420715332e-01,7.268406748771667480e-01,7.200803160667419434e-01,7.374704480171203613e-01,8.197212219238281250e-01,8.988090753555297852e-01,9.130375385284423828e-01,8.620305061340332031e-01,7.980788350105285645e-01,7.898904085159301758e-01,7.970125079154968262e-01,8.165162801742553711e-01,8.726459741592407227e-01,8.603598475456237793e-01,8.441334962844848633e-01,7.952300906181335449e-01,7.840281128883361816e-01,7.828684449195861816e-01,8.093459010124206543e-01,8.148629069328308105e-01,8.135342597961425781e-01,7.922301888465881348e-01,7.720789909362792969e-01,7.623561024665832520e-01,7.689099907875061035e-01,7.897661328315734863e-01,7.954333424568176270e-01,7.955769896507263184e-01,7.830111384391784668e-01,7.819288969039916992e-01,7.921293377876281738e-01,8.062114119529724121e-01,8.073123693466186523e-01,8.107101917266845703e-01,8.080801963806152344e-01,8.109092116355895996e-01,7.884591817855834961e-01,7.795405387878417969e-01,7.990257740020751953e-01,8.416013717651367188e-01
5.454545454545455252e-01,7.905817031860351562e-01,3.688389658927917480e-01,4.294431507587432861e-01,4.913190305233001709e-01,4.738295376300811768e-01,4.836694598197937012e-01,5.344364643096923828e-01,5.839754939079284668e-01,7.091193795204162598e-01,7.861831188201904297e-01,8.113136291503906250e-01,7.473018765449523926e-01,7.254959940910339355e-01,7.189542651176452637e-01,7.353389859199523926e-01,8.179860711097717285e-01,8.974998593330383301e-01,9.125401973724365234e-01,8.604081273078918457e-01,7.967409491539001465e-01,7.884619235992431641e-01,7.954298257827758789e-01,8.145622611045837402e-01,8.705992102622985840e-01,8.588013648986816406e-01,8.417375087738037109e-01,7.929206490516662598e-01,7.816390395164489746e-01,7.815565466880798340e-01,8.075430989265441895e-01,8.109810948371887207e-01,8.092986345291137695e-01,7.882795333862304688e-01,7.697102427482604980e-01,7.603766322135925293e-01,7.658181190490722656e-01,7.865516543388366699e-01,7.920116782188415527e-01,7.921784520149230957e-01,7.796393036842346191e-01,7.801817059516906738e-01,7.900696992874145508e-01,8.032205104827880859e-01,8.062741756439208984e-01,8.076980113983154297e-01,8.073837161064147949e-01,8.083305358886718750e-01,7.872658967971801758e-01,7.775273919105529785e-01,7.960568666458129883e-01,8.400346636772155762e-01
5.505050505050504972e-01,7.910571098327636719e-01,3.670475482940673828e-01,4.273660182952880859e-01,4.880574643611907959e-01,4.712813198566436768e-01,4.806799292564392090e-01,5.311059951782226562e-01,5.810469388961791992e-01,7.057835459709167480e-01,7.826506495475769043e-01,8.098093867301940918e-01,7.462219595909118652e-01,7.236868143081665039e-01,7.179631590843200684e-01,7.337290644645690918e-01,8.154673576354980469e-01,8.955500125885009766e-01,9.111859798431396484e-01,8.576753139495849609e-01,7.949974536895751953e-01,7.861668467521667480e-01,7.935011982917785645e-01,8.117391467094421387e-01,8.674772381782531738e-01,8.572638034820556641e-01,8.386822342872619629e-01,7.904813289642333984e-01,7.794488668441772461e-01,7.806218862533569336e-01,8.050462603569030762e-01,8.070207238197326660e-01,8.043164610862731934e-01,7.848311066627502441e-01,7.667265534400939941e-01,7.581717371940612793e-01,7.621662616729736328e-01,7.830603718757629395e-01,7.887976169586181641e-01,7.888351082801818848e-01,7.764043807983398438e-01,7.781906723976135254e-01,7.877154946327209473e-01,7.997605204582214355e-01,8.051387667655944824e-01,8.050258159637451172e-01,8.062840700149536133e-01,8.045322299003601074e-01,7.854914665222167969e-01,7.749903202056884766e-01,7.934179902076721191e-01,8.381717205047607422e-01
5.555555555555555802e-01,7.915325760841369629e-01,3.657256662845611572e-01,4.259644150733947754e-01,4.848998785018920898e-01,4.692715704441070557e-01,4.780235290527343750e-01,5.286139845848083496e-01,5.773534774780273438e-01,7.027308940887451172e-01,7.791072726249694824e-01,8.081881403923034668e-01,7.441504001617431641e-01,7.214843034744262695e-01,7.167043089866638184e-01,7.325149178504943848e-01,8.126026988029479980e-01,8.928802609443664551e-01,9.086559414863586426e-01,8.540534973144531250e-01,7.928564548492431641e-01,7.830498814582824707e-01,7.914918065071105957e-01,8.083634972572326660e-01,8.637112379074096680e-01,8.554233908653259277e-01,8.350259661674499512e-01,7.880755066871643066e-01,7.775096297264099121e-01,7.801313400268554688e-01,8.019257783889770508e-01,8.035708665847778320e-01,7.993188500404357910e-01,7.822083234786987305e-01,7.634495496749877930e-01,7.558160424232482910e-01,7.581683993339538574e-01,7.794237136840820312e-01,7.861634492874145508e-01,7.857453227043151855e-01,7.736275196075439453e-01,7.758259177207946777e-01,7.855047583580017090e-01,7.962033152580261230e-01,8.036547303199768066e-01,8.027727007865905762e-01,8.046683669090270996e-01,8.000066876411437988e-01,7.833635210990905762e-01,7.722402811050415039e-01,7.910949587821960449e-01,8.355752825736999512e-01
5.606060606060606633e-01,7.913916707038879395e-01,3.649210631847381592e-01,4.251750111579895020e-01,4.823769629001617432e-01,4.680216014385223389e-01,4.761497080326080322e-01,5.271267294883728027e-01,5.731983780860900879e-01,6.997923254966735840e-01,7.757766246795654297e-01,8.058129549026489258e-01,7.412550449371337891e-01,7.191640138626098633e-01,7.149432897567749023e-01,7.314610481262207031e-01,8.099137544631958008e-01,8.896202445030212402e-01,9.048126935958862305e-01,8.501688838005065918e-01,7.905257344245910645e-01,7.793810367584228516e-01,7.895851135253906250e-01,8.050165772438049316e-01,8.598096966743469238e-01,8.531551957130432129e-01,8.310714960098266602e-01,7.857772111892700195e-01,7.756328582763671875e-01,7.799602150917053223e-01,7.983978390693664551e-01,8.010375499725341797e-01,7.947759032249450684e-01,7.804043889045715332e-01,7.602952122688293457e-01,7.534042596817016602e-01,7.541143894195556641e-01,7.758766412734985352e-01,7.841844558715820312e-01,7.831416130065917969e-01,7.715825438499450684e-01,7.732273936271667480e-01,7.837488651275634766e-01,7.929787039756774902e-01,8.017486929893493652e-01,8.009272217750549316e-01,8.024531006813049316e-01,7.954142093658447266e-01,7.810994982719421387e-01,7.696869969367980957e-01,7.890567183494567871e-01,8.321496248245239258e-01
5.656565656565657463e-01,7.912507057189941406e-01,3.644424378871917725e-01,4.248457551002502441e-01,4.809277057647705078e-01,4.675278067588806152e-01,4.753658473491668701e-01,5.264612436294555664e-01,5.691198706626892090e-01,6.968451142311096191e-01,7.727245092391967773e-01,8.024161458015441895e-01,7.379385232925415039e-01,7.169748544692993164e-01,7.128192782402038574e-01,7.304412722587585449e-01,8.076906204223632812e-01,8.858766555786132812e-01,8.998262882232666016e-01,8.464979529380798340e-01,7.883939146995544434e-01,7.756693363189697266e-01,7.879532575607299805e-01,8.022062182426452637e-01,8.562573790550231934e-01,8.505675792694091797e-01,8.272885680198669434e-01,7.836384177207946777e-01,7.737889289855957031e-01,7.798246741294860840e-01,7.947663664817810059e-01,7.993466854095458984e-01,7.910064458847045898e-01,7.791717052459716797e-01,7.577121257781982422e-01,7.511487007141113281e-01,7.503679394721984863e-01,7.727964520454406738e-01,7.828208208084106445e-01,7.812414169311523438e-01,7.703564167022705078e-01,7.707657814025878906e-01,7.825596928596496582e-01,7.904577255249023438e-01,7.994992733001708984e-01,7.993622422218322754e-01,7.996497154235839844e-01,7.913939952850341797e-01,7.788897752761840820e-01,7.676617503166198730e-01,7.872797250747680664e-01,8.281615376472473145e-01
5.707070707070707183e-01,7.913460731506347656e-01,3.641196191310882568e-01,4.248205721378326416e-01,4.807420074939727783e-01,4.676559865474700928e-01,4.755381643772125244e-01,5.261017680168151855e-01,5.658540129661560059e-01,6.939604878425598145e-01,7.698099613189697266e-01,7.982846498489379883e-01,7.346498370170593262e-01,7.149835228919982910e-01,7.107156515121459961e-01,7.294235825538635254e-01,8.059184551239013672e-01,8.819583058357238770e-01,8.941732645034790039e-01,8.431647419929504395e-01,7.866613268852233887e-01,7.724464535713195801e-01,7.866392135620117188e-01,8.002177476882934570e-01,8.532281517982482910e-01,8.479290008544921875e-01,8.240521550178527832e-01,7.817152738571166992e-01,7.718691229820251465e-01,7.792810797691345215e-01,7.913129329681396484e-01,7.980539798736572266e-01,7.881406545639038086e-01,7.781231403350830078e-01,7.558740973472595215e-01,7.492148280143737793e-01,7.473732233047485352e-01,7.704351544380187988e-01,7.819228768348693848e-01,7.800797820091247559e-01,7.697073817253112793e-01,7.688266634941101074e-01,7.816748023033142090e-01,7.886242866516113281e-01,7.970528006553649902e-01,7.978947162628173828e-01,7.964397072792053223e-01,7.883829474449157715e-01,7.767575979232788086e-01,7.662993073463439941e-01,7.858328819274902344e-01,8.240804672241210938e-01
5.757575757575758013e-01,7.914414405822753906e-01,3.637236952781677246e-01,4.249131381511688232e-01,4.814627766609191895e-01,4.678774476051330566e-01,4.761860966682434082e-01,5.255575180053710938e-01,5.639493465423583984e-01,6.912796497344970703e-01,7.668139934539794922e-01,7.940416336059570312e-01,7.317102551460266113e-01,7.131567001342773438e-01,7.089363932609558105e-01,7.283899784088134766e-01,8.042321205139160156e-01,8.781204819679260254e-01,8.885070681571960449e-01,8.399654626846313477e-01,7.851915359497070312e-01,7.699365615844726562e-01,7.855706214904785156e-01,7.989977002143859863e-01,8.506263494491577148e-01,8.454653620719909668e-01,8.215053081512451172e-01,7.799825668334960938e-01,7.698416113853454590e-01,7.779009938240051270e-01,7.882815599441528320e-01,7.966137528419494629e-01,7.862603068351745605e-01,7.771280407905578613e-01,7.548289299011230469e-01,7.477483153343200684e-01,7.456616759300231934e-01,7.688581943511962891e-01,7.813737988471984863e-01,7.795468568801879883e-01,7.692275047302246094e-01,7.676318883895874023e-01,7.806895375251770020e-01,7.872067689895629883e-01,7.944067716598510742e-01,7.964407801628112793e-01,7.933230996131896973e-01,7.865127921104431152e-01,7.747176885604858398e-01,7.655259370803833008e-01,7.848726511001586914e-01,8.203130364418029785e-01
5.808080808080808843e-01,7.907524704933166504e-01,3.631213307380676270e-01,4.249550998210906982e-01,4.823898673057556152e-01,4.678016901016235352e-01,4.765962064266204834e-01,5.246477723121643066e-01,5.634149312973022461e-01,6.888154149055480957e-01,7.635663747787475586e-01,7.901150584220886230e-01,7.292825579643249512e-01,7.110990881919860840e-01,7.074493169784545898e-01,7.271453142166137695e-01,8.022154569625854492e-01,8.743519186973571777e-01,8.833599090576171875e-01,8.366931676864624023e-01,7.836610078811645508e-01,7.679767012596130371e-01,7.844750285148620605e-01,7.981840968132019043e-01,8.479800224304199219e-01,8.430879712104797363e-01,8.195054531097412109e-01,7.782210707664489746e-01,7.677506208419799805e-01,7.754892110824584961e-01,7.857811450958251953e-01,7.945933341979980469e-01,7.853076457977294922e-01,7.762364149093627930e-01,7.542415857315063477e-01,7.466597557067871094e-01,7.453750967979431152e-01,7.678941488265991211e-01,7.811706066131591797e-01,7.793173789978027344e-01,7.684637904167175293e-01,7.669191956520080566e-01,7.790699601173400879e-01,7.857534885406494141e-01,7.915233969688415527e-01,7.947495579719543457e-01,7.906985878944396973e-01,7.855302691459655762e-01,7.726835012435913086e-01,7.648691534996032715e-01,7.844558954238891602e-01,8.170036077499389648e-01
5.858585858585858563e-01,7.900635600090026855e-01,3.622474670410156250e-01,4.247264266014099121e-01,4.828199148178100586e-01,4.672002494335174561e-01,4.761866629123687744e-01,5.234605073928833008e-01,5.637200474739074707e-01,6.865081787109375000e-01,7.599797248840332031e-01,7.866423130035400391e-01,7.272183299064636230e-01,7.085670828819274902e-01,7.059867978096008301e-01,7.254609465599060059e-01,7.995155453681945801e-01,8.705529570579528809e-01,8.790479898452758789e-01,8.332841992378234863e-01,7.818764448165893555e-01,7.661436796188354492e-01,7.830132842063903809e-01,7.973893880844116211e-01,8.448612689971923828e-01,8.404819965362548828e-01,8.176038265228271484e-01,7.762057185173034668e-01,7.656745910644531250e-01,7.721755504608154297e-01,7.837073802947998047e-01,7.919303178787231445e-01,7.848417758941650391e-01,7.754821777343750000e-01,7.534890770912170410e-01,7.455795407295227051e-01,7.461206912994384766e-01,7.672125697135925293e-01,7.811656594276428223e-01,7.789533734321594238e-01,7.671513557434082031e-01,7.662377357482910156e-01,7.765451073646545410e-01,7.838630080223083496e-01,7.883638739585876465e-01,7.927013635635375977e-01,7.886822819709777832e-01,7.850348353385925293e-01,7.706418037414550781e-01,7.639057636260986328e-01,7.844504117965698242e-01,8.141205906867980957e-01
5.909090909090909394e-01,7.884746193885803223e-01,3.613107800483703613e-01,4.240418374538421631e-01,4.822819828987121582e-01,4.661688506603240967e-01,4.747419059276580811e-01,5.223564505577087402e-01,5.640659928321838379e-01,6.840438246726989746e-01,7.562375664710998535e-01,7.833462953567504883e-01,7.252607941627502441e-01,7.055303454399108887e-01,7.041944861412048340e-01,7.232112288475036621e-01,7.960135340690612793e-01,8.666155934333801270e-01,8.755696415901184082e-01,8.300937414169311523e-01,7.799435853958129883e-01,7.641953825950622559e-01,7.810301184654235840e-01,7.963725924491882324e-01,8.411933779716491699e-01,8.373475670814514160e-01,8.153554201126098633e-01,7.737354040145874023e-01,7.637500166893005371e-01,7.683084011077880859e-01,7.817856669425964355e-01,7.888811826705932617e-01,7.841467857360839844e-01,7.748149633407592773e-01,7.520365118980407715e-01,7.440195083618164062e-01,7.470231652259826660e-01,7.662888169288635254e-01,7.809225320816040039e-01,7.779342532157897949e-01,7.653483748435974121e-01,7.651455402374267578e-01,7.731961011886596680e-01,7.814757823944091797e-01,7.849865555763244629e-01,7.903153896331787109e-01,7.870881557464599609e-01,7.844786643981933594e-01,7.686201930046081543e-01,7.623244524002075195e-01,7.844214439392089844e-01,8.115827441215515137e-01
5.959595959595960224e-01,7.868856191635131836e-01,3.605413138866424561e-01,4.229874312877655029e-01,4.808121621608734131e-01,4.649690687656402588e-01,4.725969135761260986e-01,5.215753316879272461e-01,5.638209581375122070e-01,6.812717914581298828e-01,7.525923252105712891e-01,7.799185514450073242e-01,7.230861783027648926e-01,7.022043466567993164e-01,7.020432353019714355e-01,7.204490303993225098e-01,7.919084429740905762e-01,8.625670075416564941e-01,8.726139664649963379e-01,8.274510502815246582e-01,7.780343294143676758e-01,7.622464895248413086e-01,7.785840034484863281e-01,7.951447963714599609e-01,8.372763991355895996e-01,8.336637616157531738e-01,8.124402761459350586e-01,7.708095908164978027e-01,7.621049284934997559e-01,7.643589973449707031e-01,7.797396779060363770e-01,7.858594655990600586e-01,7.827275991439819336e-01,7.738487124443054199e-01,7.496227025985717773e-01,7.416479587554931641e-01,7.471756935119628906e-01,7.648202776908874512e-01,7.799659371376037598e-01,7.760978341102600098e-01,7.632871270179748535e-01,7.634467482566833496e-01,7.694250345230102539e-01,7.789146900177001953e-01,7.817260026931762695e-01,7.877491116523742676e-01,7.855728864669799805e-01,7.835512757301330566e-01,7.667683362960815430e-01,7.602795958518981934e-01,7.840358018875122070e-01,8.093963861465454102e-01
6.010101010101011054e-01,7.883024215698242188e-01,3.601524829864501953e-01,4.218080937862396240e-01,4.788365066051483154e-01,4.638324379920959473e-01,4.704213440418243408e-01,5.210915207862854004e-01,5.628370046615600586e-01,6.783525943756103516e-01,7.495030760765075684e-01,7.763490676879882812e-01,7.206192612648010254e-01,6.992034316062927246e-01,6.997763514518737793e-01,7.175460457801818848e-01,7.875824570655822754e-01,8.588311672210693359e-01,8.699673414230346680e-01,8.257361054420471191e-01,7.762275934219360352e-01,7.605641484260559082e-01,7.760037779808044434e-01,7.940353751182556152e-01,8.337616920471191406e-01,8.297854661941528320e-01,8.089646100997924805e-01,7.678059935569763184e-01,7.607532739639282227e-01,7.607707977294921875e-01,7.774981856346130371e-01,7.833008170127868652e-01,7.805963754653930664e-01,7.722743749618530273e-01,7.465716004371643066e-01,7.385763525962829590e-01,7.461748719215393066e-01,7.627967596054077148e-01,7.781046628952026367e-01,7.736525535583496094e-01,7.614187002182006836e-01,7.613256573677062988e-01,7.658224105834960938e-01,7.766623497009277344e-01,7.790560722351074219e-01,7.853285074234008789e-01,7.839756011962890625e-01,7.821533083915710449e-01,7.651286125183105469e-01,7.581635713577270508e-01,7.831059694290161133e-01,8.078866600990295410e-01
6.060606060606060774e-01,7.897192835807800293e-01,3.600767850875854492e-01,4.207990765571594238e-01,4.767346680164337158e-01,4.627422094345092773e-01,4.687085449695587158e-01,5.206846594810485840e-01,5.614693164825439453e-01,6.755545139312744141e-01,7.471377253532409668e-01,7.729824185371398926e-01,7.179664373397827148e-01,6.971586346626281738e-01,6.977376341819763184e-01,7.148917317390441895e-01,7.834311127662658691e-01,8.557800054550170898e-01,8.674826622009277344e-01,8.250323534011840820e-01,7.743628025054931641e-01,7.592787146568298340e-01,7.736576199531555176e-01,7.932848930358886719e-01,8.311438560485839844e-01,8.263821601867675781e-01,8.053882122039794922e-01,7.651906013488769531e-01,7.595615386962890625e-01,7.578334808349609375e-01,7.751273512840270996e-01,7.814954519271850586e-01,7.780610322952270508e-01,7.699884176254272461e-01,7.434264421463012695e-01,7.353439927101135254e-01,7.442334890365600586e-01,7.604970335960388184e-01,7.756448984146118164e-01,7.711160778999328613e-01,7.600339651107788086e-01,7.591207623481750488e-01,7.628804445266723633e-01,7.749708890914916992e-01,7.772830724716186523e-01,7.832581996917724609e-01,7.822701930999755859e-01,7.803429961204528809e-01,7.636104226112365723e-01,7.563799023628234863e-01,7.816382646560668945e-01,8.072912096977233887e-01
6.111111111111111605e-01,7.889078259468078613e-01,3.601147532463073730e-01,4.200965166091918945e-01,4.749046862125396729e-01,4.616475403308868408e-01,4.677479565143585205e-01,5.201101899147033691e-01,5.601725578308105469e-01,6.731914877891540527e-01,7.455741167068481445e-01,7.703076601028442383e-01,7.154974937438964844e-01,6.963573098182678223e-01,6.961995959281921387e-01,7.127875685691833496e-01,7.797876596450805664e-01,8.536023497581481934e-01,8.652070760726928711e-01,8.250314593315124512e-01,7.720938324928283691e-01,7.581437230110168457e-01,7.717531323432922363e-01,7.928619980812072754e-01,8.295164108276367188e-01,8.240786790847778320e-01,8.022700548171997070e-01,7.633634209632873535e-01,7.582889199256896973e-01,7.557080388069152832e-01,7.731326818466186523e-01,7.805463075637817383e-01,7.756177186965942383e-01,7.672100067138671875e-01,7.407691478729248047e-01,7.325062751770019531e-01,7.420417070388793945e-01,7.583333849906921387e-01,7.731060385704040527e-01,7.690981030464172363e-01,7.593635916709899902e-01,7.571441531181335449e-01,7.609957456588745117e-01,7.739880681037902832e-01,7.765581607818603516e-01,7.817012071609497070e-01,7.806795239448547363e-01,7.782906889915466309e-01,7.620283365249633789e-01,7.550845742225646973e-01,7.796875238418579102e-01,8.076512217521667480e-01
6.161616161616162435e-01,7.880963683128356934e-01,3.599079549312591553e-01,4.196864664554595947e-01,4.734600484371185303e-01,4.604691863059997559e-01,4.674009382724761963e-01,5.192804336547851562e-01,5.591825246810913086e-01,6.714915037155151367e-01,7.446999549865722656e-01,7.688248157501220703e-01,7.134507894515991211e-01,6.965827941894531250e-01,6.951182484626770020e-01,7.112751603126525879e-01,7.769442796707153320e-01,8.521182537078857422e-01,8.632155060768127441e-01,8.251940011978149414e-01,7.692431807518005371e-01,7.568042874336242676e-01,7.702625989913940430e-01,7.927014827728271484e-01,8.285847902297973633e-01,8.231373429298400879e-01,8.001588582992553711e-01,7.625463008880615234e-01,7.568112015724182129e-01,7.543174624443054199e-01,7.719564437866210938e-01,7.803034782409667969e-01,7.735698819160461426e-01,7.645065784454345703e-01,7.389811873435974121e-01,7.305437922477722168e-01,7.403269410133361816e-01,7.566600441932678223e-01,7.709943652153015137e-01,7.678317427635192871e-01,7.594306468963623047e-01,7.555911540985107422e-01,7.603427767753601074e-01,7.736319899559020996e-01,7.767006754875183105e-01,7.807390689849853516e-01,7.794126868247985840e-01,7.762800455093383789e-01,7.601888775825500488e-01,7.541392445564270020e-01,7.773647308349609375e-01,8.086782693862915039e-01
6.212121212121212155e-01,7.886543273925781250e-01,3.594803512096405029e-01,4.194943904876708984e-01,4.724949598312377930e-01,4.593782424926757812e-01,4.673249423503875732e-01,5.183098316192626953e-01,5.584080815315246582e-01,6.705621480941772461e-01,7.444672584533691406e-01,7.686077952384948730e-01,7.119989991188049316e-01,6.972505450248718262e-01,6.943829655647277832e-01,7.102922797203063965e-01,7.751021981239318848e-01,8.509443402290344238e-01,8.615385890007019043e-01,8.247953057289123535e-01,7.659420967102050781e-01,7.550504207611083984e-01,7.691932916641235352e-01,7.926751375198364258e-01,8.279386758804321289e-01,8.233719468116760254e-01,7.992304563522338867e-01,7.627512216567993164e-01,7.551777362823486328e-01,7.535783648490905762e-01,7.719929218292236328e-01,7.804533243179321289e-01,7.720105051994323730e-01,7.623628377914428711e-01,7.382249236106872559e-01,7.297212481498718262e-01,7.395000457763671875e-01,7.556026577949523926e-01,7.694970965385437012e-01,7.672095298767089844e-01,7.601143121719360352e-01,7.545687556266784668e-01,7.608528733253479004e-01,7.738842964172363281e-01,7.774064540863037109e-01,7.803443670272827148e-01,7.785125374794006348e-01,7.745707035064697266e-01,7.580300569534301758e-01,7.533480525016784668e-01,7.748152613639831543e-01,8.097657561302185059e-01
6.262626262626262985e-01,7.892122864723205566e-01,3.590682148933410645e-01,4.193871021270751953e-01,4.720225036144256592e-01,4.586099088191986084e-01,4.672986865043640137e-01,5.174188613891601562e-01,5.577420592308044434e-01,6.704431772232055664e-01,7.448084950447082520e-01,7.694167494773864746e-01,7.112464904785156250e-01,6.976455450057983398e-01,6.938906908035278320e-01,7.096219062805175781e-01,7.744014859199523926e-01,8.497827053070068359e-01,8.600882887840270996e-01,8.233793973922729492e-01,7.625812292098999023e-01,7.530406713485717773e-01,7.684977650642395020e-01,7.928500175476074219e-01,8.272093534469604492e-01,8.242051005363464355e-01,7.993441820144653320e-01,7.637379169464111328e-01,7.535622715950012207e-01,7.532922625541687012e-01,7.732065320014953613e-01,7.806958556175231934e-01,7.711158990859985352e-01,7.610874176025390625e-01,7.383973598480224609e-01,7.302376031875610352e-01,7.395989298820495605e-01,7.551496624946594238e-01,7.685980200767517090e-01,7.670108079910278320e-01,7.611100673675537109e-01,7.541490793228149414e-01,7.622326612472534180e-01,7.746906876564025879e-01,7.784036993980407715e-01,7.804675698280334473e-01,7.778843641281127930e-01,7.734087109565734863e-01,7.557058334350585938e-01,7.526844739913940430e-01,7.723719477653503418e-01,8.103926777839660645e-01
6.313131313131313815e-01,7.891047000885009766e-01,3.589875102043151855e-01,4.193069934844970703e-01,4.720198512077331543e-01,4.584173560142517090e-01,4.673170745372772217e-01,5.167292356491088867e-01,5.571551918983459473e-01,6.710630655288696289e-01,7.456131577491760254e-01,7.707889080047607422e-01,7.112185359001159668e-01,6.973518729209899902e-01,6.935323476791381836e-01,7.091632485389709473e-01,7.748631238937377930e-01,8.486872315406799316e-01,8.588084578514099121e-01,8.209144473075866699e-01,7.597070336341857910e-01,7.512111663818359375e-01,7.682418227195739746e-01,7.933779358863830566e-01,8.262463808059692383e-01,8.250523805618286133e-01,8.001807928085327148e-01,7.651879191398620605e-01,7.521665692329406738e-01,7.533781528472900391e-01,7.752136588096618652e-01,7.809197306632995605e-01,7.711197733879089355e-01,7.608432769775390625e-01,7.393150329589843750e-01,7.320558428764343262e-01,7.403949499130249023e-01,7.553328871726989746e-01,7.682642936706542969e-01,7.672206759452819824e-01,7.621657252311706543e-01,7.544489502906799316e-01,7.640724778175354004e-01,7.759376168251037598e-01,7.795910239219665527e-01,7.809904217720031738e-01,7.774535417556762695e-01,7.730207443237304688e-01,7.534692287445068359e-01,7.522312402725219727e-01,7.705060243606567383e-01,8.104387521743774414e-01
6.363636363636364646e-01,7.889971733093261719e-01,3.594496846199035645e-01,4.191933870315551758e-01,4.724746644496917725e-01,4.588708281517028809e-01,4.676241576671600342e-01,5.162260532379150391e-01,5.567861795425415039e-01,6.722931861877441406e-01,7.466409206390380859e-01,7.722952365875244141e-01,7.119122743606567383e-01,6.964656710624694824e-01,6.932216286659240723e-01,7.088199853897094727e-01,7.762930989265441895e-01,8.478531241416931152e-01,8.577393889427185059e-01,8.178319931030273438e-01,7.578253149986267090e-01,7.500486969947814941e-01,7.685005664825439453e-01,7.942847609519958496e-01,8.251730799674987793e-01,8.254466652870178223e-01,8.013493418693542480e-01,7.667540907859802246e-01,7.512163519859313965e-01,7.537742853164672852e-01,7.773143649101257324e-01,7.811495065689086914e-01,7.721828222274780273e-01,7.614666819572448730e-01,7.407465577125549316e-01,7.350318431854248047e-01,7.416038513183593750e-01,7.562501430511474609e-01,7.685009837150573730e-01,7.679890990257263184e-01,7.630560994148254395e-01,7.554288506507873535e-01,7.658644914627075195e-01,7.772224545478820801e-01,7.808972597122192383e-01,7.817103266716003418e-01,7.771145701408386230e-01,7.734987139701843262e-01,7.516065239906311035e-01,7.520974278450012207e-01,7.695152163505554199e-01,8.099741339683532715e-01
6.414141414141414366e-01,7.875781059265136719e-01,3.603392839431762695e-01,4.190075695514678955e-01,4.733373522758483887e-01,4.597662091255187988e-01,4.683316648006439209e-01,5.158837437629699707e-01,5.567936897277832031e-01,6.739441752433776855e-01,7.475211620330810547e-01,7.737351655960083008e-01,7.131398320198059082e-01,6.954442262649536133e-01,6.928373575210571289e-01,7.084898352622985840e-01,7.784000635147094727e-01,8.475199937820434570e-01,8.570390343666076660e-01,8.147159218788146973e-01,7.571903467178344727e-01,7.497738599777221680e-01,7.691541910171508789e-01,7.953357696533203125e-01,8.242424130439758301e-01,8.253561258316040039e-01,8.025755882263183594e-01,7.681682109832763672e-01,7.507187128067016602e-01,7.543311715126037598e-01,7.789454460144042969e-01,7.814384102821350098e-01,7.741642594337463379e-01,7.626221776008605957e-01,7.423849105834960938e-01,7.386014461517333984e-01,7.430321574211120605e-01,7.577523589134216309e-01,7.691438794136047363e-01,7.694537043571472168e-01,7.637062072753906250e-01,7.568967938423156738e-01,7.673139572143554688e-01,7.780660986900329590e-01,7.822176218032836914e-01,7.824832201004028320e-01,7.769929170608520508e-01,7.747654914855957031e-01,7.503146529197692871e-01,7.523751854896545410e-01,7.695319056510925293e-01,8.093591928482055664e-01
6.464646464646465196e-01,7.861590385437011719e-01,3.614763021469116211e-01,4.188458621501922607e-01,4.744950532913208008e-01,4.608203172683715820e-01,4.694460928440093994e-01,5.157951712608337402e-01,5.572618246078491211e-01,6.758331060409545898e-01,7.479499578475952148e-01,7.750792503356933594e-01,7.146261334419250488e-01,6.947388052940368652e-01,6.922634243965148926e-01,7.081175446510314941e-01,7.806109189987182617e-01,8.477518558502197266e-01,8.567866683006286621e-01,8.118855953216552734e-01,7.576703429222106934e-01,7.503325939178466797e-01,7.698267698287963867e-01,7.961249351501464844e-01,8.236451148986816406e-01,8.248057365417480469e-01,8.035950064659118652e-01,7.691633701324462891e-01,7.506949901580810547e-01,7.548855543136596680e-01,7.797735929489135742e-01,7.817358970642089844e-01,7.765149474143981934e-01,7.639361619949340820e-01,7.441202402114868164e-01,7.420352101325988770e-01,7.446457743644714355e-01,7.596234679222106934e-01,7.698952555656433105e-01,7.714299559593200684e-01,7.641552686691284180e-01,7.583377361297607422e-01,7.683780789375305176e-01,7.782003283500671387e-01,7.834177613258361816e-01,7.833877801895141602e-01,7.772649526596069336e-01,7.766160368919372559e-01,7.498916387557983398e-01,7.529810667037963867e-01,7.703751325607299805e-01,8.088480234146118164e-01
6.515151515151516026e-01,7.857360839843750000e-01,3.626229166984558105e-01,4.188258051872253418e-01,4.758192300796508789e-01,4.617731273174285889e-01,4.707157313823699951e-01,5.161895155906677246e-01,5.580757856369018555e-01,6.778726577758789062e-01,7.478780150413513184e-01,7.763392329216003418e-01,7.160514593124389648e-01,6.945030689239501953e-01,6.914240717887878418e-01,7.075967788696289062e-01,7.824349403381347656e-01,8.483314514160156250e-01,8.570222258567810059e-01,8.094207048416137695e-01,7.588363885879516602e-01,7.514669895172119141e-01,7.700332999229431152e-01,7.961943745613098145e-01,8.233866095542907715e-01,8.238545060157775879e-01,8.042986392974853516e-01,7.694216966629028320e-01,7.510718703269958496e-01,7.553427815437316895e-01,7.798367142677307129e-01,7.818884253501892090e-01,7.784430980682373047e-01,7.650943994522094727e-01,7.457882165908813477e-01,7.446596622467041016e-01,7.463793158531188965e-01,7.616178989410400391e-01,7.704343199729919434e-01,7.734082341194152832e-01,7.644309997558593750e-01,7.592850923538208008e-01,7.691544890403747559e-01,7.776507735252380371e-01,7.843356132507324219e-01,7.844970226287841797e-01,7.780115008354187012e-01,7.786834836006164551e-01,7.503700852394104004e-01,7.537483572959899902e-01,7.716861963272094727e-01,8.085520863533020020e-01
6.565656565656565746e-01,7.853131294250488281e-01,3.636322617530822754e-01,4.190555512905120850e-01,4.770496189594268799e-01,4.624958336353302002e-01,4.718097448348999023e-01,5.172160863876342773e-01,5.590775609016418457e-01,6.800614595413208008e-01,7.474844455718994141e-01,7.774446010589599609e-01,7.171125411987304688e-01,6.945822834968566895e-01,6.903645396232604980e-01,7.068300247192382812e-01,7.833555340766906738e-01,8.489617705345153809e-01,8.576070666313171387e-01,8.071254491806030273e-01,7.600831389427185059e-01,7.527768015861511230e-01,7.695010304450988770e-01,7.952008247375488281e-01,8.233780860900878906e-01,8.224710822105407715e-01,8.046149611473083496e-01,7.687798142433166504e-01,7.517739534378051758e-01,7.556447386741638184e-01,7.793102860450744629e-01,7.819129824638366699e-01,7.793149352073669434e-01,7.660099864006042480e-01,7.471252083778381348e-01,7.460814714431762695e-01,7.481298446655273438e-01,7.634561657905578613e-01,7.706638574600219727e-01,7.749131321907043457e-01,7.645255327224731445e-01,7.596244812011718750e-01,7.697828412055969238e-01,7.768600583076477051e-01,7.848874926567077637e-01,7.859469056129455566e-01,7.791808247566223145e-01,7.805948853492736816e-01,7.517989873886108398e-01,7.545374035835266113e-01,7.730447649955749512e-01,8.085916638374328613e-01
6.616161616161616577e-01,7.852606177330017090e-01,3.643828928470611572e-01,4.195871651172637939e-01,4.780216813087463379e-01,4.630874693393707275e-01,4.724537730216979980e-01,5.188376307487487793e-01,5.600811243057250977e-01,6.823336482048034668e-01,7.471848130226135254e-01,7.782509922981262207e-01,7.175788283348083496e-01,6.946783065795898438e-01,6.892479062080383301e-01,7.058222889900207520e-01,7.830832004547119141e-01,8.492148518562316895e-01,8.581667542457580566e-01,8.049722909927368164e-01,7.607969045639038086e-01,7.538731694221496582e-01,7.681788802146911621e-01,7.929424047470092773e-01,8.234266638755798340e-01,8.206745386123657227e-01,8.045768141746520996e-01,7.672725915908813477e-01,7.526850700378417969e-01,7.558380961418151855e-01,7.784171104431152344e-01,7.819457054138183594e-01,7.789790630340576172e-01,7.668577432632446289e-01,7.477706074714660645e-01,7.463451623916625977e-01,7.496452331542968750e-01,7.650080919265747070e-01,7.708407044410705566e-01,7.757061719894409180e-01,7.644218802452087402e-01,7.595450282096862793e-01,7.701486945152282715e-01,7.762500643730163574e-01,7.850989103317260742e-01,7.875495553016662598e-01,7.805036902427673340e-01,7.820507287979125977e-01,7.540451288223266602e-01,7.551832199096679688e-01,7.739909887313842773e-01,8.088629841804504395e-01
6.666666666666667407e-01,7.852080464363098145e-01,3.647145330905914307e-01,4.203631281852722168e-01,4.787353873252868652e-01,4.637558758258819580e-01,4.726227521896362305e-01,5.207098722457885742e-01,5.609569549560546875e-01,6.845530867576599121e-01,7.474296689033508301e-01,7.786044478416442871e-01,7.173352837562561035e-01,6.946865320205688477e-01,6.884007453918457031e-01,7.048105001449584961e-01,7.815616130828857422e-01,8.487922549247741699e-01,8.581787347793579102e-01,8.031668663024902344e-01,7.606025338172912598e-01,7.544706463813781738e-01,7.663139700889587402e-01,7.896374464035034180e-01,8.234397768974304199e-01,8.186594247817993164e-01,8.043487071990966797e-01,7.653117775917053223e-01,7.537059187889099121e-01,7.560562491416931152e-01,7.774229645729064941e-01,7.823247313499450684e-01,7.778280973434448242e-01,7.678468227386474609e-01,7.474825382232666016e-01,7.457962036132812500e-01,7.506013512611389160e-01,7.662420272827148438e-01,7.714728116989135742e-01,7.759938240051269531e-01,7.641780972480773926e-01,7.595320343971252441e-01,7.701538205146789551e-01,7.760986685752868652e-01,7.851034998893737793e-01,7.890408635139465332e-01,7.816963791847229004e-01,7.828769087791442871e-01,7.568308711051940918e-01,7.556947469711303711e-01,7.741906642913818359e-01,8.093094825744628906e-01
6.717171717171718237e-01,7.839151620864868164e-01,3.645800948143005371e-01,4.212445914745330811e-01,4.793391525745391846e-01,4.647035002708435059e-01,4.724946320056915283e-01,5.224379301071166992e-01,5.616995692253112793e-01,6.865380406379699707e-01,7.487185001373291016e-01,7.785461544990539551e-01,7.166488170623779297e-01,6.946606040000915527e-01,6.879848837852478027e-01,7.040367126464843750e-01,7.790861129760742188e-01,8.475792407989501953e-01,8.573089241981506348e-01,8.020073175430297852e-01,7.594699859619140625e-01,7.543335556983947754e-01,7.643505930900573730e-01,7.857952713966369629e-01,8.234229683876037598e-01,8.167111873626708984e-01,8.042332530021667480e-01,7.635517716407775879e-01,7.548187375068664551e-01,7.564842700958251953e-01,7.766805291175842285e-01,7.834362387657165527e-01,7.765735983848571777e-01,7.691407203674316406e-01,7.464752197265625000e-01,7.450225949287414551e-01,7.508295178413391113e-01,7.671287059783935547e-01,7.729257941246032715e-01,7.760420441627502441e-01,7.640972137451171875e-01,7.601211667060852051e-01,7.698395848274230957e-01,7.764930129051208496e-01,7.851995229721069336e-01,7.901958227157592773e-01,7.826300263404846191e-01,7.831271886825561523e-01,7.597134113311767578e-01,7.560524344444274902e-01,7.735889554023742676e-01,8.100121021270751953e-01
6.767676767676767957e-01,7.826222777366638184e-01,3.640822470188140869e-01,4.222194254398345947e-01,4.801366329193115234e-01,4.660750627517700195e-01,4.725075662136077881e-01,5.237574577331542969e-01,5.624738335609436035e-01,6.882458329200744629e-01,7.514162659645080566e-01,7.784382104873657227e-01,7.160439491271972656e-01,6.947239041328430176e-01,6.880694627761840820e-01,7.036163806915283203e-01,7.761356234550476074e-01,8.456935882568359375e-01,8.554852604866027832e-01,8.015908002853393555e-01,7.575777173042297363e-01,7.533561587333679199e-01,7.626500129699707031e-01,7.822002768516540527e-01,8.233916759490966797e-01,8.151938915252685547e-01,8.044165372848510742e-01,7.626818418502807617e-01,7.559254765510559082e-01,7.571927905082702637e-01,7.766656279563903809e-01,7.854745388031005859e-01,7.761783003807067871e-01,7.708091139793395996e-01,7.454347610473632812e-01,7.446382641792297363e-01,7.505801916122436523e-01,7.678468823432922363e-01,7.752326130867004395e-01,7.761897444725036621e-01,7.646225094795227051e-01,7.616494297981262207e-01,7.694830894470214844e-01,7.775058150291442871e-01,7.858053445816040039e-01,7.910115718841552734e-01,7.833961844444274902e-01,7.830140590667724609e-01,7.622339129447937012e-01,7.562580704689025879e-01,7.723630666732788086e-01,8.110114336013793945e-01
6.818181818181818787e-01,7.828806638717651367e-01,3.635563552379608154e-01,4.232818782329559326e-01,4.814523160457611084e-01,4.678413867950439453e-01,4.730961918830871582e-01,5.247629880905151367e-01,5.635318160057067871e-01,6.898151040077209473e-01,7.555546164512634277e-01,7.788209319114685059e-01,7.160853147506713867e-01,6.948533058166503906e-01,6.884468197822570801e-01,7.034069895744323730e-01,7.732824087142944336e-01,8.434744477272033691e-01,8.529160022735595703e-01,8.017490506172180176e-01,7.552874684333801270e-01,7.515230774879455566e-01,7.613677382469177246e-01,7.795194387435913086e-01,8.233014345169067383e-01,8.143174648284912109e-01,8.050364851951599121e-01,7.630779147148132324e-01,7.569584250450134277e-01,7.581787109375000000e-01,7.777210474014282227e-01,7.882736921310424805e-01,7.772892713546752930e-01,7.726870775222778320e-01,7.452022433280944824e-01,7.450815439224243164e-01,7.503853440284729004e-01,7.686828374862670898e-01,7.781065106391906738e-01,7.766065001487731934e-01,7.661236524581909180e-01,7.640993595123291016e-01,7.694141864776611328e-01,7.791280150413513184e-01,7.871197462081909180e-01,7.916586995124816895e-01,7.842414379119873047e-01,7.827839255332946777e-01,7.639919519424438477e-01,7.562642097473144531e-01,7.709223031997680664e-01,8.123500347137451172e-01
6.868686868686869618e-01,7.831389904022216797e-01,3.633436858654022217e-01,4.245091080665588379e-01,4.834356009960174561e-01,4.698702991008758545e-01,4.744710624217987061e-01,5.257839560508728027e-01,5.651301145553588867e-01,6.916317343711853027e-01,7.607389688491821289e-01,7.801662087440490723e-01,7.169802188873291016e-01,6.950683593750000000e-01,6.888317465782165527e-01,7.031486630439758301e-01,7.709202170372009277e-01,8.413367867469787598e-01,8.499267101287841797e-01,8.022223711013793945e-01,7.530966401100158691e-01,7.490124702453613281e-01,7.605414390563964844e-01,7.780879139900207520e-01,8.231552243232727051e-01,8.140569329261779785e-01,8.060733675956726074e-01,7.645428180694580078e-01,7.578251957893371582e-01,7.591550350189208984e-01,7.797825932502746582e-01,7.913723587989807129e-01,7.800214290618896484e-01,7.746447920799255371e-01,7.463650703430175781e-01,7.466170787811279297e-01,7.508463263511657715e-01,7.699959874153137207e-01,7.811204195022583008e-01,7.773479223251342773e-01,7.686570286750793457e-01,7.671929597854614258e-01,7.697039246559143066e-01,7.811717987060546875e-01,7.888792157173156738e-01,7.922446131706237793e-01,7.853851914405822754e-01,7.825801968574523926e-01,7.648485302925109863e-01,7.560338377952575684e-01,7.696970701217651367e-01,8.138049244880676270e-01
6.919191919191919338e-01,7.821506857872009277e-01,3.636280596256256104e-01,4.259694814682006836e-01,4.861973524093627930e-01,4.721335470676422119e-01,4.765813052654266357e-01,5.273442268371582031e-01,5.673900842666625977e-01,6.940605044364929199e-01,7.663412690162658691e-01,7.826541662216186523e-01,7.187181711196899414e-01,6.953474879264831543e-01,6.891117095947265625e-01,7.027581930160522461e-01,7.691479921340942383e-01,8.396666049957275391e-01,8.468965888023376465e-01,8.026398420333862305e-01,7.514059543609619141e-01,7.461316585540771484e-01,7.600660920143127441e-01,7.775918841361999512e-01,8.230391740798950195e-01,8.143416643142700195e-01,8.073825240135192871e-01,7.665336132049560547e-01,7.585396170616149902e-01,7.598700523376464844e-01,7.825206518173217773e-01,7.942440509796142578e-01,7.839216589927673340e-01,7.766292095184326172e-01,7.489910125732421875e-01,7.492652535438537598e-01,7.523729205131530762e-01,7.719352841377258301e-01,7.839666008949279785e-01,7.785667777061462402e-01,7.718588709831237793e-01,7.705528140068054199e-01,7.701715230941772461e-01,7.834631800651550293e-01,7.905774712562561035e-01,7.928080558776855469e-01,7.868932485580444336e-01,7.823978662490844727e-01,7.650220394134521484e-01,7.555854320526123047e-01,7.689757943153381348e-01,8.149389624595642090e-01
6.969696969696970168e-01,7.811623811721801758e-01,3.643317520618438721e-01,4.278264045715332031e-01,4.896447360515594482e-01,4.746103584766387939e-01,4.792026877403259277e-01,5.299038887023925781e-01,5.703068375587463379e-01,6.972782015800476074e-01,7.716919779777526855e-01,7.860664129257202148e-01,7.208707928657531738e-01,6.957452893257141113e-01,6.892893910408020020e-01,7.024524807929992676e-01,7.678629755973815918e-01,8.387065529823303223e-01,8.441307544708251953e-01,8.027387261390686035e-01,7.504819631576538086e-01,7.433152794837951660e-01,7.597725391387939453e-01,7.774324417114257812e-01,8.231009244918823242e-01,8.151414990425109863e-01,8.087464570999145508e-01,7.683235406875610352e-01,7.591525316238403320e-01,7.601658701896667480e-01,7.854422330856323242e-01,7.965199947357177734e-01,7.882198691368103027e-01,7.786538600921630859e-01,7.527163028717041016e-01,7.526956796646118164e-01,7.549471855163574219e-01,7.744518518447875977e-01,7.864863872528076172e-01,7.803676724433898926e-01,7.752217054367065430e-01,7.737354040145874023e-01,7.705428004264831543e-01,7.856476306915283203e-01,7.916413545608520508e-01,7.932453155517578125e-01,7.886812090873718262e-01,7.821953296661376953e-01,7.648660540580749512e-01,7.549710869789123535e-01,7.688935399055480957e-01,8.153629899024963379e-01
7.020202020202020998e-01,7.792268991470336914e-01,3.651896119117736816e-01,4.302721321582794189e-01,4.935654401779174805e-01,4.773277640342712402e-01,4.820055067539215088e-01,5.335774421691894531e-01,5.736306309700012207e-01,7.011318802833557129e-01,7.764565944671630859e-01,7.899613380432128906e-01,7.230560183525085449e-01,6.963258385658264160e-01,6.893780827522277832e-01,7.026712894439697266e-01,7.668603062629699707e-01,8.386021256446838379e-01,8.420058488845825195e-01,8.022714257240295410e-01,7.502090334892272949e-01,7.407949566841125488e-01,7.593837380409240723e-01,7.768777012825012207e-01,8.234532475471496582e-01,8.163617849349975586e-01,8.098707795143127441e-01,7.694363594055175781e-01,7.597651481628417969e-01,7.602432966232299805e-01,7.881379723548889160e-01,7.981806397438049316e-01,7.921718955039978027e-01,7.808262109756469727e-01,7.569646835327148438e-01,7.563908696174621582e-01,7.581624984741210938e-01,7.773107886314392090e-01,7.887187600135803223e-01,7.828157544136047363e-01,7.783142924308776855e-01,7.762987017631530762e-01,7.706797719001770020e-01,7.875668406486511230e-01,7.918803095817565918e-01,7.933984398841857910e-01,7.904894948005676270e-01,7.819323539733886719e-01,7.647430300712585449e-01,7.542652487754821777e-01,7.695420384407043457e-01,8.149978518486022949e-01
7.070707070707071829e-01,7.772914767265319824e-01,3.659787476062774658e-01,4.332745373249053955e-01,4.976195693016052246e-01,4.802446067333221436e-01,4.847662150859832764e-01,5.379773974418640137e-01,5.770349502563476562e-01,7.051748037338256836e-01,7.805449366569519043e-01,7.939307689666748047e-01,7.249591946601867676e-01,6.968991756439208984e-01,6.893752813339233398e-01,7.035136818885803223e-01,7.659327983856201172e-01,8.392347097396850586e-01,8.408129215240478516e-01,8.011491298675537109e-01,7.501027584075927734e-01,7.385143041610717773e-01,7.584810256958007812e-01,7.754598259925842285e-01,8.239260911941528320e-01,8.178135156631469727e-01,8.103721141815185547e-01,7.697815895080566406e-01,7.604850530624389648e-01,7.605348229408264160e-01,7.905555367469787598e-01,7.994550466537475586e-01,7.953793406486511230e-01,7.832152843475341797e-01,7.611747980117797852e-01,7.598121166229248047e-01,7.614813446998596191e-01,7.802331447601318359e-01,7.907156944274902344e-01,7.857388257980346680e-01,7.808294296264648438e-01,7.779390811920166016e-01,7.707681059837341309e-01,7.892691493034362793e-01,7.916107177734375000e-01,7.932168245315551758e-01,7.920084595680236816e-01,7.817438840866088867e-01,7.648468613624572754e-01,7.535641193389892578e-01,7.708961367607116699e-01,8.142454028129577637e-01
7.121212121212121549e-01,7.778636813163757324e-01,3.665667772293090820e-01,4.366542398929595947e-01,5.015537738800048828e-01,4.831544160842895508e-01,4.874123632907867432e-01,5.423229932785034180e-01,5.801762342453002930e-01,7.088684439659118652e-01,7.840806245803833008e-01,7.977892756462097168e-01,7.263800501823425293e-01,6.972211003303527832e-01,6.891819834709167480e-01,7.046498060226440430e-01,7.649335265159606934e-01,8.402183651924133301e-01,8.406571745872497559e-01,7.994872331619262695e-01,7.494835853576660156e-01,7.361183166503906250e-01,7.566670179367065430e-01,7.730659246444702148e-01,8.241348266601562500e-01,8.191426396369934082e-01,8.100287318229675293e-01,7.694197893142700195e-01,7.612634897232055664e-01,7.614259123802185059e-01,7.927106618881225586e-01,8.005460500717163086e-01,7.979276776313781738e-01,7.857518792152404785e-01,7.649206519126892090e-01,7.624413371086120605e-01,7.644242048263549805e-01,7.829543948173522949e-01,7.925496101379394531e-01,7.888957262039184570e-01,7.827427983283996582e-01,7.785325050354003906e-01,7.710747122764587402e-01,7.909275293350219727e-01,7.913752198219299316e-01,7.926664948463439941e-01,7.929515838623046875e-01,7.818285226821899414e-01,7.651193141937255859e-01,7.529782652854919434e-01,7.727371454238891602e-01,8.136923909187316895e-01
7.171717171717172379e-01,7.784358859062194824e-01,3.670120537281036377e-01,4.399854540824890137e-01,5.051433444023132324e-01,4.858398139476776123e-01,4.899015724658966064e-01,5.457270741462707520e-01,5.828788280487060547e-01,7.118230462074279785e-01,7.871966361999511719e-01,8.016747236251831055e-01,7.272540330886840820e-01,6.970745921134948730e-01,6.885953545570373535e-01,7.053840160369873047e-01,7.637463808059692383e-01,8.409044742584228516e-01,8.412795066833496094e-01,7.976325750350952148e-01,7.477285265922546387e-01,7.332522273063659668e-01,7.536100745201110840e-01,7.698531150817871094e-01,8.236280679702758789e-01,8.200230598449707031e-01,8.089109063148498535e-01,7.685933709144592285e-01,7.620153427124023438e-01,7.630085945129394531e-01,7.945644259452819824e-01,8.014618158340454102e-01,8.001148700714111328e-01,7.882040739059448242e-01,7.680448889732360840e-01,7.641394734382629395e-01,7.666934132575988770e-01,7.853181958198547363e-01,7.941621541976928711e-01,7.918536067008972168e-01,7.841167449951171875e-01,7.782440781593322754e-01,7.717539668083190918e-01,7.925150990486145020e-01,7.915496230125427246e-01,7.918252348899841309e-01,7.931830286979675293e-01,7.823605537414550781e-01,7.654790282249450684e-01,7.526221275329589844e-01,7.746491432189941406e-01,8.137089014053344727e-01
7.222222222222223209e-01,7.773359417915344238e-01,3.673539757728576660e-01,4.427662193775177002e-01,5.083881616592407227e-01,4.880224466323852539e-01,4.920904636383056641e-01,5.477492213249206543e-01,5.852375030517578125e-01,7.139101028442382812e-01,7.900506854057312012e-01,8.057079315185546875e-01,7.277630567550659180e-01,6.965541839599609375e-01,6.874815225601196289e-01,7.051267027854919434e-01,7.623709440231323242e-01,8.406189680099487305e-01,8.422116041183471680e-01,7.959965467453002930e-01,7.445514798164367676e-01,7.297387719154357910e-01,7.493507862091064453e-01,7.661327719688415527e-01,8.222476840019226074e-01,8.202291131019592285e-01,8.074008226394653320e-01,7.675648927688598633e-01,7.626089453697204590e-01,7.649891376495361328e-01,7.960177063941955566e-01,8.021945357322692871e-01,8.021130561828613281e-01,7.902995347976684570e-01,7.704722285270690918e-01,7.650994658470153809e-01,7.682906985282897949e-01,7.870848774909973145e-01,7.953740954399108887e-01,7.942386865615844727e-01,7.850793004035949707e-01,7.775995135307312012e-01,7.727996706962585449e-01,7.938049435615539551e-01,7.921453714370727539e-01,7.909179925918579102e-01,7.927404642105102539e-01,7.833092212677001953e-01,7.656485438346862793e-01,7.525355815887451172e-01,7.760404348373413086e-01,8.141576647758483887e-01
7.272727272727272929e-01,7.762359976768493652e-01,3.677342832088470459e-01,4.446788728237152100e-01,5.113631486892700195e-01,4.896869957447052002e-01,4.939301908016204834e-01,5.485596060752868652e-01,5.875071883201599121e-01,7.153545618057250977e-01,7.928467392921447754e-01,8.100255727767944336e-01,7.282751202583312988e-01,6.960708498954772949e-01,6.858179569244384766e-01,7.037978172302246094e-01,7.607833147048950195e-01,8.390114903450012207e-01,8.428857326507568359e-01,7.945865988731384277e-01,7.401852607727050781e-01,7.257717847824096680e-01,7.442870736122131348e-01,7.622090578079223633e-01,8.200526237487792969e-01,8.196834921836853027e-01,8.058084845542907715e-01,7.665115594863891602e-01,7.628111243247985840e-01,7.668316364288330078e-01,7.968274950981140137e-01,8.026656508445739746e-01,8.037811517715454102e-01,7.917611002922058105e-01,7.721948027610778809e-01,7.656120657920837402e-01,7.693719267845153809e-01,7.880013585090637207e-01,7.959529757499694824e-01,7.958028912544250488e-01,7.857098579406738281e-01,7.771699428558349609e-01,7.741036415100097656e-01,7.943690419197082520e-01,7.927871942520141602e-01,7.902500033378601074e-01,7.918168306350708008e-01,7.844200134277343750e-01,7.655453681945800781e-01,7.525767087936401367e-01,7.763248085975646973e-01,8.145069479942321777e-01
7.323232323232323759e-01,7.760419845581054688e-01,3.683148026466369629e-01,4.457032978534698486e-01,5.140880346298217773e-01,4.909107089042663574e-01,4.954369366168975830e-01,5.486181378364562988e-01,5.899152755737304688e-01,7.166878581047058105e-01,7.959256172180175781e-01,8.145260810852050781e-01,7.291535735130310059e-01,6.961009502410888672e-01,6.837021708488464355e-01,7.018186450004577637e-01,7.590945959091186523e-01,8.361379504203796387e-01,8.429743051528930664e-01,7.932731509208679199e-01,7.352902293205261230e-01,7.219104766845703125e-01,7.389926314353942871e-01,7.583683133125305176e-01,8.172934651374816895e-01,8.184765577316284180e-01,8.042783737182617188e-01,7.655395269393920898e-01,7.624393105506896973e-01,7.680509686470031738e-01,7.968821525573730469e-01,8.028809428215026855e-01,8.047422766685485840e-01,7.924033403396606445e-01,7.731443047523498535e-01,7.659721374511718750e-01,7.700585722923278809e-01,7.880216836929321289e-01,7.956517338752746582e-01,7.964858412742614746e-01,7.859140634536743164e-01,7.773340940475463867e-01,7.754614949226379395e-01,7.936961054801940918e-01,7.930353879928588867e-01,7.899898290634155273e-01,7.906269431114196777e-01,7.853273153305053711e-01,7.650466561317443848e-01,7.524694204330444336e-01,7.752565741539001465e-01,8.140588402748107910e-01
7.373737373737374590e-01,7.758479118347167969e-01,3.692330121994018555e-01,4.461450278759002686e-01,5.165778994560241699e-01,4.919437170028686523e-01,4.967907071113586426e-01,5.484496355056762695e-01,5.925240516662597656e-01,7.186141610145568848e-01,7.996589541435241699e-01,8.189824819564819336e-01,7.306132316589355469e-01,6.968578696250915527e-01,6.814492344856262207e-01,6.999011039733886719e-01,7.574095129966735840e-01,8.324685096740722656e-01,8.423566818237304688e-01,7.917043566703796387e-01,7.306389212608337402e-01,7.187228798866271973e-01,7.340956926345825195e-01,7.550396323204040527e-01,8.141778111457824707e-01,8.167580962181091309e-01,8.026190996170043945e-01,7.645615935325622559e-01,7.614036202430725098e-01,7.682989239692687988e-01,7.962189912796020508e-01,8.027684688568115234e-01,8.047509193420410156e-01,7.921331524848937988e-01,7.730313539505004883e-01,7.661729454994201660e-01,7.703842520713806152e-01,7.871478199958801270e-01,7.944961786270141602e-01,7.964057922363281250e-01,7.854221463203430176e-01,7.780479788780212402e-01,7.765648961067199707e-01,7.916396260261535645e-01,7.925756573677062988e-01,7.900078296661376953e-01,7.892215251922607422e-01,7.856064438819885254e-01,7.640687823295593262e-01,7.518926262855529785e-01,7.728564739227294922e-01,8.123114705085754395e-01
7.424242424242425420e-01,7.742386460304260254e-01,3.705851435661315918e-01,4.465240836143493652e-01,5.188459157943725586e-01,4.931503236293792725e-01,4.982794821262359619e-01,5.483167171478271484e-01,5.951844453811645508e-01,7.217497229576110840e-01,8.043421506881713867e-01,8.231430649757385254e-01,7.325292825698852539e-01,6.983268260955810547e-01,6.793410181999206543e-01,6.985411047935485840e-01,7.557376027107238770e-01,8.284935951232910156e-01,8.409781455993652344e-01,7.895395755767822266e-01,7.267338633537292480e-01,7.165132761001586914e-01,7.299392223358154297e-01,7.524212598800659180e-01,8.106550574302673340e-01,8.148501515388488770e-01,8.003619313240051270e-01,7.631981968879699707e-01,7.597014307975769043e-01,7.674070596694946289e-01,7.950534820556640625e-01,8.021238446235656738e-01,8.038436770439147949e-01,7.910763621330261230e-01,7.716697454452514648e-01,7.660540938377380371e-01,7.702690362930297852e-01,7.856268286705017090e-01,7.927922010421752930e-01,7.957105040550231934e-01,7.839621901512145996e-01,7.786849141120910645e-01,7.768942117691040039e-01,7.882940769195556641e-01,7.913388609886169434e-01,7.897694706916809082e-01,7.873895764350891113e-01,7.849909663200378418e-01,7.625940442085266113e-01,7.506331801414489746e-01,7.695018053054809570e-01,8.091627359390258789e-01
7.474747474747475140e-01,7.726294398307800293e-01,3.723031282424926758e-01,4.473478198051452637e-01,5.211657881736755371e-01,4.949227273464202881e-01,5.002712607383728027e-01,5.484855175018310547e-01,5.978185534477233887e-01,7.263200879096984863e-01,8.099265098571777344e-01,8.268513083457946777e-01,7.345280647277832031e-01,7.002016901969909668e-01,6.775962710380554199e-01,6.978198289871215820e-01,7.539986371994018555e-01,8.246036171913146973e-01,8.387215733528137207e-01,7.866781353950500488e-01,7.235981225967407227e-01,7.150614261627197266e-01,7.265195846557617188e-01,7.506151795387268066e-01,8.066079616546630859e-01,8.130925297737121582e-01,7.971652746200561523e-01,7.611022591590881348e-01,7.573934197425842285e-01,7.654170989990234375e-01,7.936556339263916016e-01,8.007680773735046387e-01,8.024312257766723633e-01,7.894861698150634766e-01,7.692528963088989258e-01,7.653116583824157715e-01,7.696869969367980957e-01,7.838579416275024414e-01,7.911217808723449707e-01,7.946463227272033691e-01,7.815698385238647461e-01,7.785363793373107910e-01,7.760910987854003906e-01,7.842029929161071777e-01,7.894217371940612793e-01,7.887579798698425293e-01,7.849725484848022461e-01,7.834182381629943848e-01,7.607487440109252930e-01,7.488527297973632812e-01,7.657195329666137695e-01,8.048452734947204590e-01
7.525252525252525970e-01,7.705711126327514648e-01,3.742454648017883301e-01,4.489825665950775146e-01,5.239909291267395020e-01,4.975778162479400635e-01,5.029136538505554199e-01,5.493956208229064941e-01,6.005307435989379883e-01,7.320931553840637207e-01,8.161267042160034180e-01,8.299771547317504883e-01,7.363854050636291504e-01,7.020326256752014160e-01,6.762015223503112793e-01,6.973857879638671875e-01,7.521048188209533691e-01,8.208531737327575684e-01,8.355160355567932129e-01,7.831006646156311035e-01,7.209092974662780762e-01,7.137750387191772461e-01,7.236294746398925781e-01,7.492634654045104980e-01,8.019127845764160156e-01,8.115723729133605957e-01,7.929273843765258789e-01,7.580564022064208984e-01,7.545300126075744629e-01,7.625762224197387695e-01,7.922393083572387695e-01,7.987863421440124512e-01,8.009837269783020020e-01,7.876790165901184082e-01,7.663483619689941406e-01,7.638645172119140625e-01,7.686281800270080566e-01,7.822846174240112305e-01,7.900995016098022461e-01,7.934142351150512695e-01,7.785409092903137207e-01,7.771314382553100586e-01,7.741363048553466797e-01,7.799998521804809570e-01,7.870060205459594727e-01,7.866737246513366699e-01,7.819461822509765625e-01,7.810165882110595703e-01,7.586616277694702148e-01,7.468166351318359375e-01,7.620390653610229492e-01,7.998420596122741699e-01
7.575757575757576801e-01,7.685128450393676758e-01,3.761813342571258545e-01,4.515857696533203125e-01,5.277944207191467285e-01,5.012695789337158203e-01,5.061453580856323242e-01,5.516117215156555176e-01,6.035493612289428711e-01,7.385204434394836426e-01,8.224903941154479980e-01,8.325427770614624023e-01,7.379988431930541992e-01,7.034106254577636719e-01,6.750309467315673828e-01,6.967344284057617188e-01,7.499496936798095703e-01,8.171728253364562988e-01,8.314481973648071289e-01,7.789255976676940918e-01,7.182284593582153320e-01,7.119648456573486328e-01,7.210451960563659668e-01,7.477610707283020020e-01,7.967266440391540527e-01,8.100017309188842773e-01,7.878440022468566895e-01,7.542948126792907715e-01,7.511950135231018066e-01,7.592040300369262695e-01,7.909142374992370605e-01,7.965931296348571777e-01,7.998883128166198730e-01,7.860625982284545898e-01,7.637448310852050781e-01,7.619082331657409668e-01,7.673673033714294434e-01,7.813172936439514160e-01,7.900015115737915039e-01,7.923108339309692383e-01,7.755182385444641113e-01,7.746531963348388672e-01,7.715377211570739746e-01,7.764580249786376953e-01,7.843856811523437500e-01,7.837454080581665039e-01,7.785786986351013184e-01,7.780689001083374023e-01,7.565440535545349121e-01,7.448082566261291504e-01,7.587773799896240234e-01,7.947654128074645996e-01
7.626262626262626521e-01,7.671813964843750000e-01,3.779081404209136963e-01,4.550397694110870361e-01,5.327284336090087891e-01,5.058739185333251953e-01,5.096857547760009766e-01,5.554538369178771973e-01,6.070324182510375977e-01,7.449409961700439453e-01,8.285208344459533691e-01,8.346546888351440430e-01,7.393915653228759766e-01,7.039577364921569824e-01,6.740782260894775391e-01,6.954960227012634277e-01,7.475897073745727539e-01,8.133769035339355469e-01,8.266270160675048828e-01,7.742112278938293457e-01,7.151907682418823242e-01,7.092035412788391113e-01,7.185146212577819824e-01,7.454224228858947754e-01,7.913089394569396973e-01,8.077468872070312500e-01,7.824488282203674316e-01,7.502889633178710938e-01,7.475813627243041992e-01,7.557241320610046387e-01,7.895119190216064453e-01,7.947376966476440430e-01,7.991268634796142578e-01,7.847983837127685547e-01,7.620308399200439453e-01,7.599231600761413574e-01,7.662433981895446777e-01,7.811668515205383301e-01,7.906503081321716309e-01,7.914378046989440918e-01,7.730706334114074707e-01,7.716830372810363770e-01,7.690723538398742676e-01,7.739667892456054688e-01,7.817804217338562012e-01,7.803874611854553223e-01,7.752637863159179688e-01,7.747870087623596191e-01,7.544771432876586914e-01,7.428325414657592773e-01,7.559987306594848633e-01,7.900692820549011230e-01
7.676767676767677351e-01,7.658500075340270996e-01,3.793022930622100830e-01,4.591102004051208496e-01,5.385419726371765137e-01,5.110204219818115234e-01,5.132296085357666016e-01,5.606771707534790039e-01,6.108677983283996582e-01,7.508436441421508789e-01,8.339121341705322266e-01,8.363476991653442383e-01,7.403905391693115234e-01,7.034589648246765137e-01,6.734091043472290039e-01,6.936034560203552246e-01,7.449895143508911133e-01,8.092754483222961426e-01,8.210919499397277832e-01,7.690171599388122559e-01,7.116459608078002930e-01,7.054349184036254883e-01,7.157904505729675293e-01,7.418686151504516602e-01,7.859304547309875488e-01,8.041030168533325195e-01,7.772688865661621094e-01,7.463548779487609863e-01,7.438325285911560059e-01,7.522798180580139160e-01,7.876479029655456543e-01,7.934627532958984375e-01,7.984089255332946777e-01,7.838298082351684570e-01,7.612485885620117188e-01,7.583347558975219727e-01,7.654092311859130859e-01,7.817116379737854004e-01,7.913865447044372559e-01,7.907205224037170410e-01,7.714807391166687012e-01,7.688153386116027832e-01,7.672389149665832520e-01,7.723978161811828613e-01,7.793361544609069824e-01,7.770360112190246582e-01,7.723227739334106445e-01,7.712882757186889648e-01,7.522994875907897949e-01,7.406041026115417480e-01,7.535304427146911621e-01,7.859475016593933105e-01
7.727272727272728181e-01,7.638602852821350098e-01,3.802881538867950439e-01,4.634268581867218018e-01,5.446729063987731934e-01,5.162431597709655762e-01,5.165627002716064453e-01,5.663805007934570312e-01,6.146322488784790039e-01,7.559193968772888184e-01,8.384047150611877441e-01,8.376150727272033691e-01,7.406297326087951660e-01,7.018067240715026855e-01,6.730865240097045898e-01,6.911802887916564941e-01,7.420241236686706543e-01,8.046339154243469238e-01,8.148715496063232422e-01,7.632826566696166992e-01,7.075330018997192383e-01,7.008076310157775879e-01,7.125769853591918945e-01,7.371574640274047852e-01,7.806492447853088379e-01,7.987852096557617188e-01,7.726583480834960938e-01,7.425989508628845215e-01,7.400399446487426758e-01,7.488268017768859863e-01,7.848901748657226562e-01,7.925138473510742188e-01,7.971733808517456055e-01,7.829952239990234375e-01,7.609875798225402832e-01,7.573519349098205566e-01,7.648515701293945312e-01,7.825613617897033691e-01,7.914893627166748047e-01,7.897341847419738770e-01,7.705795764923095703e-01,7.663306593894958496e-01,7.659890055656433105e-01,7.712248563766479492e-01,7.770909667015075684e-01,7.739015221595764160e-01,7.697169184684753418e-01,7.674817442893981934e-01,7.497124671936035156e-01,7.376867532730102539e-01,7.509946227073669434e-01,7.823011875152587891e-01
7.777777777777777901e-01,7.618705630302429199e-01,3.808759152889251709e-01,4.675740599632263184e-01,5.505396723747253418e-01,5.211008787155151367e-01,5.195757150650024414e-01,5.714101195335388184e-01,6.178463697433471680e-01,7.599877715110778809e-01,8.418531417846679688e-01,8.382625579833984375e-01,7.395884990692138672e-01,6.991025805473327637e-01,6.729223132133483887e-01,6.882939934730529785e-01,7.384543418884277344e-01,7.991645336151123047e-01,8.078560233116149902e-01,7.569317221641540527e-01,7.028535604476928711e-01,6.955286860466003418e-01,7.086815834045410156e-01,7.317433357238769531e-01,7.752591371536254883e-01,7.920539975166320801e-01,7.684360742568969727e-01,7.388614416122436523e-01,7.360255122184753418e-01,7.450934648513793945e-01,7.809245586395263672e-01,7.912307381629943848e-01,7.948850393295288086e-01,7.818881869316101074e-01,7.605569958686828613e-01,7.567003369331359863e-01,7.642384767532348633e-01,7.830086350440979004e-01,7.903081774711608887e-01,7.879608273506164551e-01,7.698362469673156738e-01,7.640340924263000488e-01,7.647121548652648926e-01,7.696532011032104492e-01,7.747774720191955566e-01,7.709074020385742188e-01,7.671139240264892578e-01,7.632666826248168945e-01,7.463227510452270508e-01,7.338120937347412109e-01,7.479528188705444336e-01,7.786675095558166504e-01
7.828282828282828731e-01,7.609151005744934082e-01,3.812268972396850586e-01,4.712258577346801758e-01,5.558192133903503418e-01,5.253013968467712402e-01,5.222124457359313965e-01,5.749319195747375488e-01,6.202334165573120117e-01,7.630799412727355957e-01,8.443107604980468750e-01,8.382354974746704102e-01,7.371430993080139160e-01,6.958275437355041504e-01,6.725204586982727051e-01,6.849723458290100098e-01,7.341771721839904785e-01,7.927926778793334961e-01,8.001680374145507812e-01,7.500882744789123535e-01,6.977392435073852539e-01,6.897745728492736816e-01,7.041208148002624512e-01,7.262089848518371582e-01,7.696343660354614258e-01,7.845243811607360840e-01,7.641241550445556641e-01,7.349922657012939453e-01,7.315069437026977539e-01,7.409090995788574219e-01,7.757756114006042480e-01,7.889992594718933105e-01,7.914279103279113770e-01,7.802873849868774414e-01,7.595054507255554199e-01,7.559246420860290527e-01,7.632130384445190430e-01,7.824551463127136230e-01,7.878086566925048828e-01,7.851666212081909180e-01,7.686110734939575195e-01,7.615888714790344238e-01,7.626592516899108887e-01,7.671842575073242188e-01,7.721230387687683105e-01,7.679340243339538574e-01,7.642200589179992676e-01,7.586331963539123535e-01,7.419595122337341309e-01,7.290741205215454102e-01,7.442626953125000000e-01,7.747282981872558594e-01
7.878787878787879562e-01,7.599595785140991211e-01,3.816265463829040527e-01,4.742214977741241455e-01,5.606327056884765625e-01,5.289882421493530273e-01,5.244262218475341797e-01,5.768609642982482910e-01,6.219319701194763184e-01,7.654435038566589355e-01,8.460124731063842773e-01,8.376686573028564453e-01,7.337221503257751465e-01,6.924793720245361328e-01,6.714999675750732422e-01,6.811964511871337891e-01,7.293251156806945801e-01,7.857415080070495605e-01,7.921985387802124023e-01,7.430652976036071777e-01,6.923850178718566895e-01,6.837987899780273438e-01,6.991595029830932617e-01,7.209818959236145020e-01,7.638933062553405762e-01,7.769342064857482910e-01,7.593117356300354004e-01,7.310727834701538086e-01,7.264607548713684082e-01,7.364518642425537109e-01,7.699512243270874023e-01,7.856492400169372559e-01,7.871198654174804688e-01,7.781922817230224609e-01,7.577875852584838867e-01,7.546380162239074707e-01,7.616363167762756348e-01,7.807334661483764648e-01,7.844842672348022461e-01,7.815592288970947266e-01,7.663862705230712891e-01,7.588172554969787598e-01,7.595040798187255859e-01,7.638213634490966797e-01,7.688941359519958496e-01,7.649518847465515137e-01,7.609538435935974121e-01,7.537844181060791016e-01,7.368826866149902344e-01,7.239721417427062988e-01,7.400891780853271484e-01,7.704504132270812988e-01
7.929292929292930392e-01,7.577741742134094238e-01,3.822906017303466797e-01,4.767102599143981934e-01,5.654264092445373535e-01,5.324671864509582520e-01,5.262920856475830078e-01,5.777975320816040039e-01,6.233341097831726074e-01,7.674862742424011230e-01,8.474464416503906250e-01,8.369011878967285156e-01,7.302289605140686035e-01,6.896368265151977539e-01,6.696975231170654297e-01,6.770286560058593750e-01,7.242169976234436035e-01,7.785370945930480957e-01,7.844963669776916504e-01,7.362557053565979004e-01,6.870715022087097168e-01,6.778859496116638184e-01,6.942498087882995605e-01,7.162750959396362305e-01,7.583387494087219238e-01,7.697419524192810059e-01,7.539052963256835938e-01,7.271813750267028809e-01,7.211507558822631836e-01,7.321432232856750488e-01,7.640030980110168457e-01,7.814304232597351074e-01,7.826453447341918945e-01,7.757771611213684082e-01,7.556622028350830078e-01,7.527629733085632324e-01,7.596035003662109375e-01,7.781016230583190918e-01,7.811685204505920410e-01,7.776817083358764648e-01,7.631243467330932617e-01,7.556949853897094727e-01,7.553409934043884277e-01,7.599847316741943359e-01,7.650796175003051758e-01,7.619266510009765625e-01,7.575280070304870605e-01,7.489809989929199219e-01,7.315753698348999023e-01,7.191005349159240723e-01,7.358336448669433594e-01,7.660132050514221191e-01
7.979797979797980112e-01,7.555887699127197266e-01,3.833875060081481934e-01,4.791176915168762207e-01,5.707058310508728027e-01,5.362647771835327148e-01,5.280910134315490723e-01,5.786146521568298340e-01,6.249856352806091309e-01,7.698379158973693848e-01,8.492595553398132324e-01,8.365419507026672363e-01,7.274974584579467773e-01,6.875524520874023438e-01,6.672180294990539551e-01,6.726850271224975586e-01,7.193424701690673828e-01,7.718356251716613770e-01,7.775291204452514648e-01,7.299364209175109863e-01,6.819784045219421387e-01,6.723117232322692871e-01,6.896719932556152344e-01,7.120014429092407227e-01,7.532896995544433594e-01,7.633004784584045410e-01,7.482901811599731445e-01,7.234466075897216797e-01,7.160705924034118652e-01,7.284505367279052734e-01,7.584658861160278320e-01,7.768712639808654785e-01,7.787707448005676270e-01,7.732281088829040527e-01,7.535181641578674316e-01,7.504872083663940430e-01,7.572682499885559082e-01,7.751322984695434570e-01,7.786126136779785156e-01,7.740414738655090332e-01,7.592591643333435059e-01,7.524031400680541992e-01,7.507413625717163086e-01,7.561588883399963379e-01,7.608790397644042969e-01,7.587864398956298828e-01,7.541773319244384766e-01,7.445107698440551758e-01,7.266716361045837402e-01,7.148702144622802734e-01,7.320349812507629395e-01,7.617796063423156738e-01
8.030303030303030942e-01,7.532157897949218750e-01,3.849481940269470215e-01,4.819498658180236816e-01,5.768260955810546875e-01,5.407661795616149902e-01,5.302723050117492676e-01,5.802242755889892578e-01,6.274411082267761230e-01,7.729537487030029297e-01,8.519951105117797852e-01,8.370286226272583008e-01,7.259397506713867188e-01,6.861207485198974609e-01,6.643686890602111816e-01,6.684349775314331055e-01,7.149627804756164551e-01,7.660408616065979004e-01,7.714212536811828613e-01,7.240970730781555176e-01,6.770470142364501953e-01,6.671612858772277832e-01,6.854366064071655273e-01,7.079015970230102539e-01,7.488322854042053223e-01,7.576513290405273438e-01,7.428905367851257324e-01,7.197778224945068359e-01,7.115884423255920410e-01,7.255442142486572266e-01,7.535790205001831055e-01,7.724678516387939453e-01,7.759009003639221191e-01,7.707157135009765625e-01,7.515904307365417480e-01,7.480853199958801270e-01,7.548676729202270508e-01,7.723109126091003418e-01,7.771161198616027832e-01,7.709298729896545410e-01,7.554478645324707031e-01,7.491260170936584473e-01,7.463265657424926758e-01,7.526167035102844238e-01,7.565871477127075195e-01,7.554577589035034180e-01,7.509503364562988281e-01,7.405365109443664551e-01,7.225100398063659668e-01,7.113550901412963867e-01,7.289403676986694336e-01,7.578665018081665039e-01
8.080808080808081773e-01,7.508428692817687988e-01,3.867325484752655029e-01,4.854933917522430420e-01,5.838585495948791504e-01,5.460313558578491211e-01,5.331879854202270508e-01,5.829575657844543457e-01,6.308249235153198242e-01,7.770391702651977539e-01,8.557798862457275391e-01,8.385968208312988281e-01,7.253765463829040527e-01,6.850572824478149414e-01,6.613267660140991211e-01,6.644625663757324219e-01,7.110175490379333496e-01,7.610340714454650879e-01,7.659516930580139160e-01,7.183324694633483887e-01,6.719835400581359863e-01,6.623076200485229492e-01,6.812461614608764648e-01,7.035592198371887207e-01,7.447345256805419922e-01,7.527099251747131348e-01,7.379385232925415039e-01,7.158425450325012207e-01,7.075437903404235840e-01,7.231174111366271973e-01,7.494344711303710938e-01,7.684181928634643555e-01,7.738471031188964844e-01,7.682284116744995117e-01,7.498127818107604980e-01,7.457061409950256348e-01,7.525360584259033203e-01,7.697787880897521973e-01,7.763440608978271484e-01,7.682550549507141113e-01,7.521660327911376953e-01,7.459558844566345215e-01,7.425441145896911621e-01,7.493337988853454590e-01,7.522985935211181641e-01,7.517421245574951172e-01,7.475980520248413086e-01,7.369434833526611328e-01,7.189489603042602539e-01,7.082913517951965332e-01,7.263103723526000977e-01,7.541615962982177734e-01
8.131313131313131493e-01,7.486745119094848633e-01,3.885124921798706055e-01,4.896938204765319824e-01,5.914348959922790527e-01,5.516903996467590332e-01,5.368624329566955566e-01,5.866577625274658203e-01,6.349730491638183594e-01,7.819244861602783203e-01,8.603498339653015137e-01,8.410074114799499512e-01,7.253104448318481445e-01,6.839010119438171387e-01,6.580581665039062500e-01,6.606552004814147949e-01,7.071712017059326172e-01,7.562449574470520020e-01,7.605727910995483398e-01,7.122227549552917480e-01,6.665321588516235352e-01,6.575043797492980957e-01,6.766754388809204102e-01,6.986179947853088379e-01,7.405011057853698730e-01,7.479911446571350098e-01,7.332426309585571289e-01,7.113432884216308594e-01,7.033860087394714355e-01,7.205184102058410645e-01,7.459354400634765625e-01,7.646937966346740723e-01,7.721168994903564453e-01,7.656933069229125977e-01,7.480326294898986816e-01,7.434248924255371094e-01,7.503196597099304199e-01,7.674102783203125000e-01,7.756502032279968262e-01,7.658125758171081543e-01,7.494884133338928223e-01,7.428664565086364746e-01,7.393581867218017578e-01,7.460430264472961426e-01,7.479891777038574219e-01,7.473760247230529785e-01,7.437497973442077637e-01,7.333792448043823242e-01,7.155518531799316406e-01,7.052114605903625488e-01,7.235941886901855469e-01,7.504662275314331055e-01
8.181818181818182323e-01,7.465062141418457031e-01,3.899484574794769287e-01,4.943068027496337891e-01,5.991196036338806152e-01,5.571166872978210449e-01,5.408978462219238281e-01,5.908200144767761230e-01,6.394080519676208496e-01,7.871743440628051758e-01,8.652955889701843262e-01,8.438128829002380371e-01,7.251783609390258789e-01,6.822261810302734375e-01,6.544275283813476562e-01,6.567966938018798828e-01,7.030071616172790527e-01,7.510153055191040039e-01,7.548052072525024414e-01,7.056816220283508301e-01,6.606108546257019043e-01,6.524574160575866699e-01,6.713191270828247070e-01,6.929219365119934082e-01,7.356491684913635254e-01,7.429908514022827148e-01,7.284963130950927734e-01,7.060915231704711914e-01,6.985447406768798828e-01,7.170310020446777344e-01,7.429538369178771973e-01,7.612151503562927246e-01,7.701093554496765137e-01,7.629954814910888672e-01,7.460672259330749512e-01,7.412110567092895508e-01,7.481991648674011230e-01,7.650043964385986328e-01,7.743170857429504395e-01,7.633087038993835449e-01,7.470965385437011719e-01,7.398211956024169922e-01,7.365534901618957520e-01,7.425938844680786133e-01,7.435731291770935059e-01,7.422041893005371094e-01,7.392364144325256348e-01,7.294341325759887695e-01,7.117201685905456543e-01,7.017469406127929688e-01,7.200586199760437012e-01,7.465386390686035156e-01
8.232323232323233153e-01,7.407246232032775879e-01,3.908181190490722656e-01,4.989180564880371094e-01,6.065737605094909668e-01,5.618632435798645020e-01,5.447206497192382812e-01,5.949319601058959961e-01,6.435770392417907715e-01,7.920456528663635254e-01,8.700492978096008301e-01,8.461813926696777344e-01,7.244863510131835938e-01,6.798921227455139160e-01,6.502047777175903320e-01,6.526656746864318848e-01,6.982735395431518555e-01,7.448650598526000977e-01,7.483572959899902344e-01,6.988304257392883301e-01,6.544018387794494629e-01,6.470885276794433594e-01,6.648997664451599121e-01,6.864021420478820801e-01,7.297646403312683105e-01,7.372172474861145020e-01,7.232897281646728516e-01,7.000916600227355957e-01,6.927473545074462891e-01,7.123097777366638184e-01,7.401880621910095215e-01,7.577310800552368164e-01,7.672489881515502930e-01,7.598499655723571777e-01,7.435382604598999023e-01,7.386962771415710449e-01,7.457342147827148438e-01,7.622067332267761230e-01,7.716822028160095215e-01,7.603307962417602539e-01,7.444468140602111816e-01,7.364383935928344727e-01,7.335520982742309570e-01,7.386707663536071777e-01,7.388849258422851562e-01,7.361645698547363281e-01,7.340418696403503418e-01,7.247825860977172852e-01,7.069709897041320801e-01,6.976590752601623535e-01,7.151277661323547363e-01,7.422335147857666016e-01
8.282828282828283983e-01,7.349429130554199219e-01,3.908874392509460449e-01,5.032064318656921387e-01,6.136448383331298828e-01,5.658634305000305176e-01,5.481210947036743164e-01,5.986993908882141113e-01,6.471041440963745117e-01,7.958837151527404785e-01,8.740761876106262207e-01,8.474155664443969727e-01,7.229825258255004883e-01,6.770170927047729492e-01,6.452787518501281738e-01,6.480322480201721191e-01,6.930270791053771973e-01,7.379767298698425293e-01,7.412235736846923828e-01,6.920277476310729980e-01,6.480727791786193848e-01,6.411992907524108887e-01,6.573419570922851562e-01,6.792106032371520996e-01,7.227211594581604004e-01,7.305158972740173340e-01,7.174718379974365234e-01,6.936007142066955566e-01,6.862977743148803711e-01,7.063379883766174316e-01,7.372102737426757812e-01,7.540290355682373047e-01,7.630972862243652344e-01,7.559906840324401855e-01,7.402645349502563477e-01,7.355209589004516602e-01,7.425199747085571289e-01,7.586618661880493164e-01,7.673844695091247559e-01,7.564004659652709961e-01,7.411912679672241211e-01,7.325116395950317383e-01,7.298963069915771484e-01,7.341629266738891602e-01,7.338758111000061035e-01,7.295233607292175293e-01,7.283252477645874023e-01,7.195081710815429688e-01,7.012245655059814453e-01,6.930521130561828613e-01,7.089096903800964355e-01,7.372355461120605469e-01
8.333333333333333703e-01,7.312932610511779785e-01,3.900380730628967285e-01,5.070171952247619629e-01,6.205049753189086914e-01,5.693992972373962402e-01,5.511137843132019043e-01,6.020296812057495117e-01,6.498873829841613770e-01,7.982512712478637695e-01,8.771920204162597656e-01,8.470350503921508789e-01,7.204974889755249023e-01,6.738491058349609375e-01,6.397625207901000977e-01,6.428465247154235840e-01,6.874833703041076660e-01,7.308637499809265137e-01,7.336970567703247070e-01,6.853936910629272461e-01,6.416624188423156738e-01,6.346951127052307129e-01,6.488036513328552246e-01,6.714284420013427734e-01,7.146803140640258789e-01,7.228478193283081055e-01,7.110259532928466797e-01,6.868144273757934570e-01,6.796631813049316406e-01,6.995112895965576172e-01,7.334636449813842773e-01,7.496154904365539551e-01,7.572106719017028809e-01,7.509473562240600586e-01,7.359533905982971191e-01,7.312108874320983887e-01,7.379605174064636230e-01,7.538346648216247559e-01,7.612048983573913574e-01,7.510405182838439941e-01,7.369259595870971680e-01,7.276400327682495117e-01,7.251200675964355469e-01,7.288048863410949707e-01,7.283763289451599121e-01,7.226163744926452637e-01,7.221206426620483398e-01,7.138102054595947266e-01,6.945534348487854004e-01,6.879112124443054199e-01,7.016744613647460938e-01,7.310779690742492676e-01
8.383838383838384534e-01,7.276436090469360352e-01,3.885805308818817139e-01,5.104911327362060547e-01,6.274645328521728516e-01,5.728687644004821777e-01,5.541452169418334961e-01,6.048034429550170898e-01,6.519283056259155273e-01,7.991926670074462891e-01,8.793356418609619141e-01,8.448615074157714844e-01,7.169318795204162598e-01,6.705167293548583984e-01,6.338454484939575195e-01,6.371656656265258789e-01,6.818240284919738770e-01,7.241269350051879883e-01,7.260532379150390625e-01,6.786504983901977539e-01,6.349217891693115234e-01,6.274499893188476562e-01,6.393868923187255859e-01,6.629414558410644531e-01,7.059566974639892578e-01,7.143153548240661621e-01,7.039526700973510742e-01,6.797617077827453613e-01,6.731789112091064453e-01,6.921759843826293945e-01,7.284432649612426758e-01,7.438591718673706055e-01,7.494932413101196289e-01,7.444139719009399414e-01,7.305704355239868164e-01,7.255322933197021484e-01,7.318533062934875488e-01,7.473816275596618652e-01,7.533687353134155273e-01,7.441096305847167969e-01,7.314003705978393555e-01,7.216487526893615723e-01,7.190073728561401367e-01,7.224661707878112793e-01,7.223749160766601562e-01,7.157452702522277832e-01,7.154107093811035156e-01,7.079396843910217285e-01,6.873311996459960938e-01,6.822619438171386719e-01,6.939513087272644043e-01,7.234275341033935547e-01
8.434343434343435364e-01,7.214630246162414551e-01,3.872757852077484131e-01,5.138907432556152344e-01,6.349109411239624023e-01,5.764835476875305176e-01,5.575315356254577637e-01,6.069589853286743164e-01,6.534006595611572266e-01,7.993007898330688477e-01,8.806760311126708984e-01,8.410527110099792480e-01,7.122865915298461914e-01,6.669857501983642578e-01,6.278906464576721191e-01,6.312893629074096680e-01,6.760476231575012207e-01,7.181373238563537598e-01,7.185618877410888672e-01,6.712526679039001465e-01,6.273611187934875488e-01,6.193643808364868164e-01,6.292073130607604980e-01,6.535842418670654297e-01,6.968200206756591797e-01,7.050508856773376465e-01,6.962724924087524414e-01,6.723620891571044922e-01,6.668265461921691895e-01,6.846218705177307129e-01,7.217111587524414062e-01,7.362332940101623535e-01,7.401568889617919922e-01,7.362533211708068848e-01,7.242105603218078613e-01,7.185096144676208496e-01,7.243692874908447266e-01,7.392823696136474609e-01,7.443157434463500977e-01,7.356835007667541504e-01,7.244558930397033691e-01,7.145696878433227539e-01,7.115076184272766113e-01,7.151766419410705566e-01,7.158159017562866211e-01,7.089757919311523438e-01,7.082243561744689941e-01,7.018561959266662598e-01,6.799449920654296875e-01,6.758628487586975098e-01,6.860737204551696777e-01,7.142351269721984863e-01
8.484848484848485084e-01,7.152823209762573242e-01,3.870427906513214111e-01,5.175693035125732422e-01,6.431761384010314941e-01,5.805727839469909668e-01,5.612791180610656738e-01,6.085532903671264648e-01,6.546348333358764648e-01,7.995480298995971680e-01,8.816752433776855469e-01,8.360953927040100098e-01,7.067784667015075684e-01,6.631474494934082031e-01,6.223673224449157715e-01,6.256962418556213379e-01,6.699021458625793457e-01,7.126714587211608887e-01,7.112033963203430176e-01,6.628549695014953613e-01,6.189203858375549316e-01,6.106349229812622070e-01,6.185500025749206543e-01,6.435158848762512207e-01,6.874713301658630371e-01,6.952179074287414551e-01,6.878706812858581543e-01,6.645278930664062500e-01,6.602096557617187500e-01,6.768533587455749512e-01,7.131095528602600098e-01,7.265521287918090820e-01,7.298987507820129395e-01,7.266380786895751953e-01,7.170041799545288086e-01,7.102915048599243164e-01,7.159134149551391602e-01,7.298304438591003418e-01,7.346121072769165039e-01,7.263066768646240234e-01,7.161471247673034668e-01,7.065668106079101562e-01,7.029494047164916992e-01,7.071736454963684082e-01,7.086638808250427246e-01,7.021825313568115234e-01,7.006562948226928711e-01,6.952467560768127441e-01,6.726061105728149414e-01,6.684454679489135742e-01,6.781151890754699707e-01,7.040612101554870605e-01
8.535353535353535914e-01,7.118436098098754883e-01,3.887064754962921143e-01,5.218237042427062988e-01,6.526081562042236328e-01,5.855543613433837891e-01,5.651215314865112305e-01,6.099778413772583008e-01,6.561455130577087402e-01,8.008868694305419922e-01,8.828943371772766113e-01,8.307400345802307129e-01,7.009968757629394531e-01,6.589512228965759277e-01,6.176829934120178223e-01,6.209174990653991699e-01,6.631374955177307129e-01,7.072067260742187500e-01,7.038885951042175293e-01,6.534753441810607910e-01,6.099254488945007324e-01,6.017906069755554199e-01,6.078818440437316895e-01,6.331215500831604004e-01,6.779448390007019043e-01,6.851718425750732422e-01,6.786552667617797852e-01,6.564298868179321289e-01,6.530373692512512207e-01,6.689301133155822754e-01,7.030415534973144531e-01,7.152761220932006836e-01,7.195637226104736328e-01,7.163035273551940918e-01,7.091955542564392090e-01,7.012122273445129395e-01,7.071188092231750488e-01,7.196746468544006348e-01,7.248079180717468262e-01,7.166493535041809082e-01,7.068126201629638672e-01,6.979500055313110352e-01,6.939008235931396484e-01,6.988603472709655762e-01,7.010250687599182129e-01,6.952106356620788574e-01,6.928352117538452148e-01,6.877385973930358887e-01,6.654473543167114258e-01,6.600239276885986328e-01,6.700366139411926270e-01,6.938439607620239258e-01
8.585858585858586745e-01,7.084048986434936523e-01,3.921976685523986816e-01,5.268467664718627930e-01,6.633629202842712402e-01,5.919509530067443848e-01,5.687900781631469727e-01,6.118412017822265625e-01,6.584030389785766602e-01,8.038210868835449219e-01,8.848023414611816406e-01,8.260438442230224609e-01,6.957069635391235352e-01,6.543906927108764648e-01,6.138427853584289551e-01,6.171618103981018066e-01,6.556392908096313477e-01,7.010670900344848633e-01,6.963647603988647461e-01,6.435427069664001465e-01,6.009730696678161621e-01,5.934712886810302734e-01,5.979741811752319336e-01,6.230110526084899902e-01,6.682405471801757812e-01,6.752398014068603516e-01,6.685794591903686523e-01,6.483051180839538574e-01,6.453428864479064941e-01,6.608774065971374512e-01,6.923762559890747070e-01,7.034218311309814453e-01,7.097963690757751465e-01,7.060801386833190918e-01,7.009232044219970703e-01,6.916418075561523438e-01,6.984277963638305664e-01,7.093977928161621094e-01,7.151985764503479004e-01,7.073290348052978516e-01,6.969736218452453613e-01,6.890062093734741211e-01,6.849406957626342773e-01,6.906108856201171875e-01,6.928788423538208008e-01,6.878975629806518555e-01,6.846581697463989258e-01,6.790860295295715332e-01,6.583670377731323242e-01,6.508116722106933594e-01,6.617838144302368164e-01,6.842977404594421387e-01
8.636363636363637575e-01,7.035742998123168945e-01,3.966559171676635742e-01,5.327174067497253418e-01,6.753826737403869629e-01,6.000348329544067383e-01,5.721853971481323242e-01,6.146093010902404785e-01,6.616489887237548828e-01,8.081907033920288086e-01,8.876610398292541504e-01,8.229176402091979980e-01,6.916036009788513184e-01,6.496278643608093262e-01,6.103900671005249023e-01,6.141287684440612793e-01,6.477245092391967773e-01,6.939135789871215820e-01,6.884452700614929199e-01,6.337232589721679688e-01,5.927244424819946289e-01,5.861384272575378418e-01,5.895569920539855957e-01,6.137198805809020996e-01,6.584858298301696777e-01,6.656995415687561035e-01,6.578374505043029785e-01,6.404038071632385254e-01,6.374248266220092773e-01,6.527436971664428711e-01,6.821341514587402344e-01,6.922237277030944824e-01,7.008790373802185059e-01,6.967215538024902344e-01,6.923685669898986816e-01,6.820691823959350586e-01,6.900728940963745117e-01,6.995439529418945312e-01,7.059493660926818848e-01,6.986996531486511230e-01,6.871361732482910156e-01,6.800171136856079102e-01,6.763958334922790527e-01,6.824666261672973633e-01,6.842704415321350098e-01,6.801524758338928223e-01,6.759721636772155762e-01,6.694141626358032227e-01,6.510609984397888184e-01,6.411572694778442383e-01,6.533539891242980957e-01,6.755780577659606934e-01
8.686868686868687295e-01,6.987437605857849121e-01,4.009183943271636963e-01,5.395083427429199219e-01,6.884444952011108398e-01,6.095974445343017578e-01,5.755698084831237793e-01,6.183235645294189453e-01,6.658070087432861328e-01,8.134316802024841309e-01,8.914358615875244141e-01,8.219366073608398438e-01,6.889187693595886230e-01,6.447372436523437500e-01,6.065788865089416504e-01,6.111407279968261719e-01,6.398488283157348633e-01,6.857363581657409668e-01,6.798980236053466797e-01,6.244729757308959961e-01,5.853113532066345215e-01,5.797401070594787598e-01,5.827918648719787598e-01,6.052820086479187012e-01,6.488496661186218262e-01,6.565482020378112793e-01,6.468812823295593262e-01,6.326903700828552246e-01,6.295547485351562500e-01,6.444544196128845215e-01,6.730346679687500000e-01,6.825569272041320801e-01,6.927370429039001465e-01,6.885191202163696289e-01,6.836990118026733398e-01,6.729354262351989746e-01,6.819218993186950684e-01,6.905866861343383789e-01,6.971898078918457031e-01,6.908257603645324707e-01,6.775057911872863770e-01,6.711684465408325195e-01,6.682667136192321777e-01,6.741771697998046875e-01,6.751561164855957031e-01,6.718860864639282227e-01,6.666319966316223145e-01,6.591192483901977539e-01,6.431662440299987793e-01,6.313292980194091797e-01,6.446634531021118164e-01,6.672185063362121582e-01
8.737373737373738125e-01,6.951755285263061523e-01,4.041404426097869873e-01,5.471510887145996094e-01,7.019928097724914551e-01,6.198011636734008789e-01,5.792232155799865723e-01,6.224690079689025879e-01,6.703854799270629883e-01,8.187512159347534180e-01,8.957781195640563965e-01,8.228937387466430664e-01,6.872175335884094238e-01,6.398804187774658203e-01,6.017571091651916504e-01,6.074031591415405273e-01,6.323278546333312988e-01,6.767362356185913086e-01,6.706063747406005859e-01,6.158352494239807129e-01,5.783680677413940430e-01,5.736657381057739258e-01,5.770805478096008301e-01,5.973431468009948730e-01,6.393496990203857422e-01,6.475591063499450684e-01,6.361793875694274902e-01,6.248592734336853027e-01,6.216261386871337891e-01,6.357915401458740234e-01,6.650089025497436523e-01,6.744134426116943359e-01,6.850728392601013184e-01,6.812105178833007812e-01,6.749786138534545898e-01,6.644994616508483887e-01,6.736503839492797852e-01,6.826587319374084473e-01,6.888458728790283203e-01,6.833721995353698730e-01,6.679819822311401367e-01,6.623809337615966797e-01,6.601126790046691895e-01,6.653157472610473633e-01,6.654759049415588379e-01,6.629438996315002441e-01,6.567213535308837891e-01,6.485501527786254883e-01,6.342375278472900391e-01,6.213304996490478516e-01,6.353757977485656738e-01,6.583429574966430664e-01
8.787878787878788955e-01,6.916072964668273926e-01,4.060838222503662109e-01,5.552486777305603027e-01,7.152680754661560059e-01,6.295886039733886719e-01,5.831618309020996094e-01,6.262209415435791016e-01,6.747215390205383301e-01,8.236420750617980957e-01,9.002205133438110352e-01,8.249422311782836914e-01,6.856919527053833008e-01,6.351627707481384277e-01,5.957352519035339355e-01,6.024689674377441406e-01,6.252358555793762207e-01,6.671792268753051758e-01,6.606373786926269531e-01,6.076239943504333496e-01,5.712006092071533203e-01,5.670600533485412598e-01,5.713286399841308594e-01,5.893793106079101562e-01,6.298492550849914551e-01,6.384371519088745117e-01,6.261096000671386719e-01,6.165178418159484863e-01,6.132182478904724121e-01,6.264666914939880371e-01,6.573988199234008789e-01,6.671285629272460938e-01,6.774977445602416992e-01,6.741871833801269531e-01,6.661128401756286621e-01,6.566888093948364258e-01,6.649214625358581543e-01,6.754967570304870605e-01,6.806610226631164551e-01,6.757652163505554199e-01,6.582853198051452637e-01,6.534263491630554199e-01,6.513642072677612305e-01,6.555246710777282715e-01,6.551657915115356445e-01,6.531297564506530762e-01,6.463476419448852539e-01,6.378322243690490723e-01,6.239690780639648438e-01,6.109436750411987305e-01,6.250681877136230469e-01,6.481927037239074707e-01
8.838383838383838675e-01,6.872550249099731445e-01,4.071455001831054688e-01,5.632489323616027832e-01,7.275328040122985840e-01,6.381642818450927734e-01,5.871580243110656738e-01,6.291291117668151855e-01,6.783720254898071289e-01,8.278448581695556641e-01,9.043710827827453613e-01,8.269653916358947754e-01,6.836006045341491699e-01,6.306894421577453613e-01,5.889831781387329102e-01,5.963200926780700684e-01,6.183336377143859863e-01,6.572809219360351562e-01,6.501916050910949707e-01,5.995567440986633301e-01,5.632934570312500000e-01,5.592669248580932617e-01,5.645698308944702148e-01,5.809803009033203125e-01,6.201111078262329102e-01,6.289150118827819824e-01,6.166791319847106934e-01,6.073831915855407715e-01,6.039212346076965332e-01,6.163467168807983398e-01,6.492948532104492188e-01,6.596739292144775391e-01,6.696770787239074707e-01,6.668857932090759277e-01,6.570420861244201660e-01,6.491819024085998535e-01,6.556921005249023438e-01,6.684266924858093262e-01,6.722722053527832031e-01,6.675196886062622070e-01,6.482182145118713379e-01,6.439842581748962402e-01,6.415858268737792969e-01,6.446906924247741699e-01,6.442115306854248047e-01,6.422460079193115234e-01,6.355714201927185059e-01,6.267873644828796387e-01,6.123641729354858398e-01,5.999289155006408691e-01,6.134079694747924805e-01,6.364482641220092773e-01
8.888888888888889506e-01,6.829026937484741211e-01,4.078052341938018799e-01,5.705312490463256836e-01,7.383457422256469727e-01,6.452043652534484863e-01,5.907953381538391113e-01,6.310778856277465820e-01,6.810930967330932617e-01,8.313522934913635254e-01,9.079539775848388672e-01,8.281252980232238770e-01,6.805813908576965332e-01,6.266116499900817871e-01,5.821670293807983398e-01,5.893589258193969727e-01,6.113957762718200684e-01,6.472865939140319824e-01,6.397633552551269531e-01,5.915358662605285645e-01,5.544781684875488281e-01,5.501958727836608887e-01,5.564575791358947754e-01,5.719897747039794922e-01,6.100385189056396484e-01,6.190485358238220215e-01,6.077787876129150391e-01,5.974911451339721680e-01,5.937698483467102051e-01,6.056586503982543945e-01,6.402863264083862305e-01,6.514273285865783691e-01,6.613788604736328125e-01,6.589859127998352051e-01,6.478137969970703125e-01,6.416448354721069336e-01,6.462532877922058105e-01,6.607892513275146484e-01,6.632981300354003906e-01,6.584048867225646973e-01,6.378672122955322266e-01,6.339585185050964355e-01,6.307736635208129883e-01,6.330744028091430664e-01,6.327718496322631836e-01,6.303462386131286621e-01,6.243710517883300781e-01,6.151986718177795410e-01,5.997542142868041992e-01,5.882875323295593262e-01,6.004719138145446777e-01,6.233593225479125977e-01
8.939393939393940336e-01,6.807409524917602539e-01,4.084878563880920410e-01,5.765963792800903320e-01,7.476823329925537109e-01,6.508201360702514648e-01,5.938109159469604492e-01,6.324165463447570801e-01,6.830486059188842773e-01,8.342289924621582031e-01,9.108008742332458496e-01,8.280838131904602051e-01,6.768386960029602051e-01,6.229583024978637695e-01,5.759062767028808594e-01,5.821108818054199219e-01,6.044722795486450195e-01,6.375710964202880859e-01,6.299418210983276367e-01,5.836796760559082031e-01,5.451811552047729492e-01,5.403804183006286621e-01,5.474784374237060547e-01,5.627033710479736328e-01,5.998216271400451660e-01,6.090127825736999512e-01,5.991833209991455078e-01,5.872473716735839844e-01,5.833182930946350098e-01,5.949900746345520020e-01,6.304805874824523926e-01,6.423551440238952637e-01,6.526302695274353027e-01,6.505039930343627930e-01,6.385428905487060547e-01,6.338910460472106934e-01,6.369692087173461914e-01,6.522243022918701172e-01,6.536883711814880371e-01,6.486038565635681152e-01,6.276115179061889648e-01,6.235069632530212402e-01,6.192631721496582031e-01,6.211142539978027344e-01,6.211115121841430664e-01,6.177098751068115234e-01,6.127362251281738281e-01,6.030738353729248047e-01,5.867258906364440918e-01,5.762532949447631836e-01,5.868041515350341797e-01,6.095983982086181641e-01
8.989898989898991166e-01,6.785791516304016113e-01,4.093137681484222412e-01,5.814245939254760742e-01,7.558025121688842773e-01,6.553896665573120117e-01,5.961946249008178711e-01,6.335815787315368652e-01,6.845973134040832520e-01,8.366535305976867676e-01,9.130643010139465332e-01,8.271510004997253418e-01,6.729338169097900391e-01,6.198366880416870117e-01,5.706212520599365234e-01,5.751547813415527344e-01,5.979059934616088867e-01,6.287258267402648926e-01,6.213924288749694824e-01,5.764564275741577148e-01,5.361731648445129395e-01,5.306456089019775391e-01,5.385411977767944336e-01,5.536713600158691406e-01,5.899919867515563965e-01,5.993646383285522461e-01,5.909402370452880859e-01,5.772688984870910645e-01,5.733823180198669434e-01,5.850006937980651855e-01,6.205776333808898926e-01,6.331508159637451172e-01,6.437759399414062500e-01,6.417958140373229980e-01,6.295669078826904297e-01,6.260610818862915039e-01,6.282574534416198730e-01,6.430415511131286621e-01,6.437621116638183594e-01,6.386657357215881348e-01,6.179350018501281738e-01,6.131783127784729004e-01,6.078714132308959961e-01,6.095251441001892090e-01,6.096748709678649902e-01,6.050294637680053711e-01,6.009171009063720703e-01,5.909035205841064453e-01,5.740397572517395020e-01,5.643326044082641602e-01,5.732501149177551270e-01,5.959590673446655273e-01
9.040404040404040886e-01,6.757954359054565430e-01,4.100522696971893311e-01,5.850300192832946777e-01,7.630140781402587891e-01,6.591404080390930176e-01,5.980046391487121582e-01,6.347332596778869629e-01,6.860040426254272461e-01,8.387058377265930176e-01,9.149189591407775879e-01,8.257307410240173340e-01,6.692259907722473145e-01,6.171028017997741699e-01,5.663048624992370605e-01,5.688407421112060547e-01,5.919613838195800781e-01,6.209931373596191406e-01,6.143352389335632324e-01,5.700070261955261230e-01,5.281009078025817871e-01,5.218154788017272949e-01,5.303958058357238770e-01,5.453272461891174316e-01,5.809630155563354492e-01,5.905534625053405762e-01,5.831638574600219727e-01,5.680618882179260254e-01,5.645455718040466309e-01,5.761744976043701172e-01,6.111792325973510742e-01,6.244366765022277832e-01,6.351292729377746582e-01,6.331307291984558105e-01,6.209387779235839844e-01,6.181215047836303711e-01,6.199586391448974609e-01,6.336547136306762695e-01,6.337745189666748047e-01,6.290549635887145996e-01,6.090373992919921875e-01,6.033337712287902832e-01,5.971563458442687988e-01,5.986431837081909180e-01,5.986604690551757812e-01,5.928978323936462402e-01,5.893388986587524414e-01,5.792627334594726562e-01,5.621500611305236816e-01,5.528952479362487793e-01,5.603933930397033691e-01,5.829811096191406250e-01
9.090909090909091717e-01,6.730117201805114746e-01,4.104331433773040771e-01,5.875757336616516113e-01,7.693207263946533203e-01,6.621872782707214355e-01,5.994700193405151367e-01,6.358772516250610352e-01,6.873769164085388184e-01,8.405946493148803711e-01,9.163379073143005371e-01,8.242276906967163086e-01,6.661641001701354980e-01,6.146613359451293945e-01,5.629374980926513672e-01,5.635567307472229004e-01,5.868551135063171387e-01,6.146088242530822754e-01,6.088663339614868164e-01,5.644981265068054199e-01,5.213493108749389648e-01,5.143210291862487793e-01,5.234749913215637207e-01,5.380386114120483398e-01,5.730671286582946777e-01,5.830541849136352539e-01,5.761085152626037598e-01,5.599449276924133301e-01,5.571842789649963379e-01,5.688340663909912109e-01,6.030349135398864746e-01,6.168172955513000488e-01,6.272489428520202637e-01,6.249680519104003906e-01,6.127914786338806152e-01,6.102475523948669434e-01,6.121615171432495117e-01,6.247265934944152832e-01,6.242017149925231934e-01,6.202254295349121094e-01,6.010324954986572266e-01,5.943264365196228027e-01,5.876862406730651855e-01,5.889177322387695312e-01,5.883990526199340820e-01,5.819693207740783691e-01,5.784548521041870117e-01,5.687690973281860352e-01,5.513709187507629395e-01,5.422384738922119141e-01,5.486975908279418945e-01,5.709022283554077148e-01
9.141414141414142547e-01,6.481823325157165527e-01,4.092489778995513916e-01,5.883678197860717773e-01,7.748107314109802246e-01,6.642863750457763672e-01,5.997900366783142090e-01,6.362504959106445312e-01,6.882194876670837402e-01,8.423897027969360352e-01,9.174326658248901367e-01,8.227919340133666992e-01,6.631845831871032715e-01,6.115158200263977051e-01,5.598411560058593750e-01,5.585624575614929199e-01,5.817220211029052734e-01,6.086757779121398926e-01,6.044157743453979492e-01,5.589355230331420898e-01,5.151032209396362305e-01,5.074429512023925781e-01,5.175613760948181152e-01,5.315274000167846680e-01,5.658938884735107422e-01,5.766263008117675781e-01,5.694699287414550781e-01,5.525174140930175781e-01,5.502818226814270020e-01,5.625589489936828613e-01,5.963164567947387695e-01,6.101933121681213379e-01,6.197051405906677246e-01,6.170744299888610840e-01,6.046931743621826172e-01,6.018720865249633789e-01,6.041060686111450195e-01,6.159636974334716797e-01,6.148168444633483887e-01,6.117937564849853516e-01,5.932347774505615234e-01,5.857062935829162598e-01,5.789141654968261719e-01,5.798229575157165527e-01,5.783944129943847656e-01,5.719927549362182617e-01,5.682586431503295898e-01,5.592554807662963867e-01,5.413704514503479004e-01,5.316103100776672363e-01,5.379405021667480469e-01,5.593172311782836914e-01
9.191919191919192267e-01,6.233528852462768555e-01,4.044836759567260742e-01,5.854292511940002441e-01,7.766797542572021484e-01,6.632068157196044922e-01,5.968156456947326660e-01,6.335354447364807129e-01,6.860098838806152344e-01,8.413404226303100586e-01,9.151244163513183594e-01,8.185870051383972168e-01,6.580473780632019043e-01,6.054493784904479980e-01,5.550841689109802246e-01,5.521465539932250977e-01,5.744676589965820312e-01,6.009109020233154297e-01,5.985181927680969238e-01,5.512149333953857422e-01,5.076291561126708984e-01,4.994904696941375732e-01,5.106123685836791992e-01,5.238763093948364258e-01,5.572692751884460449e-01,5.692319869995117188e-01,5.614210963249206543e-01,5.437882542610168457e-01,5.418663024902343750e-01,5.552442073822021484e-01,5.893378853797912598e-01,6.025901436805725098e-01,6.107838153839111328e-01,6.076371669769287109e-01,5.949203372001647949e-01,5.911860466003417969e-01,5.941498875617980957e-01,6.056952476501464844e-01,6.039416193962097168e-01,6.019138097763061523e-01,5.836412906646728516e-01,5.753511786460876465e-01,5.689800977706909180e-01,5.695041418075561523e-01,5.668354034423828125e-01,5.611106753349304199e-01,5.571818947792053223e-01,5.488703250885009766e-01,5.303368568420410156e-01,5.193901062011718750e-01,5.263247489929199219e-01,5.464063882827758789e-01
9.242424242424243097e-01,5.651699900627136230e-01,3.938296437263488770e-01,5.763682723045349121e-01,7.732658386230468750e-01,6.572004556655883789e-01,5.882194042205810547e-01,6.257137060165405273e-01,6.785588264465332031e-01,8.348738551139831543e-01,9.066295027732849121e-01,8.089427947998046875e-01,6.479272246360778809e-01,5.937330126762390137e-01,5.465807914733886719e-01,5.418137311935424805e-01,5.623136162757873535e-01,5.884301066398620605e-01,5.888562202453613281e-01,5.385854840278625488e-01,4.962684512138366699e-01,4.878490567207336426e-01,5.007121562957763672e-01,5.130789279937744141e-01,5.448386073112487793e-01,5.587938427925109863e-01,5.501568317413330078e-01,5.317217707633972168e-01,5.292337536811828613e-01,5.448451042175292969e-01,5.806342959403991699e-01,5.922319293022155762e-01,5.986006855964660645e-01,5.946945548057556152e-01,5.816904902458190918e-01,5.763705372810363770e-01,5.806963443756103516e-01,5.919188857078552246e-01,5.898637175559997559e-01,5.884147882461547852e-01,5.702807903289794922e-01,5.611784458160400391e-01,5.555167198181152344e-01,5.557824373245239258e-01,5.517021417617797852e-01,5.470526218414306641e-01,5.433445572853088379e-01,5.353845953941345215e-01,5.163073539733886719e-01,5.032624006271362305e-01,5.121622681617736816e-01,5.303009152412414551e-01
9.292929292929293927e-01,5.069878101348876953e-01,3.742006719112396240e-01,5.569468140602111816e-01,7.596958279609680176e-01,6.421602368354797363e-01,5.697461366653442383e-01,6.085655093193054199e-01,6.612089276313781738e-01,8.168488740921020508e-01,8.853666186332702637e-01,7.879893779754638672e-01,6.275321245193481445e-01,5.717627406120300293e-01,5.302657485008239746e-01,5.229963660240173340e-01,5.406468510627746582e-01,5.662415623664855957e-01,5.709489583969116211e-01,5.167161226272583008e-01,4.768407344818115234e-01,4.682554304599761963e-01,4.843514561653137207e-01,4.954717457294464111e-01,5.245310068130493164e-01,5.411219596862792969e-01,5.318688154220581055e-01,5.124565958976745605e-01,5.079261064529418945e-01,5.273095965385437012e-01,5.660958290100097656e-01,5.749598741531372070e-01,5.789819955825805664e-01,5.739408731460571289e-01,5.609686970710754395e-01,5.536243915557861328e-01,5.600166320800781250e-01,5.703501701354980469e-01,5.686439871788024902e-01,5.669452548027038574e-01,5.492907166481018066e-01,5.392282605171203613e-01,5.342875719070434570e-01,5.345239043235778809e-01,5.290191769599914551e-01,5.255337357521057129e-01,5.226581692695617676e-01,5.145694613456726074e-01,4.954880774021148682e-01,4.792845845222473145e-01,4.919585883617401123e-01,5.074549913406372070e-01
9.343434343434344758e-01,4.192300438880920410e-01,3.430229723453521729e-01,5.219699740409851074e-01,7.284577488899230957e-01,6.118671894073486328e-01,5.360279679298400879e-01,5.762428641319274902e-01,6.275153756141662598e-01,7.786049246788024902e-01,8.421353101730346680e-01,7.476496696472167969e-01,5.902900099754333496e-01,5.340415835380554199e-01,5.007233023643493652e-01,4.900352060794830322e-01,5.040723085403442383e-01,5.285353064537048340e-01,5.390357375144958496e-01,4.806065559387207031e-01,4.443580210208892822e-01,4.357826709747314453e-01,4.568709731101989746e-01,4.662188589572906494e-01,4.913474619388580322e-01,5.107150673866271973e-01,5.013098120689392090e-01,4.810429811477661133e-01,4.727837145328521729e-01,4.973810315132141113e-01,5.395503640174865723e-01,5.448474884033203125e-01,5.460484027862548828e-01,5.397191643714904785e-01,5.272638201713562012e-01,5.179529786109924316e-01,5.267751812934875488e-01,5.352677702903747559e-01,5.347731113433837891e-01,5.318198204040527344e-01,5.154790282249450684e-01,5.045386552810668945e-01,4.999375641345977783e-01,5.004001855850219727e-01,4.938325881958007812e-01,4.912439286708831787e-01,4.897631108760833740e-01,4.812256693840026855e-01,4.631260335445404053e-01,4.429170489311218262e-01,4.610549807548522949e-01,4.732485115528106689e-01
9.393939393939394478e-01,3.314733207225799561e-01,2.992905676364898682e-01,4.673025608062744141e-01,6.711444258689880371e-01,5.596936941146850586e-01,4.824872910976409912e-01,5.229899883270263672e-01,5.710391402244567871e-01,7.116021513938903809e-01,7.679107785224914551e-01,6.802988648414611816e-01,5.306945443153381348e-01,4.762609601020812988e-01,4.528876543045043945e-01,4.383246302604675293e-01,4.485215842723846436e-01,4.708747565746307373e-01,4.878046810626983643e-01,4.266025722026824951e-01,3.949972689151763916e-01,3.867344260215759277e-01,4.138073921203613281e-01,4.208173155784606934e-01,4.410307705402374268e-01,4.623430669307708740e-01,4.533421099185943604e-01,4.329194724559783936e-01,4.199423193931579590e-01,4.501027762889862061e-01,4.943881630897521973e-01,4.958384931087493896e-01,4.940056204795837402e-01,4.866830408573150635e-01,4.753128290176391602e-01,4.647255241870880127e-01,4.755781590938568115e-01,4.813690185546875000e-01,4.828542470932006836e-01,4.779501259326934814e-01,4.639900028705596924e-01,4.527263343334197998e-01,4.478692710399627686e-01,4.487858414649963379e-01,4.418613910675048828e-01,4.397200345993041992e-01,4.398159682750701904e-01,4.309788644313812256e-01,4.150597155094146729e-01,3.908133506774902344e-01,4.150763452053070068e-01,4.235582053661346436e-01
9.444444444444445308e-01,1.715434491634368896e-01,2.449340224266052246e-01,3.928259313106536865e-01,5.831049084663391113e-01,4.824756979942321777e-01,4.082818329334259033e-01,4.467173516750335693e-01,4.892685413360595703e-01,6.122952699661254883e-01,6.591832637786865234e-01,5.830675363540649414e-01,4.480228424072265625e-01,3.985952436923980713e-01,3.852562606334686279e-01,3.675559461116790771e-01,3.743680715560913086e-01,3.935007154941558838e-01,4.156695008277893066e-01,3.552257418632507324e-01,3.290023207664489746e-01,3.214898109436035156e-01,3.534960746765136719e-01,3.579002916812896729e-01,3.728213608264923096e-01,3.942278027534484863e-01,3.861364722251892090e-01,3.668795824050903320e-01,3.497040867805480957e-01,3.837935328483581543e-01,4.271350204944610596e-01,4.252471923828125000e-01,4.207370877265930176e-01,4.132191836833953857e-01,4.034549891948699951e-01,3.927606344223022461e-01,4.044398963451385498e-01,4.072624444961547852e-01,4.109236299991607666e-01,4.041371643543243408e-01,3.934048712253570557e-01,3.827913403511047363e-01,3.772788047790527344e-01,3.786994814872741699e-01,3.723222017288208008e-01,3.702684938907623291e-01,3.716460168361663818e-01,3.631339967250823975e-01,3.504026234149932861e-01,3.235128223896026611e-01,3.525091707706451416e-01,3.573926091194152832e-01
9.494949494949496138e-01,1.161169447004795074e-02,1.852023899555206299e-01,3.047540485858917236e-01,4.686354994773864746e-01,3.845663368701934814e-01,3.190953433513641357e-01,3.525050580501556396e-01,3.874513506889343262e-01,4.869416952133178711e-01,5.230219364166259766e-01,4.622370302677154541e-01,3.490262329578399658e-01,3.077286779880523682e-01,3.026278018951416016e-01,2.838886976242065430e-01,2.881735265254974365e-01,3.032406866550445557e-01,3.275296688079833984e-01,2.728177607059478760e-01,2.523470818996429443e-01,2.460687756538391113e-01,2.795727849006652832e-01,2.816089987754821777e-01,2.916147410869598389e-01,3.108439743518829346e-01,3.040443062782287598e-01,2.874815464019775391e-01,2.683376967906951904e-01,3.027060925960540771e-01,3.412173092365264893e-01,3.372293412685394287e-01,3.310302495956420898e-01,3.243349492549896240e-01,3.165436685085296631e-01,3.070005774497985840e-01,3.178899288177490234e-01,3.182833790779113770e-01,3.235089480876922607e-01,3.157584667205810547e-01,3.084654510021209717e-01,2.995496690273284912e-01,2.935374081134796143e-01,2.952758073806762695e-01,2.902010977268218994e-01,2.881483733654022217e-01,2.902006506919860840e-01,2.828255891799926758e-01,2.737184762954711914e-01,2.469586580991744995e-01,2.772458195686340332e-01,2.792032659053802490e-01
9.545454545454545858e-01,5.805881693959236145e-03,1.275574564933776855e-01,2.147931903600692749e-01,3.423116207122802734e-01,2.785476446151733398e-01,2.266134917736053467e-01,2.526594698429107666e-01,2.788039445877075195e-01,3.519166707992553711e-01,3.772136270999908447e-01,3.333113789558410645e-01,2.469716221094131470e-01,2.157717198133468628e-01,2.159015089273452759e-01,1.988229751586914062e-01,2.014465481042861938e-01,2.122049778699874878e-01,2.346934676170349121e-01,1.902898997068405151e-01,1.755077242851257324e-01,1.707868129014968872e-01,2.012104988098144531e-01,2.015734165906906128e-01,2.076099365949630737e-01,2.228530198335647583e-01,2.175739705562591553e-01,2.048459947109222412e-01,1.868035346269607544e-01,2.171288132667541504e-01,2.476395368576049805e-01,2.430401593446731567e-01,2.365448623895645142e-01,2.314316332340240479e-01,2.257599681615829468e-01,2.182513326406478882e-01,2.270078063011169434e-01,2.259947955608367920e-01,2.316207438707351685e-01,2.242551296949386597e-01,2.199334949254989624e-01,2.133606821298599243e-01,2.075396180152893066e-01,2.092641443014144897e-01,2.058113217353820801e-01,2.039218991994857788e-01,2.060080468654632568e-01,2.003516554832458496e-01,1.945982426404953003e-01,1.711839884519577026e-01,1.985061764717102051e-01,1.985951066017150879e-01
9.595959595959596689e-01,0.000000000000000000e+00,0.000000000000000000e+00,0.000000000000000000e+00,0.000000000000000000e+00,0.000000000000000000e+00,0.000000000000000000e+00,0.000000000000000000e+00,0.000000000000000000e+00,0.000000000000000000e+00,0.000000000000000000e+00,0.000000000000000000e+00,0.000000000000000000e+00,0.000000000000000000e+00,0.000000000000000000e+00,0.000000000000000000e+00,0.000000000000000000e+00,0.000000000000000000e+00,0.000000000000000000e+00,0.000000000000000000e+00,0.000000000000000000e+00,0.000000000000000000e+00,0.000000000000000000e+00,0.000000000000000000e+00,0.000000000000000000e+00,0.000000000000000000e+00,0.000000000000000000e+00,0.000000000000000000e+00,0.000000000000000000e+00,0.000000000000000000e+00,0.000000000000000000e+00,0.000000000000000000e+00,0.000000000000000000e+00,0.000000000000000000e+00,0.000000000000000000e+00,0.000000000000000000e+00,0.000000000000000000e+00,0.000000000000000000e+00,0.000000000000000000e+00,0.000000000000000000e+00,0.000000000000000000e+00,0.000000000000000000e+00,0.000000000000000000e+00,0.000000000000000000e+00,0.000000000000000000e+00,0.000000000000000000e+00,0.000000000000000000e+00,0.000000000000000000e+00,0.000000000000000000e+00,0.000000000000000000e+00,0.000000000000000000e+00,0.000000000000000000e+00
9.646464646464647519e-01,0.000000000000000000e+00,0.000000000000000000e+00,0.000000000000000000e+00,0.000000000000000000e+00,0.000000000000000000e+00,0.000000000000000000e+00,0.000000000000000000e+00,0.000000000000000000e+00,0.000000000000000000e+00,0.000000000000000000e+00,0.000000000000000000e+00,0.000000000000000000e+00,0.000000000000000000e+00,0.000000000000000000e+00,0.000000000000000000e+00,0.000000000000000000e+00,0.000000000000000000e+00,0.000000000000000000e+00,0.000000000000000000e+00,0.000000000000000000e+00,0.000000000000000000e+00,0.000000000000000000e+00,0.000000000000000000e+00,0.000000000000000000e+00,0.000000000000000000e+00,0.000000000000000000e+00,0.000000000000000000e+00,0.000000000000000000e+00,0.000000000000000000e+00,0.000000000000000000e+00,0.000000000000000000e+00,0.000000000000000000e+00,0.000000000000000000e+00,0.000000000000000000e+00,0.000000000000000000e+00,0.000000000000000000e+00,0.000000000000000000e+00,0.000000000000000000e+00,0.000000000000000000e+00,0.000000000000000000e+00,0.000000000000000000e+00,0.000000000000000000e+00,0.000000000000000000e+00,0.000000000000000000e+00,0.000000000000000000e+00,0.000000000000000000e+00,0.000000000000000000e+00,0.000000000000000000e+00,0.000000000000000000e+00,0.000000000000000000e+00,0.000000000000000000e+00
9.696969696969697239e-01,0.000000000000000000e+00,0.000000000000000000e+00,0.000000000000000000e+00,0.000000000000000000e+00,0.000000000000000000e+00,0.000000000000000000e+00,0.000000000000000000e+00,0.000000000000000000e+00,0.000000000000000000e+00,0.000000000000000000e+00,0.000000000000000000e+00,0.000000000000000000e+00,0.000000000000000000e+00,0.000000000000000000e+00,0.000000000000000000e+00,0.000000000000000000e+00,0.000000000000000000e+00,0.000000000000000000e+00,0.000000000000000000e+00,0.000000000000000000e+00,0.000000000000000000e+00,0.000000000000000000e+00,0.000000000000000000e+00,0.000000000000000000e+00,0.000000000000000000e+00,0.000000000000000000e+00,0.000000000000000000e+00,0.000000000000000000e+00,0.000000000000000000e+00,0.000000000000000000e+00,0.000000000000000000e+00,0.000000000000000000e+00,0.000000000000000000e+00,0.000000000000000000e+00,0.000000000000000000e+00,0.000000000000000000e+00,0.000000000000000000e+00,0.000000000000000000e+00,0.000000000000000000e+00,0.000000000000000000e+00,0.000000000000000000e+00,0.000000000000000000e+00,0.000000000000000000e+00,0.000000000000000000e+00,0.000000000000000000e+00,0.000000000000000000e+00,0.000000000000000000e+00,0.000000000000000000e+00,0.000000000000000000e+00,0.000000000000000000e+00,0.000000000000000000e+00
9.747474747474748069e-01,0.000000000000000000e+00,0.000000000000000000e+00,0.000000000000000000e+00,0.000000000000000000e+00,0.000000000000000000e+00,0.000000000000000000e+00,0.000000000000000000e+00,0.000000000000000000e+00,0.000000000000000000e+00,0.000000000000000000e+00,0.000000000000000000e+00,0.000000000000000000e+00,0.000000000000000000e+00,0.000000000000000000e+00,0.000000000000000000e+00,0.000000000000000000e+00,0.000000000000000000e+00,0.000000000000000000e+00,0.000000000000000000e+00,0.000000000000000000e+00,0.000000000000000000e+00,0.000000000000000000e+00,0.000000000000000000e+00,0.000000000000000000e+00,0.000000000000000000e+00,0.000000000000000000e+00,0.000000000000000000e+00,0.000000000000000000e+00,0.000000000000000000e+00,0.000000000000000000e+00,0.000000000000000000e+00,0.000000000000000000e+00,0.000000000000000000e+00,0.000000000000000000e+00,0.000000000000000000e+00,0.000000000000000000e+00,0.000000000000000000e+00,0.000000000000000000e+00,0.000000000000000000e+00,0.000000000000000000e+00,0.000000000000000000e+00,0.000000000000000000e+00,0.000000000000000000e+00,0.000000000000000000e+00,0.000000000000000000e+00,0.000000000000000000e+00,0.000000000000000000e+00,0.000000000000000000e+00,0.000000000000000000e+00,0.000000000000000000e+00,0.000000000000000000e+00
9.797979797979798899e-01,0.000000000000000000e+00,0.000000000000000000e+00,0.000000000000000000e+00,0.000000000000000000e+00,0.000000000000000000e+00,0.000000000000000000e+00,0.000000000000000000e+00,0.000000000000000000e+00,0.000000000000000000e+00,0.000000000000000000e+00,0.000000000000000000e+00,0.000000000000000000e+00,0.000000000000000000e+00,0.000000000000000000e+00,0.000000000000000000e+00,0.000000000000000000e+00,0.000000000000000000e+00,0.000000000000000000e+00,0.000000000000000000e+00,0.000000000000000000e+00,0.000000000000000000e+00,0.000000000000000000e+00,0.000000000000000000e+00,0.000000000000000000e+00,0.000000000000000000e+00,0.000000000000000000e+00,0.000000000000000000e+00,0.000000000000000000e+00,0.000000000000000000e+00,0.000000000000000000e+00,0.000000000000000000e+00,0.000000000000000000e+00,0.000000000000000000e+00,0.000000000000000000e+00,0.000000000000000000e+00,0.000000000000000000e+00,0.000000000000000000e+00,0.000000000000000000e+00,0.000000000000000000e+00,0.000000000000000000e+00,0.000000000000000000e+00,0.000000000000000000e+00,0.000000000000000000e+00,0.000000000000000000e+00,0.000000000000000000e+00,0.000000000000000000e+00,0.000000000000000000e+00,0.000000000000000000e+00,0.000000000000000000e+00,0.000000000000000000e+00,0.000000000000000000e+00
9.848484848484849730e-01,0.000000000000000000e+00,0.000000000000000000e+00,0.000000000000000000e+00,0.000000000000000000e+00,0.000000000000000000e+00,0.000000000000000000e+00,0.000000000000000000e+00,0.000000000000000000e+00,0.000000000000000000e+00,0.000000000000000000e+00,0.000000000000000000e+00,0.000000000000000000e+00,0.000000000000000000e+00,0.000000000000000000e+00,0.000000000000000000e+00,0.000000000000000000e+00,0.000000000000000000e+00,0.000000000000000000e+00,0.000000000000000000e+00,0.000000000000000000e+00,0.000000000000000000e+00,0.000000000000000000e+00,0.000000000000000000e+00,0.000000000000000000e+00,0.000000000000000000e+00,0.000000000000000000e+00,0.000000000000000000e+00,0.000000000000000000e+00,0.000000000000000000e+00,0.000000000000000000e+00,0.000000000000000000e+00,0.000000000000000000e+00,0.000000000000000000e+00,0.000000000000000000e+00,0.000000000000000000e+00,0.000000000000000000e+00,0.000000000000000000e+00,0.000000000000000000e+00,0.000000000000000000e+00,0.000000000000000000e+00,0.000000000000000000e+00,0.000000000000000000e+00,0.000000000000000000e+00,0.000000000000000000e+00,0.000000000000000000e+00,0.000000000000000000e+00,0.000000000000000000e+00,0.000000000000000000e+00,0.000000000000000000e+00,0.000000000000000000e+00,0.000000000000000000e+00
9.898989898989899450e-01,0.000000000000000000e+00,0.000000000000000000e+00,0.000000000000000000e+00,0.000000000000000000e+00,0.000000000000000000e+00,0.000000000000000000e+00,0.000000000000000000e+00,0.000000000000000000e+00,0.000000000000000000e+00,0.000000000000000000e+00,0.000000000000000000e+00,0.000000000000000000e+00,0.000000000000000000e+00,0.000000000000000000e+00,0.000000000000000000e+00,0.000000000000000000e+00,0.000000000000000000e+00,0.000000000000000000e+00,0.000000000000000000e+00,0.000000000000000000e+00,0.000000000000000000e+00,0.000000000000000000e+00,0.000000000000000000e+00,0.000000000000000000e+00,0.000000000000000000e+00,0.000000000000000000e+00,0.000000000000000000e+00,0.000000000000000000e+00,0.000000000000000000e+00,0.000000000000000000e+00,0.000000000000000000e+00,0.000000000000000000e+00,0.000000000000000000e+00,0.000000000000000000e+00,0.000000000000000000e+00,0.000000000000000000e+00,0.000000000000000000e+00,0.000000000000000000e+00,0.000000000000000000e+00,0.000000000000000000e+00,0.000000000000000000e+00,0.000000000000000000e+00,0.000000000000000000e+00,0.000000000000000000e+00,0.000000000000000000e+00,0.000000000000000000e+00,0.000000000000000000e+00,0.000000000000000000e+00,0.000000000000000000e+00,0.000000000000000000e+00,0.000000000000000000e+00
9.949494949494950280e-01,0.000000000000000000e+00,0.000000000000000000e+00,0.000000000000000000e+00,0.000000000000000000e+00,0.000000000000000000e+00,0.000000000000000000e+00,0.000000000000000000e+00,0.000000000000000000e+00,0.000000000000000000e+00,0.000000000000000000e+00,0.000000000000000000e+00,0.000000000000000000e+00,0.000000000000000000e+00,0.000000000000000000e+00,0.000000000000000000e+00,0.000000000000000000e+00,0.000000000000000000e+00,0.000000000000000000e+00,0.000000000000000000e+00,0.000000000000000000e+00,0.000000000000000000e+00,0.000000000000000000e+00,0.000000000000000000e+00,0.000000000000000000e+00,0.000000000000000000e+00,0.000000000000000000e+00,0.000000000000000000e+00,0.000000000000000000e+00,0.000000000000000000e+00,0.000000000000000000e+00,0.000000000000000000e+00,0.000000000000000000e+00,0.000000000000000000e+00,0.000000000000000000e+00,0.000000000000000000e+00,0.000000000000000000e+00,0.000000000000000000e+00,0.000000000000000000e+00,0.000000000000000000e+00,0.000000000000000000e+00,0.000000000000000000e+00,0.000000000000000000e+00,0.000000000000000000e+00,0.000000000000000000e+00,0.000000000000000000e+00,0.000000000000000000e+00,0.000000000000000000e+00,0.000000000000000000e+00,0.000000000000000000e+00,0.000000000000000000e+00,0.000000000000000000e+00
1.000000000000000000e+00,0.000000000000000000e+00,0.000000000000000000e+00,0.000000000000000000e+00,0.000000000000000000e+00,0.000000000000000000e+00,0.000000000000000000e+00,0.000000000000000000e+00,0.000000000000000000e+00,0.000000000000000000e+00,0.000000000000000000e+00,0.000000000000000000e+00,0.000000000000000000e+00,0.000000000000000000e+00,0.000000000000000000e+00,0.000000000000000000e+00,0.000000000000000000e+00,0.000000000000000000e+00,0.000000000000000000e+00,0.000000000000000000e+00,0.000000000000000000e+00,0.000000000000000000e+00,0.000000000000000000e+00,0.000000000000000000e+00,0.000000000000000000e+00,0.000000000000000000e+00,0.000000000000000000e+00,0.000000000000000000e+00,0.000000000000000000e+00,0.000000000000000000e+00,0.000000000000000000e+00,0.000000000000000000e+00,0.000000000000000000e+00,0.000000000000000000e+00,0.000000000000000000e+00,0.000000000000000000e+00,0.000000000000000000e+00,0.000000000000000000e+00,0.000000000000000000e+00,0.000000000000000000e+00,0.000000000000000000e+00,0.000000000000000000e+00,0.000000000000000000e+00,0.000000000000000000e+00,0.000000000000000000e+00,0.000000000000000000e+00,0.000000000000000000e+00,0.000000000000000000e+00,0.000000000000000000e+00,0.000000000000000000e+00,0.000000000000000000e+00,0.000000000000000000e+00
