lag_index,original_kernel,snapshot_step_0,snapshot_step_1,snapshot_step_3,snapshot_step_4,snapshot_step_6,snapshot_step_7,snapshot_step_9,snapshot_step_10,snapshot_step_12,snapshot_step_13,snapshot_step_15,snapshot_step_16,snapshot_step_18,snapshot_step_19,snapshot_step_21,snapshot_step_22,snapshot_step_24,snapshot_step_25,snapshot_step_27,snapshot_step_28,snapshot_step_30,snapshot_step_31,snapshot_step_33,snapshot_step_34,snapshot_step_36,snapshot_step_37,snapshot_step_39,snapshot_step_40,snapshot_step_42,snapshot_step_43,snapshot_step_45,snapshot_step_46,snapshot_step_48,snapshot_step_49,snapshot_step_51,snapshot_step_52,snapshot_step_54,snapshot_step_55,snapshot_step_57,snapshot_step_58,snapshot_step_60,snapshot_step_61,snapshot_step_63,snapshot_step_64,snapshot_step_66,snapshot_step_67,snapshot_step_69,snapshot_step_70,snapshot_step_72,snapshot_step_73,snapshot_step_75,snapshot_step_76,snapshot_step_78,snapshot_step_79,snapshot_step_81,snapshot_step_82,snapshot_step_84,snapshot_step_85,snapshot_step_87,snapshot_step_88,snapshot_step_90,snapshot_step_91,snapshot_step_93,snapshot_step_94,snapshot_step_96,snapshot_step_97,snapshot_step_99,snapshot_step_100,snapshot_step_102,snapshot_step_103,snapshot_step_105,snapshot_step_106,snapshot_step_108,snapshot_step_109,snapshot_step_111,snapshot_step_112,snapshot_step_114,snapshot_step_115,snapshot_step_117,snapshot_step_118,snapshot_step_120,snapshot_step_121,snapshot_step_123,snapshot_step_124,snapshot_step_126,snapshot_step_127,snapshot_step_129,snapshot_step_130,snapshot_step_132,snapshot_step_133,snapshot_step_135,snapshot_step_136,snapshot_step_138,snapshot_step_139,snapshot_step_141,snapshot_step_142,snapshot_step_144,snapshot_step_145,snapshot_step_147,snapshot_step_149
0.000000000000000000e+00,1.548772747380789960e-01,3.850815243899852192e-07,8.133604694482432507e-07,1.865365289704934426e-06,2.572532794953286128e-06,4.571414901594073044e-06,6.007887098868902598e-06,1.038401383435250125e-05,1.377577859534850901e-05,2.510700280089483982e-05,3.464421477500367885e-05,6.989720376110453159e-05,1.024865924551809915e-04,2.311923107759517038e-04,3.525130783071095397e-04,8.241610032544421927e-04,1.247205990550420696e-03,2.779804971071692110e-03,4.084896858422421007e-03,8.581984590485813857e-03,1.227548834085462337e-02,2.452647509648267499e-02,3.432932441626726505e-02,6.409484102705814701e-02,8.732002798610544181e-02,1.413862118432774873e-01,1.568339826071895593e-01,1.491868156101766596e-01,1.348012742919145746e-01,1.032494937049492911e-01,9.016491839415413656e-02,7.286674681290294942e-02,6.840419340204861864e-02,6.630157067452885356e-02,6.812578736562271975e-02,7.659782221853467243e-02,8.288286979607370486e-02,9.764039994879619710e-02,1.048334674719310078e-01,1.146767128091970567e-01,1.160877370818083065e-01,1.119030733343969741e-01,1.074089925452902938e-01,9.723886207544740756e-02,9.277581957631980680e-02,8.675538701671398067e-02,8.542115706083558413e-02,8.599165717605997128e-02,8.766669195849097207e-02,9.283289199638636302e-02,9.578704207665428294e-02,1.009401710675987829e-01,1.025878163955170064e-01,1.032685701598837769e-01,1.023571548809565357e-01,9.899759478318753692e-02,9.705480432121960099e-02,9.376811983870997347e-02,9.271060354195451159e-02,9.209328444650377588e-02,9.249903756201643956e-02,9.432772620684093390e-02,9.547517137717631552e-02,9.767938239161072511e-02,9.847149875020577703e-02,9.904690424570167240e-02,9.882791876612823101e-02,9.767383916701560809e-02,9.691265229592987973e-02,9.553565085754756048e-02,9.506307603276120677e-02,9.472920536838252970e-02,9.484849625056646083e-02,9.556751698493665126e-02,9.604705138618896409e-02,9.694443438354893861e-02,9.728074754965176929e-02,9.752855645476332658e-02,9.743460488100003092e-02,9.693133964433914285e-02,9.661963663050060491e-02,9.607618544330909227e-02,9.590054372672024430e-02,9.578886113407036884e-02,9.585557818705020550e-02,9.614470535617136715e-02,9.632918956257557896e-02,9.668081865307609490e-02,9.680240778685028635e-02,9.686475760133578250e-02,9.680783684110277898e-02,9.658893409844515610e-02,9.646929375709578647e-02,9.628053821295290415e-02,9.623445072244668497e-02,9.624064320249436921e-02,9.628495398485248380e-02,9.643103040132594561e-02,9.650631493204619993e-02,9.660006944871379897e-02,9.662134928936061407e-02
1.000000000000000000e+00,1.434161129260415335e-01,3.864044868517879650e-07,8.156150708149567663e-07,1.870429694739161874e-06,2.578429993821407251e-06,4.579300710905176430e-06,6.016246220486021201e-06,1.038968708683141173e-05,1.377658125381597820e-05,2.507609664473275934e-05,3.457246978677552818e-05,6.959861019831259377e-05,1.018975936959432005e-04,2.289202964108616456e-04,3.480817645920841752e-04,8.082065960501871871e-04,1.217584316987957438e-03,2.683745727935671344e-03,3.916571329518336864e-03,8.088390558114222362e-03,1.144864384287175296e-02,2.229376450692890921e-02,3.071953045263869919e-02,5.545260556026446186e-02,7.391049549789027728e-02,1.151328981076424063e-01,1.264412573557755770e-01,1.208211575608837685e-01,1.101917817121852161e-01,8.633063346141317540e-02,7.618512385229012085e-02,6.251191980209183652e-02,5.893029462463011958e-02,5.722721717775983152e-02,5.869067586696802286e-02,6.544843482718018524e-02,7.041177604406223534e-02,8.190586099395943953e-02,8.743149296815236338e-02,9.491607328496651230e-02,9.598132894180697039e-02,9.281196068658159604e-02,8.939242953097800704e-02,8.158717218018526895e-02,7.813131329898323485e-02,7.343829729701126241e-02,7.239305278002350352e-02,7.283913171324749025e-02,7.414907891041097598e-02,7.817190429637863036e-02,8.046047593173275003e-02,8.443247012245067018e-02,8.569704392589097552e-02,8.621805163367593505e-02,8.551870057124741353e-02,8.293503742842758819e-02,8.143623274658393085e-02,7.889245918173307115e-02,7.807169930597371299e-02,7.759179242875982596e-02,7.790679231349059708e-02,7.932498423176367885e-02,8.021325765860781720e-02,8.191607453364915803e-02,8.252684652490657746e-02,8.296998233513816490e-02,8.280114075160585618e-02,8.191101744421389053e-02,8.132328631113147632e-02,8.025867516788556810e-02,7.989287639006795172e-02,7.963423708185382588e-02,7.972655937413131166e-02,8.028297423154109880e-02,8.065380827185228418e-02,8.134718656557507477e-02,8.160684131834186616e-02,8.179805793231473277e-02,8.172551464041641345e-02,8.133688845211486940e-02,8.109607708201085896e-02,8.067600325562065966e-02,8.054017198239332709e-02,8.045376870564177607e-02,8.050535491006052813e-02,8.072889508625194499e-02,8.087149286749004129e-02,8.114319756458829302e-02,8.123712075018932333e-02,8.128526840432859224e-02,8.124129444702143932e-02,8.107216585035847967e-02,8.097971122502012342e-02,8.083381780673012940e-02,8.079818904760496800e-02,8.080296982876508660e-02,8.083721886833186709e-02,8.095011628873757803e-02,8.100829354299729501e-02,8.108073521754102786e-02,8.109717430692434115e-02
2.000000000000000000e+00,1.249148641315298291e-01,3.877878383129473860e-07,8.178591450747063618e-07,1.875487632196914944e-06,2.584404800193285112e-06,4.587169431330417879e-06,6.024581987812416273e-06,1.039531921329106545e-05,1.377733214320830957e-05,2.504515438239707237e-05,3.450078367210618335e-05,6.930115116933477371e-05,1.013117999776325107e-04,2.266703036306327856e-04,3.437057553495048712e-04,7.925603502799694056e-04,1.188665266008998023e-03,2.591004409706942901e-03,3.755180031925181572e-03,7.623182597353200807e-03,1.067748959434319800e-02,2.026429773509408339e-02,2.748930614101444125e-02,4.797563712266103564e-02,6.256022198825250680e-02,9.375441922205121625e-02,1.019382975203289299e-01,9.784879351275355130e-02,9.007501548159049798e-02,7.218415067892833270e-02,6.437284225867037635e-02,5.362856925179229628e-02,5.076850968227150651e-02,4.939481401966500096e-02,5.056227472339985818e-02,5.592191420326605988e-02,5.981715332949025243e-02,6.870689751428799008e-02,7.291817119645790934e-02,7.856049708934983999e-02,7.935734048365514215e-02,7.697785631396988903e-02,7.439791589570157737e-02,6.845478688553904845e-02,6.579840671480027825e-02,6.216539153659469963e-02,6.135193417065945565e-02,6.169829015004993367e-02,6.271578019428769579e-02,6.582629805856241023e-02,6.758625170015991612e-02,7.062441837952468382e-02,7.158727448852295061e-02,7.198270721475594214e-02,7.145027618995106189e-02,6.947865092291302669e-02,6.833107315274758453e-02,6.637670790006736099e-02,6.574425149211135522e-02,6.537377075439518292e-02,6.561654537295605327e-02,6.670840433640426448e-02,6.739098311078409176e-02,6.869660744643432682e-02,6.916396511922429102e-02,6.950259494664548510e-02,6.937339060602656926e-02,6.869202395569920516e-02,6.824161421404281724e-02,6.742460891800819422e-02,6.714353173957879339e-02,6.694462031565176496e-02,6.701554046214611149e-02,6.744294621737598194e-02,6.772759437753636536e-02,6.825934606658751180e-02,6.845830902562519138e-02,6.860473945895700920e-02,6.854914305729922774e-02,6.825128365393229313e-02,6.806662586017261929e-02,6.774432622983905805e-02,6.764005710609574673e-02,6.757370090225009451e-02,6.761329120081580046e-02,6.778483978776214669e-02,6.789424194674320567e-02,6.810262408746867169e-02,6.817463402839610276e-02,6.821153491003686953e-02,6.817781571061393153e-02,6.804811624393300451e-02,6.797720099771151214e-02,6.786527337088796297e-02,6.783793381727587501e-02,6.784159645511020353e-02,6.786787165344701500e-02,6.795447733244605604e-02,6.799910004335266156e-02,6.805465669429758280e-02,6.806726120203224206e-02
3.000000000000000000e+00,1.041195478148135428e-01,3.892252809917229328e-07,8.200785044376601718e-07,1.880539107532164245e-06,2.590493218129763520e-06,4.595021086004069666e-06,6.032894439289560040e-06,1.040091032511458735e-05,1.377803145542755292e-05,2.501417649794501763e-05,3.442915697432491484e-05,6.900482345371938830e-05,1.007291954668448897e-04,2.244421229019438746e-04,3.393843665735196691e-04,7.772163294681722068e-04,1.160432196489064038e-03,2.501466474432043063e-03,3.600437400006595290e-03,7.184728464348810739e-03,9.958275013406861498e-03,1.841957413614427053e-02,2.459874069196148205e-02,4.150681986870725926e-02,5.295297604695649307e-02,7.634559744430745309e-02,8.218373755391765456e-02,7.924427546187783056e-02,7.363078390364689862e-02,6.035575766287730459e-02,5.439201154611754407e-02,4.600759240525971461e-02,4.373711555432961695e-02,4.263438493112130245e-02,4.355961362917452895e-02,4.778204341130852517e-02,5.081665941897432759e-02,5.763491139965980226e-02,6.081400098985699498e-02,6.502324220600862181e-02,6.561262139357475209e-02,6.384510649992043707e-02,6.191854405175538367e-02,5.743620004317649685e-02,5.541222182041403987e-02,5.262288808170818843e-02,5.199475763828402541e-02,5.226144685033697057e-02,5.304541244999443073e-02,5.543041193920596188e-02,5.677198251588770617e-02,5.907452109947917973e-02,5.980062887815111583e-02,6.009773226103969079e-02,5.969619729388407625e-02,5.820558318510314633e-02,5.733485826884655856e-02,5.584648688230624269e-02,5.536328769277844286e-02,5.507965623508077890e-02,5.526514757106464060e-02,5.609847367365079773e-02,5.661837029276066413e-02,5.761046535655532652e-02,5.796481465738435868e-02,5.822117656440646549e-02,5.812319213645218696e-02,5.760633431320345832e-02,5.726425269569128396e-02,5.664281397542804408e-02,5.642872534180894128e-02,5.627706977158510038e-02,5.633106489042490062e-02,5.665647489414525617e-02,5.687302873224285571e-02,5.727718227081544933e-02,5.742826584762629472e-02,5.753938047519978338e-02,5.749715173671425539e-02,5.727090273447656144e-02,5.713056700721290404e-02,5.688547853110732799e-02,5.680614442682795084e-02,5.675563052683975374e-02,5.678574386781330696e-02,5.691622329723038110e-02,5.699941028137563148e-02,5.715780072792799038e-02,5.721251553572344328e-02,5.724054178122110759e-02,5.721491631508250630e-02,5.711634055740420768e-02,5.706243078400964619e-02,5.697732418974400803e-02,5.695653123213688385e-02,5.695931142961734028e-02,5.697928974022896387e-02,5.704513486574892822e-02,5.707905592547156404e-02,5.712128282187971251e-02,5.713086056244025268e-02
4.000000000000000000e+00,8.374459548739297821e-02,3.906667621067505536e-07,8.222950714370513836e-07,1.885584127572781377e-06,2.596572808363784013e-06,4.602855700211461176e-06,6.041183615579370780e-06,1.040646053497573664e-05,1.377867938200105780e-05,2.498316346420670353e-05,3.435759021198914187e-05,6.870962374877498391e-05,1.001497642326015791e-04,2.222355460239494596e-04,3.351422523096697637e-04,7.621687069984117713e-04,1.132868853172722123e-03,2.415021308357925833e-03,3.452069583480502080e-03,6.771489646192979661e-03,9.287501904605588443e-03,1.674277660435130599e-02,2.201211903410228710e-02,3.591022053059862718e-02,4.482108599567043161e-02,6.216932738862991636e-02,6.625738976950985848e-02,6.417712308147431599e-02,6.018862517425148384e-02,5.046560417839156265e-02,4.595867176371794260e-02,3.946959882191899971e-02,3.767955532152816867e-02,3.679921518964453242e-02,3.752678353849787929e-02,4.082698599546860652e-02,4.317043218050166387e-02,4.834714564223964450e-02,5.071907270833338199e-02,5.381866731970615103e-02,5.424848261925603599e-02,5.295285003975304383e-02,5.153243001534578427e-02,4.819117272178947975e-02,4.666547262648419736e-02,4.454516816934996071e-02,4.406469559285057513e-02,4.426797400300659657e-02,4.486614433526324441e-02,4.667632969312092428e-02,4.768806253762332414e-02,4.941348162776122710e-02,4.995461250968698252e-02,5.017506149556179296e-02,4.987573886784400778e-02,4.876158709095058941e-02,4.810820628411423272e-02,4.698680626122224424e-02,4.662146089669556848e-02,4.640650106453973744e-02,4.654673522632314653e-02,4.717603715596656311e-02,4.756777702846277933e-02,4.831337714762658220e-02,4.857904129284480732e-02,4.877090959991227381e-02,4.869741569512119062e-02,4.830967189265751582e-02,4.805270313101826785e-02,4.758511513940962001e-02,4.742378556242983489e-02,4.730937269220779340e-02,4.735003640972824945e-02,4.759512641144823808e-02,4.775809367409671047e-02,4.806191664597293800e-02,4.817538081976303899e-02,4.825876052987672360e-02,4.822703389804346152e-02,4.805705499790995094e-02,4.795156275332103368e-02,4.776720423747345123e-02,4.770749143898268818e-02,4.766944765623916391e-02,4.769210388084650643e-02,4.779027114692908917e-02,4.785283812653533253e-02,4.797191917526912042e-02,4.801303848378397909e-02,4.803409013617422618e-02,4.801482722902288003e-02,4.794072097496775153e-02,4.790018352071691299e-02,4.783617169956562443e-02,4.782052850692784796e-02,4.782261512073500420e-02,4.783764066492203482e-02,4.788715822629426022e-02,4.791266382938712265e-02,4.794440975347426248e-02,4.795160795009249799e-02
5.000000000000000000e+00,6.521138079489896544e-02,3.921065732520601088e-07,8.245088475855588683e-07,1.890578503083162332e-06,2.602636991033691061e-06,4.610673294325184912e-06,6.049449552111840767e-06,1.041196995180126983e-05,1.377927611352636195e-05,2.495211577099865075e-05,3.428608394380472379e-05,6.841554893685652949e-05,9.957120246568973432e-05,2.200503681084459151e-04,3.309693172199035249e-04,7.474117775579797174e-04,1.105995448796262548e-03,2.331562167977196953e-03,3.309814098059818410e-03,6.382016340799864795e-03,8.661908060148756916e-03,1.521861981651727314e-02,1.969748293928741401e-02,3.106823725911976586e-02,3.793798994187307094e-02,5.062538014364088845e-02,5.341739668527145657e-02,5.197476695842501160e-02,4.920048449384656353e-02,4.219608866164836769e-02,3.883289432438676025e-02,3.386069390027038328e-02,3.246095809437274382e-02,3.176267313612196608e-02,3.232947117519574531e-02,3.488428784337088695e-02,3.667470456752561225e-02,4.055608246183664556e-02,4.229986532955243295e-02,4.454482052427997940e-02,4.485261379285103434e-02,4.391885596125053026e-02,4.288846097402747304e-02,4.043423594822409539e-02,3.929938214648051598e-02,3.770739004202319777e-02,3.734409482602990549e-02,3.749711119176646346e-02,3.794806322341479077e-02,3.930476835568819105e-02,4.005762965570798528e-02,4.133240276249439127e-02,4.172971233767175381e-02,4.189070752153228883e-02,4.167081272976251582e-02,4.084989759270202248e-02,4.036635516858597117e-02,3.953265161262763117e-02,3.925995828593845105e-02,3.909906558704878687e-02,3.920370080006760349e-02,3.967270555238225360e-02,3.996394003873668388e-02,4.051663420600759569e-02,4.071302574328972135e-02,4.085457390173721781e-02,4.080020291445636549e-02,4.051332490107928397e-02,4.032292243366084050e-02,3.997581984461640037e-02,3.985585654328185901e-02,3.977066502142143078e-02,3.980087537633002215e-02,3.998299940978543299e-02,4.010398787328939285e-02,4.032928090397902565e-02,4.041332301686147155e-02,4.047502230740113172e-02,4.045150879546445533e-02,4.032554344968597437e-02,4.024731825857758016e-02,4.011050979575017661e-02,4.006616724121576933e-02,4.003789513938403599e-02,4.005471023679726961e-02,4.012757043699406723e-02,4.017399211987096597e-02,4.026230439408147455e-02,4.029278532282168368e-02,4.030838082780074938e-02,4.029409678663073424e-02,4.023914080270404869e-02,4.020907087638060651e-02,4.016157477081441773e-02,4.014996419405408856e-02,4.015150819908210045e-02,4.016265589881634623e-02,4.019939072660203006e-02,4.021830880684405807e-02,4.024185129006610517e-02,4.024718732624431305e-02
6.000000000000000000e+00,4.914074712096036524e-02,3.935447165925864965e-07,8.267198365816130767e-07,1.895556593120573119e-06,2.608637790404988444e-06,4.618473896281227731e-06,6.057692292324445837e-06,1.041743868968741937e-05,1.377982184064263649e-05,2.492103387531641179e-05,3.421463865406482174e-05,6.812259561385369810e-05,9.899158718253836531e-05,2.178863840480230185e-04,3.268479616060707138e-04,7.329399311512413417e-04,1.079822306431145462e-03,2.250985912552509738e-03,3.173419129110358061e-03,6.014941730226458505e-03,8.078450361051488227e-03,1.383320834298749913e-02,1.762623226517440189e-02,2.687912010862220091e-02,3.211191154481074506e-02,4.122496865838606861e-02,4.306565175108344190e-02,4.209250440630765699e-02,4.021834950220845584e-02,3.528164455619153816e-02,3.281194357828995378e-02,2.904884671760050996e-02,2.796512711573537202e-02,2.741545339534999515e-02,2.785195974202440972e-02,2.980659078271422069e-02,3.115636303820820685e-02,3.402052903874805412e-02,3.527821257178512249e-02,3.686900329182007940e-02,3.708410723292129840e-02,3.642609428046655884e-02,3.569441030008138616e-02,3.392586233309979882e-02,3.309601343512212634e-02,3.191921857323630485e-02,3.164849093691603221e-02,3.176185669903450193e-02,3.209670044979162640e-02,3.309738573977392961e-02,3.364811381484110464e-02,3.457289599926946511e-02,3.485901384137105041e-02,3.497416762729392559e-02,3.481565007861939232e-02,3.422189235121675388e-02,3.387036045975498622e-02,3.326104365664064866e-02,3.306082584780199729e-02,3.294229411806479102e-02,3.301906835616545688e-02,3.336276910153512798e-02,3.357558977530329669e-02,3.397811125342849181e-02,3.412068403323988142e-02,3.422318496173645808e-02,3.418366634515676572e-02,3.397516660167791691e-02,3.383655084943865132e-02,3.358331343997628116e-02,3.349561719513227676e-02,3.343323688002353133e-02,3.345529313195594323e-02,3.358831096398458282e-02,3.367658510388620019e-02,3.384073443263829750e-02,3.390188738567409543e-02,3.394672946262144997e-02,3.392960522450394478e-02,3.383788527944446567e-02,3.378088626409267436e-02,3.368111415255428676e-02,3.364874933138541080e-02,3.362809492641537223e-02,3.364035857158984011e-02,3.369350147795535655e-02,3.372734758661032062e-02,3.379170238176940066e-02,3.381390264426464842e-02,3.382525244038743495e-02,3.381484406810648935e-02,3.377479688019474624e-02,3.375287781877517324e-02,3.371824484706550940e-02,3.370977563672393484e-02,3.371089741918466276e-02,3.371902477319083102e-02,3.374580442692812210e-02,3.375959287163091127e-02,3.377674820107295917e-02,3.378063463315503223e-02
7.000000000000000000e+00,3.567705621413261308e-02,3.949805064476508143e-07,8.289280402640208933e-07,1.900528238965581984e-06,2.614629794395195717e-06,4.626196975915375376e-06,6.065887602803299306e-06,1.042277192239704497e-05,1.378031675296903513e-05,2.488991825762287835e-05,3.414325488210884219e-05,6.783076062188975186e-05,9.841516959036705758e-05,2.157435459197790117e-04,3.227775545987451866e-04,7.187476778073020878e-04,1.054267755353034686e-03,2.173193029115311203e-03,3.042643346305620722e-03,5.668977900794798519e-03,7.534291129793875552e-03,1.257391280758380497e-02,1.577277590809356145e-02,2.325484206575738344e-02,2.718052998651321328e-02,3.357007442419313037e-02,3.471996391881621014e-02,3.408920837987819419e-02,3.287600524235428923e-02,2.950022791296681712e-02,2.772452247903055278e-02,2.492079279481647369e-02,2.409196248049177980e-02,2.366321426918276821e-02,2.399456241985269134e-02,2.546798997816068777e-02,2.646834647123021828e-02,2.853816578534151827e-02,2.942212870886187770e-02,3.051585294496261813e-02,3.066110713859433734e-02,3.021162798838092356e-02,2.970707498149000036e-02,2.846508463372954267e-02,2.787183577269250478e-02,2.701954026372105355e-02,2.682155812326747490e-02,2.690381577807336722e-02,2.714757804663558982e-02,2.787032743199321927e-02,2.826416315266588875e-02,2.891883529162447841e-02,2.911955500609406111e-02,2.919960727932532918e-02,2.908820873200587687e-02,2.866929412411245437e-02,2.841973540890517513e-02,2.798438253791478425e-02,2.784052952026379313e-02,2.775499998016672798e-02,2.781009637172579541e-02,2.805642232657200308e-02,2.820843104452372407e-02,2.849476226326300154e-02,2.859578406729061661e-02,2.866817813270632065e-02,2.864012369697237215e-02,2.849215075692981824e-02,2.839357666757333365e-02,2.821302387595242545e-02,2.815034696003626546e-02,2.810566901397473782e-02,2.812140303648848205e-02,2.821635365480865132e-02,2.827928746855781772e-02,2.839612057227780539e-02,2.843957631424891275e-02,2.847139274830490230e-02,2.845920858095113415e-02,2.839397063169855906e-02,2.835339453235392881e-02,2.828229493369491254e-02,2.825920788538205386e-02,2.824445646493004003e-02,2.825319508926897594e-02,2.829106887903987122e-02,2.831517935567900990e-02,2.836099382869684826e-02,2.837678803533137672e-02,2.838485435278154112e-02,2.837744451307425142e-02,2.834893335851784713e-02,2.833332263359236713e-02,2.830864723821417683e-02,2.830261031372427460e-02,2.830340560010871642e-02,2.830919478198067052e-02,2.832826848317349100e-02,2.833808684423144708e-02,2.835029948108624964e-02,2.835306436813284092e-02
8.000000000000000000e+00,2.469777900530012796e-02,3.962454784324498380e-07,8.311334610926202071e-07,1.905493446436451466e-06,2.620595961524974093e-06,4.633901289314429350e-06,6.074030368032751204e-06,1.042845059734051616e-05,1.378076103975695021e-05,2.485876938724748686e-05,3.407193314272638496e-05,6.754004072160452177e-05,9.784193359699613901e-05,2.136215804221068548e-04,3.187574718220773096e-04,7.048296290010358511e-04,1.029317195481414121e-03,2.098087415999292521e-03,2.917255316941473609e-03,5.342910885718064190e-03,7.026783623173837173e-03,1.142925302971343690e-02,1.411421298097725527e-02,2.011924375939070850e-02,2.300644959857766833e-02,2.733658169103607080e-02,2.799158184714068895e-02,2.760762207248680308e-02,2.687409022984743254e-02,2.466617730393467003e-02,2.342589092565846784e-02,2.137936154943305064e-02,2.075522640926312154e-02,2.042452458379869287e-02,2.067139697821605490e-02,2.176090519339023491e-02,2.248571956494404764e-02,2.393927416730831301e-02,2.453813431967133765e-02,2.525745350502773753e-02,2.535057241735978392e-02,2.505737553704093581e-02,2.472404383902702604e-02,2.388328125420017753e-02,2.347228626812881622e-02,2.287197075539802379e-02,2.273081078545731784e-02,2.278881832817685263e-02,2.296157738170951854e-02,2.346877274183360382e-02,2.374168115211082800e-02,2.418943734870432002e-02,2.432508141530181564e-02,2.437847670806530739e-02,2.430297155531311107e-02,2.401761673353919671e-02,2.384625436678057195e-02,2.354482760778623188e-02,2.344451289062442559e-02,2.338452493547607883e-02,2.342286965477989244e-02,2.359404592470522657e-02,2.369922491375029902e-02,2.389630607836033468e-02,2.396548483842599400e-02,2.401483986397273326e-02,2.399556988149887868e-02,2.389399688204734903e-02,2.382615977144224642e-02,2.370149060470362265e-02,2.365807745755508715e-02,2.362704233359614811e-02,2.363790919187317915e-02,2.370355824593196534e-02,2.374700310727346012e-02,2.382748329090894970e-02,2.385735526076218291e-02,2.387918035440549439e-02,2.387078829887628525e-02,2.382588132460432620e-02,2.379792069905320787e-02,2.374886039882282904e-02,2.373290888021994602e-02,2.372269955639153341e-02,2.372872758167022741e-02,2.375486116106355003e-02,2.377148843572942857e-02,2.380305770847530519e-02,2.381393175731695219e-02,2.381947714413347808e-02,2.381437058483334632e-02,2.379472173875895810e-02,2.378395841809575681e-02,2.376693636669868423e-02,2.376276930638067039e-02,2.376331397687913086e-02,2.376730601822017383e-02,2.378045745202625114e-02,2.378722516267039663e-02,2.379564032798970816e-02,2.379754373331876768e-02
9.000000000000000000e+00,1.594607042718605705e-02,3.975090673222214654e-07,8.336005743875274376e-07,1.910434535547234081e-06,2.626550408842132089e-06,4.641588742800711875e-06,6.082150157953047920e-06,1.043408670179865605e-05,1.378117895886599165e-05,2.482758773104942751e-05,3.400067394607880766e-05,6.725043267427968652e-05,9.727186317686625783e-05,2.115202056160100930e-04,3.147870964713694875e-04,6.911804997790857441e-04,1.004956370818922001e-03,2.025576288014516169e-03,2.797033137328534813e-03,5.035596519080396544e-03,6.553459343020200112e-03,1.038879382539235896e-02,1.263005056013110500e-02,1.740643458439944391e-02,1.949185924281321425e-02,2.226055784719388475e-02,2.256708964487594282e-02,2.235841542039791741e-02,2.196789447715326304e-02,2.062425422926705831e-02,1.979375008218910159e-02,1.834119074881029182e-02,1.788062475641755827e-02,1.762909804063575447e-02,1.780847529221946113e-02,1.859341509198879361e-02,1.910234537022100637e-02,2.008148517533381305e-02,2.046486660302863220e-02,2.090516230267464026e-02,2.095982444219114671e-02,2.078246069555608755e-02,2.057685746607223337e-02,2.003897189975772930e-02,1.976719928615573718e-02,1.936106068244679290e-02,1.926396929423793841e-02,1.930321550255693908e-02,1.942103075375165022e-02,1.976235139140009034e-02,1.994282759494701851e-02,2.023348383309125920e-02,2.032000462580779016e-02,2.035335706147312074e-02,2.030494000534385779e-02,2.012068448793778719e-02,2.000876320297057670e-02,1.980957830482932280e-02,1.974262360400450000e-02,1.970224888188708279e-02,1.972775377112830075e-02,1.984140766723316990e-02,1.991082631078285037e-02,2.003994094025605965e-02,2.008493177068219893e-02,2.011681520888763952e-02,2.010421771554538051e-02,2.003790449451861577e-02,1.999345855963880619e-02,1.991139159392914249e-02,1.988268704230051337e-02,1.986207974795313469e-02,1.986923127853643806e-02,1.991251562668459874e-02,1.994109881929147232e-02,1.999388851581368476e-02,2.001342434380339735e-02,2.002765260706666772e-02,2.002214647783471385e-02,1.999271385093488035e-02,1.997436102797152391e-02,1.994209737714201791e-02,1.993158745444521818e-02,1.992484381602550175e-02,1.992880523174805907e-02,1.994598862786013671e-02,1.995691302638348541e-02,1.997763085581621967e-02,1.998475846278816026e-02,1.998838512392502043e-02,1.998503266151355207e-02,1.997213385923592155e-02,1.996506356045608943e-02,1.995387376883547143e-02,1.995113200395862152e-02,1.995148599632852460e-02,1.995410851534178132e-02,1.996274732443033967e-02,1.996719091380595723e-02,1.997271345128141806e-02,1.997396082316280075e-02
1.000000000000000000e+01,9.112119415962535371e-03,3.987712734986048613e-07,8.361851284704319154e-07,1.915354689891943241e-06,2.632496083542976151e-06,4.649259355563734042e-06,6.090247006514462602e-06,1.043968164475030103e-05,1.378157646576491646e-05,2.479637377080651239e-05,3.392944913764225912e-05,6.696193340229548985e-05,9.670494268577967123e-05,2.094392262812615896e-04,3.108658213927875669e-04,6.777951141574093535e-04,9.811713744440689333e-04,1.955570100361691405e-03,2.681764103419883444e-03,4.745956579451456395e-03,6.112016270514154109e-03,9.443050389992832874e-03,1.130195119886260625e-02,1.505940936381073604e-02,1.652123550485677661e-02,1.812708047510921960e-02,1.819380996492445113e-02,1.810727206699586089e-02,1.795738435194908778e-02,1.724465968413815137e-02,1.672476455382357341e-02,1.573476564226070074e-02,1.540415414962763470e-02,1.521626915992818803e-02,1.534205737579908378e-02,1.588697940403024228e-02,1.622805829187440319e-02,1.684537371709410314e-02,1.706774992611208991e-02,1.730284445025020296e-02,1.732955817665846054e-02,1.723686703912874485e-02,1.712531504565689700e-02,1.681345058081604865e-02,1.664695702986462855e-02,1.638908368873417259e-02,1.632587980887279661e-02,1.635074252018191288e-02,1.642641538695766013e-02,1.664128373921290593e-02,1.675181906270192117e-02,1.692448806850142817e-02,1.697435487119276776e-02,1.699282219633044266e-02,1.696461537264077474e-02,1.685604047056005889e-02,1.678882451273815135e-02,1.666690337807625460e-02,1.662526163505075733e-02,1.659980632049219001e-02,1.661556626121666463e-02,1.668562627345797356e-02,1.672801454311097918e-02,1.680591162322772614e-02,1.683272682939819520e-02,1.685150648428640485e-02,1.684392358411127694e-02,1.680412003570645046e-02,1.677728866229645510e-02,1.672736523262296354e-02,1.670977784717938425e-02,1.669706181812401907e-02,1.670140632721093393e-02,1.672779458603156771e-02,1.674516128008610161e-02,1.677707830704805447e-02,1.678883198572828084e-02,1.679734556170650595e-02,1.679401282153104857e-02,1.677623491569280728e-02,1.676512324313765567e-02,1.674552866809682350e-02,1.673912604902702550e-02,1.673499994909834893e-02,1.673740201154751139e-02,1.674783255971263457e-02,1.675445580642476867e-02,1.676699332041822060e-02,1.677129799094542045e-02,1.677347963946109605e-02,1.677144915850654200e-02,1.676363818166471537e-02,1.675935228727883086e-02,1.675256108468525101e-02,1.675089456083510980e-02,1.675110503256637545e-02,1.675269469894436619e-02,1.675793060230110904e-02,1.676062193943022444e-02,1.676396399015055855e-02,1.676471699833136791e-02
1.100000000000000000e+01,3.880913405823443151e-03,4.000321001383123909e-07,8.387664842185102443e-07,1.920268445654033790e-06,2.638433004389408032e-06,4.656913163846639753e-06,6.098320965622523737e-06,1.044523554750943425e-05,1.378162159217100058e-05,2.476512791627994217e-05,3.385825842581579453e-05,6.667453918740920416e-05,9.614115528644353453e-05,2.073784444146025904e-04,3.069930381422170118e-04,6.646683662631562919e-04,9.579485751612737757e-04,1.887982246646245817e-03,2.571244020443013041e-03,4.472974224710172565e-03,5.700306484453317342e-03,8.583399326955992031e-03,1.011350286585148417e-02,1.302884440204904112e-02,1.400333951893756312e-02,1.476112697550970021e-02,1.466802311951084792e-02,1.466441916747850127e-02,1.467903675996316826e-02,1.441885728440844144e-02,1.413161460515395193e-02,1.349872886855775153e-02,1.327067054471186419e-02,1.313367049400335218e-02,1.321722590049426854e-02,1.357448449121767889e-02,1.378625382765241020e-02,1.413075332472821244e-02,1.423454096183307885e-02,1.432126248559976653e-02,1.432805306107279644e-02,1.429616452384148417e-02,1.425272590195698907e-02,1.410711192585306639e-02,1.401923843053358432e-02,1.387330858619393106e-02,1.383589506414201198e-02,1.384985246553474894e-02,1.389354822268823106e-02,1.401312125522964636e-02,1.407139187311740383e-02,1.415664234405464642e-02,1.417955484933859991e-02,1.418713885286318130e-02,1.417379572074921323e-02,1.412109012722971568e-02,1.408705402837869686e-02,1.402279066841053898e-02,1.400012643568600626e-02,1.398588933164452569e-02,1.399434257583937954e-02,1.403176781272642143e-02,1.405398082872390264e-02,1.409378230514408276e-02,1.410712243744964914e-02,1.411620908565838078e-02,1.411234521408629913e-02,1.409220958282341937e-02,1.407847041511119113e-02,1.405249085800171910e-02,1.404320130813601838e-02,1.403638380593513063e-02,1.403863443433790367e-02,1.405241897464724540e-02,1.406142807329856942e-02,1.407781464184717016e-02,1.408378568304479578e-02,1.408805730371646622e-02,1.408634017738374239e-02,1.407722633515981134e-02,1.407150181768105843e-02,1.406134096726699423e-02,1.405799924715648783e-02,1.405582530471753341e-02,1.405706581042462378e-02,1.406246644852572267e-02,1.406588730997073225e-02,1.407233756405618444e-02,1.407454270143567929e-02,1.407565030889321514e-02,1.407460331436507714e-02,1.407057789833221148e-02,1.406836439460850546e-02,1.406484808364135211e-02,1.406398237955636815e-02,1.406408626546342897e-02,1.406490697396569831e-02,1.406760972173608584e-02,1.406899694758925387e-02,1.407071650630306245e-02,1.407110180512527800e-02
1.200000000000000000e+01,-4.161949516301785687e-05,4.012915455114927118e-07,8.413446386781382085e-07,1.925175797688844447e-06,2.644361166979722767e-06,4.664550174004303859e-06,6.106346342275793988e-06,1.045074850945206175e-05,1.378156135416765037e-05,2.473336494033892975e-05,3.378713219231416318e-05,6.638824743364548774e-05,9.558048640835072052e-05,2.053376718774345096e-04,3.031681607169455926e-04,6.517952993471503014e-04,9.352747531459746667e-04,1.822729371015825630e-03,2.465277528629379947e-03,4.215692132069126519e-03,5.316328300524591696e-03,7.802005490716077026e-03,9.050023755304082221e-03,1.127207417856527713e-02,1.186918001425605988e-02,1.202018639002996880e-02,1.182550122654102941e-02,1.187617920002973122e-02,1.199919381991964261e-02,1.205610639492266274e-02,1.194052885648580649e-02,1.158045071175430214e-02,1.143267527604284808e-02,1.133610966330348378e-02,1.138667730104032071e-02,1.159859426852087594e-02,1.171186302464437105e-02,1.185359251222819002e-02,1.187163895537615525e-02,1.185345977321299732e-02,1.184641376021619043e-02,1.185716235568055887e-02,1.186198354724154330e-02,1.183639329039871090e-02,1.180630497431933712e-02,1.174371297182755930e-02,1.172567712448704773e-02,1.173148048145535721e-02,1.175123614234810029e-02,1.180002552767329960e-02,1.181985520803129942e-02,1.184145303341299291e-02,1.184491462959170495e-02,1.184470215360507173e-02,1.184208950790228802e-02,1.182989530231262458e-02,1.182007102804721356e-02,1.179815228412301083e-02,1.178950143619667164e-02,1.178357760002160005e-02,1.178663589948586790e-02,1.180000744033267261e-02,1.180740148217064404e-02,1.181933544368581057e-02,1.182285633033264283e-02,1.182489926330718664e-02,1.182374724301346255e-02,1.181795760554284896e-02,1.181378828514479708e-02,1.180535626373886704e-02,1.180216225804678505e-02,1.179968540935990608e-02,1.180039927918255689e-02,1.180493248212472097e-02,1.180781498148929416e-02,1.181283585289008391e-02,1.181458165036643887e-02,1.181575773877494018e-02,1.181522182294333749e-02,1.181244238213929355e-02,1.181065999211369615e-02,1.180740963740363123e-02,1.180631228789730779e-02,1.180557109604071786e-02,1.180596043383481952e-02,1.180767533431899621e-02,1.180875075629499865e-02,1.181074553424496347e-02,1.181141491632940570e-02,1.181173751050050569e-02,1.181141018812308444e-02,1.181015524107145200e-02,1.180945899628477180e-02,1.180834127153954777e-02,1.180806233867492602e-02,1.180808841746236459e-02,1.180834597580102292e-02,1.180919380021227399e-02,1.180962632170534654e-02,1.181015838844534822e-02,1.181027469640591465e-02
1.300000000000000000e+01,-2.916057912866935366e-03,4.025496134975499463e-07,8.439196003918666977e-07,1.930076762730100620e-06,2.650280593339670449e-06,4.672170426430182627e-06,6.114330490045258998e-06,1.045622065436440512e-05,1.378145180693304828e-05,2.470127076406591904e-05,3.371607076908984812e-05,6.610305426803285769e-05,9.502291904208391704e-05,2.033167131910854422e-04,2.993905931801929717e-04,6.391709945898068831e-04,9.131368991311854602e-04,1.759730703590760238e-03,2.363676839965252619e-03,3.973206876923325581e-03,4.958213127131272900e-03,7.091743455120317480e-03,8.098371067666386425e-03,9.752178024326927860e-03,1.006027044958995864e-02,9.788197465392852945e-03,9.533829058722903885e-03,9.618081465317819545e-03,9.808586227955920847e-03,1.008052477111867455e-02,1.008916401957823950e-02,9.934771781258166026e-03,9.849239860626583104e-03,9.784571394569344799e-03,9.809651049579048293e-03,9.910309395661742043e-03,9.949598225148523559e-03,9.943390958668770971e-03,9.900969817759362746e-03,9.810898823695445373e-03,9.794594358732153574e-03,9.834263436052325530e-03,9.872259089912073862e-03,9.931172082587823996e-03,9.942679008644423125e-03,9.941013341862094468e-03,9.937301129455226867e-03,9.937115662723572038e-03,9.939253817656479306e-03,9.936441040029426672e-03,9.928579117649717969e-03,9.904888210863169520e-03,9.894665514810347534e-03,9.889021340948329908e-03,9.893964646469587815e-03,9.910451088263886460e-03,9.917902577535905526e-03,9.926436993281967380e-03,9.927931408730670051e-03,9.928053104340785195e-03,9.927207081649189538e-03,9.923206265756772879e-03,9.919942400919484413e-03,9.911934046452824942e-03,9.908461679396320804e-03,9.905505930189267838e-03,9.906287508627525246e-03,9.910729151807727913e-03,9.913402519478687475e-03,9.917557570908406075e-03,9.918748691780344615e-03,9.919401489924676782e-03,9.919011315883831392e-03,9.916896282944813110e-03,9.915383021438605934e-03,9.912265851197827465e-03,9.910992195408755562e-03,9.909959785187568912e-03,9.910268768685207355e-03,9.912019751645224572e-03,9.913059866679082774e-03,9.914763692231319189e-03,9.915277270155484907e-03,9.915565714179664508e-03,9.915344653738559361e-03,9.914416354065964596e-03,9.913810758410541296e-03,9.912614725124231640e-03,9.912185124052556862e-03,9.911946547152617956e-03,9.912134500929392980e-03,9.912863445683461547e-03,9.913254190420859452e-03,9.913855683194128937e-03,9.913997540535464392e-03,9.913968100684154156e-03,9.913822072493009077e-03,9.913340750572584639e-03,9.913089389153625919e-03,9.912771079348396686e-03,9.912694885116412127e-03
1.400000000000000000e+01,-4.965195867449044391e-03,4.038063023672697205e-07,8.464913664194342879e-07,1.934971335655448488e-06,2.656191279093444990e-06,4.679694138518854241e-06,6.122286161284670736e-06,1.046165208131583091e-05,1.378123900181316835e-05,2.466924110287264243e-05,3.364507480036870585e-05,6.581895709183681331e-05,9.446843873532704411e-05,2.013153837066797985e-04,2.956597636608509008e-04,6.267906839997243809e-04,8.915224091572285584e-04,1.698908542929527567e-03,2.266262351878365645e-03,3.744668063383311228e-03,4.624219814456892279e-03,6.446139577760608488e-03,7.246788204441196278e-03,8.437220232411299023e-03,8.527045821966212566e-03,7.970659835090996084e-03,7.686262355746888673e-03,7.789331689925509117e-03,8.017902870581176955e-03,8.428673366127271971e-03,8.524851210781692404e-03,8.522957453307295622e-03,8.485111410263951326e-03,8.445387138717940292e-03,8.451038786894252142e-03,8.467770280745653619e-03,8.452498575504393402e-03,8.341017861738147035e-03,8.257428299719420106e-03,8.120307739475895667e-03,8.098154107057557033e-03,8.156482943134108626e-03,8.216290624329691469e-03,8.332621254412187622e-03,8.373226749162703333e-03,8.415034356454570777e-03,8.421684680530788433e-03,8.417204430063168416e-03,8.406670354737487416e-03,8.367173711887977705e-03,8.339923361550980949e-03,8.285031760265721898e-03,8.265522625674088034e-03,8.256243688543479092e-03,8.266323317668591852e-03,8.302444107047442928e-03,8.321844666474504174e-03,8.351659823974649788e-03,8.360304758112085954e-03,8.364712704296169837e-03,8.361117129069105605e-03,8.344912173027557029e-03,8.334201279407510432e-03,8.312348914948610584e-03,8.304052238072897468e-03,8.297664897230619396e-03,8.299782966872412335e-03,8.311297028802016804e-03,8.318716287273552473e-03,8.331637715361349394e-03,8.335894449798288836e-03,8.338741729967152905e-03,8.337581329181732379e-03,8.330825725583817024e-03,8.326250369559549946e-03,8.317479311887053528e-03,8.314113251498790255e-03,8.311553834483275185e-03,8.312449154454223249e-03,8.317343348125170663e-03,8.320344456461226806e-03,8.325496064620713232e-03,8.327132496501118974e-03,8.328139823917691045e-03,8.327493855294881842e-03,8.324725423528942653e-03,8.322950430087390147e-03,8.319536974612400104e-03,8.318344425919475121e-03,8.317716828104662272e-03,8.318262789831670431e-03,8.320370321599403901e-03,8.321516855832530868e-03,8.323314483621731263e-03,8.323749302302249284e-03,8.323681483979539913e-03,8.323254731261562137e-03,8.321849056444514947e-03,8.321122279195236615e-03,8.320213049628936292e-03,8.320003207752772745e-03
1.500000000000000000e+01,-6.374531451003994688e-03,4.050616159937542315e-07,8.490599452846622763e-07,1.939859533160205596e-06,2.662093246210729680e-06,4.687174561862107736e-06,6.130113092339337100e-06,1.046704291342466508e-05,1.378089046578847426e-05,2.463714531691571508e-05,3.357456180568159365e-05,6.553595203930787788e-05,9.391702862422170173e-05,1.993334915795230700e-04,2.919750906035774654e-04,6.146496360926768932e-04,8.704188800491754335e-04,1.640187598261903974e-03,2.172861423048730485e-03,3.529273174360979086e-03,4.312730111453908464e-03,5.859306612089161363e-03,6.484750946854825511e-03,7.299565204744203409e-03,7.227487996514117205e-03,6.490612206511748444e-03,6.196734360327956458e-03,6.308291845334712544e-03,6.554129271900814048e-03,7.047501023545674377e-03,7.203080618333727696e-03,7.311771156061000823e-03,7.309913352182962828e-03,7.289490333157826012e-03,7.280588359813726720e-03,7.235203786611585711e-03,7.180662485739485942e-03,6.996863969646604196e-03,6.886708948455230218e-03,6.721032894067882277e-03,6.695537720643077000e-03,6.764938755314078497e-03,6.838091123498583022e-03,6.991375401606179929e-03,7.051510086918966365e-03,7.123295769112695380e-03,7.137224382868683110e-03,7.129765609329165831e-03,7.110401129268355269e-03,7.045739099759304631e-03,7.005463335826730108e-03,6.930085964348502853e-03,6.904613374370104778e-03,6.893051709455083956e-03,6.906440362022011996e-03,6.955339671536955870e-03,6.982633023338491104e-03,7.026710307753661344e-03,7.040204859878767575e-03,7.047544285568806653e-03,7.042086901086618868e-03,7.017644566265474580e-03,7.001944522065378304e-03,6.970901906424738920e-03,6.959431371719312746e-03,6.950802789774245850e-03,6.953803101115237431e-03,6.969985024136602161e-03,6.980551427734355517e-03,6.999320339584354407e-03,7.005632850529760688e-03,7.009958120508716015e-03,7.008282942361537989e-03,6.998422762491323355e-03,6.991804602035548918e-03,6.979275837935645412e-03,6.974524170464490788e-03,6.970956907064913138e-03,6.972241422034728894e-03,6.979220941457484409e-03,6.983525596371871133e-03,6.990974500393939452e-03,6.993360765211008821e-03,6.994849345581907740e-03,6.993920206897611715e-03,6.989925209191717899e-03,6.987371555269347029e-03,6.982483717734511847e-03,6.980784617351127978e-03,6.979899291779514091e-03,6.980683250883818608e-03,6.983707393120912148e-03,6.985356865904969979e-03,6.987951170795802906e-03,6.988581306200120601e-03,6.988488179229194151e-03,6.987874530160260132e-03,6.985853598744375462e-03,6.984810557948817507e-03,6.983508454074058118e-03,6.983209876288276087e-03
1.600000000000000000e+01,-7.295304897408831125e-03,4.065670417274791504e-07,8.516253340576027120e-07,1.944740375881513772e-06,2.667986490338669636e-06,4.694813825926319462e-06,6.137917536244708039e-06,1.047239324945305194e-05,1.378049284905726729e-05,2.460502227606166381e-05,3.350389368970280168e-05,6.525403650934919614e-05,9.336862445888296363e-05,1.973708555877548218e-04,2.883360159324369412e-04,6.027432644678896306e-04,8.498142950656879802e-04,1.583495439181411592e-03,2.083308937535989676e-03,3.326266799080429028e-03,4.022222643439639020e-03,5.325895838455229486e-03,5.802845094385662532e-03,6.315308661658469713e-03,6.125988298612165990e-03,5.285390530264126065e-03,4.995863855574716669e-03,5.108852852614417100e-03,5.357587170205422265e-03,5.892655949696545478e-03,6.086249457225363646e-03,6.272704851678233620e-03,6.297481474307844475e-03,6.291797759772891317e-03,6.272242621646291656e-03,6.182049330869846503e-03,6.100197905765871939e-03,5.869320480527420725e-03,5.743526971755468294e-03,5.562878546109528526e-03,5.535857604192795552e-03,5.610800530545997748e-03,5.691070898273165382e-03,5.866021051262540996e-03,5.938427011745342141e-03,6.029843900503922306e-03,6.048667778424475679e-03,6.039244858466378749e-03,6.014010678709416982e-03,5.932999913545843572e-03,5.884528678472806563e-03,5.796730155422707628e-03,5.767776591438970347e-03,5.754937205194263390e-03,5.770270373087390062e-03,5.826808490403641468e-03,5.858937247971388040e-03,5.911957662226441021e-03,5.928550139321169497e-03,5.937786944037349614e-03,5.931143962554827342e-03,5.901480545199190228e-03,5.882654750462045119e-03,5.845937855094201011e-03,5.832536390149352205e-03,5.822561154586111676e-03,5.826101674135241749e-03,5.845139797994187286e-03,5.857646577274664042e-03,5.880054864964547913e-03,5.887657715296761192e-03,5.892917187742861308e-03,5.890920817719522314e-03,5.879119842855492356e-03,5.871230280396512284e-03,5.856376812151082439e-03,5.850772981995727533e-03,5.846589333363194814e-03,5.848114235684667706e-03,5.856380416933043218e-03,5.861491882462837102e-03,5.870368058206904514e-03,5.873221844745303739e-03,5.875011717493929149e-03,5.873906651603001509e-03,5.869149269212742964e-03,5.866112429604149713e-03,5.860311788618335557e-03,5.858299816174214990e-03,5.857255889030364530e-03,5.858187175390807723e-03,5.861778839353818001e-03,5.863740122848498833e-03,5.866829059031205759e-03,5.867580655207922484e-03,5.867472083987104042e-03,5.866742487250111229e-03,5.864339991768711090e-03,5.863100988343134326e-03,5.861555680361817296e-03,5.861202297006775329e-03
1.700000000000000000e+01,-7.848693368480529411e-03,4.081253370188941965e-07,8.541875383908520414e-07,1.949597878542902452e-06,2.673871026842578047e-06,4.702452282862729094e-06,6.145699539588517224e-06,1.047770320596053129e-05,1.378004634028373587e-05,2.457287239079029850e-05,3.343381801777789430e-05,6.497320695596740803e-05,9.282324770281975140e-05,1.954272896094637682e-04,2.847419761092375226e-04,5.910670307416208621e-04,8.296968510711584185e-04,1.528761942429013310e-03,1.997446273000084288e-03,3.134936265226736032e-03,3.751282575107476279e-03,4.841043552809254705e-03,5.192643932553006429e-03,5.463765899243292444e-03,5.192360870247805273e-03,4.303962076353556876e-03,4.027710490252532465e-03,4.137470843681528149e-03,4.379488820628804450e-03,4.927049774725082015e-03,5.142581062716580428e-03,5.381297905034622929e-03,5.425271608937637900e-03,5.430655599540651877e-03,5.403549569357103677e-03,5.282190826086146512e-03,5.182308468062023221e-03,4.923479634355475837e-03,4.790110495286315634e-03,4.604294226375157430e-03,4.577035631531814822e-03,4.653564336649923007e-03,4.736450907600644501e-03,4.921806577508601628e-03,5.001043632664402792e-03,5.104240030969804318e-03,5.126135010083865580e-03,5.115521938525930193e-03,5.086677644113550209e-03,4.995995702791990005e-03,4.942952457184689868e-03,4.848724152405143629e-03,4.818117943042698852e-03,4.804736486668325854e-03,4.821009551890029568e-03,4.881385152555702683e-03,4.916073934914022038e-03,4.974054178777316190e-03,4.992425898450045252e-03,5.002779217029880779e-03,4.995459941067275159e-03,4.962842831371461552e-03,4.942287283849341670e-03,4.902519707408396765e-03,4.888111331696302041e-03,4.877452872830845797e-03,4.881279330222084573e-03,4.901826002726737859e-03,4.915373565376915214e-03,4.939771007269871256e-03,4.948090851801530826e-03,4.953876587430601844e-03,4.951703976931340519e-03,4.938833473150756534e-03,4.930249265106479567e-03,4.914140764979640398e-03,4.908082358872019151e-03,4.903573764208600527e-03,4.905228119183586803e-03,4.914185467812280834e-03,4.919733040045689773e-03,4.929386544740936398e-03,4.932496761609088919e-03,4.934453261202348048e-03,4.933252427621609079e-03,4.928079573821075865e-03,4.924780266114746688e-03,4.918486053943490859e-03,4.916305709324124765e-03,4.915177089547026652e-03,4.916188040985097416e-03,4.920086674702097741e-03,4.922217061487511695e-03,4.925575018359530655e-03,4.926392889082749187e-03,4.926276224560036630e-03,4.925483674885397165e-03,4.922874143982808141e-03,4.921528999794001595e-03,4.919852212392780179e-03,4.919469341482363318e-03
1.800000000000000000e+01,-8.130324106828731162e-03,4.096819587375705174e-07,8.567787899062956347e-07,1.954449023061979873e-06,2.679746871044400014e-06,4.710074416635831596e-06,6.153459148807577384e-06,1.048297289908163565e-05,1.377955112736965748e-05,2.454069606904960010e-05,3.336384330392995479e-05,6.469345983949048584e-05,9.228089623741948799e-05,1.935026093252429497e-04,2.811924145894977023e-04,5.796164845702084234e-04,8.100550248031149203e-04,1.475919411537175013e-03,1.915121351064314435e-03,2.954609918288731915e-03,3.498591744458314987e-03,4.400451502925909787e-03,4.646607036788029735e-03,4.727041632815461025e-03,4.401020744163289429e-03,3.504770817260843135e-03,3.247175259977322370e-03,3.350783220433552895e-03,3.579953898821844512e-03,4.119672146364138261e-03,4.345226167777767150e-03,4.616566134880458264e-03,4.673862347618924946e-03,4.687374087456290701e-03,4.655167117673789969e-03,4.513314037930048032e-03,4.402531183367449155e-03,4.130059531969516341e-03,3.994958215156728214e-03,3.810889886719506445e-03,3.784282224287191174e-03,3.859636973942854807e-03,3.941957411918445807e-03,4.129574569349994673e-03,4.211625149818637621e-03,4.320718339947276360e-03,4.344303882413736578e-03,4.333084040642469492e-03,4.302333623493290182e-03,4.206971953875554386e-03,4.152035220667872964e-03,4.055755036581732732e-03,4.024818203957400767e-03,4.011422476590600916e-03,4.027909144647774317e-03,4.089359136320501638e-03,4.124941663916883300e-03,4.184943066899548397e-03,4.204115166251313519e-03,4.215003216463877357e-03,4.207385856081733398e-03,4.173495120975959441e-03,4.152240100148332086e-03,4.111349033999617611e-03,4.096609486368398001e-03,4.085751517450839435e-03,4.089677930012558180e-03,4.110746785609594063e-03,4.124675055723862546e-03,4.149847157606774764e-03,4.158460902594556495e-03,4.164471310893938516e-03,4.162229363232147414e-03,4.148931828986835574e-03,4.140077640888409870e-03,4.123500190040816846e-03,4.117278857559291197e-03,4.112658810296324768e-03,4.114361210761360160e-03,4.123572673338817690e-03,4.129283993605801020e-03,4.139236732985142331e-03,4.142447932748140500e-03,4.144471796508433260e-03,4.143234195229023899e-03,4.137901179722590361e-03,4.134501745307112529e-03,4.128022085313604560e-03,4.125779495721098276e-03,4.124620422339527782e-03,4.125661329163688579e-03,4.129675474411466027e-03,4.131870053798930749e-03,4.135331100318549377e-03,4.136174639582906008e-03,4.136055271812539083e-03,4.135238744694397575e-03,4.132550514815890030e-03,4.131165259215865797e-03,4.129439100326651874e-03,4.129045339164509436e-03
1.900000000000000000e+01,-8.214628481377645938e-03,4.112073310590796948e-07,8.594437185972109150e-07,1.959293809812578946e-06,2.685591757386682210e-06,4.717657988798432123e-06,6.161236680233758700e-06,1.048820243292579446e-05,1.377900739872248148e-05,2.450941756393376636e-05,3.329393114487148864e-05,6.441479224620662303e-05,9.174155528080853161e-05,1.915966364258985671e-04,2.776867894959123007e-04,5.683872867048109928e-04,7.908776084218482189e-04,1.424902604335323564e-03,1.836188539109157372e-03,2.784655126463491184e-03,3.262921325109300816e-03,4.001342780987702206e-03,4.157988064585289856e-03,4.089655104204815983e-03,3.730283889271340629e-03,2.853978819921118917e-03,2.617900577593709234e-03,2.713673871158893934e-03,2.926384442601626980e-03,3.444595961860002185e-03,3.671500152207715466e-03,3.960509021869389190e-03,4.026523770579098528e-03,4.045823059026646892e-03,4.010433612483100575e-03,3.856354422618915763e-03,3.740085633401316403e-03,3.464498731417769983e-03,3.331799676482781122e-03,3.154203180750650946e-03,3.128835105454045619e-03,3.201158122197524623e-03,3.280731948077240251e-03,3.464862569438169337e-03,3.546816388027957366e-03,3.657469821156166499e-03,3.681715959292975252e-03,3.670322287639263270e-03,3.638931508559501565e-03,3.542559122917407835e-03,3.487671358413810263e-03,3.392468989522466616e-03,3.362134183644237100e-03,3.349092674732168269e-03,3.365280520940282238e-03,3.425842251198311407e-03,3.461123906534383995e-03,3.521020283812129753e-03,3.540279182530730456e-03,3.551275895154383348e-03,3.543636240267124954e-03,3.509693802956802972e-03,3.488485007771807006e-03,3.447857266521098946e-03,3.433270130145851112e-03,3.422557482531990609e-03,3.426450689706874234e-03,3.447335022807855587e-03,3.461169610777357561e-03,3.486240284356260585e-03,3.494841713749917075e-03,3.500858008092440701e-03,3.498624025170794793e-03,3.485364037173855484e-03,3.476546360698547049e-03,3.460065945924168870e-03,3.453891206301086189e-03,3.449312811358386244e-03,3.451004739171347965e-03,3.460156113500199512e-03,3.465835127203874613e-03,3.475742436733856959e-03,3.478942403413416880e-03,3.480961886209944268e-03,3.479730078702899555e-03,3.474421057534629945e-03,3.471038510494486168e-03,3.464595291930428617e-03,3.462366815009252502e-03,3.461216272293860668e-03,3.462251352950928424e-03,3.466243165545375080e-03,3.468426363648869845e-03,3.471870902684122059e-03,3.472710826919671138e-03,3.472592625006664518e-03,3.471780210935704498e-03,3.469105757932233573e-03,3.467727952657892118e-03,3.466011545407264235e-03,3.465620276634829612e-03
2.000000000000000000e+01,-8.158789567979270879e-03,4.126705794946922135e-07,8.621055208480471466e-07,1.964132233814308570e-06,2.691416728251710966e-06,4.725208659996094074e-06,6.169276963275543979e-06,1.049339190578417458e-05,1.377841534311481653e-05,2.447818600152633361e-05,3.322408218220211651e-05,6.413720156785672477e-05,9.120521069887199683e-05,1.897091962975577806e-04,2.742245692190295459e-04,5.573751927666339631e-04,7.721536774086710728e-04,1.375648578523180898e-03,1.760508273085951460e-03,2.624475775406919474e-03,3.043125429896343173e-03,3.638431867751555637e-03,3.720750328273487485e-03,3.538213157745214582e-03,3.161771171906373537e-03,2.324031445959558184e-03,2.110574627935441101e-03,2.197703569675768867e-03,2.392133720344500475e-03,2.880142804726982565e-03,3.102235776980724613e-03,3.397684271547579335e-03,3.468843277130151392e-03,3.492080250320460377e-03,3.454995207288754505e-03,3.295022649819570430e-03,3.177318368263230830e-03,2.906193991619085079e-03,2.778725385440847760e-03,2.610676420258045520e-03,2.586913762969550099e-03,2.655020688165041567e-03,2.730421390962731176e-03,2.907145806482644423e-03,2.986948935430177449e-03,3.096033387728572978e-03,3.120185767579264184e-03,3.108933109580680823e-03,3.077823906600608318e-03,2.983078578194364033e-03,2.929612499633647664e-03,2.837658711682297143e-03,2.808561395042367959e-03,2.796121467481700422e-03,2.811661172084351998e-03,2.869984638735979809e-03,2.904133548931749596e-03,2.962426589622470414e-03,2.981264540093283427e-03,2.992064919585282062e-03,2.984599228592180013e-03,2.951471850872251779e-03,2.930834955263939348e-03,2.891440840520665551e-03,2.877342006947222058e-03,2.867012945938475499e-03,2.870780365493031533e-03,2.890988463961231131e-03,2.904397968283551831e-03,2.928752225548297665e-03,2.937125457863748283e-03,2.942992917037943156e-03,2.940821319447875851e-03,2.927925969969165376e-03,2.919360075881959754e-03,2.903373002347416423e-03,2.897391129911400243e-03,2.892961024796145489e-03,2.894601585938234682e-03,2.903473287596972444e-03,2.908982749706056845e-03,2.918602883428565720e-03,2.921712769949319499e-03,2.923677376982030188e-03,2.922481237548646762e-03,2.917325459984895786e-03,2.914041850945571846e-03,2.907790478274989432e-03,2.905629530341772085e-03,2.904514751317732388e-03,2.905518958384031153e-03,2.909391920535023962e-03,2.911510783382999928e-03,2.914854953518182523e-03,2.915670714028912799e-03,2.915556375360492392e-03,2.914767769041823678e-03,2.912171912651561820e-03,2.910834879791145482e-03,2.909169627639086181e-03,2.908790214734345396e-03
2.100000000000000000e+01,-8.006178596939032138e-03,4.141322803973696010e-07,8.647642111073161608e-07,1.968964322404676004e-06,2.697233055549974612e-06,4.732743100335085051e-06,6.177229913931214789e-06,1.049845031430435283e-05,1.377777514476388743e-05,2.444692517047583613e-05,3.315429658635668519e-05,6.386068334393070478e-05,9.067184484161557034e-05,1.878401034043838957e-04,2.708052056112917119e-04,5.465759671319609866e-04,7.538724411765935704e-04,1.328096240996700858e-03,1.687946241035803360e-03,2.473508989999222488e-03,2.838133925857428547e-03,3.308434366161546250e-03,3.329489135228201613e-03,3.061125076427235678e-03,2.679900983447072726e-03,1.892487368824665242e-03,1.701562888474192001e-03,1.779837306706930945e-03,1.955416453955292379e-03,2.408183129910515877e-03,2.621234135490924100e-03,2.914840555546014712e-03,2.988400935658247493e-03,3.014125427445091786e-03,2.976482553101436959e-03,2.815396959181780401e-03,2.699228729609242511e-03,2.437858832128190351e-03,2.317459381440420060e-03,2.160807995558521738e-03,2.138853194282752668e-03,2.202056431663769812e-03,2.272418740544054037e-03,2.439199798278069917e-03,2.515455580850024971e-03,2.620778313689670416e-03,2.644297963834226287e-03,2.633409042818286860e-03,2.603235285640721763e-03,2.511956088453396602e-03,2.460846739552201637e-03,2.373581753911998410e-03,2.346132629976441578e-03,2.334450449003589584e-03,2.349115949095800793e-03,2.404315982149714606e-03,2.436776972125461599e-03,2.492449859714146107e-03,2.510517663970050252e-03,2.520910198177310838e-03,2.513753418375426832e-03,2.482034564431447911e-03,2.462326428857622949e-03,2.424817759455548047e-03,2.411430544348618261e-03,2.401642261555389166e-03,2.405222226772836015e-03,2.424426301135550015e-03,2.437188543710958055e-03,2.460411274509001489e-03,2.468409714358668974e-03,2.474022812644995767e-03,2.471950470367488550e-03,2.459641431757644651e-03,2.451472724772706807e-03,2.436245519761336478e-03,2.430554479481636387e-03,2.426343838181554621e-03,2.427905600022426877e-03,2.436350333099468468e-03,2.441597964502701008e-03,2.450767936730956220e-03,2.453734451842456629e-03,2.455609972247712984e-03,2.454469659957304005e-03,2.449554337539423983e-03,2.446424960214893703e-03,2.440469985676371051e-03,2.438412444766439868e-03,2.437351682842727602e-03,2.438308175718656781e-03,2.441997371750549185e-03,2.444016248405594949e-03,2.447203532914639726e-03,2.447981266818312351e-03,2.447872593438746303e-03,2.447121064788705669e-03,2.444647464309892063e-03,2.443373633177182980e-03,2.441787387296192463e-03,2.441426120678326719e-03
2.200000000000000000e+01,-7.789260611232048589e-03,4.155924316802395158e-07,8.674197860313384578e-07,1.973790070576401934e-06,2.703040735053084676e-06,4.740261315143608212e-06,6.185160499242066401e-06,1.050325671844883069e-05,1.377725265784036923e-05,2.441563558490573993e-05,3.308457499025772852e-05,6.358523497212824338e-05,9.014144371195624561e-05,1.859891865010308842e-04,2.674281801839642134e-04,5.359855285351974863e-04,7.360234872188205560e-04,1.282186930907681932e-03,1.618373042571053660e-03,2.331225301455066776e-03,2.646950169394118868e-03,3.008366051487803769e-03,2.979370860470496353e-03,2.648366402357424376e-03,2.271469881973435176e-03,1.541075488585985295e-03,1.371814007626118333e-03,1.441422952668889451e-03,1.598427751161155333e-03,2.013561623085692934e-03,2.214811410568509435e-03,2.500613124852295657e-03,2.574500416110924762e-03,2.601586938159108041e-03,2.564242841519388458e-03,2.405585473243821749e-03,2.293076621915267344e-03,2.044995871818964216e-03,1.932762826900618486e-03,1.788460048382201420e-03,1.768397676864586626e-03,1.826370620706653514e-03,1.891241456623545501e-03,2.046575954053801369e-03,2.118387655069654124e-03,2.218476667271714921e-03,2.240991748387373243e-03,2.230617962181397768e-03,2.201826044103725490e-03,2.115238404116229383e-03,2.067087612497176680e-03,1.985400652305648744e-03,1.959842311756685405e-03,1.949006190460530683e-03,1.962663543798559909e-03,2.014203961783388175e-03,2.044630857692830359e-03,2.097032658346808902e-03,2.114102201130532016e-03,2.123946964061131093e-03,2.117187182159628069e-03,2.087261849104970340e-03,2.068710987865230236e-03,2.033498369912286469e-03,2.020961129445091736e-03,2.011809765903035258e-03,2.015163931562006724e-03,2.033159949532755903e-03,2.045135384413900026e-03,2.066963064473206074e-03,2.074492776376067431e-03,2.079783428732634443e-03,2.077833873082586547e-03,2.066252723308279783e-03,2.058573594303779106e-03,2.044274465086325793e-03,2.038935675931339946e-03,2.034988870845648792e-03,2.036454584268539841e-03,2.044379753597612946e-03,2.049307330729477870e-03,2.057923864425633201e-03,2.060713107773046171e-03,2.062477694526805919e-03,2.061405998288644986e-03,2.056786457635502094e-03,2.053846321075055228e-03,2.048253768711633289e-03,2.046322232559103643e-03,2.045326945198308599e-03,2.046225098427913863e-03,2.049689550194600321e-03,2.051585901015727173e-03,2.054580510978216631e-03,2.055311425062185740e-03,2.055209541486574011e-03,2.054503490031819868e-03,2.052179766435537761e-03,2.050983312293863658e-03,2.049493656752936210e-03,2.049154499485427924e-03
2.300000000000000000e+01,-7.531997277698086225e-03,4.170510345220465598e-07,8.701736201929127779e-07,1.978609484101778726e-06,2.708839775514455817e-06,4.747763326565408726e-06,6.193068756281741583e-06,1.050862181670511597e-05,1.377731671291064497e-05,2.438431768702047781e-05,3.301491786678739659e-05,6.331085323246516544e-05,8.961399217960897695e-05,1.841562717580166875e-04,2.640934982979367338e-04,5.255998499240129712e-04,7.185966073360444684e-04,1.237863904505090255e-03,1.551646050635048513e-03,2.197125341055496638e-03,2.468644166169886751e-03,2.735512567037217367e-03,2.666069216114417238e-03,2.291263185418185126e-03,1.925285497606637856e-03,1.254916328358878300e-03,1.105967583355869054e-03,1.167353787182141833e-03,1.306612143778117414e-03,1.683605239320346871e-03,1.871404261395355137e-03,2.145251075883513811e-03,2.217925666836738537e-03,2.245511500725536937e-03,2.209097483747935083e-03,2.055426115426062759e-03,1.948037757878630198e-03,1.715442821693686365e-03,1.611925361796837444e-03,1.480274443903061184e-03,1.462105896335926490e-03,1.514779132565142843e-03,1.574002901473411237e-03,1.717150217869839110e-03,1.783997126709620067e-03,1.877929881720340373e-03,1.899197159488985424e-03,1.889435172559155406e-03,1.862312314886875771e-03,1.781174760452473513e-03,1.736333452423025753e-03,1.660703333581674788e-03,1.637154369725535817e-03,1.627202899269457846e-03,1.639786059163821259e-03,1.687389257460644026e-03,1.715591836576857952e-03,1.764346531582490669e-03,1.780281199356318657e-03,1.789492534224285634e-03,1.783182395760151556e-03,1.755278267445387758e-03,1.738016706226146353e-03,1.705330204838753291e-03,1.693717968362895912e-03,1.685254278586248433e-03,1.688361676546951476e-03,1.705037898993341967e-03,1.716148751980534071e-03,1.736431495818400311e-03,1.743438120511773236e-03,1.748366424879513846e-03,1.746553164006554512e-03,1.735781314256503241e-03,1.728644388689509065e-03,1.715367926797647068e-03,1.710415490642820495e-03,1.706756884306544035e-03,1.708116912641950702e-03,1.715470824482115582e-03,1.720045613858868158e-03,1.728050173734109636e-03,1.730642789902434378e-03,1.732283877311802459e-03,1.731288059260765663e-03,1.726995721410529670e-03,1.724264634924989846e-03,1.719071678966794213e-03,1.717278807640836187e-03,1.716355370134291410e-03,1.717189209890591928e-03,1.720405858890001159e-03,1.722166963528848523e-03,1.724948639964265194e-03,1.725627740865370331e-03,1.725533265076470771e-03,1.724877441118369790e-03,1.722719200567822059e-03,1.721608117051778332e-03,1.720224948599621828e-03,1.719910121873158108e-03
2.400000000000000000e+01,-7.251798652674071310e-03,4.184499007740469234e-07,8.731372905385059724e-07,1.983422558035977112e-06,2.714630172788966289e-06,4.755249140057059287e-06,6.200954704525980798e-06,1.051394644817696400e-05,1.377733194288417728e-05,2.435297198652864453e-05,3.294532583944260323e-05,6.303753551464320870e-05,8.908947634432388962e-05,1.823411909958787616e-04,2.608001490502116770e-04,5.154150041847957095e-04,7.015818714978545173e-04,1.195072470465867800e-03,1.487669674204985734e-03,2.070738729151407574e-03,2.302348913198101407e-03,2.487406248092226616e-03,2.385713417069623872e-03,1.982311670132861151e-03,1.631861807742066885e-03,1.021893790522102920e-03,8.916403364208113150e-04,9.453958675569558781e-04,1.068071921779967758e-03,1.407718158613202944e-03,1.581242808635480689e-03,1.840389802628012231e-03,1.910737685757579220e-03,1.938171860765372859e-03,1.903139718661098385e-03,1.756236595765809511e-03,1.654917149792458492e-03,1.438997891197477813e-03,1.344347052977198226e-03,1.225195395672014353e-03,1.208865098712292620e-03,1.256347642793880295e-03,1.309978561197857119e-03,1.440750608813816391e-03,1.502390953928681855e-03,1.589658984802325495e-03,1.609533182805077296e-03,1.600438112358141055e-03,1.575150721515054288e-03,1.499870758942071884e-03,1.458503514622805190e-03,1.389108149758191968e-03,1.367597316472926768e-03,1.358533359575038457e-03,1.370025435816058131e-03,1.413602214317814278e-03,1.439504848753216451e-03,1.484440106527604511e-03,1.499171540073398860e-03,1.507704425238183543e-03,1.501870117203357897e-03,1.476097737383345355e-03,1.460185970931521075e-03,1.430122507693665571e-03,1.419463833947209180e-03,1.411705373650613132e-03,1.414557784136749770e-03,1.429870246173065192e-03,1.440084233838343983e-03,1.458756125001747957e-03,1.465214633501632502e-03,1.469761614565954534e-03,1.468090730530256099e-03,1.458165028656055809e-03,1.451593530155278339e-03,1.439380014039545221e-03,1.434827919044368884e-03,1.431467161796713683e-03,1.432717474455285842e-03,1.439478564815006509e-03,1.443686632495598879e-03,1.451053725868399133e-03,1.453441114078616106e-03,1.454953005793473489e-03,1.454036243101847377e-03,1.450084863423886997e-03,1.447571411553007746e-03,1.442793938786448259e-03,1.441145065439830217e-03,1.440296109030770287e-03,1.441063091924574963e-03,1.444022098187009405e-03,1.445642483200765445e-03,1.448202434361332488e-03,1.448827535831084985e-03,1.448740712830130437e-03,1.448137172005668771e-03,1.446151150545115990e-03,1.445128869124446408e-03,1.443856412813497234e-03,1.443566853304809050e-03
2.500000000000000000e+01,-6.961084946626231590e-03,4.198432547401070858e-07,8.759714937136078849e-07,1.988229319586400090e-06,2.720411961411491053e-06,4.762718811062924273e-06,6.208818416080300051e-06,1.051923074699145921e-05,1.377729853097638818e-05,2.432159878126578106e-05,3.287579906238041749e-05,6.276527738499539794e-05,8.856787886835689599e-05,1.805437655361744054e-04,2.575475773068259394e-04,5.054270723490834546e-04,6.849694714798990752e-04,1.153759544431363568e-03,1.426330285720258176e-03,1.951621315160956965e-03,2.147254725991681185e-03,2.261801642627469383e-03,2.134837923475661932e-03,1.715017954919862905e-03,1.383156682315037772e-03,8.321401667116031658e-04,7.188474631925276248e-04,7.656400347926944905e-04,8.730800100244838838e-04,1.177039158738886135e-03,1.336070190121089844e-03,1.578851482056995922e-03,1.646095113100369545e-03,1.672896450113132635e-03,1.639555943170282332e-03,1.500596555689548937e-03,1.405901550254625917e-03,1.207101604894036256e-03,1.121185896283372410e-03,1.014070668722702809e-03,9.994857341812449225e-04,1.042005706051018360e-03,1.090241231960736683e-03,1.208840759410335051e-03,1.265235977640112933e-03,1.345638277995484834e-03,1.364047786583877202e-03,1.355643643134049614e-03,1.332267655939837862e-03,1.262992896333321909e-03,1.225128349413634986e-03,1.161929612924839268e-03,1.142422127936327907e-03,1.134223556850275268e-03,1.144642400230158445e-03,1.184237785513223354e-03,1.207847360421572536e-03,1.248939020604180813e-03,1.262448924318866454e-03,1.270288283938318663e-03,1.264936570245695641e-03,1.241320753524813476e-03,1.226767208628072418e-03,1.199327412575361927e-03,1.189617458914117229e-03,1.182558019691720697e-03,1.185156385008305328e-03,1.199109883536242718e-03,1.208427567666828240e-03,1.225483569657426566e-03,1.231390276325912414e-03,1.235552223680547179e-03,1.234024397449609914e-03,1.224949289366694151e-03,1.218945108838145885e-03,1.207795514339608453e-03,1.203643230205467436e-03,1.200579372287452831e-03,1.201719986617503372e-03,1.207888453411689114e-03,1.211729463885024075e-03,1.218457538946350269e-03,1.220638902273352838e-03,1.222020892705923817e-03,1.221183400025962693e-03,1.217573925006995052e-03,1.215278560169256658e-03,1.210917050875155374e-03,1.209412211118407465e-03,1.208637662789361841e-03,1.209337726602810470e-03,1.212038813704212868e-03,1.213518252005714275e-03,1.215855992908288635e-03,1.216426943353780127e-03,1.216347748963353577e-03,1.215796594884891238e-03,1.213983104641536831e-03,1.213049754129826192e-03,1.211888130676227159e-03,1.211623846116428004e-03
2.600000000000000000e+01,-6.668519961625365630e-03,4.212351710133205307e-07,8.787940025609120021e-07,1.993029763783064900e-06,2.726185137203081255e-06,4.770172344952840204e-06,6.216659910267784139e-06,1.052447481140247193e-05,1.377721665973396376e-05,2.429019857618733985e-05,3.280633815063316999e-05,6.249407623981802218e-05,8.804918598713691591e-05,1.787638304473135320e-04,2.543352895360917812e-04,4.956322782573574504e-04,6.687499427222446183e-04,1.113874155545233752e-03,1.367519357323643964e-03,1.839355309251078721e-03,2.002607524681279325e-03,2.056658520496358090e-03,1.910343372606414583e-03,1.483765666787649137e-03,1.172355438541883288e-03,6.776214499162724197e-04,5.795404028575094207e-04,6.200625540211616299e-04,7.136865711372718593e-04,9.841607445148755143e-04,1.128911533072110562e-03,1.354480195801195490e-03,1.418106017391538437e-03,1.443928714255915402e-03,1.412478107698545392e-03,1.282167577583558093e-03,1.194355153948613649e-03,1.012575526653122088e-03,9.350692680948052143e-04,8.393266636672934780e-04,8.263714304826011783e-04,8.642319115677830899e-04,9.073627574170683996e-04,1.014260024772154281e-03,1.065516146556294737e-03,1.139075797733952490e-03,1.156003539107107111e-03,1.148291439316381085e-03,1.126836176090068725e-03,1.063525500343422137e-03,1.029095383243365698e-03,9.719043215939181593e-04,9.543219333234117738e-04,9.469497881334967143e-04,9.563370037207431437e-04,9.920887911601299416e-04,1.013470025071745717e-03,1.050799167203299647e-03,1.063105180516901727e-03,1.070257563656351434e-03,1.065381254700292768e-03,1.043885461155197834e-03,1.030661556091534356e-03,1.005778181844308415e-03,9.969887516608662292e-04,9.906056011234325859e-04,9.929572703957032648e-04,1.005590744913600204e-03,1.014035791153444777e-03,1.029513923018464741e-03,1.034880308158130265e-03,1.038664392394303589e-03,1.037276470348919705e-03,1.029033404153097651e-03,1.023583332337478502e-03,1.013470910829037883e-03,1.009707699174881498e-03,1.006932355982660329e-03,1.007966137122212787e-03,1.013557492907675613e-03,1.017040698625186652e-03,1.023145120274676113e-03,1.025125186701325401e-03,1.026380109412148960e-03,1.025620005702320217e-03,1.022344322950182773e-03,1.020261752273775996e-03,1.016305816587692763e-03,1.014941313107024790e-03,1.014239196919022867e-03,1.014874028699137495e-03,1.017323665128408612e-03,1.018665632709703402e-03,1.020786546303626557e-03,1.021304632536975711e-03,1.021232853412279602e-03,1.020732810789072055e-03,1.019087627502474579e-03,1.018241005707240694e-03,1.017187440410215367e-03,1.016947783769418107e-03
2.700000000000000000e+01,-6.379973770244851995e-03,4.226256475571218973e-07,8.816129501380137734e-07,1.997823885708897851e-06,2.731949696051574894e-06,4.777609747214604796e-06,6.224479206557234634e-06,1.052967873978183366e-05,1.377766804443354698e-05,2.425877187415929892e-05,3.273694371438203715e-05,6.222392946822301318e-05,8.753338397455776021e-05,1.770012222241960573e-04,2.511627979380993622e-04,4.860269171257838167e-04,6.529140412736451904e-04,1.075367083154078925e-03,1.311132815633148270e-03,1.733546902225245774e-03,1.867703948737337027e-03,1.870121550958713311e-03,1.709456136728102621e-03,1.283695495870494467e-03,9.936817370224827056e-04,5.517952242427700757e-04,4.672301257792783880e-04,5.021650870534553196e-04,5.833928930253085010e-04,8.228890171064866255e-04,9.538731695016428036e-04,1.161994594340400207e-03,1.221694268531896971e-03,1.246299746131281083e-03,1.216850637614580281e-03,1.095533622390016358e-03,1.014640395872807438e-03,8.493977870262861551e-04,7.798481538239627683e-04,6.946946195725018508e-04,6.832412943157473509e-04,7.167878154855774828e-04,7.551607465715428139e-04,8.510001237533393673e-04,8.973226571360216897e-04,9.642219323325491864e-04,9.796903502016897705e-04,9.726549497384119267e-04,9.530817832292884373e-04,8.955606514710447510e-04,8.644298787580948287e-04,8.129565059407381847e-04,7.971926955688034624e-04,7.905973360323075363e-04,7.990099688334794184e-04,8.311172089218409054e-04,8.503737843077036063e-04,8.840937147700329499e-04,8.952384960187378254e-04,9.017256320915092646e-04,8.973078149626546179e-04,8.778529640456455424e-04,8.659046958806254982e-04,8.434644098058632217e-04,8.355516290883815630e-04,8.298110315204361778e-04,8.319276570588306219e-04,8.433030177125233964e-04,8.509147362525696853e-04,8.648823918646388054e-04,8.697303506305723020e-04,8.731512475778704929e-04,8.718974465521701911e-04,8.644521035790931479e-04,8.595326174810537928e-04,8.504117742133016772e-04,8.470199892776121564e-04,8.445197630244424131e-04,8.454515050245999322e-04,8.504916390985224617e-04,8.536328062852443013e-04,8.591404667739497777e-04,8.609277392093283438e-04,8.620608515930820726e-04,8.613748256939566042e-04,8.584186426879589563e-04,8.565396594218599099e-04,8.529715160493491974e-04,8.517411177894869748e-04,8.511081687848920385e-04,8.516806438500701057e-04,8.538898821173687703e-04,8.551003744832821885e-04,8.570138406211033275e-04,8.574813302866012357e-04,8.574166252217031367e-04,8.569654795883823589e-04,8.554812905830272082e-04,8.547176095072307744e-04,8.537673592370134679e-04,8.535512389068120043e-04
2.800000000000000000e+01,-6.099265813654213865e-03,4.240146916287268475e-07,8.844283521701815087e-07,2.002611712473290062e-06,2.737705672354803776e-06,4.785031072999414159e-06,6.232276376601404710e-06,1.053484266499461752e-05,1.377817872717790326e-05,2.422731896566544113e-05,3.266761589586133357e-05,6.195483265737395523e-05,8.702045572473934842e-05,1.752557671693506444e-04,2.480295995730920008e-04,4.766072918858050081e-04,6.374526366192748150e-04,1.038190552945041784e-03,1.257070505874775986e-03,1.633824244763498398e-03,1.741887138298116137e-03,1.700502476892076613e-03,1.529692970263461620e-03,1.110602099826605779e-03,8.422384729037720591e-04,4.493331550843157260e-04,3.766844429216147094e-04,4.066841600398806919e-04,4.768859001989282295e-04,6.880440578091945661e-04,8.059741598534014492e-04,9.968626566058142596e-04,1.052485562066112976e-03,1.075719485997969453e-03,1.048316924866088753e-03,9.360658502394151453e-04,8.619668762755248320e-04,7.125159378403266019e-04,6.503933148677117429e-04,5.749851139992398150e-04,5.649014236823171262e-04,5.944983895809488258e-04,6.284889112979311770e-04,7.140188850002062229e-04,7.556783773324509540e-04,8.162085773593024188e-04,8.302679335459167698e-04,8.238824334748772599e-04,8.061193073936410297e-04,7.541224391451432918e-04,7.261120964184930929e-04,6.800030616011393247e-04,6.659344379722270321e-04,6.600601291992629072e-04,6.675644389947596458e-04,6.962637217320733277e-04,7.135239900672059321e-04,7.438350688595586624e-04,7.538779268374878537e-04,7.597317713872939193e-04,7.557490562448273760e-04,7.382279330688090030e-04,7.274847189194686911e-04,7.073446535641849178e-04,7.002547814859367073e-04,6.951161668843214292e-04,6.970121129980721628e-04,7.072057817145583486e-04,7.140334665591352784e-04,7.265770049858311444e-04,7.309352238547639838e-04,7.340125363997770588e-04,7.328853628629991568e-04,7.261931709574270116e-04,7.217740781255968172e-04,7.135871204997628475e-04,7.105447139901409012e-04,7.083030295713952165e-04,7.091387581630772402e-04,7.136601884206259655e-04,7.164792613535550178e-04,7.214244811738195623e-04,7.230299051824229731e-04,7.240480388083720201e-04,7.234318560848012128e-04,7.207768910095649698e-04,7.190897675382725354e-04,7.158868880092457768e-04,7.147827411388436164e-04,7.142148714511476967e-04,7.147286271916176298e-04,7.167114617654150518e-04,7.177980941779141255e-04,7.195160666900179969e-04,7.199358601555367471e-04,7.198778066345298474e-04,7.194727387962200280e-04,7.181402440663738063e-04,7.174546964343322605e-04,7.166017541945773200e-04,7.164077936871755120e-04
2.900000000000000000e+01,-5.828732417154330707e-03,4.254019065827452373e-07,8.872402055383823982e-07,2.007393239135749075e-06,2.743453061966778794e-06,4.792436327706595112e-06,6.240051439716440274e-06,1.053996668484106364e-05,1.377864010203809497e-05,2.419584034888365431e-05,3.259835529694291023e-05,6.168678320343182891e-05,8.651038764622125815e-05,1.735273049377839341e-04,2.449352186922187924e-04,4.673698401851033787e-04,6.223569181658195407e-04,1.002298692755634532e-03,1.205236768437626185e-03,1.539837557555186545e-03,1.624545343620077513e-03,1.546267339820827334e-03,1.368833014934075533e-03,9.608484114052217792e-04,7.138759746784214058e-04,3.658970662058658868e-04,3.036857878134305300e-04,3.293577866961992437e-04,3.898232733113536630e-04,5.752957412137309906e-04,6.810069249363432872e-04,8.551975862917306909e-04,9.067126516918329326e-04,9.284862631333216237e-04,9.031249490918259043e-04,7.998103411165228063e-04,7.322661020177584704e-04,5.976927266034418387e-04,5.424279009964561027e-04,4.759038310208733857e-04,4.670583770446457353e-04,4.930723897689746893e-04,5.230651252415789015e-04,5.990867364915365700e-04,6.363928439387057587e-04,6.909159703686407542e-04,7.036353142939261521e-04,6.978653144277873963e-04,6.818179119669389582e-04,6.350218278819179038e-04,6.099265026577455062e-04,5.687931496302063919e-04,5.562878451031913474e-04,5.510761126623587788e-04,5.577429923758273067e-04,5.832908871367904410e-04,5.986972004583413637e-04,6.258279095749533574e-04,6.348384705415618598e-04,6.400974435402540658e-04,6.365224229798651517e-04,6.208105648044040525e-04,6.111918954466149384e-04,5.931920474089641057e-04,5.868658080906532029e-04,5.822848713658134584e-04,5.839760288814258363e-04,5.930726304531558704e-04,5.991713261246723113e-04,6.103882626065527256e-04,6.142894936390355318e-04,6.170458090744429525e-04,6.160367505769117485e-04,6.100470295838473708e-04,6.060942038296907031e-04,5.987763971294279494e-04,5.960587913355387679e-04,5.940572674517320337e-04,5.948037186780628927e-04,5.988427878686466629e-04,6.013621397087604362e-04,6.057835940246319301e-04,6.072195577669350572e-04,6.081304800636946548e-04,6.075793626277962989e-04,6.052049881526784178e-04,6.036965205146998387e-04,6.008336103800670722e-04,5.998469203326991725e-04,5.993395679320676420e-04,5.997986846672824154e-04,6.015708220573432602e-04,6.025421552940659828e-04,6.040780952133433662e-04,6.044534644804441456e-04,6.044015935042250029e-04,6.040394302924941353e-04,6.028481678861394646e-04,6.022353516839575732e-04,6.014729744502050196e-04,6.012996319899443359e-04
3.000000000000000000e+01,-5.569655625228809442e-03,4.267636527065937768e-07,8.900485134041499768e-07,2.012168471437342232e-06,2.749191873587138180e-06,4.799825533297746860e-06,6.247801805688707466e-06,1.054505090851941274e-05,1.377905235019731556e-05,2.416433644970850114e-05,3.252916236063958105e-05,6.141977790203624610e-05,8.600316505913419007e-05,1.718156727782580925e-04,2.418791783089678168e-04,4.583110470334815847e-04,6.076182482666059315e-04,9.676471297913368311e-04,1.155539761768667809e-03,1.451256947067931617e-03,1.515107726418889363e-03,1.406020902308711268e-03,1.224888517265521580e-03,8.312873582036551037e-04,6.050766293282574398e-04,2.979540710355372754e-04,2.448336957038468181e-04,2.667341055431890137e-04,3.186551777581885306e-04,4.810231718428816319e-04,5.754159062725736073e-04,7.336645340441216162e-04,7.811296493749602526e-04,8.014046314017281292e-04,7.780419283979047099e-04,6.833883192910068793e-04,6.220813890951207292e-04,5.013733988851387310e-04,4.523846949109153887e-04,3.938961484633955734e-04,3.861620547318698679e-04,4.089503834565745913e-04,4.353252348753946024e-04,5.026545771149790176e-04,5.359367140620298689e-04,5.848563869467462636e-04,5.963166270875385269e-04,5.911230742411963460e-04,5.766833578802234295e-04,5.347310147992773502e-04,5.123317479261840779e-04,4.757707940117447340e-04,4.646945718734807329e-04,4.600866216188026145e-04,4.659882687997989048e-04,4.886484747606495774e-04,5.023493060798420520e-04,5.265421413383486460e-04,5.345955954673756172e-04,5.393017470012818546e-04,5.361048442863950575e-04,5.220686983201262149e-04,5.134891004095320372e-04,4.974615245795606031e-04,4.918373023376065162e-04,4.877682817419869143e-04,4.892711941669033657e-04,4.973589000240577138e-04,5.027862674173199167e-04,5.127794708420230219e-04,5.162584998610201051e-04,5.187179389733974355e-04,5.178179795629423224e-04,5.124770299153027717e-04,5.089544457109749023e-04,5.024377640272248424e-04,5.000192384922875349e-04,4.982387011971079957e-04,4.989029354554169737e-04,5.024977347643762651e-04,5.047408704463790877e-04,5.086793065387359633e-04,5.099588971325605402e-04,5.107708362849907105e-04,5.102797456528066281e-04,5.081642105791853506e-04,5.068204941789397969e-04,5.042709630241060115e-04,5.033925001305507643e-04,5.029408871675055889e-04,5.033496515060645327e-04,5.049275980230300345e-04,5.057926380116180634e-04,5.071607214767815189e-04,5.074951162223400800e-04,5.074489381041132410e-04,5.071263385836117729e-04,5.060652973690434389e-04,5.055195309101555290e-04,5.048406312312247318e-04,5.046862884366025773e-04
3.100000000000000000e+01,-5.322583715168228979e-03,4.281239039489667664e-07,8.928532726814111808e-07,2.016937404496557673e-06,2.754922103149690105e-06,4.807198695302300484e-06,6.255483519302870721e-06,1.055009543379694520e-05,1.377941565157934922e-05,2.413280776200968369e-05,3.246003767971069459e-05,6.115450634846218703e-05,8.549877446782910145e-05,1.701207132225870597e-04,2.388610139219728840e-04,4.494274846846444890e-04,5.932282246848032126e-04,9.341930963999729026e-04,1.107891532041889449e-03,1.367771671445331023e-03,1.413042114369477201e-03,1.278494734403355648e-03,1.096081012008118076e-03,7.191964403445915907e-04,5.128591098832171666e-04,2.426274049547394798e-04,1.973867760398278007e-04,2.160176831385246868e-04,2.604799647140136273e-04,4.021989548012904273e-04,4.861970123037932454e-04,6.294027737818929866e-04,6.729404469531649266e-04,6.917167202690538072e-04,6.702830337855748485e-04,5.839130250300632319e-04,5.284763660849105954e-04,4.205762118275058192e-04,3.772887830451009117e-04,3.260201061217361806e-04,3.192773760918986986e-04,3.391803389200045982e-04,3.623030846496939558e-04,4.217447442736825536e-04,4.513379240704646841e-04,4.950776632251917969e-04,5.053663238627770227e-04,5.007077345819312825e-04,4.877603816757008701e-04,4.502795168212234481e-04,4.303532951671577150e-04,3.979617253055574289e-04,3.881823053729594949e-04,3.841207173828214971e-04,3.893282800166708579e-04,4.093624534616518290e-04,4.215067048585381670e-04,4.430078698770397935e-04,4.501814677117946598e-04,4.543783789438243098e-04,4.515292119508552970e-04,4.390321349003606377e-04,4.314047990125035453e-04,4.171802836090551456e-04,4.121964270386545282e-04,4.085937399813414569e-04,4.099249737762791085e-04,4.170921415946804087e-04,4.219061871526576246e-04,4.307796566528588819e-04,4.338718184820457638e-04,4.360589726548572825e-04,4.352589694444465931e-04,4.305123275476644210e-04,4.273835421397054538e-04,4.215993930837417039e-04,4.194540891428984522e-04,4.178753046761175122e-04,4.184644270913513361e-04,4.216532910970563139e-04,4.236439056098358427e-04,4.271404826831377149e-04,4.282769444513834234e-04,4.289982428476116910e-04,4.285620857708135820e-04,4.266834043715915167e-04,4.254903981729977677e-04,4.232274275899131077e-04,4.224478940304862012e-04,4.220472141298337032e-04,4.224099471855490701e-04,4.238103464772741136e-04,4.245781806835194697e-04,4.257927229414249642e-04,4.260896293862611456e-04,4.260486524450980000e-04,4.257622433302609907e-04,4.248203084929822598e-04,4.243358593755139699e-04,4.237332898339848594e-04,4.235963160954493364e-04
3.200000000000000000e+01,-5.087567975617018901e-03,4.294826675349874834e-07,8.956544990234432957e-07,2.021700065295284343e-06,2.760643784869253048e-06,4.814555868480271950e-06,6.263142947490925316e-06,1.055510039186646071e-05,1.377973018798234889e-05,2.410125456663633065e-05,3.239098138087780077e-05,6.089137515388840655e-05,8.499719907244240868e-05,1.684422590053141419e-04,2.358802466352139318e-04,4.407157325689234351e-04,5.791785483465023907e-04,9.018950817852597682e-04,1.062207437315724340e-03,1.289088317160153908e-03,1.317851518947490974e-03,1.162534630348417350e-03,9.808182301901634259e-04,6.222195548063955139e-04,4.346958882429563173e-04,1.975741482650398423e-04,1.591346112509968783e-04,1.749442972143067793e-04,2.129253687946260076e-04,3.362913004519609006e-04,4.108113847219457826e-04,5.399574668254296383e-04,5.797355279756550087e-04,5.970414386688837477e-04,5.774484590835623349e-04,4.989172791430903503e-04,4.489559162043632590e-04,3.527994354532836691e-04,3.146586244154340670e-04,2.698402841405239672e-04,2.639772163273192140e-04,2.813134342500266116e-04,3.015296166374858977e-04,3.538583743231066628e-04,3.800930325609545510e-04,4.190802508583849062e-04,4.282875462563945704e-04,4.241216634347927394e-04,4.125488607765702420e-04,3.791654636224710273e-04,3.614920568491162764e-04,3.328776148209143179e-04,3.242676535687976508e-04,3.206975305413556354e-04,3.252794878696122632e-04,3.429408554934407563e-04,3.536738334379493920e-04,3.727258477551126034e-04,3.790963592474614133e-04,3.828276109919849512e-04,3.802959828921627372e-04,3.692025802518065711e-04,3.624419657769668845e-04,3.498547824619877011e-04,3.454512298712384549e-04,3.422706203502047864e-04,3.434463209862868849e-04,3.497791213738915550e-04,3.540365851912004660e-04,3.618924348001012481e-04,3.646325478695658373e-04,3.665717139968672697e-04,3.658626672821243056e-04,3.616567223566546571e-04,3.588859351420078600e-04,3.537671002276487203e-04,3.518697338848533751e-04,3.504739274437880178e-04,3.509948893912163623e-04,3.538153272092513929e-04,3.555766354091998913e-04,3.586717403485520719e-04,3.596780875866449623e-04,3.603169537125788108e-04,3.599307292170136549e-04,3.582673163156167156e-04,3.572112452719490919e-04,3.552085495373020346e-04,3.545188403523309717e-04,3.541643916567405875e-04,3.544853268126063606e-04,3.557244882653153029e-04,3.564040266177829000e-04,3.574790712702327275e-04,3.577419114552489107e-04,3.577056552864889619e-04,3.574521275180328819e-04,3.566183981618701801e-04,3.561896464019664865e-04,3.556564021904035783e-04,3.555352004780652775e-04
3.300000000000000000e+01,-4.864335397890779365e-03,4.308399415937566590e-07,8.984521893328975550e-07,2.026456448928591614e-06,2.766356914644940712e-06,4.821897058272621439e-06,6.270780110757302739e-06,1.056006587992971979e-05,1.377999613821987573e-05,2.406967735285158588e-05,3.232199404879475269e-05,6.062926289564576909e-05,8.449842551056050560e-05,1.667801557048622513e-04,2.329364234294056812e-04,4.321724947495839478e-04,5.654612109702210690e-04,8.707132279891071497e-04,1.018406634708009587e-03,1.214930885798252806e-03,1.229073083164032749e-03,1.057091874464088400e-03,8.776761482831591660e-04,5.383189844400506144e-04,3.684452083951572643e-04,1.608867645415471004e-04,1.282954274983913456e-04,1.416805429163749824e-04,1.740525642553109389e-04,2.811837741712288133e-04,3.471143598973063307e-04,4.632232719545617550e-04,4.994397659600054509e-04,5.153242678117581771e-04,4.974714324559471185e-04,4.262936373376118374e-04,3.814009347953032855e-04,2.959449869589826643e-04,2.624250674050305002e-04,2.233413415166970312e-04,2.182552395388927258e-04,2.333190551996461304e-04,2.509503769977557142e-04,2.968993233190310443e-04,3.200942850796308428e-04,3.547488421958002944e-04,3.629648106350637574e-04,3.592498046746201920e-04,3.489347252269778266e-04,3.192826242702289860e-04,3.036493223669582339e-04,2.784375535169591326e-04,2.708765788750630912e-04,2.677462723266015032e-04,2.717673856957826192e-04,2.872965289565003813e-04,2.967572267004534720e-04,3.135938319274852656e-04,3.192357681667777614e-04,3.225438601339308820e-04,3.203004538509628130e-04,3.104796045727119952e-04,3.045032370882164857e-04,2.933943774794034107e-04,2.895137505192300204e-04,2.867130545380807208e-04,2.877486479411434442e-04,2.933294645371667050e-04,2.970847258485301290e-04,3.040211199810110426e-04,3.064427516859336356e-04,3.081574022122017878e-04,3.075306415731065765e-04,3.038137488817370044e-04,3.013665278062309730e-04,2.968484859855978486e-04,2.951748317310282782e-04,2.939440382580139205e-04,2.944035025844284406e-04,2.968914715760035891e-04,2.984457514411068685e-04,3.011781890529209235e-04,3.020669404729774132e-04,3.026312783629093658e-04,3.022901784831329847e-04,3.008212843444990625e-04,2.998889145307609069e-04,2.981212596092743319e-04,2.975126404355255688e-04,2.971999160197250772e-04,2.974831156356359113e-04,2.985766928294258243e-04,2.991764908584822885e-04,3.001255291142524567e-04,3.003575919765235844e-04,3.003255964572973391e-04,3.001017712154895739e-04,2.993657773443956713e-04,2.989873267364084528e-04,2.985166838401350983e-04,2.984097219115031466e-04
3.400000000000000000e+01,-4.652412799302834724e-03,4.322124476912464486e-07,9.011208082186639157e-07,2.031206550544457923e-06,2.772061488446990463e-06,4.829222270237402970e-06,6.278395029746947076e-06,1.056499199529950528e-05,1.378021368104130617e-05,2.403807660787075223e-05,3.225307626340649658e-05,6.036816705278988393e-05,8.400244045802997966e-05,1.651342502382484659e-04,2.300290965525928280e-04,4.237945376139203024e-04,5.520683909884839535e-04,8.406090458412595820e-04,9.764115997917674136e-04,1.145039221677445103e-03,1.146275082847414677e-03,9.612127946589882690e-04,7.853804062366515418e-04,4.657316901867398357e-04,3.122916529054988941e-04,1.310118716134657524e-04,1.034326982299379333e-04,1.147415665525772233e-04,1.422766310357152092e-04,2.351066864468148720e-04,2.932937298888169467e-04,3.973939553079076578e-04,4.302653604342111110e-04,4.447918032828334159e-04,4.285713443054365787e-04,3.642413368895236134e-04,3.240111014683544691e-04,2.482528219619898127e-04,2.188623723215193245e-04,1.848551576337275140e-04,1.804525528067433063e-04,1.935129619858554084e-04,2.088554632460543417e-04,2.491087820903062008e-04,2.695665673652248434e-04,3.002927645933432463e-04,3.076052100541822390e-04,3.043005340937540021e-04,2.951298127767095283e-04,2.688573371516216753e-04,2.550621249955637229e-04,2.329008816809819901e-04,2.262764670571230929e-04,2.235379984815632701e-04,2.270586766845352628e-04,2.406809042362761941e-04,2.490002478117798665e-04,2.638430208983218520e-04,2.688274259503879368e-04,2.717530340396951197e-04,2.697698851057269906e-04,2.610967851536779086e-04,2.558264535808410858e-04,2.460457461382235464e-04,2.426340518393065374e-04,2.401736823431878040e-04,2.410836833540335247e-04,2.459900827622030911e-04,2.492944476361214773e-04,2.554042411468523607e-04,2.575392189705302814e-04,2.590516469450068401e-04,2.584989549331354053e-04,2.552221749973927062e-04,2.530659360616286171e-04,2.490877307948372379e-04,2.476149362322550840e-04,2.465322272850387075e-04,2.469364805844113595e-04,2.491259131923995174e-04,2.504942069666213356e-04,2.529006675823916236e-04,2.536836709778316629e-04,2.541809672220885635e-04,2.538804434133552432e-04,2.525864402770213943e-04,2.517652597418765931e-04,2.502088034328393829e-04,2.496730266561440412e-04,2.493977734377506375e-04,2.496470743644377613e-04,2.506098545475114736e-04,2.511379973803729709e-04,2.519737835819883115e-04,2.521781795898556111e-04,2.521500107341787672e-04,2.519528828179304694e-04,2.513047278157173534e-04,2.509714789697371426e-04,2.505570846986684280e-04,2.504629155073339122e-04
3.500000000000000000e+01,-4.451214508213519223e-03,4.338339147152633912e-07,9.037741611657434948e-07,2.035950397026760339e-06,2.777757540350575538e-06,4.836496786679751747e-06,6.285987775922659282e-06,1.056987886792915693e-05,1.378038299609720546e-05,2.400645260543753101e-05,3.218422814007648042e-05,6.010808336300802607e-05,8.350922734212500032e-05,1.635043800115977899e-04,2.271578043930222099e-04,4.155786343462870847e-04,5.389923629057847068e-04,8.115451773823864449e-04,9.361477274493113128e-04,1.079167676859413803e-03,1.069054337097613116e-03,8.740295993275321723e-04,7.027900639095590804e-04,4.029319055436119193e-04,2.646961366186912148e-04,1.066843510229790321e-04,8.338813458929825173e-05,9.292467903679844932e-05,1.163018061103929246e-04,1.965800587936513896e-04,2.478179379265480625e-04,3.409195571484734816e-04,3.706716942548701071e-04,3.839129235447113347e-04,3.692137681128313323e-04,3.112213505424296991e-04,2.752566345267798420e-04,2.082462357862321575e-04,1.825310043271641605e-04,1.530008259175829471e-04,1.491973579539600941e-04,1.604980146889239262e-04,1.738215359021189066e-04,2.090107532653822861e-04,2.270146582841097230e-04,2.541958858844790836e-04,2.606889484186875744e-04,2.577559247504430245e-04,2.496213572546202020e-04,2.263957478749710484e-04,2.142492910438831277e-04,1.948113319727596410e-04,1.890197052678089032e-04,1.866289623128182876e-04,1.897049342703821528e-04,2.016288396461457175e-04,2.089286590285389239e-04,2.219849204479736396e-04,2.263785984097732920e-04,2.289600908895999404e-04,2.272108908989625004e-04,2.195683487985749388e-04,2.149308468929553989e-04,2.063382280631268981e-04,2.033452664680400826e-04,2.011884880039642096e-04,2.019863892132539931e-04,2.062905194659724398e-04,2.091917967380072310e-04,2.145617080551096012e-04,2.164398171575409799e-04,2.177709142905884937e-04,2.172846027479729408e-04,2.144021568830159485e-04,2.125064567024105913e-04,2.090112181051600668e-04,2.077179909788437473e-04,2.067676082599450779e-04,2.071225086286319558e-04,2.090450301628033955e-04,2.102469647468994257e-04,2.123617015766425878e-04,2.130500267910201417e-04,2.134872811519238425e-04,2.132230847199396290e-04,2.120856410586036481e-04,2.113639693731537983e-04,2.099964662995185832e-04,2.095258407049677835e-04,2.092840945810353973e-04,2.095030754271972467e-04,2.103488528534779023e-04,2.108128852015122429e-04,2.115473251475073063e-04,2.117269587570448641e-04,2.117022121923837000e-04,2.115289762820177916e-04,2.109594230651533689e-04,2.106666174802518041e-04,2.103025449960715942e-04,2.102198189432658362e-04
3.600000000000000000e+01,-4.260102998835910669e-03,4.356936328039906492e-07,9.064164699611187981e-07,2.040687983498323810e-06,2.783445066291238834e-06,4.843750347384087607e-06,6.293558369774993055e-06,1.057472659456853981e-05,1.378050426103540060e-05,2.397480582822311690e-05,3.211545025079073912e-05,5.984900931258266277e-05,8.301877297085466512e-05,1.618903949059842529e-04,2.243221102715218379e-04,4.075216756986308267e-04,5.262256719237926039e-04,7.834857521857893463e-04,8.975437612265503226e-04,1.017085183731817992e-03,9.970353545430262962e-04,7.947538104230533577e-04,6.288847381892919385e-04,3.486000453060246820e-04,2.243544828955225737e-04,8.687418093927725543e-05,6.722806327366832868e-05,7.525602941013329050e-05,9.506907745875786686e-05,1.643667125404398369e-04,2.093932243817965555e-04,2.924707875624462175e-04,3.193319561402329157e-04,3.313665047595124383e-04,3.180772189339325581e-04,2.659190545044858717e-04,2.338382898428616186e-04,1.746867865553844781e-04,1.522306550512378051e-04,1.266356290866178097e-04,1.233556849966248661e-04,1.331156762572303920e-04,1.446642631351127348e-04,1.753671134801368034e-04,1.911796677896435495e-04,2.151751405190527322e-04,2.209283667229580000e-04,2.183305594751746084e-04,2.111301846078510527e-04,1.906402369828514784e-04,1.799669451372160403e-04,1.629510755521805521e-04,1.578973011269147950e-04,1.558140649060959018e-04,1.584962840885306354e-04,1.689132038125880364e-04,1.753057601042978114e-04,1.867674836334995772e-04,1.906325646568295812e-04,1.929057206077897449e-04,1.913659884638322511e-04,1.846451389101782734e-04,1.805726539063244249e-04,1.730387879646686985e-04,1.704183342173329341e-04,1.685313769708611867e-04,1.692295990242649942e-04,1.729979163539929407e-04,1.755402150846003748e-04,1.802504104983860059e-04,1.818992355646946099e-04,1.830683733480198069e-04,1.826413230505965699e-04,1.801108294569994314e-04,1.784475134825672105e-04,1.753827147695863689e-04,1.742494119032281241e-04,1.734168291265165973e-04,1.737277811762142493e-04,1.754125743980003080e-04,1.764662735366118868e-04,1.783209417184194318e-04,1.789248263343078474e-04,1.793085160457074528e-04,1.790767185197569486e-04,1.780788866654597208e-04,1.774459294952004593e-04,1.762468319738115866e-04,1.758342566014663502e-04,1.756223592958607027e-04,1.758143244387369922e-04,1.765558382774735924e-04,1.769627298563499623e-04,1.776068252339457060e-04,1.777643810877659047e-04,1.777426837007703084e-04,1.775907474244001888e-04,1.770912611806308226e-04,1.768345030016714101e-04,1.765152781124223330e-04,1.764427490184147448e-04
3.700000000000000000e+01,-4.078429674019236860e-03,4.375513909110617661e-07,9.090555799385474645e-07,2.045419315669858018e-06,2.789124074913974793e-06,4.850987759571871727e-06,6.300929596888063533e-06,1.057953528275229482e-05,1.378057765354535197e-05,2.394313668629358821e-05,3.204674300990879160e-05,5.959017435570954785e-05,8.253106310694355296e-05,1.602921425619642168e-04,2.215215763887528298e-04,3.996205937968786912e-04,5.137610096365438986e-04,7.563960724468444217e-04,8.605312890002060275e-04,9.585738120617979044e-04,9.298677561250276273e-04,7.226682560634578589e-04,5.627511486354886891e-04,3.015943037300537755e-04,1.901611625628710396e-04,7.074254195849234705e-05,5.419969949435610168e-05,6.094687859991600176e-05,7.771270648068099446e-05,1.374321073507886806e-04,1.769263163385430271e-04,2.509071247845315322e-04,2.751029569410907635e-04,2.860120958425582671e-04,2.740230923564861490e-04,2.272110539325244115e-04,1.986522015027247789e-04,1.465355105317754300e-04,1.269601774429784599e-04,1.048136833562002268e-04,1.019898940227302250e-04,1.104049829243874264e-04,1.203978879873246824e-04,1.471389349124371804e-04,1.610013194082802329e-04,1.821443071732568517e-04,1.872320844416965405e-04,1.849355177469141388e-04,1.785742537924917168e-04,1.605316994584176163e-04,1.511701442174469626e-04,1.363013569660427929e-04,1.318992314431281093e-04,1.300870924954115881e-04,1.324217964443425224e-04,1.415058779394443370e-04,1.470937728051601931e-04,1.571371935627299821e-04,1.605309387981571426e-04,1.625288100121123971e-04,1.611759699019438621e-04,1.552765784223206560e-04,1.517068334916261280e-04,1.451132819059921392e-04,1.428231136671080995e-04,1.411751779771923399e-04,1.417850620285829658e-04,1.450782830944557372e-04,1.473019628985272611e-04,1.514259262013180687e-04,1.528707939065102397e-04,1.538957768508434493e-04,1.535214515919272604e-04,1.513040085651239791e-04,1.498472590323839115e-04,1.471647890418804200e-04,1.461734376144571343e-04,1.454453730620587984e-04,1.457173217444922286e-04,1.471910928052553094e-04,1.481131527804012415e-04,1.497367605487534559e-04,1.502655922066145969e-04,1.506016597159608866e-04,1.503986592976472303e-04,1.495249029393359852e-04,1.489707685004299648e-04,1.479212553273032138e-04,1.475602285797121549e-04,1.473748318630329138e-04,1.475428070409458628e-04,1.481917239718969631e-04,1.485478594623447848e-04,1.491116911754896204e-04,1.492496298356009443e-04,1.492306401547939532e-04,1.490976280072381713e-04,1.486603888496990794e-04,1.484356511684261845e-04,1.481562599261031926e-04,1.480927866576737389e-04
3.800000000000000000e+01,-3.905561264480697861e-03,4.394071905274715695e-07,9.116914938284842451e-07,2.050144399246001115e-06,2.794794574856405284e-06,4.858209045735528697e-06,6.308250667776040682e-06,1.058430503977393633e-05,1.378060335082429214e-05,2.391144558749327617e-05,3.197810682779248653e-05,5.933066396112502902e-05,8.204608357568685117e-05,1.587094720510080249e-04,2.187557702774769498e-04,3.918723798315461304e-04,5.015912400648378164e-04,7.302426384100629657e-04,8.250447174203653401e-04,9.034281646948211057e-04,8.672247619264383811e-04,6.571208073168810677e-04,5.035720498449986621e-04,2.609268336483138752e-04,1.611791343347976357e-04,5.760637322156387380e-05,4.369614200634176771e-05,4.935845667084978738e-05,6.352500725768104109e-05,1.149112294799442546e-04,1.494934524697761648e-04,2.152501254562041826e-04,2.369998408320805015e-04,2.468653363129598780e-04,2.360704784525472291e-04,1.941374754726864389e-04,1.687606013195219572e-04,1.229208734737229254e-04,1.058846138560927928e-04,8.675209838145516231e-05,8.432474689408888183e-05,9.156891769118496657e-05,1.002020049022337572e-04,1.234545195626327724e-04,1.355867022524511085e-04,1.541839040091357894e-04,1.586751769781721833e-04,1.566484335098709130e-04,1.510383699723570443e-04,1.351782961942077366e-04,1.269811457771338227e-04,1.140100300974413589e-04,1.101817728749311491e-04,1.086079683457683021e-04,1.106368491129820775e-04,1.185455601972447773e-04,1.234219263127091237e-04,1.322076691762630839e-04,1.351824556393987908e-04,1.369353370867998007e-04,1.357487260489759207e-04,1.305791863181532050e-04,1.274553992931535054e-04,1.216944567290780509e-04,1.196962680767472975e-04,1.182594489766790845e-04,1.187912800151070571e-04,1.216644996684629158e-04,1.236062338469726650e-04,1.272108477052679570e-04,1.284748441911301442e-04,1.293719169727287378e-04,1.290443585792947628e-04,1.271045137943185681e-04,1.258308231656948481e-04,1.234869227052137926e-04,1.226211915934132847e-04,1.219855843609691376e-04,1.222230226688215439e-04,1.235100418723088581e-04,1.243155541762598452e-04,1.257344971556423503e-04,1.261968230823261143e-04,1.264906812290514035e-04,1.263131988986348347e-04,1.255493759428926749e-04,1.250650631954217107e-04,1.241480150525604668e-04,1.238326254999664276e-04,1.236706860805792708e-04,1.238174225518333914e-04,1.243843524276833437e-04,1.246955396120492422e-04,1.251882799397489344e-04,1.253088406921883634e-04,1.252922483373298049e-04,1.251759988168650931e-04,1.247938921421927992e-04,1.245975118500911201e-04,1.243533939357184710e-04,1.242979388199364973e-04
3.900000000000000000e+01,-3.740895960223501130e-03,4.412610290151393333e-07,9.142975031760369742e-07,2.054863229421569071e-06,2.800456562142977779e-06,4.865414212309147890e-06,6.315549427181928882e-06,1.058903596219901502e-05,1.378058152967827354e-05,2.387940868215547921e-05,3.190954226349332692e-05,5.907217331271126179e-05,8.156382133611478000e-05,1.571422373367395431e-04,2.160242707855302736e-04,3.842740996858468039e-04,4.897094217481425503e-04,7.049931622885004592e-04,7.910212300136095463e-04,8.514547692483301518e-04,8.088017274691739270e-04,5.975186059506759281e-04,4.506162447142319886e-04,2.257430600469709052e-04,1.366142169269154126e-04,4.690947150053342146e-05,3.522811904619563977e-05,3.997346687505251225e-05,5.192751523474484904e-05,9.608085045894167522e-05,1.263141478694477897e-04,1.846604550383500014e-04,2.041742238933917826e-04,2.130766626047895899e-04,2.033743891033707070e-04,1.658782233316859894e-04,1.433668784770448200e-04,1.031118297781033477e-04,8.830764459564740057e-05,7.180292079597130547e-05,6.971930845757262282e-05,7.594647167452487149e-05,8.339385780954753496e-05,1.035825219130241497e-04,1.141838960372321653e-04,1.305156420549347107e-04,1.344738377304977896e-04,1.326880692443473987e-04,1.277485053186398073e-04,1.138290811685946022e-04,1.066626957759060634e-04,9.536434858743768686e-05,9.204015773588321292e-05,9.067535825242134875e-05,9.243580531456555352e-05,9.931073819167881428e-05,1.035596216760943135e-04,1.112331928065013117e-04,1.138366257841163381e-04,1.153721036634466207e-04,1.143329291301087638e-04,1.098100432177172812e-04,1.070807569006995176e-04,1.020550572483069907e-04,1.003142952850769910e-04,9.906345305608996871e-05,9.952650422317835602e-05,1.020294261599320046e-04,1.037223423468115920e-04,1.068681164309503648e-04,1.079721571567238483e-04,1.087560495695036669e-04,1.084698596083622825e-04,1.067754999589305177e-04,1.056635926320608106e-04,1.036186967800310083e-04,1.028638335956928197e-04,1.023097949819414682e-04,1.025167811833584304e-04,1.036389752045278889e-04,1.043415816210134864e-04,1.055797346603132292e-04,1.059832900890509029e-04,1.062398394160116860e-04,1.060849078632075670e-04,1.054182223445120775e-04,1.049955896214997166e-04,1.041955276125192814e-04,1.039204321810201052e-04,1.037792001773213575e-04,1.039071847872040724e-04,1.044017191180910895e-04,1.046732095774517528e-04,1.051031542810497953e-04,1.052083628395486352e-04,1.051938873290153391e-04,1.050924453804688227e-04,1.047590368052661418e-04,1.045877015349166994e-04,1.043747338287394875e-04,1.043263588500452366e-04
4.000000000000000000e+01,-3.583872341780539299e-03,4.431129120002069710e-07,9.168834482864256230e-07,2.059575822424466324e-06,2.806110058038800009e-06,4.872603297836983899e-06,6.322825930161514452e-06,1.059372816752035193e-05,1.378051236642762606e-05,2.384717453544774393e-05,3.184104956646628334e-05,5.881469866229113025e-05,8.108426125481979149e-05,1.555902867713438061e-04,2.133266497209786346e-04,3.768228418885642521e-04,4.781087240791552333e-04,6.806163587271358770e-04,7.584004471053386494e-04,8.024710487663242256e-04,7.543142674555354359e-04,5.433222979153444661e-04,4.032291899228649355e-04,1.953034817236336089e-04,1.157931579719331631e-04,3.819886695080902325e-05,2.840113875047589956e-05,3.237292914001462310e-05,4.244732189491104424e-05,8.033617210816308696e-05,1.067288296075791926e-04,1.584179211787093734e-04,1.758950798491044562e-04,1.839126397105181158e-04,1.752067212242025551e-04,1.417324504844152781e-04,1.217941757156839125e-04,8.649505514994777766e-05,7.364846117265903130e-05,5.942978614457234895e-05,5.764359122915722888e-05,6.298933994513871912e-05,6.940514274059693400e-05,8.690922931787461655e-05,9.615957766998450493e-05,1.104805987999866318e-04,1.139636987614821816e-04,1.123925752059516670e-04,1.080498814057372775e-04,9.585161243722819732e-05,8.959541834023965895e-05,7.976804816938343895e-05,7.688557834627327697e-05,7.570364730947846954e-05,7.722903224616087595e-05,8.319688370530880714e-05,8.689374638138572943e-05,9.358625942101905792e-05,9.586136937712787937e-05,9.720442122996327677e-05,9.629568533459217580e-05,9.234430102556543188e-05,8.996313031750307818e-05,8.558510687084160476e-05,8.407076038380572464e-05,8.298335813166930058e-05,8.338594804127271234e-05,8.556318570240428051e-05,8.703705537101884618e-05,8.977844831402868875e-05,9.074138179061830289e-05,9.142537833724132326e-05,9.117569121977779287e-05,8.969788137971543285e-05,8.872860223374957195e-05,8.694712289089231994e-05,8.628986941114141426e-05,8.580761875082642751e-05,8.598779963309112137e-05,8.696487621116669522e-05,8.757684445519350533e-05,8.865569017000142840e-05,8.900743887161732121e-05,8.923109274528709042e-05,8.909604070709946366e-05,8.851497490243399532e-05,8.814669606035680643e-05,8.744969680976252824e-05,8.721009097670479396e-05,8.708709433698355248e-05,8.719856333138688298e-05,8.762932825780210891e-05,8.786584605993946057e-05,8.824045920786775798e-05,8.833213854675869489e-05,8.831952770044834006e-05,8.823113416562113412e-05,8.794063463868915034e-05,8.779136467183855722e-05,8.760583858781782404e-05,8.756370017954425572e-05
4.100000000000000000e+01,-3.433973374027685446e-03,4.449628492075342889e-07,9.193757024524885912e-07,2.064282204902213869e-06,2.811755096289447753e-06,4.879772386821770030e-06,6.330080247650676090e-06,1.059838178297557720e-05,1.378039603617143422e-05,2.381492065407428416e-05,3.177262883054038020e-05,5.855823570344916712e-05,8.060738722518107427e-05,1.540534668284378010e-04,2.106624784375685580e-04,3.695157358861609828e-04,4.667824545495713809e-04,6.570819768722969273e-04,7.271244178908217726e-04,7.563048459966682964e-04,7.034970672186325463e-04,4.940413753668597419e-04,3.608251162822680505e-04,1.689682855241197816e-04,9.814529911892667935e-05,3.110569860192459457e-05,2.289715753700733228e-05,2.621752590176466488e-05,3.469785214797998368e-05,6.717149476394811136e-05,9.018017980658675492e-05,1.359046581608041281e-04,1.515326088106917594e-04,1.587401929832618457e-04,1.509401908725929199e-04,1.211013085510911219e-04,1.034674681111361072e-04,7.255605415674038633e-05,6.142266190007055621e-05,4.918875070303871735e-05,4.765939834981648346e-05,5.224275665463053164e-05,5.776287709870209230e-05,7.291970597621440231e-05,8.098038463438426635e-05,9.352098694798659240e-05,9.658170802073805586e-05,9.520132163246116871e-05,9.138867213126251193e-05,8.071332048311318993e-05,7.525903436780877545e-05,6.672237115092939652e-05,6.422616664860129540e-05,6.320390499066266127e-05,6.452388992405798038e-05,6.969754779976656059e-05,7.290984607992477898e-05,7.873890523404664804e-05,8.072440290505600649e-05,8.189753408475693511e-05,8.110393497528069554e-05,7.765648529151156915e-05,7.558180852251057333e-05,7.177305887286298397e-05,7.045741655678505744e-05,6.951333727182266303e-05,6.986289555042631341e-05,7.175431775700326364e-05,7.303577737441738216e-05,7.542158061961574955e-05,7.626031482217601049e-05,7.685634093463743904e-05,7.663879126420473226e-05,7.535157800382273272e-05,7.450775898990881496e-05,7.295782831215390576e-05,7.238632191882126560e-05,7.196711242177288373e-05,7.212375042523182928e-05,7.297334412549897828e-05,7.350565691026421725e-05,7.444443837258812868e-05,7.475062120264981333e-05,7.494533612457899771e-05,7.482776968677478518e-05,7.432200316147882097e-05,7.400151552136536789e-05,7.339511092335207140e-05,7.318669369966957980e-05,7.307971998918479095e-05,7.317667527402147917e-05,7.355139401203159358e-05,7.375716963787864663e-05,7.408313678952584830e-05,7.416292003833719476e-05,7.415194811798793070e-05,7.407502721814033728e-05,7.382225167999181478e-05,7.369237855589039557e-05,7.353097329396759280e-05,7.349431621210067780e-05
4.200000000000000000e+01,-3.290727112534026604e-03,4.468108256404368372e-07,9.217950193512146340e-07,2.068982340602560505e-06,2.817391635199974903e-06,4.886759555406371136e-06,6.337312353615117549e-06,1.060299687345245614e-05,1.378023271517885354e-05,2.378264772741334188e-05,3.170428106001295723e-05,5.830278355844781962e-05,8.013318957049821514e-05,1.525316458685552733e-04,2.080313689036363857e-04,3.623500631236937705e-04,4.557242281579580376e-04,6.343611195166660478e-04,6.971379887264969599e-04,7.127945035989595099e-04,6.561033380241233434e-04,4.492304447134133454e-04,3.228803868282835964e-04,1.461842566883031491e-04,8.318717014643706165e-05,2.532968392228874405e-05,1.845983202763837663e-05,2.123253064005440130e-05,2.836319913288032346e-05,5.616414683923568948e-05,7.619749576912547562e-05,1.165908832068463831e-04,1.305445412679985366e-04,1.370132076185799457e-04,1.300346927093571150e-04,1.034733724222013443e-04,8.789847992231184307e-05,6.086341308235605763e-05,5.122640440816941462e-05,4.071249495996931769e-05,3.940455107423078071e-05,4.332967271324225308e-05,4.807355849043492765e-05,6.118207330383859666e-05,6.819733224299124111e-05,7.916485033063365429e-05,8.185090319994545519e-05,8.063964055826525548e-05,7.729665376904251012e-05,6.796593079252174346e-05,6.321668973622868865e-05,5.581028704803887158e-05,5.365119496977040908e-05,5.276808115558693710e-05,5.390893739700948831e-05,5.838862022355603698e-05,6.117642755309321556e-05,6.624710751898001126e-05,6.797767676354872848e-05,6.900108102153015496e-05,6.830889914540179408e-05,6.530487908130121200e-05,6.349949469647070063e-05,6.019008920223273620e-05,5.904848083795703750e-05,5.822983344197811204e-05,5.853297083866903366e-05,6.017407264692371111e-05,6.128686327158553229e-05,6.336062222327132343e-05,6.409026503219469525e-05,6.460898373067663208e-05,6.441967008938894595e-05,6.329986549302030197e-05,6.256617890313190267e-05,6.121936947856877753e-05,6.072303645144770320e-05,6.035907531113998345e-05,6.049507792826739130e-05,6.123290822001182382e-05,6.169536027173135040e-05,6.251124818318918100e-05,6.277743649058540112e-05,6.294674558255785451e-05,6.284452764416560699e-05,6.240484840871031794e-05,6.212629577299422570e-05,6.159936360660344876e-05,6.141829944172070080e-05,6.132537608733194465e-05,6.140960293440737849e-05,6.173516383813212535e-05,6.191397123056757018e-05,6.219725762637720937e-05,6.226660220453802963e-05,6.225706790040667557e-05,6.219021353926585879e-05,6.197053572263742580e-05,6.185767887912025156e-05,6.171743225123586807e-05,6.168558290505507871e-05
4.300000000000000000e+01,-3.153705309961797251e-03,4.486568510311469971e-07,9.242114684961631743e-07,2.073676256190374462e-06,2.823017813629365852e-06,4.893730440540689647e-06,6.344522318977273423e-06,1.060757356589198119e-05,1.378002257778005238e-05,2.375074131429370447e-05,3.163600634060884445e-05,5.804833792239470769e-05,7.966165229582886434e-05,1.510246730443104250e-04,2.054329024234339066e-04,3.553230606758361540e-04,4.449276609793874522e-04,6.124255782290334398e-04,6.683878692795219498e-04,6.717870623925465030e-04,6.119022576872718000e-04,4.084838793409631755e-04,2.889258916844777633e-04,1.264724479183420430e-04,7.050876728254690251e-05,2.062621385705634691e-05,1.488243022079640404e-05,1.719537889551371948e-05,2.318503579052094005e-05,4.696055796315308159e-05,6.438285420175748550e-05,1.000218222619382764e-04,1.124634111321436668e-04,1.182600021253374725e-04,1.120246244338558156e-04,8.841140568653649279e-05,7.467218050617382974e-05,5.105507046558035653e-05,4.272273485535346346e-05,3.369687117191167910e-05,3.257947993574265150e-05,3.593723558106354590e-05,4.000954918097036905e-05,5.133379864532801665e-05,5.743212264332133582e-05,6.701247187186490720e-05,6.936685420585184461e-05,6.830525520366186390e-05,6.537759634174045500e-05,5.723178017124795278e-05,5.310125576903339945e-05,4.668280825830071340e-05,4.481740744300593063e-05,4.405534693373855740e-05,4.504026474546219544e-05,4.891463975415823173e-05,5.133126600765378425e-05,5.573710415585726372e-05,5.724370376585701317e-05,5.813543081826470088e-05,5.753241152683464046e-05,5.491784162733274327e-05,5.334862016798374434e-05,5.047640899091473954e-05,4.948694854656557340e-05,4.877787645163811012e-05,4.904045440550517179e-05,5.046272570854255443e-05,5.142793242874374796e-05,5.322837026865969920e-05,5.386237175754923084e-05,5.431328205565818731e-05,5.414873035326350087e-05,5.317569253181003361e-05,5.253850314805097801e-05,5.136954733354600136e-05,5.093899625899147438e-05,5.062336507160800081e-05,5.074131422876408323e-05,5.138134354720812549e-05,5.178263884466531922e-05,5.249089957192571917e-05,5.272204902440416618e-05,5.286909585166220393e-05,5.278032544960183092e-05,5.239854054470268960e-05,5.215671592898561693e-05,5.169937011808688893e-05,5.154225074363192813e-05,5.146162527934873901e-05,5.153471007081139241e-05,5.181723487739965661e-05,5.197242862814812139e-05,5.221833765833893207e-05,5.227853949221934748e-05,5.227026391229966026e-05,5.221222591304851626e-05,5.202153294526275923e-05,5.192357627392153729e-05,5.180185544103634021e-05,5.177421521054912518e-05
4.400000000000000000e+01,-3.022520764155498321e-03,4.505009350763353182e-07,9.266244608784578174e-07,2.078315134621932375e-06,2.828604545469966258e-06,4.900685096607005492e-06,6.351710214207682836e-06,1.061211198631790975e-05,1.377974196995401454e-05,2.371882830870660971e-05,3.156780475549849155e-05,5.779489451145265744e-05,7.919275951519906195e-05,1.495323991272121469e-04,2.028666658413103702e-04,3.484320206669478358e-04,4.343865231966285295e-04,5.912481289825407410e-04,6.408229812818791969e-04,6.331383926639739222e-04,5.706785923327893986e-04,3.714328928893328823e-04,2.585419008984922440e-04,1.094185309140189265e-04,5.976260179851910007e-05,1.679611345962355243e-05,1.199829361504421363e-05,1.392583575745469718e-05,1.895221051767927503e-05,3.926511856379346493e-05,5.440005676418451994e-05,8.580736327352999140e-05,9.688653365611411133e-05,1.020734903375785339e-04,9.650890522724941967e-05,7.554184832074062675e-05,6.343601783797203283e-05,4.282733467450214326e-05,3.563065441298217395e-05,2.789016000423038405e-05,2.693651939359364630e-05,2.980598625935927323e-05,3.329818972191544296e-05,4.307072751122019080e-05,4.836619778913510415e-05,5.672552025932703010e-05,5.878684217652330526e-05,5.785744635970540770e-05,5.529639401541212862e-05,4.819287538488422479e-05,4.460437176347304203e-05,3.904804349901458069e-05,3.743808674685133661e-05,3.678116946999364714e-05,3.763056016618197136e-05,4.097784319337730019e-05,4.307045220387599460e-05,4.689445343618618353e-05,4.820462759705986672e-05,4.898075726602387631e-05,4.845598980033911235e-05,4.618286672218021791e-05,4.482039790682000938e-05,4.233031557374653323e-05,4.147364562590277054e-05,4.086013722550503255e-05,4.108733701994231671e-05,4.231862961873774504e-05,4.315492119692050307e-05,4.471636576141094221e-05,4.526666238094520164e-05,4.565819941431455836e-05,4.551532576560490817e-05,4.467073691067280014e-05,4.411795289012421240e-05,4.310446092582959424e-05,4.273137603753082020e-05,4.245795136712925827e-05,4.256013282929321795e-05,4.311472485568059940e-05,4.346257422024662684e-05,4.407673886978142816e-05,4.427724374011674999e-05,4.440481648941823484e-05,4.432780796018859215e-05,4.399665337554954994e-05,4.378694138887362364e-05,4.339042176402727047e-05,4.325422792094118368e-05,4.318434820078931313e-05,4.324769623490409484e-05,4.349260857894853005e-05,4.362716129805268087e-05,4.384039331446201379e-05,4.389260115073879975e-05,4.388542580776840299e-05,4.383509606785450721e-05,4.366974282108554428e-05,4.358481110720499596e-05,4.347928318914305590e-05,4.345532171947481467e-05
4.500000000000000000e+01,-2.896823993341897212e-03,4.523430628283232890e-07,9.290191813541952282e-07,2.082828002894585723e-06,2.834182643456518297e-06,4.907623485038512673e-06,6.358876013694888391e-06,1.061661219994413513e-05,1.377870578482933220e-05,2.368689636840547522e-05,3.149967729545836981e-05,5.754245243032914819e-05,7.872925047044867369e-05,1.480546961437571168e-04,2.003322851285645363e-04,3.416743785884536998e-04,4.240948712279021815e-04,5.708027659748625589e-04,6.143947119557546452e-04,5.967131553498705721e-04,5.322321372619957108e-04,3.377426182425203628e-04,2.313532053297654573e-04,9.466425671980508230e-05,5.065427624534281012e-05,1.367723835885839220e-05,9.673095385398337853e-06,1.127797512822737228e-05,1.549217156058754763e-05,3.283075371928335234e-05,4.596515530048885662e-05,7.361300874982349904e-05,8.346718991952438091e-05,8.810250409948053307e-05,8.314219583216734752e-05,6.454567487430406397e-05,5.389062661201489413e-05,3.592555491236607695e-05,2.971589639253185283e-05,2.308408870590680784e-05,2.227096886126119987e-05,2.472080583622738442e-05,2.771263858347564404e-05,3.613776451413461266e-05,4.073139557443259881e-05,4.801772602774099022e-05,4.982054954999221713e-05,4.900773770057792467e-05,4.676973687629641663e-05,4.058155523730018477e-05,3.746712172724570022e-05,3.266193135955481816e-05,3.127381362716830787e-05,3.070808431625922028e-05,3.143986792976871322e-05,3.432887792944238833e-05,3.613908555758328991e-05,3.945470692275944435e-05,4.059289285806687991e-05,4.126770886906869218e-05,4.081150624599474974e-05,3.883725992268700564e-05,3.765550649174149653e-05,3.549889500873001577e-05,3.475793960114846592e-05,3.422764570195756945e-05,3.442403528608516464e-05,3.548891808279617047e-05,3.621277972391204886e-05,3.756558009171233337e-05,3.804273600409172409e-05,3.838236947147554909e-05,3.825844381515411396e-05,3.752609281634919011e-05,3.704702002244866441e-05,3.616920551139258394e-05,3.584624310453430121e-05,3.560961947776100298e-05,3.569805140696833204e-05,3.617812486713225043e-05,3.647934094725812509e-05,3.701137024001311532e-05,3.718511643571210945e-05,3.729568134826352285e-05,3.722894398091539797e-05,3.694199672734169160e-05,3.676031738447530298e-05,3.641688231138025950e-05,3.629894651321604118e-05,3.623844147925296341e-05,3.629329429865419884e-05,3.650538641456315195e-05,3.662192513742340214e-05,3.680663479123510648e-05,3.685186416077859684e-05,3.684564901627407699e-05,3.680204800796940331e-05,3.665881260340791634e-05,3.658524857235757877e-05,3.649385202610403930e-05,3.647310070141636384e-05
4.600000000000000000e+01,-2.776299636028713505e-03,4.541832521842530113e-07,9.314111497449144295e-07,2.087266227494919552e-06,2.839703909450833064e-06,4.914545691037889436e-06,6.366019819674818142e-06,1.062107435229574237e-05,1.377774817683773134e-05,2.365494560111792988e-05,3.143162373264686213e-05,5.729100627907719734e-05,7.826870437445442377e-05,1.465914109840807042e-04,1.978293456426855404e-04,3.350474988724322888e-04,4.140467183017309746e-04,5.510640169300233364e-04,5.890559804235841190e-04,5.623831451680369464e-04,4.963754864332134420e-04,3.071079570636618683e-04,2.070235646898436858e-04,8.189941758882319026e-05,4.293409728788879706e-05,1.113749620847669097e-05,7.798498191162201582e-06,9.133569228659578487e-06,1.266380656839930646e-05,2.745076020505303124e-05,3.883807629957323690e-05,6.315157769749531538e-05,7.190644158494401139e-05,7.604368840636492946e-05,7.162674626076019971e-05,5.515010007640193043e-05,4.578151547879327765e-05,3.013599348356682528e-05,2.478297581405206063e-05,1.910618734276550365e-05,1.841349849894882706e-05,2.050318463759455076e-05,2.306400432239372883e-05,3.032075084499286435e-05,3.430174640410999648e-05,4.064660695450280151e-05,4.222177668642161305e-05,4.151161758524568243e-05,3.955784714467685051e-05,3.417229393492529285e-05,3.147189040575209748e-05,2.732020995758121726e-05,2.612447830000527021e-05,2.563772586713659180e-05,2.626759601550470238e-05,2.875873047361804727e-05,3.032316155568426375e-05,3.319523613435921422e-05,3.418305483771783004e-05,3.476920980293070340e-05,3.437299519943757750e-05,3.265997683477711577e-05,3.163594954866530071e-05,2.976992601785161119e-05,2.912966075401327015e-05,2.867172516271554450e-05,2.884132128671635167e-05,2.976141086846219308e-05,3.038736139791050478e-05,3.155827776722859579e-05,3.197161749719443224e-05,3.226594423085156482e-05,3.215855619070851976e-05,3.152413472175394013e-05,3.110934030927129876e-05,3.034976364901971480e-05,3.007045544247462926e-05,2.986587359526298238e-05,2.994233319512538613e-05,3.035750539333043757e-05,3.061809140529093975e-05,3.107852990405154947e-05,3.122894462835243412e-05,3.132467733727318376e-05,3.126689632495030513e-05,3.101849213490341997e-05,3.086124829818244486e-05,3.056407431879923017e-05,3.046204607187524491e-05,3.040970780321741729e-05,3.045715938293589581e-05,3.064065443302704805e-05,3.074149465561674260e-05,3.090134452421802735e-05,3.094049080790833850e-05,3.093511244698331220e-05,3.089737659095568439e-05,3.077341878890632945e-05,3.070976164783406973e-05,3.063067951767891109e-05,3.061272536451558821e-05
4.700000000000000000e+01,-2.660662837088158175e-03,4.560240167254814292e-07,9.338003469738613560e-07,2.091679002557810668e-06,2.845153198758384322e-06,4.921451676269481684e-06,6.373141606816172533e-06,1.062549850880129682e-05,1.377674448732515294e-05,2.362297668166615100e-05,3.136364504892569585e-05,5.704055515117715386e-05,7.781072930646568478e-05,1.451424180634055226e-04,1.953574824117218500e-04,3.285489148406087710e-04,4.042363980538109247e-04,5.320076411488984351e-04,5.647620977434308735e-04,5.300281428521646555e-04,4.629344968278422366e-04,2.792520298184305097e-04,1.852525317537277554e-04,7.085586307737376868e-05,3.639056522621118145e-05,9.069368651049795199e-06,6.287193626506974720e-06,7.396908767204075225e-06,1.035181647311396794e-05,2.295240371525449768e-05,3.281609810587343343e-05,5.417688844476476959e-05,6.194696170280355324e-05,6.563542458550486111e-05,6.170625149935077269e-05,4.712221451925492632e-05,3.889263231797749840e-05,2.527946113185276789e-05,2.066894712322246003e-05,1.581377770982486317e-05,1.522417662519481851e-05,1.700514416940693968e-05,1.919516424879951985e-05,2.544010451762746330e-05,2.888706618183215988e-05,3.440703573771072138e-05,3.578201096846251109e-05,3.516210847626446978e-05,3.345804980686489447e-05,2.877529891139258070e-05,2.643599119206549095e-05,2.285211926978704400e-05,2.182301196324183679e-05,2.140457245373116046e-05,2.194624509271967533e-05,2.409240128873431017e-05,2.544321994411543122e-05,2.792884455998876497e-05,2.878538251634360848e-05,2.929405860475865417e-05,2.895025508584548463e-05,2.746524200952955852e-05,2.657868708660785298e-05,2.496553913380536449e-05,2.441277250280317682e-05,2.401767134965759887e-05,2.416399860854893944e-05,2.495827379091816040e-05,2.549907291623078678e-05,2.651165004898198632e-05,2.686938597651995428e-05,2.712421910352081494e-05,2.703124517228422743e-05,2.648215180024986876e-05,2.612333343407274508e-05,2.546665643416183220e-05,2.522531734451072608e-05,2.504859583781675683e-05,2.511464477720961458e-05,2.547336861857081233e-05,2.569860317257026405e-05,2.609672692457064291e-05,2.622682628054340617e-05,2.630964187970560517e-05,2.625966006372226075e-05,2.604481454119818643e-05,2.590884160375310150e-05,2.565192744563267804e-05,2.556374001123603093e-05,2.551850658132895008e-05,2.555951880093935979e-05,2.571813046652049461e-05,2.580530870420569972e-05,2.594352061992266645e-05,2.597737156076777507e-05,2.597272144886763473e-05,2.594009102738388528e-05,2.583291240584786180e-05,2.577787731533652885e-05,2.570951165045513853e-05,2.569399150984712568e-05
4.800000000000000000e+01,-2.549655784216908923e-03,4.578676226908544311e-07,9.361867859400060943e-07,2.096074358308181590e-06,2.850593673541304551e-06,4.928341494928652894e-06,6.380241445266398442e-06,1.062988479438604222e-05,1.377569489067901123e-05,2.359098985570433002e-05,3.129574131260004152e-05,5.679109478038063888e-05,7.735530995977950297e-05,1.437075735120944484e-04,1.929163016639134746e-04,3.221761196110129073e-04,3.946582451436371486e-04,5.136099758350667725e-04,5.414698848993687759e-04,4.995343979317789368e-04,4.317462923133499539e-04,2.539226785335233806e-04,1.657709456556141249e-04,6.130144138882624716e-05,3.084431927902761897e-05,7.385271691283997603e-06,5.068770556056895193e-06,5.990456741003079982e-06,8.461917642164917819e-06,1.919118983968693889e-05,2.772784375691152159e-05,4.647761488377720462e-05,5.336692052652003068e-05,5.665175178280919266e-05,5.315976188720577394e-05,4.026289543732769483e-05,3.304033464056679859e-05,2.120557443511302681e-05,1.723785359288281666e-05,1.308871955189860881e-05,1.258726141974619503e-05,1.410390091781486138e-05,1.597529506146104505e-05,2.134507880719458198e-05,2.432711296906746312e-05,2.912528264827681651e-05,3.032444868331053353e-05,2.978379894057235980e-05,2.829883315734731813e-05,2.423067348132678170e-05,2.220589585993698253e-05,1.911476066750921257e-05,1.822979095521259918e-05,1.787037018538941216e-05,1.833580810537815270e-05,2.018321742810460714e-05,2.134860968372584086e-05,2.349795713782595538e-05,2.424002535413374848e-05,2.468108245291767908e-05,2.438301150246022578e-05,2.309675246244674574e-05,2.232986545365424000e-05,2.093649971526400505e-05,2.045967421758932564e-05,2.011907008514805459e-05,2.024521459171061896e-05,2.093030255888870053e-05,2.139713975280463712e-05,2.227204804409067124e-05,2.258139707722638459e-05,2.280184771878213459e-05,2.272142122749110787e-05,2.224658220530920799e-05,2.193644855859409187e-05,2.136921053765700185e-05,2.116085463367946631e-05,2.100832758690539606e-05,2.106533516759876920e-05,2.137502405303833355e-05,2.156953853139475380e-05,2.191348986553586300e-05,2.202592235272908539e-05,2.209750288761393178e-05,2.205430407944703602e-05,2.186864067712894488e-05,2.175116062331410374e-05,2.152923960697288377e-05,2.145307968678695359e-05,2.141401953531215166e-05,2.144943629173558589e-05,2.158642313854729211e-05,2.166172663956413350e-05,2.178112854782626034e-05,2.181037567674983663e-05,2.180635857050019707e-05,2.177816669269054192e-05,2.168557429755094135e-05,2.163803363698212773e-05,2.157898214882750590e-05,2.156557736012441884e-05
4.900000000000000000e+01,-2.443044490523886385e-03,4.597093002716920451e-07,9.385704794907107074e-07,2.100440645350608315e-06,2.856025367510908741e-06,4.935215200894613186e-06,6.387319404726251454e-06,1.063423333306839566e-05,1.377459955995748858e-05,2.355898536643115729e-05,3.122791258957117663e-05,5.654262092154478669e-05,7.690243113177546580e-05,1.422867350060847899e-04,1.905054148409871841e-04,3.159266562624981310e-04,3.853067310152918923e-04,4.958481840350585819e-04,5.191379553320914567e-04,4.707947263227758687e-04,4.026589966786898490e-04,2.308906473175143491e-04,1.483379785206027750e-04,5.303532257084101961e-05,2.614334671273855354e-05,6.013889390290173137e-06,4.086466574009395974e-06,4.851422960922956856e-06,6.917044493984399189e-06,1.604631124020030816e-05,2.342852001887760216e-05,3.987247845561089216e-05,4.597522960454649560e-05,4.889765397076122760e-05,4.579694634573991049e-05,3.440201921598318863e-05,2.806862559064093876e-05,1.778819417469533828e-05,1.437631574434990872e-05,1.083323748058903635e-05,1.040706476360770891e-05,1.169762651594694405e-05,1.329552596264537215e-05,1.790920164030903108e-05,2.048694992363639389e-05,2.465429827970327600e-05,2.569926438993931639e-05,2.522811963874679528e-05,2.393514374403370518e-05,2.040378439456362603e-05,1.865265225406680799e-05,1.598861462872571901e-05,1.522818947267620682e-05,1.491970118775278256e-05,1.531931939997323300e-05,1.690831381207912737e-05,1.791293355522935102e-05,1.977000791357009027e-05,2.041238417892568546e-05,2.079449891388392493e-05,2.053628541978354607e-05,1.942307585812638737e-05,1.876023540117602653e-05,1.755766644299635096e-05,1.714667495830409297e-05,1.685328245723018148e-05,1.696194136208703865e-05,1.755238192674467637e-05,1.795505123864098856e-05,1.871040318836671504e-05,1.897769527607401016e-05,1.916824864175471765e-05,1.909873182359602545e-05,1.868843446267785119e-05,1.842059426118486040e-05,1.793100450390517145e-05,1.775126721915596881e-05,1.761972673380461304e-05,1.766889132889543773e-05,1.793603477071763555e-05,1.810388502319947371e-05,1.840079757673166935e-05,1.849788447227029495e-05,1.855970447825700323e-05,1.852239797746259992e-05,1.836208115459179308e-05,1.826065994782466451e-05,1.806911879063261006e-05,1.800339844253888780e-05,1.796969590405188971e-05,1.800025618677427233e-05,1.811847204523115568e-05,1.818346633683867730e-05,1.828653575306447843e-05,1.831178498893238499e-05,1.830831746427044951e-05,1.828397983134758334e-05,1.820405246778789010e-05,1.816301846654672786e-05,1.811205289275205979e-05,1.810048436762029186e-05
5.000000000000000000e+01,-2.340615871807606458e-03,4.615490345220504831e-07,9.409514086181763881e-07,2.104800032528240938e-06,2.861448241788140667e-06,4.942072756177352116e-06,6.394375460282066687e-06,1.063854419059697895e-05,1.377345868244913771e-05,2.352696388274082631e-05,3.116063714066587623e-05,5.629513265200617594e-05,7.645208372582430745e-05,1.408797804627213643e-04,1.881244701513371496e-04,3.097981979279518239e-04,3.761765811109234713e-04,4.787004507353738100e-04,4.977269202340083368e-04,4.437084814096893624e-04,3.755313390345128323e-04,2.099477664462305257e-04,1.327383473853456161e-04,4.588385918197603400e-05,2.215886026740937834e-05,4.897164901295977812e-06,3.294531189685593470e-06,3.928969770086547519e-06,5.654219570760347230e-06,1.341679541162418832e-05,1.979583676891280911e-05,3.420604390235414127e-05,3.960735844479087303e-05,4.220490299484480970e-05,3.945392585275389608e-05,2.939429805293158893e-05,2.384504243047383398e-05,1.492155047344524352e-05,1.198981000161483679e-05,8.966432133574158553e-06,8.604498547737544911e-06,9.701894557645820982e-06,1.106528096301608033e-05,1.502640055020456472e-05,1.725298732737929469e-05,2.086966104008439876e-05,2.177954088064841184e-05,2.136928164869159735e-05,2.024434852574428026e-05,1.718130827159294188e-05,1.566798539472157373e-05,1.337374640994785577e-05,1.272082085935349882e-05,1.245624048391109559e-05,1.279909222404217520e-05,1.416480094736409165e-05,1.503017734282496506e-05,1.663350776007427659e-05,1.718916029300014692e-05,1.751995471903659493e-05,1.729643916187611347e-05,1.633372953734361574e-05,1.576125262799880217e-05,1.472413484242610093e-05,1.437015296527855909e-05,1.411761620940957598e-05,1.421114288096885989e-05,1.471962979748223793e-05,1.506668978219815117e-05,1.571833016962608312e-05,1.594910799978307286e-05,1.611369338518466379e-05,1.605365170272718758e-05,1.569939131464701335e-05,1.546825154172997221e-05,1.504599916664003945e-05,1.489106613063347073e-05,1.477770965507092457e-05,1.482007831933411512e-05,1.505034773393578926e-05,1.519507973454401958e-05,1.545119305213990546e-05,1.553496545340276105e-05,1.558831539549788633e-05,1.555612178831414574e-05,1.541779571106929175e-05,1.533030423331912390e-05,1.516510866245244366e-05,1.510843958461936115e-05,1.507938164284480451e-05,1.510573150691370270e-05,1.520767161511957580e-05,1.526372574157594530e-05,1.535262957982333129e-05,1.537441094733678001e-05,1.537142005198725153e-05,1.535042557603049154e-05,1.528148291629095878e-05,1.524609173968703713e-05,1.520213802394792396e-05,1.519216173495249733e-05
5.100000000000000000e+01,-2.242175135381044813e-03,4.633868351160488896e-07,9.433306534349650274e-07,2.109152546629546737e-06,2.866862330104698320e-06,4.948914214670391276e-06,6.401409681619854575e-06,1.064281749069790825e-05,1.377227243039421886e-05,2.349492564366565533e-05,3.109359408477079326e-05,5.604862572931249703e-05,7.600425264458294736e-05,1.394865700471924728e-04,1.857730880676258627e-04,3.037883798465903108e-04,3.672625218636258078e-04,4.621454810588047305e-04,4.771987217268417771e-04,4.181804323312469582e-04,3.502311887343084566e-04,1.909044530727650561e-04,1.187791874160985459e-04,3.969671568455511099e-05,1.878164290336449202e-05,3.987805386052555023e-06,2.656068269726429704e-06,3.181912057412337319e-06,4.621944270778981928e-06,1.121817763088603370e-05,1.672641235886396238e-05,2.934488329869562942e-05,3.412147294621584864e-05,3.642819976252100259e-05,3.398942734684443773e-05,2.511552016241881333e-05,2.025699300330042682e-05,1.251687669071932865e-05,9.999468855952878960e-06,7.421317337831870309e-06,7.114146581650802187e-06,8.046653201181346721e-06,9.209144828566714208e-06,1.260763503993077989e-05,1.452951881930402908e-05,1.766599383663369077e-05,1.845766153906218052e-05,1.810068014556449542e-05,1.712267056773334253e-05,1.446777233209258981e-05,1.316090197970480949e-05,1.118652677049424699e-05,1.062629663924541043e-05,1.039953155898814402e-05,1.069347354542985254e-05,1.186644375997204445e-05,1.261134560700443233e-05,1.399460932106130068e-05,1.447489830223467819e-05,1.476105609717406897e-05,1.456771536252577867e-05,1.373575847726186266e-05,1.324168062852857167e-05,1.234788882817144592e-05,1.204322499169041896e-05,1.182600821216352530e-05,1.190645260168172320e-05,1.234404930168303202e-05,1.264296619285900161e-05,1.320473227459355997e-05,1.340384080476472728e-05,1.354589450670417444e-05,1.349407359391152639e-05,1.318841606416610787e-05,1.298909064367543414e-05,1.262517422200536144e-05,1.249171754556582456e-05,1.239410078074246538e-05,1.243058680464427870e-05,1.262893023471801934e-05,1.275363890258351257e-05,1.297440117134767562e-05,1.304663322308817833e-05,1.309264052975567597e-05,1.306487895110820807e-05,1.294561251824737774e-05,1.287019155194434050e-05,1.272781964292571746e-05,1.267899013735222444e-05,1.265395456313952657e-05,1.267665785499539829e-05,1.276450020150279169e-05,1.281280934220226445e-05,1.288943961796906734e-05,1.290821596074782571e-05,1.290563800726693064e-05,1.288754040124334005e-05,1.282811529388066391e-05,1.279761278067358121e-05,1.275973331207489944e-05,1.275113625079805219e-05
5.200000000000000000e+01,-2.147543476748355225e-03,4.652227116931119399e-07,9.457601566230031120e-07,2.113498214314623452e-06,2.872267666027914640e-06,4.955739629951966263e-06,6.408422137980668981e-06,1.064708600766531288e-05,1.377104097471720454e-05,2.346287088583190114e-05,3.102662435926261189e-05,5.580309593213690286e-05,7.555892289359692274e-05,1.381069654278178037e-04,1.834508940892314033e-04,2.978948843931584697e-04,3.585594070450964614e-04,4.461627233671486802e-04,4.575168818566508963e-04,3.941208456531839540e-04,3.266353387720610010e-04,1.735883432316467911e-04,1.062879356630180329e-04,3.434383984020870917e-05,1.591913050616629299e-05,3.247302306247368264e-06,2.141333763406444435e-06,2.576897749951428951e-06,3.778124671915440713e-06,9.379839572389806618e-06,1.413290158674496491e-05,2.517454032466455438e-05,2.939539452876793052e-05,3.144214363348359423e-05,2.928175505784993624e-05,2.145956334055447445e-05,1.720883488191523106e-05,1.049971681865539963e-05,8.339521727365739601e-06,6.142453936855765684e-06,5.881926863120657406e-06,6.673806199312612430e-06,7.664357234407528224e-06,1.057820278404977138e-05,1.223595184039879755e-05,1.495410277378489070e-05,1.564243088757275718e-05,1.533202340596711427e-05,1.448234212720125869e-05,1.218278838971366060e-05,1.105497451980418794e-05,9.357008767585384135e-06,8.876634123290878808e-06,8.682407293285777233e-06,8.934248260554413651e-06,9.941004836656105320e-06,1.058177062005557362e-05,1.177436001188400527e-05,1.218922180697568775e-05,1.243659472534340907e-05,1.226946963969093377e-05,1.155099852789831516e-05,1.112487355097195249e-05,1.035512218637265128e-05,1.009308196190088908e-05,9.906370613147440218e-06,9.975515773139650294e-06,1.035185070678498742e-05,1.060912826889894023e-05,1.109308622873096672e-05,1.126475418905059991e-05,1.138727683757268655e-05,1.134258150286334560e-05,1.107903820461806493e-05,1.090726497322619046e-05,1.059383781081869869e-05,1.047895829481282348e-05,1.039495250723665443e-05,1.042635133507302525e-05,1.059707937299233030e-05,1.070446196727806859e-05,1.089462334817083156e-05,1.095686244917881344e-05,1.099651064266887052e-05,1.097258719605061564e-05,1.086982407219562116e-05,1.080485248510822116e-05,1.068223412721211463e-05,1.064018818988871420e-05,1.061863277774296316e-05,1.063818087091101053e-05,1.071382372819489753e-05,1.075542973793522025e-05,1.082143600042613507e-05,1.083761089793085219e-05,1.083539036816341325e-05,1.081980050555856124e-05,1.076861382239176212e-05,1.074234253197175332e-05,1.070972001787932545e-05,1.070231652555968943e-05
5.300000000000000000e+01,-2.056556067799855756e-03,4.670566493554344223e-07,9.481911404270182420e-07,2.117837004166761572e-06,2.877664210886900220e-06,4.962548964376842925e-06,6.415412804867612340e-06,1.065135975989763006e-05,1.376976450239483091e-05,2.343080027225738146e-05,3.095972891896652673e-05,5.555854232248665439e-05,7.511608548309723493e-05,1.367408479291502832e-04,1.811575491343655163e-04,2.921155166081782373e-04,3.500623268502911327e-04,4.307325457111287059e-04,4.386466835165925022e-04,3.714454611331368620e-04,3.046291856422136783e-04,1.578429265282901232e-04,9.511033325679740455e-05,2.971278216227189739e-05,1.349290153802992429e-05,2.644306662817098863e-06,1.726353980645647934e-06,2.086923576652324058e-06,3.088361929057519689e-06,7.842757456292225038e-06,1.194153408565603106e-05,2.159687575223117814e-05,2.532392536139021696e-05,2.713855936326524387e-05,2.522612645147054300e-05,1.833579787870838126e-05,1.461935456251520216e-05,8.807638260257578955e-06,6.955136228492357631e-06,5.083971590016250763e-06,4.863139575669948172e-06,5.535185686017431855e-06,6.378704216664175114e-06,8.875450771796827842e-06,1.030444367613580353e-05,1.265851905977305458e-05,1.325659722848640185e-05,1.298686434440332951e-05,1.224916145422996067e-05,1.025869220411951277e-05,9.286030524743166259e-06,7.826707172899505932e-06,7.415065396269761994e-06,7.248811652976229480e-06,7.464444868327067134e-06,8.327991257904565625e-06,8.878825712460135938e-06,9.906360049770877862e-06,1.026447409786324441e-05,1.047817859954397121e-05,1.033380821891579510e-05,9.713744556418858755e-06,9.346463775517042244e-06,8.683964077670774939e-06,8.458728292806087096e-06,8.298340346081078261e-06,8.357735205414846408e-06,8.681177296401918625e-06,8.902473631544009086e-06,9.319131651191071147e-06,9.467045105069835098e-06,9.572653455176046572e-06,9.534128724673993777e-06,9.307043634138468385e-06,9.159109485656121569e-06,8.889340292481031497e-06,8.790515437863237469e-06,8.718269080940262150e-06,8.745272627539574239e-06,8.892135718423840179e-06,8.984539907226640754e-06,9.148236616515065256e-06,9.201830649466224976e-06,9.235976597658009796e-06,9.215373916000944160e-06,9.126887496959095597e-06,9.070953578144309859e-06,8.965415959428027493e-06,8.929234457387934254e-06,8.910687338992574064e-06,8.927507898044521883e-06,8.992603615737022188e-06,9.028413523180008754e-06,9.085232071180671110e-06,9.099156972088365269e-06,9.097245530903779603e-06,9.083824562393632424e-06,9.039762540769425564e-06,9.017150087403495717e-06,8.989073030997961344e-06,8.982701494859423458e-06
5.400000000000000000e+01,-1.969060313078177873e-03,4.688886577489462248e-07,9.506920624910777939e-07,2.122168942862538710e-06,2.883051998269371002e-06,4.969342271537568329e-06,6.422381751506559683e-06,1.065559637190372291e-05,1.376844318353971988e-05,2.339871403545098691e-05,3.089290781980004799e-05,5.531496068213637325e-05,7.467572552309815516e-05,1.353880816409868976e-04,1.788926874105381537e-04,2.864480458159789598e-04,3.417663724317229063e-04,4.158357842827518393e-04,4.205545827460014773e-04,3.500745526469352907e-04,2.841055408220724467e-04,1.435256670549724892e-04,8.510818492253602319e-05,2.570618939462163653e-05,1.143645125611198951e-05,2.153281718012163559e-06,1.391795006826755665e-06,1.690113387126448985e-06,2.524527062751358297e-06,6.557557200691319782e-06,1.008994588072966228e-05,1.852764546290399869e-05,2.181637932791610605e-05,2.342401576649008089e-05,2.173221305933514987e-05,1.566674120954958394e-05,1.241952132022446087e-05,7.388244914187554191e-06,5.800561955873577424e-06,4.207888821561919096e-06,4.020812152687961577e-06,4.590824945512571309e-06,5.308711489216376422e-06,7.446786160611364863e-06,8.677832672440884132e-06,1.071532550939472903e-05,1.123465673981112814e-05,1.100041486996970047e-05,1.036033612115180164e-05,8.638477974180248931e-06,7.800140046658379095e-06,6.546679318740651621e-06,6.194148106972597462e-06,6.051923230291234718e-06,6.236442851904194784e-06,6.976701938844840495e-06,7.449937884514926806e-06,8.334716620381123903e-06,8.643653683440728763e-06,8.828156897125721131e-06,8.703520093001314295e-06,8.168715315556157597e-06,7.852347366306324655e-06,7.282504166230413523e-06,7.089021330389331382e-06,6.951329059655658033e-06,7.002317335060015413e-06,7.280130844062281115e-06,7.470361606916157970e-06,7.828858394421170375e-06,7.956225903760043294e-06,8.047198747272287650e-06,8.014013067951866742e-06,7.818462772246886211e-06,7.691137399521656010e-06,7.459087068234157569e-06,7.374125132903700669e-06,7.312029947672150226e-06,7.335239247729941070e-06,7.461496005287029248e-06,7.540962366718757803e-06,7.681791058031847003e-06,7.727912489475380342e-06,7.757301679333153399e-06,7.739569685700185830e-06,7.663423245608466661e-06,7.615299346655848844e-06,7.524518741206312478e-06,7.493402770671758750e-06,7.477453852715049837e-06,7.491918581697780410e-06,7.547903467967648911e-06,7.578705836066949864e-06,7.627585562181276452e-06,7.639566095615085706e-06,7.637921718904334273e-06,7.626374982961075383e-06,7.588469183387232947e-06,7.569017918442142584e-06,7.544867775769164425e-06,7.539387707831100849e-06
5.500000000000000000e+01,-1.884914347327861688e-03,4.707130948282227390e-07,9.531904680679017389e-07,2.126494056950162942e-06,2.888431061599111560e-06,4.976119604712921432e-06,6.429329046681465237e-06,1.065979596466710977e-05,1.376707718695998131e-05,2.336661240556281785e-05,3.082616111542359379e-05,5.507234681399655191e-05,7.423782822531298578e-05,1.340485321149364247e-04,1.766559479718006215e-04,2.808902858104310972e-04,3.336667534858299769e-04,4.014539441675800228e-04,4.032084281694653296e-04,3.299329965397309553e-04,2.649644550316518094e-04,1.305069748503879818e-04,7.615784258050784308e-05,2.223984325123193155e-05,9.693415293064115007e-06,1.753434006328226033e-06,1.122070691451275762e-06,1.368751686043126470e-06,2.063628020900322782e-06,5.482958693112539167e-06,8.525446854661675525e-06,1.589458372646280343e-05,1.879463773483925834e-05,2.021787693792711366e-05,1.872220396481692056e-05,1.338619497362253039e-05,1.055069641084328477e-05,6.197587807987283912e-06,4.837645946381393183e-06,3.482771382826068546e-06,3.324378009505069703e-06,3.807578309032591882e-06,4.418199902084425645e-06,6.248085142702714673e-06,7.307984079331711347e-06,9.070420991292302629e-06,9.521100806027553085e-06,9.317801054449341425e-06,8.762760426179539222e-06,7.274146775466602821e-06,6.552006031213235965e-06,5.475989901225237350e-06,5.174254321886184033e-06,5.052654355939406594e-06,5.210458789926689441e-06,5.844665604906552556e-06,6.250998083000324293e-06,7.012407833819917641e-06,7.278763564567579045e-06,7.437960874227735747e-06,7.330423651501737081e-06,6.869425854647177865e-06,6.597072776719226095e-06,6.107212868425781691e-06,5.941103012168215750e-06,5.822963162360359976e-06,5.866709182225085181e-06,6.105192137334644262e-06,6.268622926070130039e-06,6.576896749168953046e-06,6.686507886402744127e-06,6.764827309435833894e-06,6.736257461782604178e-06,6.567961381828170409e-06,6.458437841311802374e-06,6.258949031063675700e-06,6.185947900416276929e-06,6.132608584645841618e-06,6.152545113625616444e-06,6.261023480435504857e-06,6.329323574833390503e-06,6.450408013878401389e-06,6.490075509401954310e-06,6.515355750365053530e-06,6.500103370834023342e-06,6.434614323428105437e-06,6.393234125488464481e-06,6.315192690556446081e-06,6.288448669912981293e-06,6.274741966374531091e-06,6.287173549327689306e-06,6.335294641138201552e-06,6.361774227912116858e-06,6.403799783409082347e-06,6.414101417006028844e-06,6.412687610462403098e-06,6.402759174718502741e-06,6.370168516830164440e-06,6.353446282452573923e-06,6.332685954736757758e-06,6.327975374740158615e-06
5.600000000000000000e+01,-1.803985746704357337e-03,4.723654901731249439e-07,9.556862129672747536e-07,2.130812315175988764e-06,2.893801362411881420e-06,4.982880926600492810e-06,6.436254666309162986e-06,1.066395860289557837e-05,1.376566669931966747e-05,2.333449603978614111e-05,3.075948974792862105e-05,5.483069976553833595e-05,7.380238470638760505e-05,1.327220839903162693e-04,1.744470039922131274e-04,2.754401660816357001e-04,3.257588997719225443e-04,3.875693581152348834e-04,3.865776204400100599e-04,3.109502513155269245e-04,2.471129585039930424e-04,1.186691793822346099e-04,6.814877381979521365e-05,1.924092455153885578e-05,8.216041039269547999e-06,1.427836008149668476e-06,9.046186104167200370e-07,1.108495253613174872e-06,1.686875875279297832e-06,4.584459457724222170e-06,7.203535796154302701e-06,1.363572717480421824e-05,1.619143909877473683e-05,1.745058339323694863e-05,1.612910242248448249e-05,1.143762496181991752e-05,8.963087544733901874e-06,5.198815017370744460e-06,4.034580405832752237e-06,2.882610598151525566e-06,2.748573286549859176e-06,3.157964562507499864e-06,3.677069930365208308e-06,5.242340997325132049e-06,6.154378144415922208e-06,7.678029446522805987e-06,8.068908096760729273e-06,7.892562938148148244e-06,7.411537076040027733e-06,6.125297034592289136e-06,5.503594736400987605e-06,4.580411413211346594e-06,4.322293350378673613e-06,4.218383433017601838e-06,4.353266606810105369e-06,4.896316057333843785e-06,5.245010380914736856e-06,5.899887906879713179e-06,6.129402361093345269e-06,6.266686938430614945e-06,6.173955252477105263e-06,5.776800735450690269e-06,5.542469558812062116e-06,5.121599887887920421e-06,4.979069142542827398e-06,4.877760965671905369e-06,4.915272592356323758e-06,5.119879754890074852e-06,5.260208286498712499e-06,5.525147543099847430e-06,5.619425082280683076e-06,5.686813292607494422e-06,5.662230928387334758e-06,5.517471244425881799e-06,5.423312988547899366e-06,5.251911820490159921e-06,5.189222421767263754e-06,5.143429663344604649e-06,5.160545405001474087e-06,5.253697057516076852e-06,5.312367313270232802e-06,5.416417757041691247e-06,5.450515441459639204e-06,5.472249079651507822e-06,5.459136858648088245e-06,5.402844916247047380e-06,5.367283182878884382e-06,5.300230494727003680e-06,5.277256897130884472e-06,5.265483706459609184e-06,5.276161984355855206e-06,5.317500876345299457e-06,5.340251687834364838e-06,5.376364111638705021e-06,5.385217191169024489e-06,5.384002294878901390e-06,5.375470094570213020e-06,5.347464859950827251e-06,5.333096756380195300e-06,5.315260345166309200e-06,5.311213451020127888e-06
5.700000000000000000e+01,-1.726150426778704471e-03,4.740162895091118433e-07,9.581763443049489543e-07,2.135123744104704124e-06,2.899162934152281837e-06,4.989626290493372890e-06,6.443158679158645166e-06,1.066808440728858609e-05,1.376421188862110914e-05,2.330236516420399785e-05,3.069289376354247464e-05,5.459001534316920354e-05,7.336938028168048936e-05,1.314086051742132180e-04,1.722655029225317498e-04,2.700955824560299489e-04,3.180382419731449511e-04,3.741647802166844089e-04,3.706325942738925450e-04,2.930595714688388580e-04,2.304640968256884120e-04,1.079051167668424425e-04,6.098195648844193482e-05,1.664639005470461633e-05,6.963832306935632821e-06,1.162698656939241057e-06,7.293076271105113084e-07,8.977242273947722007e-07,1.378906356127966581e-06,3.833197784432022803e-06,6.086592301517059628e-06,1.169788559514449260e-05,1.394880048246152117e-05,1.506205649417081786e-05,1.389515348256984903e-05,9.772698090106243449e-06,7.614371759497723380e-06,4.360998848890879076e-06,3.364825932992846283e-06,2.385870821207392023e-06,2.272501492950242813e-06,2.619181504796581211e-06,3.060260179469156960e-06,4.398489172506830219e-06,5.182874503999223073e-06,6.499381533171897513e-06,6.838207962972693565e-06,6.685326219419297084e-06,6.268672240943495497e-06,5.157891231331347692e-06,4.622942983952774837e-06,3.831300985852274105e-06,3.610610496480870513e-06,3.521862932981617914e-06,3.637093782509880774e-06,4.101844121291806783e-06,4.400917946489326868e-06,4.963868717681313436e-06,5.161531500311265092e-06,5.279855552936833438e-06,5.199933769373240797e-06,4.857963714665616481e-06,4.656453716125885656e-06,4.295049466600817448e-06,4.172815328758487305e-06,4.085986417526462841e-06,4.118135090897673267e-06,4.293585538322304204e-06,4.414013615800871718e-06,4.641588853599451850e-06,4.722634578594939181e-06,4.780586247246513057e-06,4.759446070631834225e-06,4.634997443893860980e-06,4.554091863142456509e-06,4.406901762361165042e-06,4.353096021307133884e-06,4.313802888857107970e-06,4.328489151043946048e-06,4.408437151020693640e-06,4.458808556701563189e-06,4.548173808225676462e-06,4.577468156874778260e-06,4.596142789609503759e-06,4.584876413258557465e-06,4.536515664785257737e-06,4.505970491257152780e-06,4.448389833393209120e-06,4.428665561681619650e-06,4.418558489594154662e-06,4.427725872549340483e-06,4.463219598363054458e-06,4.482756329039208273e-06,4.513771131323769323e-06,4.521375299118340560e-06,4.520331878151741256e-06,4.513003454117460456e-06,4.488951263236775832e-06,4.476612432921219312e-06,4.461296261409159955e-06,4.457821387783772807e-06
5.800000000000000000e+01,-1.651291702191318156e-03,4.756655012881898931e-07,9.606329557014601367e-07,2.139428370173277957e-06,2.904515810100549017e-06,4.996358988347895935e-06,6.450041153558284251e-06,1.067217349766543498e-05,1.376271292157621971e-05,2.327022000258595867e-05,3.062637320631824041e-05,5.435028937444096042e-05,7.293880036706714906e-05,1.301079649953049838e-04,1.701110968862567466e-04,2.648544727139564344e-04,3.105003211284057801e-04,3.612235665442365806e-04,3.553450118412068010e-04,2.761980646869546460e-04,2.149367883508153908e-04,9.811735645342102921e-05,5.458274865463661613e-05,1.440170239094687790e-05,5.902467622232289782e-06,9.467941148586563743e-07,5.879704689101209608e-07,7.270287466524735787e-07,1.127161029482138740e-06,3.205043319707027646e-06,5.142831634986216871e-06,1.003543173756327005e-05,1.201677434207884879e-05,1.300044532358875932e-05,1.197060579685845991e-05,8.350120306328118192e-06,6.468597468429039890e-06,3.658197683678587886e-06,2.806250344447808534e-06,1.974728717298165556e-06,1.878886736661825041e-06,2.172318553748638428e-06,2.546914653428272377e-06,3.690467458955645416e-06,4.364724216035639412e-06,5.501661910199380848e-06,5.795213621379111807e-06,5.662741844273105202e-06,5.302033256401319714e-06,4.343269763545454590e-06,3.883204147921539076e-06,3.204701935741226596e-06,3.016106189483421310e-06,2.940345955549901816e-06,3.038738440410944722e-06,3.436279264868715919e-06,3.692663929076014581e-06,4.176345420217652052e-06,4.346489476629057658e-06,4.448418962406863394e-06,4.379572767205727746e-06,4.085269796938505518e-06,3.912072189710602207e-06,3.601888671553006918e-06,3.497113796317296436e-06,3.422732148874183325e-06,3.450270628710958368e-06,3.600643055181240379e-06,3.703940397507777746e-06,3.899321575604169227e-06,3.968957019732368904e-06,4.018768063593575537e-06,4.000597315963498254e-06,3.893664388125933976e-06,3.824181527872956565e-06,3.697846733665159299e-06,3.651689150936318629e-06,3.617990161231465426e-06,3.630585393582042367e-06,3.699166456992523944e-06,3.742390913599822483e-06,3.819104548179316425e-06,3.844259394449088887e-06,3.860297392531452168e-06,3.850621933844822903e-06,3.809096039415803617e-06,3.782873088174808565e-06,3.733451522517847176e-06,3.716525592001307388e-06,3.707853247804154470e-06,3.715719518190092538e-06,3.746179084700845818e-06,3.762947274233699110e-06,3.789570494364125075e-06,3.796098613497497082e-06,3.795202916940208782e-06,3.788911630645767220e-06,3.768264990772728085e-06,3.757674211812746939e-06,3.744528854191528713e-06,3.741546660517014455e-06
5.900000000000000000e+01,-1.579299485039650959e-03,4.773131119218364249e-07,9.631524885409838144e-07,2.143634633550378990e-06,2.909859951999525102e-06,5.003077404670082037e-06,6.456902065836477370e-06,1.067622593904898193e-05,1.376116998453224757e-05,2.323806120635234750e-05,3.055992900577821948e-05,5.411152089305668565e-05,7.251063618513237455e-05,1.288200513176347966e-04,1.679834708753064326e-04,2.597148837574880624e-04,3.031408831096779697e-04,3.487298180133466090e-04,3.406879032790235181e-04,2.603066748286932217e-04,2.004556134829011890e-04,8.921742943240320786e-05,4.893816481806381735e-05,1.245970595522205224e-05,5.002869410940203806e-06,7.709820411586597311e-07,4.740243238433774348e-07,5.887901905550670112e-07,9.213772442756128916e-07,2.679827597887578933e-06,4.345408942345481418e-06,8.609243095071333549e-06,1.035235504264907409e-05,1.122102140681778548e-05,1.031262248951453006e-05,7.134626003148410167e-06,5.495236887745856558e-06,3.068659065155916743e-06,2.340402239632208281e-06,1.634437278263652440e-06,1.553450173022614955e-06,1.801696872876738104e-06,2.119682052320734020e-06,3.096417442936729575e-06,3.675726480552874223e-06,4.657104868912957663e-06,4.911304312726297999e-06,4.796574273559965976e-06,4.484454132442066560e-06,3.657309330933706734e-06,3.261836427758280782e-06,2.680583211557953718e-06,2.519491500379980944e-06,2.454848512048858969e-06,2.538822987410054369e-06,2.878710731391920588e-06,3.098393475230035513e-06,3.513765727499547006e-06,3.660150535209029041e-06,3.747913759176088599e-06,3.688637230235547460e-06,3.435480497900132019e-06,3.286689669504145456e-06,3.020596219527370632e-06,2.930830073044968231e-06,2.867141888889240126e-06,2.890719879422966668e-06,3.019536578333136337e-06,3.108097135494456570e-06,3.275757220550651327e-06,3.335559701662981283e-06,3.378352758288570221e-06,3.362741913798868859e-06,3.270904024881308644e-06,3.211260097665119551e-06,3.102878118106276381e-06,3.063300689190974826e-06,3.034413344916954067e-06,3.045210034976521263e-06,3.104011828856771682e-06,3.141085413928658768e-06,3.206906610434467550e-06,3.228496408035855941e-06,3.242263332882714885e-06,3.233958165779846766e-06,3.198318438048979376e-06,3.175817012875765608e-06,3.133418950601856573e-06,3.118901381065361869e-06,3.111463696460221168e-06,3.118210248886097227e-06,3.144336999853867415e-06,3.158722002285499139e-06,3.181564391996133043e-06,3.187166012888530478e-06,3.186397496158675444e-06,3.180999186293146166e-06,3.163284493319781440e-06,3.154198521729007637e-06,3.142921764927872688e-06,3.140363635553092975e-06
6.000000000000000000e+01,-1.510069601530791492e-03,4.789591371984203150e-07,9.657211583232860191e-07,2.147717302349331711e-06,2.915195416902747333e-06,5.009779869028126165e-06,6.463741514731950050e-06,1.068024186878790971e-05,1.375958323623352117e-05,2.320588885188347265e-05,3.049356090313701424e-05,5.387370467298908602e-05,7.208487136292434337e-05,1.275447301068636900e-04,1.658822758061197049e-04,2.546748085229121224e-04,2.959556430475965977e-04,3.366679619562207553e-04,3.266351488871558923e-04,2.453294589942144575e-04,1.869499744242349333e-04,8.112473167649772790e-05,4.387727434305944627e-05,1.077956882743376366e-05,4.240375576681706948e-06,6.278161921331997658e-07,3.821600297860237860e-07,4.768360458867228202e-07,7.531622504741621732e-07,2.240677691635589025e-06,3.671627394574022984e-06,7.385731340676113602e-06,8.918463561080267055e-06,9.685146358711770737e-06,8.884269891877528622e-06,6.096061115568691610e-06,4.668338319297480124e-06,2.574125405199224892e-06,1.951884791512878761e-06,1.352784584495283007e-06,1.284380261157031661e-06,1.494305899923335096e-06,1.764113941675124475e-06,2.597988493185975425e-06,3.095488287324903859e-06,3.942191745983942425e-06,4.162208669497092020e-06,4.062891207096607990e-06,3.792943136470688925e-06,3.079684184906878938e-06,2.739893798996920898e-06,2.242180297870989894e-06,2.104644521926882922e-06,2.049512387679872441e-06,2.121148676761984778e-06,2.411610649171109025e-06,2.599758149516738157e-06,2.956301962735987873e-06,3.082186132403715376e-06,3.157716200492734909e-06,3.106703051909123423e-06,2.889041824844212208e-06,2.761278014598318037e-06,2.533113540444283107e-06,2.456241729767785764e-06,2.401734786419609108e-06,2.421912497277021667e-06,2.532212290403323615e-06,2.608103190411157832e-06,2.751908292232931388e-06,2.803242294320031081e-06,2.839988917661224674e-06,2.826583578130958604e-06,2.747746624249831210e-06,2.696572252746439607e-06,2.603635115975980532e-06,2.569715530613718088e-06,2.544964277666770039e-06,2.554214944017543787e-06,2.604608506517327657e-06,2.636391704066622793e-06,2.692840765685473522e-06,2.711362130163822576e-06,2.723174060299425256e-06,2.716048433269811074e-06,2.685474764110287391e-06,2.666175694725171283e-06,2.629819909049811374e-06,2.617373804779127983e-06,2.610997963853160797e-06,2.616781491982661523e-06,2.639181338457080930e-06,2.651516123364965408e-06,2.671105484792221998e-06,2.675909861210188853e-06,2.675250770610817022e-06,2.670620844426839502e-06,2.655428815577075968e-06,2.647637464146075301e-06,2.637968186455699054e-06,2.635774839343692222e-06
6.100000000000000000e+01,-1.443503208895342491e-03,4.805797774252561910e-07,9.682874889615188108e-07,2.151792993473769858e-06,2.920522166690317847e-06,5.016466344881162498e-06,6.470559476845884686e-06,1.068422135211172415e-05,1.375795286281456843e-05,2.317370358677827910e-05,3.042726981962776654e-05,5.363683973917806810e-05,7.166149719337521970e-05,1.262818913279953586e-04,1.638072043135113936e-04,2.497323684741178766e-04,2.889405453306516294e-04,3.250231786682770269e-04,3.131619560718616052e-04,2.312139592598010107e-04,1.743542699867966367e-04,7.376611456615589021e-05,3.933976041894720818e-05,9.325995089131018656e-06,3.594096442508052519e-06,5.112356093891178010e-07,3.080989738220556856e-07,3.861694695651233383e-07,6.156585744968370855e-07,1.873493546553995151e-06,3.102321496376882204e-06,6.336103449891029860e-06,7.683182254470495229e-06,8.359497845580182718e-06,7.653755357482769014e-06,5.208679575437842255e-06,3.965869949215617904e-06,2.159290296180815458e-06,1.627864077857364353e-06,1.119668173230666669e-06,1.061916138442569463e-06,1.239360340796365201e-06,1.468191926230896435e-06,2.179792797452409503e-06,2.606846187641273516e-06,3.337027025297973140e-06,3.527370711997471556e-06,3.441434152275189146e-06,3.208066277658044863e-06,2.593289109439466528e-06,2.301471230899262629e-06,1.875478328940182252e-06,1.758105332844367777e-06,1.711105084073547694e-06,1.772189180777525297e-06,2.020303588445761939e-06,2.181371324592572963e-06,2.487282118350401042e-06,2.595488096747249063e-06,2.660460804822500219e-06,2.616578732634721599e-06,2.429519776848054410e-06,2.319860339519436848e-06,2.124305199832686800e-06,2.058504624805144317e-06,2.011875895426831415e-06,2.029136034142247150e-06,2.123538815237578301e-06,2.188543737359580771e-06,2.311833096473384086e-06,2.355878153884787343e-06,2.387418549308455151e-06,2.375912239130795883e-06,2.308265895392853928e-06,2.264377917412727093e-06,2.184720061499268590e-06,2.155662382899393645e-06,2.134464398987354419e-06,2.142386900890348028e-06,2.185555373194732545e-06,2.212791011935123439e-06,2.261180881359516406e-06,2.277062835249555120e-06,2.287192871612900302e-06,2.281081978121150822e-06,2.254865909142060240e-06,2.238320800962943780e-06,2.207160037524195234e-06,2.196494564597924193e-06,2.191031395592417733e-06,2.195987161075297137e-06,2.215183200915231410e-06,2.225755273048326405e-06,2.242547404890469359e-06,2.246666170173947444e-06,2.246101174391583119e-06,2.242132026884823340e-06,2.229109212778870863e-06,2.222430985781209331e-06,2.214143727524188476e-06,2.212263980386729167e-06
6.200000000000000000e+01,-1.379506296920864159e-03,4.821896712947290609e-07,9.708514934077781822e-07,2.155861733012416626e-06,2.925798077634770428e-06,5.023136885283323305e-06,6.477356020189633037e-06,1.068816450778805119e-05,1.375627902880285219e-05,2.314150562662039418e-05,3.036105578578226008e-05,5.340092193993899346e-05,7.124049932959630911e-05,1.250314090194327467e-04,1.617579248747427669e-04,2.448856545737947144e-04,2.820915352148823350e-04,3.137810019454892983e-04,3.002443701554768744e-04,2.179105406873262703e-04,1.626071436435509894e-04,6.707496092183740967e-05,3.527147943672525980e-05,8.068427312349964881e-06,3.046316714228449254e-06,4.163030724875071281e-07,2.483906132639580877e-07,3.127423756198871585e-07,5.032586588959563761e-07,1.566480317862026933e-06,2.621289148362114865e-06,5.435643114817074670e-06,6.618996461379457463e-06,7.215295341536035606e-06,6.593671868625021470e-06,4.450470182967890612e-06,3.369104965882368380e-06,1.811307963833904897e-06,1.357631894822282012e-06,9.267230318492879204e-07,8.779843107078501296e-07,1.027911236485155519e-06,1.221909286109115755e-06,1.828913374586193380e-06,2.195338940373572217e-06,2.824760513730345535e-06,2.989360487268624689e-06,2.915034274925164606e-06,2.713377773116715935e-06,2.183713312523417188e-06,1.933202304497776136e-06,1.568749145668645040e-06,1.468625157844240595e-06,1.428574027680356434e-06,1.480638321705272931e-06,1.692489609238538237e-06,1.830316456392097960e-06,2.092672349660734676e-06,2.185642631682060619e-06,2.241509413365271736e-06,2.203777793227928300e-06,2.043087566316577688e-06,1.949007356427537654e-06,1.781472412468914149e-06,1.725172482318956119e-06,1.685300151982012731e-06,1.700058288895507294e-06,1.780820836187703080e-06,1.836477548818483269e-06,1.942132830529781293e-06,1.979907705152187877e-06,2.006967848384912795e-06,1.997095765535802231e-06,1.939076396101314589e-06,1.901453431316698500e-06,1.833206575093749083e-06,1.808324517039387042e-06,1.790177414991113089e-06,1.796959547100936486e-06,1.833923041954848773e-06,1.857251827137558833e-06,1.898715384753566285e-06,1.912328234842915545e-06,1.921012138567492269e-06,1.915773711896537335e-06,1.893303766250208076e-06,1.879125688037438374e-06,1.852429006792867539e-06,1.843293312529283023e-06,1.838614164083622257e-06,1.842858826833814259e-06,1.859302272020019534e-06,1.868359663962813541e-06,1.882747842622822798e-06,1.886277328000179540e-06,1.885793198977935015e-06,1.882391977319234841e-06,1.871233410098618183e-06,1.865511722640589981e-06,1.858411984380619469e-06,1.856801686237526811e-06
6.300000000000000000e+01,-1.317989260650510169e-03,4.837979627142583589e-07,9.734131845714425607e-07,2.159923546922156226e-06,2.930906206387437138e-06,5.029791542975623267e-06,6.484131212338697589e-06,1.069207145371520347e-05,1.375456189745688507e-05,2.310929518475716982e-05,3.029491883009137639e-05,5.316594714472721445e-05,7.082186352325289466e-05,1.237931585764974994e-04,1.597341103637120105e-04,2.401327958571938381e-04,2.754046559007774109e-04,3.029274705793390948e-04,2.878594310395977962e-04,2.053724338374519637e-04,1.516513828931278368e-04,6.099070426052394592e-05,3.162389262469675159e-05,6.980430940769360992e-06,2.582022275649962714e-06,3.389984203187607764e-07,2.002532757674427982e-07,2.532765929295216489e-07,4.113790065011710406e-07,1.309776720822761198e-06,2.214841528593502681e-06,4.663148387462493286e-06,5.702204580243378298e-06,6.227699813758083222e-06,5.680410456230947439e-06,3.802627375666190260e-06,2.862135739517893129e-06,1.519403601646200641e-06,1.132258284105300619e-06,7.670261126337986346e-07,7.259101305217598166e-07,8.525369395990904653e-07,1.016938473972746684e-06,1.534513280882941408e-06,1.848789022908681884e-06,2.391129797834181184e-06,2.533407692452806573e-06,2.469150011461321292e-06,2.294968880328521546e-06,1.838822912649147601e-06,1.623860258637838117e-06,1.312183410211772289e-06,1.226808063564200149e-06,1.192692268051380108e-06,1.237050635497383838e-06,1.417865313114866424e-06,1.535756502704871754e-06,1.760666182560027132e-06,1.840512895072031127e-06,1.888529919671748381e-06,1.856100116171596065e-06,1.718118524886465270e-06,1.637437425160192042e-06,1.493966583325512243e-06,1.445815209964946071e-06,1.411734160130032056e-06,1.424347809705602333e-06,1.493412719848511913e-06,1.541046028146007135e-06,1.631552220176472195e-06,1.663936172719262044e-06,1.687142879712184157e-06,1.678676395575149499e-06,1.628934421234445179e-06,1.596695389522633304e-06,1.538248887635257703e-06,1.516951134620083200e-06,1.501422172209623818e-06,1.507225696733421882e-06,1.538863128411555384e-06,1.558837282322929341e-06,1.594351332422083711e-06,1.606014473375105833e-06,1.613455622844492746e-06,1.608966942462678948e-06,1.589715731588120171e-06,1.577571032184863983e-06,1.554708295224737150e-06,1.546886168093172115e-06,1.542880166324582525e-06,1.546514269995134458e-06,1.560594044095874738e-06,1.568350580665378233e-06,1.580673890723546457e-06,1.583697162574294534e-06,1.583282495160390213e-06,1.580369134246547777e-06,1.570811867972589718e-06,1.565911724626164320e-06,1.559831836981176445e-06,1.558452929709608012e-06
6.400000000000000000e+01,-1.258866532769504706e-03,4.854046385058003593e-07,9.759725411264720540e-07,2.163978406876255339e-06,2.936005194380557001e-06,5.036430281757636046e-06,6.490885030301270231e-06,1.069594225543016655e-05,1.375280165459092166e-05,2.307707290309852534e-05,3.022885986148885103e-05,5.293191436594795948e-05,7.040558117236386977e-05,1.225670330440473913e-04,1.577354645371435542e-04,2.354720203415882479e-04,2.688761323418927939e-04,2.924492481655945920e-04,2.759852870284273604e-04,1.935557220900455122e-04,1.414337705526694678e-04,5.545834900280493737e-05,2.835352665726560001e-05,6.039149421522681943e-06,2.188492994276884998e-06,2.760489288221572995e-07,1.614449383579002334e-07,2.051179775744080280e-07,3.362740231551645392e-07,1.095140571157797796e-06,1.871417297711437319e-06,4.000439942838116339e-06,4.912399171489193958e-06,5.375284234896858179e-06,4.893643358603759139e-06,3.249090995505708734e-06,2.431454541673835554e-06,1.274542371626453605e-06,9.442984262577822085e-07,6.348492975730320176e-07,6.001768823120888496e-07,7.070841383392725138e-07,8.463513305712825480e-07,1.287503562650768596e-06,1.556945430036555528e-06,2.024067177453046235e-06,2.147000425046802913e-06,2.091469511743358073e-06,1.941080709654983624e-06,1.548404612548631362e-06,1.364018537695476513e-06,1.097579185959643086e-06,1.024808131340785786e-06,9.957592311739694307e-07,1.033537526672154844e-06,1.187802462120773894e-06,1.288602038700473185e-06,1.481334290953867719e-06,1.549882736676068060e-06,1.591136491656958141e-06,1.563274550929515463e-06,1.444839240190114171e-06,1.375676176802557993e-06,1.252861141687669488e-06,1.211695044285024045e-06,1.182575463195721308e-06,1.193352008119945643e-06,1.252390422466038641e-06,1.293140966372556544e-06,1.370639670858269862e-06,1.398391095234000070e-06,1.418285230889463830e-06,1.411027069985132734e-06,1.368398380585536880e-06,1.340783695722097893e-06,1.290749858116500490e-06,1.272527232732160660e-06,1.259243883797037458e-06,1.264208054227444755e-06,1.291276221136511068e-06,1.308371412249475021e-06,1.338777670040376677e-06,1.348766415094340351e-06,1.355140145897900869e-06,1.351295416786432377e-06,1.334808355374578551e-06,1.324409503048471284e-06,1.304837804946010552e-06,1.298143004462709582e-06,1.294714654539314003e-06,1.297824800035058540e-06,1.309875932222273609e-06,1.316515835620216124e-06,1.327066458376314345e-06,1.329655100937906370e-06,1.329300067630899418e-06,1.326805571171029222e-06,1.318623030171443139e-06,1.314428119386602464e-06,1.309223630237060440e-06,1.308043327754790375e-06
6.500000000000000000e+01,-1.202056265956358890e-03,4.870097069903898956e-07,9.785295759907018665e-07,2.168026338847861209e-06,2.941095075058297592e-06,5.043053154384470951e-06,6.497617541637891458e-06,1.069955026492376907e-05,1.375099846267179016e-05,2.304483899105377355e-05,3.016287890135601821e-05,5.269881947753715483e-05,6.999163812998736994e-05,1.213529100052286418e-04,1.557616678878326333e-04,2.309015272962740718e-04,2.625021903257893779e-04,2.823333164561167997e-04,2.646008249928791679e-04,1.824188522220409302e-04,1.319045328616024609e-04,5.042781016706757158e-05,2.542135757168935244e-05,5.224794714488731687e-06,1.854941687045317047e-06,2.247886577585143930e-07,1.301574934103356951e-07,1.661163323419916071e-07,2.748808279474500987e-07,9.156771978565889092e-07,1.581242751986112333e-06,3.431912419796538313e-06,4.231987975052402956e-06,4.639542074988053932e-06,4.215846931873712400e-06,2.776130667916931749e-06,2.065579950192132988e-06,1.069141865402481462e-06,7.875406109905756097e-07,5.254496087572606278e-07,4.962215317790355518e-07,5.864472037303298385e-07,7.043793555769253117e-07,1.080254689068320742e-06,1.311171075509378128e-06,1.713352109565004222e-06,1.819529520817727772e-06,1.771558632734275898e-06,1.641762445880661989e-06,1.303853923858731487e-06,1.145755168155794881e-06,9.180727915520086463e-07,8.560683439858864097e-07,8.313429403316967281e-07,8.635052009980416499e-07,9.950694616048163382e-07,1.081222808667348101e-06,1.246318559997711128e-06,1.305144957224014732e-06,1.340574440520823571e-06,1.316646079556945542e-06,1.215026831295155235e-06,1.155759983686955802e-06,1.050666606405761122e-06,1.015485690115773554e-06,9.906146303010569115e-07,9.998181543222940670e-07,1.050266620546656815e-06,1.085115740844921212e-06,1.151451234467776308e-06,1.175223777026600594e-06,1.192271685929516267e-06,1.186051754949526971e-06,1.149532980133753657e-06,1.125888290372505790e-06,1.083072417107930688e-06,1.067486798441612608e-06,1.056128613001906108e-06,1.060373216323941270e-06,1.083523279554049479e-06,1.098148927499830591e-06,1.124172155699985562e-06,1.132723641583763957e-06,1.138180998909790742e-06,1.134889085897643202e-06,1.120774636863188650e-06,1.111874030770539437e-06,1.095125973958480450e-06,1.089398196441873287e-06,1.086465310959653860e-06,1.089126033935582799e-06,1.099436910594140532e-06,1.105118779401621787e-06,1.114148291294584509e-06,1.116363947370295484e-06,1.116060086406127361e-06,1.113925041402921007e-06,1.106922136384462518e-06,1.103332319874004291e-06,1.098878872916224728e-06,1.097868952053791813e-06
6.600000000000000000e+01,-1.147480057010127506e-03,4.887073442782965266e-07,9.810843020405506792e-07,2.172098709973509581e-06,2.946175881691570977e-06,5.049660213299637587e-06,6.504328813474119855e-06,1.070278152218617947e-05,1.374915248290994527e-05,2.301259365584083783e-05,3.009697596911202304e-05,5.246665837456312813e-05,6.958002034656478665e-05,1.201506683626766929e-04,1.538124051473398549e-04,2.264195519083711658e-04,2.562791468171672464e-04,2.725671116745673065e-04,2.536858084355232993e-04,1.719226699859828424e-04,1.230172578323542130e-04,4.585355192141611809e-05,2.279240111292542108e-05,4.520248633132356586e-06,1.572225974911991425e-06,1.830468504006831088e-07,1.049333264960695261e-07,1.345304117680509726e-07,2.246958888487728123e-07,7.656221943526907159e-07,1.336060293539260632e-06,2.944179358044425598e-06,3.645816724648885676e-06,4.004501282308140994e-06,3.631925956916210591e-06,2.372015670192842082e-06,1.754758990377787084e-06,8.968420970214673743e-07,6.568046709524034271e-07,4.349016668636802863e-07,4.102716563681406414e-07,4.863918822927380814e-07,5.862220311240746301e-07,9.063657251133418885e-07,1.104192844806999030e-06,1.450333682093737225e-06,1.542004680567124822e-06,1.500579926362773098e-06,1.388598359538303212e-06,1.097925874021148454e-06,9.624163063138256591e-07,7.679235018128241497e-07,7.151117258599910820e-07,6.940738313246028190e-07,7.214450401689647546e-07,8.336085611580605625e-07,9.072169945814525377e-07,1.048587429763707390e-06,1.099052044314235976e-06,1.129468268806646872e-06,1.108925685538953917e-06,1.021766845807261376e-06,9.709987859472715005e-07,8.811026590699322369e-07,8.510476483332592157e-07,8.298129400728312954e-07,8.376701883092054629e-07,8.807628362693907531e-07,9.105543023763679189e-07,9.673138317602136826e-07,9.876705079508475704e-07,1.002274030214049191e-06,9.969457637022324792e-07,9.656726153383331235e-07,9.454345731886582005e-07,9.088087492847580356e-07,8.954833886029057999e-07,8.857748819415464658e-07,8.894028964312895164e-07,9.091947801279001012e-07,9.217030651018781606e-07,9.439669379834522700e-07,9.512852920646151789e-07,9.559563149427827838e-07,9.531387598939178307e-07,9.410598986641163788e-07,9.334444552565063918e-07,9.191178966751114426e-07,9.142192481906459556e-07,9.117111362580941625e-07,9.139865484693917436e-07,9.228052536148622503e-07,9.276655424672337197e-07,9.353904240698950046e-07,9.372861428181070154e-07,9.370261728378851546e-07,9.351994501275058547e-07,9.292083064222321498e-07,9.261374234869213656e-07,9.223280286244344567e-07,9.214642090684017905e-07
6.700000000000000000e+01,-1.095062705891545248e-03,4.904047550728998783e-07,9.836366980091760387e-07,2.176185473964312861e-06,2.951247579649658725e-06,5.056251422641414375e-06,6.511018823223638924e-06,1.070597657709432445e-05,1.374726390079698303e-05,2.298033753373070198e-05,3.003115196154948832e-05,5.223543005760636522e-05,6.917071932465638888e-05,1.189602041572028479e-04,1.518873907962860290e-04,2.220244227201789841e-04,2.502034879519638311e-04,2.631386323190249401e-04,2.432209777990554204e-04,1.620304094841152004e-04,1.147287746057486062e-04,4.169422685173021503e-05,2.043532396204758052e-05,3.910710001997497187e-06,1.332600332918732269e-06,1.490563425953720517e-07,8.459760347584097118e-08,1.089504315901664022e-07,1.836733421031657570e-07,6.401576003827163380e-07,1.128895703316618038e-06,2.525762723580658037e-06,3.140837373649153774e-06,3.456383808342301453e-06,3.128883176282135428e-06,2.026727840841006933e-06,1.490710072279879256e-06,7.523101247523984736e-07,5.477719529751144678e-07,3.599576211179428276e-07,3.392092827079421641e-07,4.034075423854210224e-07,4.878855357714172170e-07,7.604682037791726107e-07,9.298882529403754843e-07,1.227692196811283262e-06,1.306810238360092344e-06,1.271051027826449950e-06,1.174473530911150643e-06,9.245222476041235066e-07,8.084150515854770375e-07,6.423312942443418910e-07,5.973648211834298172e-07,5.794706069031738821e-07,6.027563976324003953e-07,6.983469017448912936e-07,7.612151593275849615e-07,8.822273126658786158e-07,9.255034291279565228e-07,9.516064957526115115e-07,9.339768254781975060e-07,8.592469769863608775e-07,8.157742457585819007e-07,7.389045975981275299e-07,7.132375832363466173e-07,6.951138547060375233e-07,7.018194136208105727e-07,7.386159366015460775e-07,7.640748607082303856e-07,8.126237600813383116e-07,8.300492695856483139e-07,8.425544828268710651e-07,8.379916539133416137e-07,8.112200318747490174e-07,7.939038875340656554e-07,7.625841530617145231e-07,7.511952424788751609e-07,7.428997064070057971e-07,7.459996148619345985e-07,7.629145430912854381e-07,7.736082527414964161e-07,7.926491795448662586e-07,7.989100240881914089e-07,8.029066088576994331e-07,8.004959020416722859e-07,7.901626762930880066e-07,7.836491116720422506e-07,7.713982301145710235e-07,7.672101545186122556e-07,7.650660447176653445e-07,7.670112634986393091e-07,7.745511014852369397e-07,7.787071525243612069e-07,7.853135887191196179e-07,7.869350001866656785e-07,7.867126587618802902e-07,7.851502806426394199e-07,7.800265160757147848e-07,7.774004706646419488e-07,7.741431261051954366e-07,7.734045302822383644e-07
6.800000000000000000e+01,-1.044732003951904815e-03,4.921005182887284307e-07,9.861867767810197222e-07,2.180265304379007049e-06,2.956310202222554862e-06,5.062826834866755027e-06,6.517692695491399124e-06,1.070913554927386754e-05,1.374533287675687790e-05,2.294807082805030464e-05,2.996540689109575620e-05,5.200513042655924290e-05,6.876372111523317877e-05,1.177813984194065865e-04,1.499863169121469801e-04,2.177144411786031269e-04,2.442717006669102402e-04,2.540361632313665931e-04,2.331877245198839092e-04,1.527072834420469330e-04,1.069987057421783148e-04,3.791217951843741350e-05,1.832199969125248434e-05,3.383364724357301387e-06,1.129496248408355316e-06,1.213776142884245846e-07,6.820286499150188253e-08,8.823428612075336075e-08,1.501402263699887218e-07,5.352531451461965684e-07,9.538531319166088790e-07,2.166809633131865087e-06,2.705801842648901043e-06,2.983289555150495098e-06,2.695514248460696011e-06,1.731702317874905112e-06,1.266393938191947080e-06,6.310703262789405660e-07,4.568391178605066272e-07,2.979281977515298163e-07,2.804554464031026179e-07,3.345812852174976509e-07,4.060445490576894412e-07,6.380556805956217464e-07,7.830987418528789074e-07,1.039228356996060865e-06,1.107488678171687432e-06,1.076630727196627862e-06,9.933670499398354614e-07,7.785054286842552768e-07,6.790562364748526508e-07,5.372793358440590417e-07,4.990054880752142069e-07,4.837902232027527227e-07,5.035937595994355309e-07,5.850327643730241639e-07,6.387098494887218786e-07,7.422603864146604807e-07,7.793593295294699852e-07,8.017531850650246039e-07,7.866285238571080196e-07,7.225770307141016896e-07,6.853639029872227867e-07,6.196552869179236533e-07,5.977429979170650193e-07,5.822796611614725754e-07,5.880004103123431108e-07,6.194101250410130599e-07,6.411592388679780014e-07,6.826711790033305333e-07,6.975825220878820176e-07,7.082872805124016541e-07,7.043812506929338774e-07,6.814709546261975281e-07,6.666598661086639566e-07,6.398865570178807055e-07,6.301559730759794670e-07,6.230701511040527552e-07,6.257179312482794714e-07,6.401692176102955628e-07,6.493085026580171226e-07,6.655875330035393445e-07,6.709418656908328060e-07,6.743602333359865336e-07,6.722983240425080970e-07,6.634614440322126466e-07,6.578922105919104285e-07,6.474198147009019993e-07,6.438404488988847679e-07,6.420081317133185389e-07,6.436705105980402436e-07,6.501147610719990727e-07,6.536674143507639062e-07,6.593154283519170322e-07,6.607017551199263067e-07,6.605116596991849470e-07,6.591758246275031263e-07,6.547953439336139103e-07,6.525504573295318883e-07,6.497661020322086090e-07,6.491347900590242748e-07
6.900000000000000000e+01,-9.964185465886176828e-04,4.937946426186983623e-07,9.887345511986733032e-07,2.184338227159731208e-06,2.961363782527865265e-06,5.069386502122748273e-06,6.524349897894235126e-06,1.071225855746836542e-05,1.374335956997045811e-05,2.291579373998018938e-05,2.989974076829306649e-05,5.177575540243005946e-05,6.835901186548400555e-05,1.166141334629466593e-04,1.481088796588868415e-04,2.134879426152410135e-04,2.384803567754721285e-04,2.452483982540571133e-04,2.235682127022081125e-04,1.439205129837940788e-04,9.978940097666688484e-05,3.447317470167514386e-05,1.642721350088045124e-05,2.927127621114638742e-06,9.573467628473837643e-07,9.883852876012462485e-08,5.498531257326806643e-08,7.145709020306943715e-08,1.227291001649772478e-07,4.475392540721594148e-07,8.059513020267257410e-07,1.858868173442405902e-06,2.331020853804091283e-06,2.574948154697963287e-06,2.322167533734629391e-06,1.479621604764599918e-06,1.075831044256968932e-06,5.293686329661470569e-07,3.810012135904618930e-07,2.465877033102498173e-07,2.318780269259645282e-07,2.774973562693662521e-07,3.379317567609330802e-07,5.353473929766566775e-07,6.594803968788202214e-07,8.796949321748098738e-07,9.385678467266952291e-07,9.119481870227454795e-07,8.401868387757863849e-07,6.555495506706081332e-07,5.703962860676304453e-07,4.494079829295803685e-07,4.168411516531494998e-07,4.039079013213459080e-07,4.207444904910651040e-07,4.901045776639287310e-07,5.359192936315280986e-07,6.244988838030422762e-07,6.562919013498001719e-07,6.754972585879329139e-07,6.625259303027954821e-07,6.076449447067061582e-07,5.758005296890335301e-07,5.196507318829153566e-07,5.009499840983970553e-07,4.877607926408785571e-07,4.926397741357359944e-07,5.194425473495009604e-07,5.380163733352105043e-07,5.734997278739051296e-07,5.862554684143376355e-07,5.954159840700426476e-07,5.920733025526099536e-07,5.724738194987262496e-07,5.598095311665132051e-07,5.369301494348877740e-07,5.286191345202015390e-07,5.225685868253879263e-07,5.248294439289154234e-07,5.371718863824044565e-07,5.449801454692360797e-07,5.588933450005172804e-07,5.634709221646275884e-07,5.663937698741506460e-07,5.646307677381612322e-07,5.570760183155453599e-07,5.523157631743061402e-07,5.433665891338163717e-07,5.403084592215355586e-07,5.387431045974014343e-07,5.401633052547812758e-07,5.456693655274316018e-07,5.487052335282141535e-07,5.535322895749723165e-07,5.547172284979962759e-07,5.545547552309511991e-07,5.534129877890741483e-07,5.496691890185135404e-07,5.477507644157438710e-07,5.453714940724992827e-07,5.448320585968273455e-07
7.000000000000000000e+01,-9.500555663806975470e-04,4.954871141150908251e-07,9.912800000546001869e-07,2.188404213816579590e-06,2.966408286144881466e-06,5.075930388885184670e-06,6.530986035041194682e-06,1.071534567851826179e-05,1.374134416560395065e-05,2.288350690020173571e-05,2.983415447795024697e-05,5.154730397466660442e-05,6.795658318194022340e-05,1.154583082428846993e-04,1.462548038570575916e-04,2.093433504091496856e-04,2.328261855503312812e-04,2.367645372292501117e-04,2.143454675159449114e-04,1.356393187269311395e-04,9.306583934145563636e-05,3.134612618591156759e-05,1.472838200904558366e-05,2.532413939553500824e-06,8.114354896713183579e-07,8.048487633435449928e-08,4.432932653732849643e-08,5.787001893062682784e-08,1.003225031601931092e-07,3.741995976204752147e-07,6.809831183115589229e-07,1.594691373095870682e-06,2.008151800683309271e-06,2.222500034450877564e-06,2.000532799793482489e-06,1.264236485193359627e-06,9.139439544302019325e-07,4.440572045684995986e-07,3.177530431987653572e-07,2.040946044349224026e-07,1.917147900694447099e-07,2.301528474753884376e-07,2.812448752194732227e-07,4.491724151694034828e-07,5.553765260127990766e-07,7.446521448192713194e-07,7.954122952881286998e-07,7.724561052617527970e-07,7.106278983327321205e-07,5.520134605089838803e-07,4.791239788061235280e-07,3.759081203874234389e-07,3.482059075307760918e-07,3.372157840464407030e-07,3.515254866265403802e-07,4.105798250055589863e-07,4.496715842744339678e-07,5.254208670496789829e-07,5.526581982486346648e-07,5.691238056495032116e-07,5.580027455707016817e-07,5.109941102847664202e-07,4.837524342360269639e-07,4.357859271929189621e-07,4.198310089939148379e-07,4.085850122524268754e-07,4.127447826420081040e-07,4.356091700330119720e-07,4.514663166553739906e-07,4.817870636549025434e-07,4.926953827031829714e-07,5.005319501170512470e-07,4.976722657515494572e-07,4.809104129998393803e-07,4.700851559155498627e-07,4.505394956609651974e-07,4.434431750982180051e-07,4.382782578364347731e-07,4.402081277315094895e-07,4.507461606103333254e-07,4.574151487768320784e-07,4.693026099814642110e-07,4.732148859168611513e-07,4.757132566729060236e-07,4.742063032715402790e-07,4.677496893302351966e-07,4.636821783513770528e-07,4.560370703045324436e-07,4.534250916334199577e-07,4.520882226579812577e-07,4.533011453548320413e-07,4.580041265522371424e-07,4.605975691229606539e-07,4.647217011547171567e-07,4.657341891867172734e-07,4.655953676992088258e-07,4.646197803280125924e-07,4.614211288080354717e-07,4.597822048889310675e-07,4.577497229472839851e-07,4.572889373929316451e-07
7.100000000000000000e+01,-9.055787834405543829e-04,4.971779490062439369e-07,9.938231475258582984e-07,2.192463308376834015e-06,2.971443768625629117e-06,5.082458576365035327e-06,6.537601202766100440e-06,1.071839704436348007e-05,1.373928681279727899e-05,2.285121036213499414e-05,2.976864773205050840e-05,5.131977105771829903e-05,6.755641953357777434e-05,1.143138020683537922e-04,1.444237846461771026e-04,2.052790444700336100e-04,2.273058927304972936e-04,2.285740018559284398e-04,2.055030493595651556e-04,1.278345440223511032e-04,8.679523900191284981e-05,2.850271143997737053e-05,1.320522678210879139e-05,2.190924284538125176e-06,6.877622412395029486e-07,6.553930457944921045e-08,3.573839877399169473e-08,4.686638451422645707e-08,8.200658282184278974e-08,3.128780402955610995e-07,5.753915659966954421e-07,1.368057413217048032e-06,1.730001787338423733e-06,1.918291929487152964e-06,1.723445034409955452e-06,1.080203540388628008e-06,7.764163436210043054e-07,3.724939547205532650e-07,2.650041410972399022e-07,1.689239396075910282e-07,1.585080081627655152e-07,1.908857148016961450e-07,2.340667951297552285e-07,3.768686881246456274e-07,4.677057920262576302e-07,6.303393329504638001e-07,6.740910143560865583e-07,6.543002186420445940e-07,6.010467313224011204e-07,4.648292101641160814e-07,4.024562905198406440e-07,3.144287296581770377e-07,2.908715661398015434e-07,2.815354097989407334e-07,2.936938046676400640e-07,3.439584974416608903e-07,3.773037230367110723e-07,4.420613704856453038e-07,4.653886514302150654e-07,4.795009965021575921e-07,4.699691942597989877e-07,4.297159735854646362e-07,4.064188691279635793e-07,3.654554585267970335e-07,3.518473224976446587e-07,3.422611199967911036e-07,3.458066205526974871e-07,3.653054072804123170e-07,3.788391112179980910e-07,4.047404865798950868e-07,4.140660990097425054e-07,4.207680135008854891e-07,4.183222809033210546e-07,4.039915930168468117e-07,3.947411319579112801e-07,3.780485184962838544e-07,3.719911989477761236e-07,3.675836174208075083e-07,3.692304550303397020e-07,3.782251392311399008e-07,3.839193497830011015e-07,3.940729238762711445e-07,3.974155737227489174e-07,3.995504612509023085e-07,3.982627614783525172e-07,3.927463413360560152e-07,3.892718195459832220e-07,3.827427367581077988e-07,3.805124984581883044e-07,3.793711111015974149e-07,3.804066927834198406e-07,3.844225046701135740e-07,3.866373233853701366e-07,3.901598195787557219e-07,3.910246909510830399e-07,3.909061140590711081e-07,3.900727735486496026e-07,3.873407202341664843e-07,3.859410017796344877e-07,3.842052905669640292e-07,3.838118073825605089e-07
7.200000000000000000e+01,-8.629262702886116672e-04,4.988671333721944254e-07,9.963639724443760018e-07,2.196515482458358433e-06,2.976470195689044987e-06,5.088971029261870130e-06,6.544195378767781075e-06,1.072141273200535958e-05,1.373704785321942790e-05,2.281890475276172111e-05,2.970322140749927838e-05,5.109315563398518500e-05,6.715851259591373683e-05,1.131805157929211209e-04,1.426155535334920621e-04,2.012935084006047762e-04,2.219163602729717823e-04,2.206667253261126527e-04,1.970253539537769648e-04,1.204788486401723842e-04,8.094713838600214352e-05,2.591722767798191208e-05,1.183959363473927225e-05,1.895484510292368488e-06,5.829387221743765821e-07,5.336907929443749504e-08,2.881239784594240988e-08,3.795505493751905046e-08,6.703465787083646987e-08,2.616056540767934188e-07,4.861730614968366032e-07,1.173632755531602533e-06,1.490379177601251423e-06,1.655723560578135564e-06,1.484736579364506412e-06,9.229604746464198373e-07,6.595838545250245696e-07,3.124638712298727708e-07,2.210120166358520155e-07,1.398141674727182426e-07,1.310530410632976261e-07,1.583181850343040251e-07,1.948028427560533071e-07,3.162039619530009060e-07,3.938748415606386707e-07,5.335751857335046394e-07,5.712747474427787645e-07,5.542179312147902520e-07,5.083636408179537797e-07,3.914149600058947423e-07,3.380568994468605148e-07,2.630044002788819307e-07,2.429778509287173691e-07,2.350490177808420983e-07,2.453765382525721281e-07,2.881474347463585869e-07,3.165825770593900038e-07,3.719273211321956832e-07,3.918999662055932046e-07,4.039917909899951032e-07,3.958245368531135289e-07,3.613660673466205855e-07,3.414482044334764960e-07,3.064756529379828245e-07,2.948724947495926993e-07,2.867034899646904791e-07,2.897245464892088049e-07,3.063482913532710600e-07,3.178956151514899728e-07,3.400152804616156724e-07,3.479854832902839687e-07,3.537153440255798309e-07,3.516242541631159346e-07,3.393757019206624856e-07,3.314732591514933310e-07,3.172214059592171065e-07,3.120524728223448077e-07,3.082922748615102293e-07,3.096971781799736506e-07,3.173723005156156574e-07,3.222327902063564994e-07,3.309028400309181953e-07,3.337579641339875544e-07,3.355817154973485955e-07,3.344816911167360768e-07,3.297699361174419655e-07,3.268028221049476545e-07,3.212284791916878574e-07,3.193247466148343636e-07,3.183505413969275194e-07,3.192344523325835529e-07,3.226624964511185314e-07,3.245534141190073094e-07,3.275611614255401205e-07,3.282997216727881473e-07,3.281984665352670472e-07,3.274868406872829055e-07,3.251540041440941636e-07,3.239589281964954173e-07,3.224770885998286957e-07,3.221411758026846567e-07
7.300000000000000000e+01,-8.220383290311289275e-04,5.005546758958838091e-07,9.989024876389755031e-07,2.200560761942142902e-06,2.981322387955406307e-06,5.095467799539005541e-06,6.550768629158282980e-06,1.072439285907137926e-05,1.373437770600010373e-05,2.278659026547452757e-05,2.963787550222800760e-05,5.086745364731113522e-05,6.676284874524546741e-05,1.120583359837162753e-04,1.408298209879949026e-04,1.973852012543599738e-04,2.166544708813175971e-04,2.130328810621944912e-04,1.888973045128150736e-04,1.135463637716809231e-04,7.549304702563581701e-05,2.356626718853825977e-05,1.061518643984528474e-05,1.639883616398043684e-06,4.940915260164468678e-07,4.345877983099200731e-08,2.322863309393938952e-08,3.073815069631283953e-08,5.479614611429532711e-08,2.187354127964865128e-07,4.107884443373295558e-07,1.006839030437043335e-06,1.283946471363557780e-06,1.429094273116713817e-06,1.279090583353398661e-06,7.886068319068201965e-07,5.603318275695804221e-07,2.621080269661754322e-07,1.843227952551219559e-07,1.157207118599509060e-07,1.083534974152247296e-07,1.313070704758202700e-07,1.621252679136122449e-07,2.653044238417646972e-07,3.316986217791412575e-07,4.516653470389110289e-07,4.841405359600706865e-07,4.694442362571668928e-07,4.299724746832786146e-07,3.295955671539464379e-07,2.839623889797169426e-07,2.199904067235174815e-07,2.029700873121655438e-07,1.962383080841454894e-07,2.050081940014420942e-07,2.413922963925277040e-07,2.656335113897755063e-07,3.129201511925788076e-07,3.300156961163818944e-07,3.403733112106524517e-07,3.333772546292674763e-07,3.038877365138569278e-07,2.868637932765477974e-07,2.570143894979831992e-07,2.471235942770513144e-07,2.401642310850956794e-07,2.427376896050551652e-07,2.569063021738444280e-07,2.667560020636451992e-07,2.856407428665757448e-07,2.924505974068701553e-07,2.973479955440706812e-07,2.955606306389007426e-07,2.850946688559129888e-07,2.783457204018910738e-07,2.661811914245627159e-07,2.617715990384499730e-07,2.585646034903134674e-07,2.597627749238023975e-07,2.663100659983357738e-07,2.704577284527113351e-07,2.778589093067667867e-07,2.802969208154804798e-07,2.818544376265337548e-07,2.809150023881656910e-07,2.768916797295196616e-07,2.743585917950154898e-07,2.696007270759463725e-07,2.679761602441925461e-07,2.671448847866523396e-07,2.678991246990404182e-07,2.708245991720620305e-07,2.724385261754962498e-07,2.750060173099073621e-07,2.756365347011350414e-07,2.755500953260546157e-07,2.749425792464028212e-07,2.729511893737393557e-07,2.719311259138240677e-07,2.706663842687523705e-07,2.703796999686466918e-07
7.400000000000000000e+01,-7.828573790137755267e-04,5.022405852301127863e-07,1.001438705896520384e-06,2.204599172578639542e-06,2.986179480951763054e-06,5.101948938852386706e-06,6.557321019623127412e-06,1.072733754231786161e-05,1.373160530012372538e-05,2.275426709159281309e-05,2.957261001240870345e-05,5.064266106261680438e-05,6.636941445215883192e-05,1.109471504323609244e-04,1.390663013232841137e-04,1.935526128327647250e-04,2.115185112141449667e-04,2.056629855808355962e-04,1.811044503084780800e-04,1.070127141580341128e-04,7.040639880293096241e-05,2.142854839686403768e-05,9.517396051793801902e-06,1.418748615116720638e-06,4.187853799045250167e-07,3.538872254623976615e-08,1.872696622957654294e-08,2.489346642470420534e-08,4.479197158590176447e-08,1.828902941003159380e-07,3.470924338509805487e-07,8.637488649442665034e-07,1.106105863798480249e-06,1.233484127208272531e-06,1.101927010482037055e-06,6.738102118535255550e-07,4.760144968891629261e-07,2.198671897176915357e-07,1.537240404711568559e-07,9.577906256823254250e-08,8.958562606976513965e-08,1.089042919187642802e-07,1.349291247108126354e-07,2.225980060803359542e-07,2.793371464991428396e-07,3.823292523440820906e-07,4.102961830485234856e-07,3.976372479420941033e-07,3.636691277621737287e-07,2.775395652925352619e-07,2.385236434155821317e-07,1.840111161275194765e-07,1.695496810976814678e-07,1.638357700716039020e-07,1.712809217348579272e-07,2.022235110812073758e-07,2.228837010269857019e-07,2.632743684461693809e-07,2.779032121769499722e-07,2.867728681358672552e-07,2.807817135112682105e-07,2.555515840776782788e-07,2.410051022895759801e-07,2.155353416788885132e-07,2.071065108268576802e-07,2.011792868522035635e-07,2.033708613823461200e-07,2.154436247094743129e-07,2.238429685876616032e-07,2.399614454150038323e-07,2.457782771950320008e-07,2.499629999388151835e-07,2.484356649489968816e-07,2.394953268854875875e-07,2.337330864587072385e-07,2.233530246542559869e-07,2.195922544115077105e-07,2.168578231620445912e-07,2.178794024461014334e-07,2.234630587271465435e-07,2.270014625234580141e-07,2.333177363850365282e-07,2.353989991453692490e-07,2.367287800555386776e-07,2.359267106282793292e-07,2.324921786595567086e-07,2.303302225602774436e-07,2.262703618624356192e-07,2.248844043401844461e-07,2.241752834152271195e-07,2.248186983005084558e-07,2.273145962577863624e-07,2.286917287506800775e-07,2.308828029692249276e-07,2.314209348084446047e-07,2.313471635118644412e-07,2.308286686958805484e-07,2.291292168678108268e-07,2.282587755900525317e-07,2.271796224657691293e-07,2.269350193483858982e-07
7.500000000000000000e+01,-7.453278534471335492e-04,5.039248399960408187e-07,1.003972594823760237e-06,2.208630668200351442e-06,2.991027280996078237e-06,5.108414383463827889e-06,6.563852499205354366e-06,1.073024684609990339e-05,1.372861933486861554e-05,2.272193599665807071e-05,2.950742609346412859e-05,5.041877784776546429e-05,6.597820323324681165e-05,1.098468676534120406e-04,1.373247434874768540e-04,1.897943293807536486e-04,2.065058882792234537e-04,1.985480109833382594e-04,1.736330708678956135e-04,1.008550380877031938e-04,6.566250328570854156e-05,1.948475551862298340e-05,8.533142102055838243e-06,1.227434572230326829e-06,3.549573580466152886e-07,2.881727921891751032e-08,1.509774107360910278e-08,2.016015059123736630e-08,3.661432728600637343e-08,1.529194895909203808e-07,2.932733870687938282e-07,7.409952986987605392e-07,9.528992159812173929e-07,1.064649715697206338e-06,9.493030030880951833e-07,5.757251167938124900e-07,4.043855475367860372e-07,1.844340664133164998e-07,1.282050611801227591e-07,7.927399329240702314e-08,7.406864583822669879e-08,9.032387040988198307e-08,1.122952393505741858e-07,1.867663624796622734e-07,2.352417031512140863e-07,3.236375162217692072e-07,3.477155221503613197e-07,3.368144233703010068e-07,3.075904128316438169e-07,2.337055593059494951e-07,2.003561399552050357e-07,1.539164372793859134e-07,1.416323780386577122e-07,1.367836839187303727e-07,1.431025568706311910e-07,1.694105709739790813e-07,1.870141083931816869e-07,2.215053548044543588e-07,2.340200863251793578e-07,2.416135109388831137e-07,2.364842771781757239e-07,2.149040420738488819e-07,2.024777680775238439e-07,1.807507720113067998e-07,1.735696989087209818e-07,1.685228605396299484e-07,1.703887282047565274e-07,1.806729565998572637e-07,1.878336190544449558e-07,2.015874042369256505e-07,2.065547016186133206e-07,2.101295093713800161e-07,2.088247191815327183e-07,2.011896334221585300e-07,1.962711419883607714e-07,1.874161121204719060e-07,1.842095420004742981e-07,1.818786539444471051e-07,1.827494381840839149e-07,1.875100322936513672e-07,1.905278760797176826e-07,1.959168510941040192e-07,1.976930976594097264e-07,1.988281410511506461e-07,1.981435323357297676e-07,1.952123990443506776e-07,1.933676860130413566e-07,1.899043424513418774e-07,1.887222601396412736e-07,1.881175026775426182e-07,1.886662318598608321e-07,1.907950703252878077e-07,1.919698404689732310e-07,1.938391900495935877e-07,1.942983516439733549e-07,1.942354083890899738e-07,1.937930070776503616e-07,1.923430779615349986e-07,1.916005084160767036e-07,1.906799534579688496e-07,1.904713096288670332e-07
7.600000000000000000e+01,-7.093961037664712685e-04,5.056074788473184992e-07,1.006504212343979285e-06,2.212655346330288236e-06,2.995865907389188426e-06,5.114864300059980551e-06,6.570363249701598879e-06,1.073312093823552103e-05,1.372559264689262887e-05,2.268959659191486632e-05,2.944232257426468349e-05,5.019579599542371186e-05,6.558919471467603533e-05,1.087573579495831845e-04,1.356048377104564478e-04,1.861098122311675811e-04,2.016118570598690162e-04,1.916789909243497673e-04,1.664697490420984560e-04,9.505157408281749310e-05,6.123816839015536109e-05,1.771725775491690431e-05,7.650663092655107800e-06,1.061916401278329564e-06,3.008567919443117314e-07,2.346604003982104975e-08,1.217181118970487447e-08,1.632679279663443173e-08,2.992958572775247794e-08,1.278597682797307650e-07,2.477987508772748829e-07,6.356857096076083333e-07,8.209114261212161270e-07,9.189227136757911751e-07,8.178166302553503686e-07,4.919169383866888942e-07,3.435342590022523110e-07,1.547108492224065490e-07,1.069220876412022014e-07,6.561297460710123486e-08,6.123917180159751256e-08,7.491330065176673991e-08,9.345786520652439588e-08,1.567021537278098786e-07,1.981065672837251795e-07,2.739549519911428990e-07,2.946793137133208937e-07,2.852944150767786763e-07,2.601585565972959480e-07,1.967941199471513053e-07,1.682956143557370193e-07,1.287433609719083535e-07,1.183115127945241415e-07,1.141980670735448858e-07,1.195596643693494499e-07,1.419215260588550451e-07,1.569167652363872775e-07,1.863626210987312862e-07,1.970659717049445467e-07,2.035650942962784204e-07,1.991749237471342193e-07,1.807213735161667875e-07,1.701090327968632007e-07,1.515795948444417091e-07,1.454631463056015039e-07,1.411670328585164572e-07,1.427551884668415774e-07,1.515135829320340619e-07,1.576166568710525226e-07,1.693496245647099080e-07,1.735903578346797982e-07,1.766433492607528966e-07,1.755289661752685790e-07,1.690102627438386587e-07,1.648130606781176774e-07,1.572609613823645544e-07,1.545276294594773864e-07,1.525412433065831755e-07,1.532832990402835729e-07,1.573411042948532138e-07,1.599143047310023005e-07,1.645109268291452057e-07,1.660264650779706003e-07,1.669950372787127463e-07,1.664108388826739116e-07,1.639099695034673676e-07,1.623363554406273557e-07,1.593826475613244545e-07,1.583747112381605690e-07,1.578590910966334859e-07,1.583269474071842542e-07,1.601422376977740605e-07,1.611441219234212296e-07,1.627385737019287903e-07,1.631302522643422737e-07,1.630765615655369732e-07,1.626991841853237669e-07,1.614624619843303688e-07,1.608291433262886913e-07,1.600440814489116625e-07,1.598661565621736433e-07
7.700000000000000000e+01,-6.750103107065383821e-04,5.072884654317311864e-07,1.009033503534205976e-06,2.216663838521567946e-06,3.000695263633630823e-06,5.121295394449319228e-06,6.576853162310438219e-06,1.073595985746857075e-05,1.372252547358725205e-05,2.265724992739609044e-05,2.937730118298840717e-05,4.997371745810456813e-05,6.520238595754857154e-05,1.076785414045845161e-04,1.339063546543256978e-04,1.824971356166201451e-04,1.968337219415184931e-04,1.850486983035215006e-04,1.596019400326814620e-04,8.958207121479377054e-05,5.711196168925805616e-05,1.611010236222498553e-05,6.859453200353232000e-06,9.187191795032023656e-07,2.556800114764936835e-07,1.910853410561335480e-08,9.812941582682151165e-09,1.322235292132781237e-08,2.446532944787825625e-08,1.069068688006914736e-07,2.093756393199263516e-07,5.453432732212791512e-07,7.072063149727745787e-07,7.931434121862240144e-07,7.045430252000271440e-07,4.203092154788506951e-07,2.918401504656102652e-07,1.297779801535774158e-07,8.917237333283013767e-08,5.430619652536591846e-08,5.063197697674666486e-08,6.213209328509525925e-08,7.778055070221771838e-08,1.314776349090572560e-07,1.668337945881807546e-07,2.318996146078019724e-07,2.497329185538813001e-07,2.416553601181700012e-07,2.200412044485932847e-07,1.657126989042289125e-07,1.413655378461374859e-07,1.076875034890928395e-07,9.883075182900730865e-08,9.534190902071339180e-08,9.989013762120527856e-08,1.188931019797554930e-07,1.316633604784211639e-07,1.567956436184436350e-07,1.659475103351617728e-07,1.715086392708748547e-07,1.677519761641987905e-07,1.519760165621594772e-07,1.429150657475267497e-07,1.271165034069047378e-07,1.219081278316762329e-07,1.182519662227491525e-07,1.196034098311380203e-07,1.270605118296446595e-07,1.322609110188284476e-07,1.422674973476905497e-07,1.458870419266799362e-07,1.484937381001543225e-07,1.475422117803949426e-07,1.419780355091859389e-07,1.383972337468770616e-07,1.319579442690503590e-07,1.296285836791108079e-07,1.279362000476550257e-07,1.285684008024007285e-07,1.320263120594290102e-07,1.342198391694878964e-07,1.381396388732769945e-07,1.394324137338545655e-07,1.402587251255610346e-07,1.397603334299174146e-07,1.376270973811729789e-07,1.362850738326768299e-07,1.337666312228391954e-07,1.329073979631015257e-07,1.324678854568508979e-07,1.328666893965924772e-07,1.344142297574242584e-07,1.352684594653355901e-07,1.366281019087815102e-07,1.369621326689730509e-07,1.369163456892965799e-07,1.365945147256165948e-07,1.355399091913138745e-07,1.349999014892393906e-07,1.343305555975924520e-07,1.341788643672691544e-07
7.800000000000000000e+01,-6.421204012509011422e-04,5.089678158926155480e-07,1.011560492452235997e-06,2.220622296446404104e-06,3.005515404228996032e-06,5.127708548855933711e-06,6.583322331465339509e-06,1.073876373233566533e-05,1.371941795789012163e-05,2.262489604273984923e-05,2.931236161334861961e-05,4.975253722890667259e-05,6.481776191971427761e-05,1.066103049923227764e-04,1.322290143812723069e-04,1.789544512363460804e-04,1.921686996167888120e-04,1.786542057376355741e-04,1.530173960883696518e-04,8.442726625765056749e-05,5.326375997113713592e-05,1.464873027334052339e-05,6.150066544588863628e-06,7.948316538237487974e-07,2.172912039551024715e-07,1.556018918509767535e-08,7.911214482993200736e-09,1.070820179478303852e-08,1.999868166240644646e-08,8.938759181128554110e-08,1.769102987787991854e-07,4.678400480011930471e-07,6.092504815129662007e-07,6.845802688702079530e-07,6.069585372541277946e-07,3.591252764164254083e-07,2.479247908491371069e-07,1.088632218702520471e-07,7.436920782379150691e-08,4.494785620068851573e-08,4.186204095456454166e-08,5.153152262370175318e-08,6.473305540221924864e-08,1.103135178428691840e-07,1.404976678634440798e-07,1.963002396889552623e-07,2.116420046892808146e-07,2.046913670089578474e-07,1.861100579107028904e-07,1.395402176802883545e-07,1.187446999763959107e-07,9.007529845562935872e-08,8.255761265515016573e-08,7.959923046326096430e-08,8.345655831503134142e-08,9.960129344606469953e-08,1.104740964585947463e-07,1.319195337522042002e-07,1.397429079570688959e-07,1.445002587897870061e-07,1.412864663999152323e-07,1.278028471359340945e-07,1.200683618398897326e-07,1.066014393796789125e-07,1.021673857853335962e-07,9.905659362338323226e-08,1.002063297198593078e-07,1.065539531792687039e-07,1.109841197985622988e-07,1.195162833589769741e-07,1.226048843863637369e-07,1.248299863956933362e-07,1.240177128932189871e-07,1.192694406102617899e-07,1.162152520878386927e-07,1.107261221123048700e-07,1.087415060878338391e-07,1.072999567121963801e-07,1.078384356552721315e-07,1.107844292129889913e-07,1.126538524538712657e-07,1.159956806059654968e-07,1.170981688424117817e-07,1.178029437195419332e-07,1.173778580627633100e-07,1.155586515558639296e-07,1.144144112114617653e-07,1.122676099642736305e-07,1.115353178158043357e-07,1.111607693442479353e-07,1.115006305663123268e-07,1.128195951090402854e-07,1.135477554337202197e-07,1.147068882827780717e-07,1.149916871472827021e-07,1.149526497636055300e-07,1.146782555161559788e-07,1.137791655466888208e-07,1.133188317498914563e-07,1.127482832414964178e-07,1.126189888815557275e-07
7.900000000000000000e+01,-6.106779707614713249e-04,5.106455313716364713e-07,1.014085180585703148e-06,2.224637619561964895e-06,3.010326340505955697e-06,5.134106214566827239e-06,6.589770793437744328e-06,1.074153266537077999e-05,1.371627026901982641e-05,2.259253526384723265e-05,2.924742204737300171e-05,4.953225229692014443e-05,6.443531108867115581e-05,1.055525464229973122e-04,1.305725556154690753e-04,1.754804059195627132e-04,1.876141155930030613e-04,1.724805902598477016e-04,1.467044368484554640e-04,7.956905429701863295e-05,4.967483371968333707e-05,1.331991799677855436e-05,5.514041498901837285e-06,6.876499929055028548e-07,1.846662126003557197e-07,1.267074966997128183e-08,6.378037133592667773e-09,8.672100198429781581e-09,1.634750966691099483e-08,7.473926032664640617e-08,1.494789399486421214e-07,4.013513734766726432e-07,5.248625109949278666e-07,5.908768232177306901e-07,5.228901386886489200e-07,3.068477621302918845e-07,2.106176673907040817e-07,9.131902973158381037e-08,6.202344992418604153e-08,3.720219071776803554e-08,3.461113552455808567e-08,4.273954558190254382e-08,5.387423719735873889e-08,9.255620062856208946e-08,1.183189033072051463e-07,1.661657699186368936e-07,1.793609400518262481e-07,1.733814183755210889e-07,1.574111916668487210e-07,1.175013711871876476e-07,9.974355725172676101e-08,7.534354414158190433e-08,6.896394353370430275e-08,6.645594377975658912e-08,6.972656411031053630e-08,8.343979586455420316e-08,9.269491596725683985e-08,1.109900780066645429e-07,1.176762295490270741e-07,1.217450133135815002e-07,1.189962882784537448e-07,1.074746240005333003e-07,1.008739648416341270e-07,8.939724468039287469e-08,8.562327490470658664e-08,8.297711721167670001e-08,8.395502282189815785e-08,8.935697689822861417e-08,9.313010839297284488e-08,1.004033955646216336e-07,1.030383177544553011e-07,1.049372406093521462e-07,1.042440029734364657e-07,1.001929435501909202e-07,9.758853120500794731e-08,9.291045209147003048e-08,9.121995334419007173e-08,8.999234746482655256e-08,9.045089128850627297e-08,9.296016607385822889e-08,9.455300069738815233e-08,9.740141195836975879e-08,9.834140206918355609e-08,9.894237541980318434e-08,9.857989838205159089e-08,9.702885677158237104e-08,9.605347919751806157e-08,9.422390486618116567e-08,9.359994570677567655e-08,9.328083349952227821e-08,9.357039591686034524e-08,9.469428297623292551e-08,9.531483434748085071e-08,9.630279595995716591e-08,9.654556223730702269e-08,9.651228721687266782e-08,9.627839241339083282e-08,9.551206448259099563e-08,9.511974111088474654e-08,9.463352092882112987e-08,9.452334234392404527e-08
8.000000000000000000e+01,-5.806362097130297537e-04,5.123216130099167431e-07,1.016607569421807550e-06,2.228651790074013921e-06,3.015128083782821558e-06,5.140488414086567467e-06,6.596198584445968349e-06,1.074426675887337704e-05,1.371308257568798223e-05,2.256016791475385242e-05,2.918238148520062650e-05,4.931285965629095443e-05,6.405502200518102540e-05,1.045051643776850913e-04,1.289367202818488272e-04,1.720736725958580955e-04,1.831673585326895701e-04,1.665202255943956742e-04,1.406518634610683712e-04,7.499037190784440393e-05,4.632771516632555250e-05,1.211164146524765228e-05,4.943791467406787217e-06,5.949214783281323027e-07,1.569396446407045689e-07,1.031786130134808993e-08,5.141985728483386420e-09,7.023150349694598504e-09,1.336293250261532534e-08,6.249140437205539383e-08,1.263010120658913590e-07,3.443119013770085460e-07,4.521631318436065625e-07,5.099991527479424622e-07,4.504657757860340908e-07,2.621801896656025463e-07,1.789244001277169940e-07,7.660221467494128522e-08,5.172715790641504996e-08,3.079129702848303757e-08,2.861615201299027439e-08,3.544759391690879141e-08,4.483695360585522593e-08,7.765729106545393029e-08,9.964123192111786625e-08,1.406572848372707185e-07,1.520035767824329601e-07,1.468606708833258487e-07,1.331377768955038440e-07,9.894330344839899483e-08,8.378290311864249745e-08,6.302114884733801131e-08,5.760855533961436320e-08,5.548284550034327661e-08,5.825537399022952256e-08,6.990068344579682819e-08,7.777702120412635645e-08,9.338113301105704922e-08,9.909406548135653997e-08,1.025731449046714955e-07,1.002227234271060516e-07,9.037977867531240411e-08,8.474801419129911889e-08,7.496958947638809184e-08,7.175816473285138303e-08,6.950774998669764781e-08,7.033931703531639407e-08,7.493544701951421888e-08,7.814825932423233312e-08,8.434700296273533321e-08,8.659437477145925932e-08,8.821456369914083828e-08,8.762305194105497047e-08,8.416761542861129347e-08,8.194724706689186788e-08,7.796128533477282574e-08,7.652164227029030485e-08,7.547646453632487346e-08,7.586685069765636974e-08,7.800366196443041938e-08,7.936052243530736239e-08,8.178781796643660312e-08,8.258907877533271102e-08,8.310142222359845343e-08,8.279240265671866661e-08,8.147029659656256778e-08,8.063905034189945698e-08,7.908018087295163451e-08,7.854864880535092353e-08,7.827682941728090343e-08,7.852348117337506345e-08,7.948092580704196886e-08,8.000965086134032705e-08,8.085152723290734561e-08,8.105841738418554515e-08,8.103006054029429639e-08,8.083073287784570127e-08,8.017771121516820837e-08,7.984342616956015964e-08,7.942916439862297145e-08,7.933529666439946559e-08
8.100000000000000000e+01,-5.519498345547048943e-04,5.139960768611295111e-07,1.019089701533200387e-06,2.232659692495415731e-06,3.019920688031394601e-06,5.146855226557250917e-06,6.602605797656913716e-06,1.074696613880747435e-05,1.370985501716350235e-05,2.252779402913318487e-05,2.911742271570331476e-05,4.909435436315108797e-05,6.367687990308179774e-05,1.034680493032839551e-04,1.273212391620292747e-04,1.687329203144724132e-04,1.788258405394008545e-04,1.607656982826988039e-04,1.348488881110602999e-04,7.067509992415751388e-05,4.320608643828649335e-05,1.101295791390056750e-05,4.432510086306486879e-06,5.146964948944893550e-07,1.333758453247319009e-07,8.401874731535363683e-09,4.145470183921848295e-09,5.687727311267515296e-09,1.092323062177550513e-08,5.225056756740561331e-08,1.067168328843263667e-07,2.953783401657113575e-07,3.895328492186864167e-07,4.401911488939027825e-07,3.880721673299837929e-07,2.240144862515570587e-07,1.520000175853335883e-07,6.425702515759114386e-08,4.314004032766795976e-08,2.548511841512536569e-08,2.365951409333093280e-08,2.939969571849436469e-08,3.731558765424861784e-08,6.515656931300930349e-08,8.391185247840458883e-08,1.190644696585918538e-07,1.288187361754913884e-07,1.243963830725247979e-07,1.126072308603497454e-07,8.331614085319363761e-08,7.037610317986789377e-08,5.271398274343027518e-08,4.812282567378221854e-08,4.632152612968776922e-08,4.867130196323319474e-08,5.855835396749095589e-08,6.525983209360562698e-08,7.856577272796500672e-08,8.344605621573263077e-08,8.642023262294979552e-08,8.441084612493751638e-08,7.600389963756132988e-08,7.119987480890335729e-08,6.287027863149507317e-08,6.013814969943985511e-08,5.822471445303747939e-08,5.893168518727055077e-08,6.284133326108897605e-08,6.557642926916483483e-08,7.085820892451660802e-08,7.277460604721442544e-08,7.415666716304759876e-08,7.365206591369941741e-08,7.070533269688903527e-08,6.881279742939130917e-08,6.541730723655728164e-08,6.419156629476011761e-08,6.330190365324336182e-08,6.363418939014670733e-08,6.545342058725690110e-08,6.660900965711237520e-08,6.867698941633547383e-08,6.935984380026724572e-08,6.979653116557203718e-08,6.953314365834659810e-08,6.840643190352685421e-08,6.769817576966416506e-08,6.637025184335395428e-08,6.591755593091368909e-08,6.568607173939797206e-08,6.589612525206758192e-08,6.671159601655003019e-08,6.716198291175506929e-08,6.787921588507182802e-08,6.805549258577341110e-08,6.803133232344098225e-08,6.786150080783683036e-08,6.730515575014035801e-08,6.702038626903248503e-08,6.666751160237099905e-08,6.658755776921179009e-08
8.200000000000000000e+01,-5.245750222994035325e-04,5.156688942231906631e-07,1.021549633931496774e-06,2.236661261995434059e-06,3.024704079133988012e-06,5.153206560961297832e-06,6.608992354995664106e-06,1.074963085889756639e-05,1.370658781866965562e-05,2.249541450427322477e-05,2.905254717202026410e-05,4.887673731598316798e-05,6.330088016817268706e-05,1.024411202781137938e-04,1.257258892552309002e-04,1.654569322373201316e-04,1.745871495081632017e-04,1.552100018706942188e-04,1.292853195933950762e-04,6.660815842457701525e-05,4.029480952861110108e-05,1.001394513261693198e-05,3.974107787314785575e-06,4.452903164245056167e-07,1.133501923902130448e-07,6.841690918446205472e-09,3.342085048920091783e-09,4.606237452987708980e-09,8.928965561502341663e-09,4.368802012278023839e-08,9.016948832301502348e-08,2.533995114408285620e-07,3.355780341726807489e-07,3.799388013064463471e-07,3.343210259283344032e-07,1.914048194445391871e-07,1.291273581959006059e-07,5.390145863405203935e-08,3.597850497009339593e-08,2.109337126938049672e-08,1.956145166172058164e-08,2.438369792483099235e-08,3.105597150439547843e-08,5.466820252432794125e-08,7.066561241535467691e-08,1.007865804249826608e-07,1.091703825882280390e-07,1.053684453160589826e-07,9.524273029070610269e-08,7.015723802296716660e-08,5.911471977063705724e-08,4.409262657008479469e-08,4.019905905448383637e-08,3.867297891765788392e-08,4.066404373642695802e-08,4.905654056575319694e-08,5.475719734376275488e-08,6.610103136194239032e-08,7.026913124736234445e-08,7.281113266629189729e-08,7.109366525917624330e-08,6.391474819083912962e-08,5.981767618983956786e-08,5.272374525887909419e-08,5.039987033045225523e-08,4.877329815716757722e-08,4.937421372675030590e-08,5.269920872917003424e-08,5.502712642632082846e-08,5.952662962538639996e-08,6.116044718416924209e-08,6.233912772210699338e-08,6.190875874543134288e-08,5.939637295069091771e-08,5.778360972466447393e-08,5.489173388962056976e-08,5.384833479549905322e-08,5.309120805734989651e-08,5.337398026837841120e-08,5.492250244702734374e-08,5.590646690067143515e-08,5.766794640199492811e-08,5.824976808939483913e-08,5.862189198261799628e-08,5.839744586890512762e-08,5.743745511242043245e-08,5.683411984905208797e-08,5.570316723873570963e-08,5.531769643859953817e-08,5.512060391519961466e-08,5.529945164099974581e-08,5.599385348702828891e-08,5.637742762768568200e-08,5.698834133131651380e-08,5.713850250886262638e-08,5.711792211947341880e-08,5.697325270522142493e-08,5.649937245637802474e-08,5.625683563458862280e-08,5.595631529799974940e-08,5.588822737804047258e-08
8.300000000000000000e+01,-4.984693485065559444e-04,5.173400811630006133e-07,1.024007327985300767e-06,2.240656540906092210e-06,3.029478311120407594e-06,5.159342803241219987e-06,6.615358349707184220e-06,1.075226104494981117e-05,1.370328111882212346e-05,2.246302937021190174e-05,2.898775454726533907e-05,4.866000357331965766e-05,6.292700812083153791e-05,1.014242695550823803e-04,1.241504073721062720e-04,1.622444265597459403e-04,1.704488156196252969e-04,1.498462205717921423e-04,1.239512349520189606e-04,6.277522300554376749e-05,3.757968567111378676e-05,9.105552906868647281e-06,3.563111802856733235e-06,3.852434009793750946e-07,9.633126541635020357e-08,5.571224199747530637e-09,2.694394221733516226e-09,3.730386375559550938e-09,7.298794387562874963e-09,3.652865199872071950e-08,7.618793641892690482e-08,2.173866269977254087e-07,2.890965344784328372e-07,3.279335967484647493e-07,2.880148021297719574e-07,1.635420962902388309e-07,1.096965128571372391e-07,4.521477276885500080e-08,3.000582785722422791e-08,1.745843354963600574e-08,1.617321192237935329e-08,2.022349628841464686e-08,2.584638976801945098e-08,4.586815945627469721e-08,5.951040118481153163e-08,8.531456294896822001e-08,9.251892155713072052e-08,8.925104767623735086e-08,8.055589487273532440e-08,5.907663556134826188e-08,4.965534326664515496e-08,3.688128510546343636e-08,3.357999214380780889e-08,3.228734458992407047e-08,3.397411081954536394e-08,4.109650711045780697e-08,4.594480419229697576e-08,5.561385737541148233e-08,5.917295882809387592e-08,6.134512792351203697e-08,5.987747660879654682e-08,5.374848439021126523e-08,5.025505804166427448e-08,4.421473795293909270e-08,4.223852179932770234e-08,4.085609140629456459e-08,4.136675554021213702e-08,4.419394111570499467e-08,4.617488659681458218e-08,5.000717842411610964e-08,5.139979361069597213e-08,5.240481270576882039e-08,5.203783191463570712e-08,4.989621644557826891e-08,4.852215243998907884e-08,4.605970684609488053e-08,4.517170852506077056e-08,4.452750683740704790e-08,4.476809348978681019e-08,4.608591563351385062e-08,4.692357061784370453e-08,4.842366513845008935e-08,4.891929943952062071e-08,4.923633941300489120e-08,4.904511701018382519e-08,4.822734731382317952e-08,4.771349675449822192e-08,4.675049867825138705e-08,4.642233822783198294e-08,4.625456259156612848e-08,4.640680886336227828e-08,4.699799346951413076e-08,4.732459833712253372e-08,4.784484489801441032e-08,4.797273299135887403e-08,4.795520566259516004e-08,4.783199595605192034e-08,4.742844094405337246e-08,4.722191638726561808e-08,4.696603597058399832e-08,4.690806498298168842e-08
8.400000000000000000e+01,-4.735917283758529989e-04,5.190096388189716428e-07,1.026462785137577036e-06,2.244645535811804187e-06,3.034243395261097560e-06,5.165368859292131850e-06,6.621509001206854744e-06,1.075485679832903453e-05,1.369993508431796569e-05,2.243063894360509698e-05,2.892304511062951345e-05,4.844415014992870363e-05,6.255525251312119830e-05,1.004173996096870266e-04,1.225945478572917175e-04,1.590941756870226879e-04,1.664084656115195513e-04,1.446677276725178525e-04,1.188371709411009019e-04,5.916283062397235427e-05,3.504749950082142011e-05,8.279561254231492147e-06,3.194619629710425835e-06,3.332936834773698835e-07,8.186762583399943144e-08,4.536675940133589463e-09,2.172224554419267817e-09,3.021073204264018014e-09,5.966244507498493638e-09,3.054251947198511480e-08,6.437433331058298180e-08,1.864918246634620844e-07,2.490532237650394318e-07,2.830467015615197209e-07,2.481223287248966215e-07,1.397353148962316924e-07,9.318956971734624825e-08,3.792801550909705166e-08,2.502465207721450008e-08,1.444988823821186097e-08,1.337184736419430586e-08,1.677308107325952563e-08,2.151070253522549894e-08,3.848466994973813449e-08,5.011613400679069616e-08,7.221768486882383306e-08,7.840725010634054179e-08,7.559899200767529470e-08,6.813382147271554098e-08,4.974609079468105335e-08,4.170962408594179605e-08,3.084935267471094339e-08,2.805079847643509455e-08,2.695609428152081349e-08,2.838478242885413352e-08,3.442808284667047206e-08,3.855063471924638843e-08,4.679050532094405565e-08,4.982897123693638686e-08,5.168473562062450219e-08,5.043081746051048669e-08,4.519925706901895684e-08,4.222113990690707849e-08,3.707898116751253900e-08,3.539875090573024394e-08,3.422405327348611651e-08,3.465793331681619668e-08,3.706135602538985011e-08,3.874670491795179431e-08,4.201006390328054785e-08,4.319684540268894576e-08,4.405361572003317974e-08,4.374074999267561423e-08,4.191555669550263777e-08,4.074509938066560658e-08,3.864873859875861059e-08,3.789314843204378072e-08,3.734513940819618460e-08,3.754979265951875408e-08,3.867105838892617720e-08,3.938401527982509504e-08,4.066125354961706156e-08,4.108338236426777035e-08,4.135343758713497936e-08,4.119055383719006161e-08,4.049407607332761866e-08,4.005652650383457331e-08,3.923670600187653679e-08,3.895739157053776727e-08,3.881460080955171157e-08,3.894417611012774075e-08,3.944738428696961327e-08,3.972542493108034353e-08,4.016837099323367771e-08,4.027726771397600880e-08,4.026234352963757243e-08,4.015743146590063442e-08,3.981383460253690859e-08,3.963801065067634743e-08,3.942018321901989697e-08,3.937083588160562864e-08
8.500000000000000000e+01,-4.499023607122513719e-04,5.206775683283776206e-07,1.028916006830585522e-06,2.248628253291075092e-06,3.038999342814846950e-06,5.171379010616343561e-06,6.627473695244206001e-06,1.075741822016788038e-05,1.369654988135388281e-05,2.239824353928376258e-05,2.885841912819622074e-05,4.822917406583070729e-05,6.218560214948953314e-05,9.942041384415005022e-05,1.210580680667819797e-04,1.560049757085839751e-04,1.624637822729520968e-04,1.396681251760963950e-04,1.139340544486762506e-04,5.575829272591240190e-05,3.268592595066300340e-05,7.528495788044760155e-06,2.864235745793862996e-06,2.883492827117297048e-07,6.957561500352650932e-08,3.694237543530685258e-09,1.751250361468458666e-09,2.446631822106918458e-09,4.876979189038458534e-09,2.553736031516741500e-08,5.439252326723629377e-08,1.599877371201863935e-07,2.145563496559147604e-07,2.443037908900062317e-07,2.137552605568871986e-07,1.193940603639058115e-07,7.916655003206360397e-08,3.181557816462829424e-08,2.087038290907346216e-08,1.195979232467524189e-08,1.105570599093741793e-08,1.391135357896224750e-08,1.790231669271434914e-08,3.228971061597319878e-08,4.220483225885829706e-08,6.113133568628895467e-08,6.644798484329531713e-08,6.403517763606389121e-08,5.762727742241770257e-08,4.188920282291366121e-08,3.503535294117812032e-08,2.580393864749265520e-08,2.343202388859714352e-08,2.250513073495013019e-08,2.371499162860278218e-08,2.884168981198481294e-08,3.234644784791060323e-08,3.936700594605073086e-08,4.196048403567109383e-08,4.354561766717595511e-08,4.247451803430580056e-08,3.800986300673495771e-08,3.547154165300979781e-08,3.109484983892076351e-08,2.966655375275396161e-08,2.866856829621816649e-08,2.903713733023484400e-08,3.107991432548277630e-08,3.251349436916590313e-08,3.529183723640630030e-08,3.630300898788000122e-08,3.703325444421494764e-08,3.676657633189641186e-08,3.521135973701301769e-08,3.421453478045025087e-08,3.243018404004444771e-08,3.178738481468415880e-08,3.132129612436326468e-08,3.149534872731426030e-08,3.244918779797588762e-08,3.305589077776897172e-08,3.414316709221543178e-08,3.450262105712679009e-08,3.473260932172501231e-08,3.459389174550802845e-08,3.400083231386600777e-08,3.362832703734984843e-08,3.293053355343930275e-08,3.269284113620405524e-08,3.257133835430151003e-08,3.268159696996142741e-08,3.310983676384779764e-08,3.334648793462116276e-08,3.372354509035592474e-08,3.381625244164602681e-08,3.380354726733106330e-08,3.371423303277472708e-08,3.342174346478155034e-08,3.327208574171840183e-08,3.308668867103023783e-08,3.304469038391223343e-08
8.600000000000000000e+01,-4.273626745572031509e-04,5.223506020320860602e-07,1.031366994505718802e-06,2.252604699916392703e-06,3.043746165028464370e-06,5.177373281805999847e-06,6.633417375173026719e-06,1.075994541136691919e-05,1.369312567562751704e-05,2.236584347026237835e-05,2.879387686296076138e-05,4.801507234633638037e-05,6.181804588659324138e-05,9.843321657882468266e-05,1.195407283314016563e-04,1.529756459422388433e-04,1.586125031224115494e-04,1.348412359120508184e-04,1.092331864172817603e-04,5.254965069708506875e-05,3.048347027743942639e-05,6.845560089771172366e-06,2.568019182819171638e-06,2.494655529937427410e-07,5.912917765051733943e-08,3.008235375644846554e-09,1.411860202859237245e-09,1.981417205982292928e-09,3.986581930293543047e-09,2.135241885452103527e-08,4.595847361379447327e-08,1.372503677593908678e-07,1.848376753654573310e-07,2.108639004842977407e-07,1.841482930588461513e-07,1.020138627401997837e-07,6.725368119348115389e-08,2.668821037446087938e-08,1.740574916321438806e-08,9.898804004184347943e-09,9.140742776841265238e-09,1.153787603013021329e-08,1.489922958044977847e-08,2.709196296051289907e-08,3.554239819689511415e-08,5.174687642761025691e-08,5.631282803920337893e-08,5.424018522553249871e-08,4.874088245661843677e-08,3.527322480449809547e-08,2.942907772590088941e-08,2.158369925056016422e-08,1.957376230652015103e-08,1.878910308762693493e-08,1.981345975628863096e-08,2.416175626305909485e-08,2.714073420628966560e-08,3.312126915783327949e-08,3.533450334907393964e-08,3.668821180034418858e-08,3.577345156988978245e-08,3.196400913738203439e-08,2.980094993367855827e-08,2.607648620655839827e-08,2.486258008846387035e-08,2.401488445613348538e-08,2.432791390609640239e-08,2.606383124386865702e-08,2.728302081104290108e-08,2.964798124805443150e-08,3.050936357365660254e-08,3.113164955990607718e-08,3.090438390238687758e-08,2.957946319901826743e-08,2.873067512419941530e-08,2.721218638450243268e-08,2.666544541581441011e-08,2.626910646993940723e-08,2.641710571073176833e-08,2.722836337643161006e-08,2.774454921399471460e-08,2.866993958753651095e-08,2.897596573618599347e-08,2.917179412674454284e-08,2.905367987415374137e-08,2.854877886784151775e-08,2.823170921649117981e-08,2.763789285495713011e-08,2.743565873461082869e-08,2.733228991297050395e-08,2.742609360543166522e-08,2.779046430722827490e-08,2.799184883683176681e-08,2.831275686555195792e-08,2.839166659721970368e-08,2.838085255354875006e-08,2.830483165254873978e-08,2.805589510972844591e-08,2.792853385613202483e-08,2.777076899625370576e-08,2.773503211957965148e-08
8.700000000000000000e+01,-4.059352783093285542e-04,5.240474545779296930e-07,1.033846572850072223e-06,2.256574917604259843e-06,3.048483915313543544e-06,5.183351750623821017e-06,6.639340132558852435e-06,1.076207575694741693e-05,1.368966260130736936e-05,2.233343875897525563e-05,2.872941800084223432e-05,4.780184012588122857e-05,6.145256938567080808e-05,9.745570437614273435e-05,1.180422786518052491e-04,1.500050022744390307e-04,1.548523860110234121e-04,1.301810551174592545e-04,1.047261871059486545e-04,4.952560771952484739e-05,2.842939445507776776e-05,6.224568940592053231e-06,2.302434280646362390e-06,2.158249516510685889e-07,5.025114036504279430e-08,2.449615676806699699e-09,1.138241094151941357e-09,1.604657544373219030e-09,3.258739479487533092e-09,1.785325445016446369e-08,3.883213446165354604e-08,1.177442392871134828e-07,1.592351602631254456e-07,1.820009343875424700e-07,1.586419098270988072e-07,8.716356414862225926e-08,5.713335133797738455e-08,2.238712568992419494e-08,1.451624387729423538e-08,8.192963439894885430e-09,7.557457193743417206e-09,9.569330629548983280e-09,1.239988376008308718e-08,2.273086947542166808e-08,2.993164225641945647e-08,4.380298241919017288e-08,4.772348525166952501e-08,4.594338591729432708e-08,4.122474307706241667e-08,2.970212387680285296e-08,2.471986339014136877e-08,1.805364943598033317e-08,1.635076430029020270e-08,1.568663514876908124e-08,1.655376930198787858e-08,2.024116689839858263e-08,2.277276917137405904e-08,2.786639695682774018e-08,2.975478125596519446e-08,3.091063339425055567e-08,3.012953984395105866e-08,2.687976400852663469e-08,2.503683410815188762e-08,2.186799317728483835e-08,2.083648906431138925e-08,2.011658457629246499e-08,2.038239398002286359e-08,2.185727168897179384e-08,2.289393876195701741e-08,2.490664592576024780e-08,2.564029011299043953e-08,2.617047765865812559e-08,2.597683593545067199e-08,2.484832049696366132e-08,2.412571992443240942e-08,2.283372236742357148e-08,2.236877185991239733e-08,2.203180757726378933e-08,2.215762974331790189e-08,2.284749024206774587e-08,2.328658146557227235e-08,2.407404180946584246e-08,2.433453261330631098e-08,2.450124356976083814e-08,2.440069131324400578e-08,2.397092444401645664e-08,2.370109109889545831e-08,2.319585294392571828e-08,2.302381973219363651e-08,2.293589485908220302e-08,2.301568441306087523e-08,2.332565364590501872e-08,2.349699501999090098e-08,2.377006417733770402e-08,2.383721720564720842e-08,2.382801451793594219e-08,2.376332051214112909e-08,2.355149140948831557e-08,2.344312511384219130e-08,2.330889918713630396e-08,2.327849591093975740e-08
8.800000000000000000e+01,-3.855839111808358590e-04,5.257426253080623238e-07,1.036389026042060842e-06,2.260486787860910979e-06,3.053212520458628045e-06,5.189314335051484813e-06,6.645241900670990996e-06,1.076393327381923361e-05,1.368616088481599885e-05,2.230103029233538757e-05,2.866504394748235589e-05,4.758947824059611264e-05,6.108916812058294999e-05,9.648780078743687599e-05,1.165625119037605505e-04,1.470919620806778654e-04,1.511813410696140542e-04,1.256819076923883661e-04,1.004051402152225420e-04,4.667559532894448998e-05,2.651373688910641045e-05,5.659913982073328399e-06,2.064317732894220547e-06,1.867210141602701143e-07,4.270616380208603832e-08,1.994733234166913560e-09,9.176511187752346699e-10,1.299539694550513186e-09,2.663785847716731991e-09,1.492754308552758646e-08,3.281085213854145755e-08,1.010104570965783717e-07,1.371790970744533704e-07,1.570888973599377653e-07,1.366685735219299799e-07,7.447513579005981404e-08,4.853599066010965898e-08,1.877923236001926427e-08,1.210643928053860285e-08,6.781097316153374133e-09,6.248425226719218212e-09,7.936662494909246107e-09,1.031981857065565611e-08,1.907182426618076257e-08,2.520664015655173923e-08,3.707864028361590805e-08,4.044432012060596160e-08,3.891575022310373583e-08,3.486768451862933688e-08,2.501096465796093932e-08,2.076424237586194099e-08,1.510096690201341227e-08,1.365848210178660302e-08,1.309646769308801806e-08,1.383037993933069684e-08,1.695677325473394365e-08,1.910780100800296005e-08,2.344527176112269629e-08,2.505619562493625191e-08,2.604293102909582477e-08,2.537609264743629495e-08,2.260425829646956972e-08,2.103436104098190332e-08,1.833873628393498448e-08,1.746238296015034316e-08,1.685111389695178458e-08,1.707678590223173087e-08,1.832965379271970369e-08,1.921096552654323955e-08,2.092357909681688902e-08,2.154831563302896796e-08,2.199995394213706545e-08,2.183499109639904998e-08,2.087393854706236229e-08,2.025887583536299663e-08,1.915978401373927623e-08,1.876445920390504285e-08,1.847802602573077324e-08,1.858497507804682605e-08,1.917149923807027340e-08,1.954494329082416895e-08,2.021491193133963943e-08,2.043660303198370151e-08,2.057850046789655440e-08,2.049291432875506233e-08,2.012716654204316918e-08,1.989757353456841904e-08,1.946777764878391756e-08,1.932146147676921943e-08,1.924668651933020627e-08,1.931454345587132679e-08,1.957818621193532435e-08,1.972394021200474246e-08,1.995626031553498006e-08,2.001339800616419931e-08,2.000556797109552531e-08,1.995052306013765306e-08,1.977030234830276165e-08,1.967811459212178565e-08,1.956393600236177449e-08,1.953807494064303471e-08
8.900000000000000000e+01,-3.662733968548867024e-04,5.274410762561433479e-07,1.038929240019322194e-06,2.264376704570942624e-06,3.057924961798392290e-06,5.195261112928581480e-06,6.651122771142035841e-06,1.076575679427951588e-05,1.368262065967583039e-05,2.226861808922090237e-05,2.860075438196948028e-05,4.737798182792753035e-05,6.072782783759112391e-05,9.552940408316396969e-05,1.151011836914621550e-04,1.442353849852313474e-04,1.475972284721920557e-04,1.213381920183577260e-04,9.626233785479704382e-05,4.398957457983095455e-05,2.472715407632114157e-05,5.146479745051012016e-06,1.850826642695664777e-06,1.615417043381115608e-07,3.629402454356084329e-08,1.624320148708741779e-09,7.398111548286706585e-10,1.052438375760255534e-09,2.177453600022902225e-09,1.248128222248925251e-08,2.772322087494323226e-08,8.665486066677724128e-08,1.181780536236719421e-07,1.355867613016671462e-07,1.177387217627962751e-07,6.363375531083341474e-08,4.123234411003819447e-08,1.575278212848129147e-08,1.009667867227833499e-08,5.612532564841943988e-09,5.166130770677297701e-09,6.582550524786550533e-09,8.588680479434864651e-09,1.600178233169581576e-08,2.122752252155333391e-08,3.138656944225550263e-08,3.427542568642865869e-08,3.296307721667880025e-08,2.949091111912422944e-08,2.106072481228250456e-08,1.744158894644975283e-08,1.263119504905365828e-08,1.140950369219687760e-08,1.093398546182788866e-08,1.155503483277501783e-08,1.420531324085880578e-08,1.603265732045937308e-08,1.972557432368751695e-08,2.109956171207020420e-08,2.194177467008170263e-08,2.137257930362327155e-08,1.900881329940226280e-08,1.767173419674628737e-08,1.537906086127808353e-08,1.463465231735672917e-08,1.411571611643425497e-08,1.430727781078422120e-08,1.537136759327192848e-08,1.612047384068251293e-08,1.757748102084420727e-08,1.810938309563820542e-08,1.849404150867017468e-08,1.835353486290963732e-08,1.753523924002443890e-08,1.701180273483860611e-08,1.607697870355728406e-08,1.574091230862988133e-08,1.549747533590144916e-08,1.558836620928812783e-08,1.608694538636403631e-08,1.640450107622416082e-08,1.697440778669796757e-08,1.716304508844052057e-08,1.728380097783211930e-08,1.721096623449576771e-08,1.689975590474538866e-08,1.670443656949559610e-08,1.633888223193579944e-08,1.621446057845435385e-08,1.615088002926293523e-08,1.620857872697062038e-08,1.643277926704827738e-08,1.655674517283970207e-08,1.675436224214113187e-08,1.680296973880380379e-08,1.679630878202416702e-08,1.674948205018745792e-08,1.659618022712859228e-08,1.651776943939172251e-08,1.642066110418404640e-08,1.639866752394143756e-08
9.000000000000000000e+01,-3.479695992246108508e-04,5.291401705155292061e-07,1.041467216182753903e-06,2.268260794748521141e-06,3.062625238841622504e-06,5.201312958451234213e-06,6.656982782674535082e-06,1.076754642317370378e-05,1.367904208960144625e-05,2.223620245545904943e-05,2.853654955513627378e-05,4.716734793471020863e-05,6.036853760042228383e-05,9.458042217179018097e-05,1.136580658884356462e-04,1.414341788342065188e-04,1.440979920471174272e-04,1.171445406303811359e-04,9.229042924211404691e-05,4.145811021222375534e-05,2.306094965783358521e-05,4.679620041286327008e-06,1.659414347673297385e-06,1.397577954556921027e-07,3.084463412851914943e-08,1.322690933885407871e-09,5.964363333191453898e-10,8.523220824865201939e-10,1.779911660551233843e-09,1.043590230784220349e-08,2.342447084089163689e-08,7.433946716463735865e-08,1.018088773017456795e-07,1.170277903439725757e-07,1.014308102622652787e-07,5.437055049120707167e-08,3.502773712342520732e-08,1.321407082426019272e-08,8.420552277373441474e-09,4.645342152500946120e-09,4.271300736930286335e-09,5.459469281331435359e-09,7.147937823126331025e-09,1.342593111859635702e-08,1.787654523743202953e-08,2.656830399688217201e-08,2.904745629287884198e-08,2.792093902473846354e-08,2.494325949785195298e-08,1.773438441102703420e-08,1.465061779651246482e-08,1.056535423390883924e-08,9.530836167428047984e-09,9.128569871525143292e-09,9.654023301369947518e-09,1.190031210791635263e-08,1.345241464241215407e-08,1.659602103133836146e-08,1.776771873856705652e-08,1.848645229496174991e-08,1.800068602855753319e-08,1.598525921537880673e-08,1.484666644827178569e-08,1.289704338523723834e-08,1.226482186769467173e-08,1.182434662357935429e-08,1.198692593123475147e-08,1.289052749790667654e-08,1.352715132464134273e-08,1.476648860826434984e-08,1.521927338028836868e-08,1.554682889067307561e-08,1.542717326959543514e-08,1.473054872150976122e-08,1.428516522889063112e-08,1.349019410626850143e-08,1.320455230851029158e-08,1.299769279543023376e-08,1.307492334973875403e-08,1.349867163468083942e-08,1.376865673444150825e-08,1.425336292612891520e-08,1.441384714573811995e-08,1.451659374489006754e-08,1.445462120678621398e-08,1.418986154879536832e-08,1.402372799841084677e-08,1.371286631907673095e-08,1.360708104969788473e-08,1.355302826992190943e-08,1.360208101426445271e-08,1.379270739786629674e-08,1.389812413266945657e-08,1.406619313528648801e-08,1.410753683209024778e-08,1.410187136936238636e-08,1.406204267660965748e-08,1.393166132760900733e-08,1.386498004704887418e-08,1.378240403624103952e-08,1.376370276567418297e-08
9.100000000000000000e+01,-3.306393801072474116e-04,5.308376104705089284e-07,1.044002955932494658e-06,2.272139064208927514e-06,3.067379123723886457e-06,5.207201791908289655e-06,6.662821973911459920e-06,1.076930226509738298e-05,1.367542533781514668e-05,2.220456284234999028e-05,2.847242971482170362e-05,4.695757361324818645e-05,6.001128652412886406e-05,9.364076383808054606e-05,1.122329331668404364e-04,1.386872725510630128e-04,1.406816241947929163e-04,1.130957713360355305e-04,8.848236666080926951e-05,3.907230976931102672e-05,2.150701315100544053e-05,4.255110123125725643e-06,1.487797545990019159e-06,1.209114251903031269e-07,2.621344168015878398e-08,1.077072802149227349e-09,4.808473728240038325e-10,6.902568804078093589e-10,1.454949515142418826e-09,8.725709255402031017e-09,1.979227977924559109e-08,6.377432686647697621e-08,8.770702621054178583e-08,1.010091334059637878e-07,8.738168121491442925e-08,4.645578824050275099e-08,2.975678907717483473e-08,1.108449538341112206e-08,7.022674711610991938e-09,3.844824118858034684e-09,3.531464485857088720e-09,4.528001779026315926e-09,5.948877445066235586e-09,1.126472009877095559e-08,1.505455100332805593e-08,2.248970432859554933e-08,2.461689584977704709e-08,2.365005878120088681e-08,2.109687608295310671e-08,1.493340543324422898e-08,1.230625088004212372e-08,8.837381818254785165e-09,7.961505342252324369e-09,7.621262702525721799e-09,8.065761241792934050e-09,9.969326595531732144e-09,1.128742596286959332e-08,1.396298367309671204e-08,1.496200657412263130e-08,1.557526095325844490e-08,1.516076480437451857e-08,1.344263155352238073e-08,1.247322242898824679e-08,1.081559561024901181e-08,1.027874319703024272e-08,9.904928028377918414e-09,1.004288682424081536e-08,1.081007745449245883e-08,1.135101841757664778e-08,1.240502849389740064e-08,1.279039965054133005e-08,1.306928244305168713e-08,1.296740060577512843e-08,1.237445522862378605e-08,1.199554909353181542e-08,1.131962124495443714e-08,1.107687865140472711e-08,1.090112995911270838e-08,1.096674229141177126e-08,1.132683080310023169e-08,1.155633316037713021e-08,1.196850733521355806e-08,1.210501733003637934e-08,1.219242587067407430e-08,1.213970441250704357e-08,1.191449992463643193e-08,1.177321465220104030e-08,1.150890689748194223e-08,1.141898159199867396e-08,1.137303647574328461e-08,1.141473186718616750e-08,1.157678477061753475e-08,1.166641289297850811e-08,1.180932802328366060e-08,1.184448752825691814e-08,1.183966958235574060e-08,1.180579876339151596e-08,1.169492952544752551e-08,1.163823260132796841e-08,1.156802587000318322e-08,1.155212672390845338e-08
9.200000000000000000e+01,-3.142505588374562044e-04,5.325334123779351496e-07,1.046536483233857697e-06,2.276017617191834069e-06,3.072167314819782002e-06,5.212959014618630173e-06,6.668640435191029031e-06,1.077102443959327555e-05,1.367177053431163376e-05,2.217296937654175551e-05,2.840839453566374514e-05,4.674876146436188163e-05,5.965606061855927098e-05,9.271437548831479173e-05,1.108255505010256208e-04,1.359935919621097801e-04,1.373461353746257576e-04,1.091868466001398130e-04,8.483136111590150593e-05,3.682377292511438381e-05,2.005776801256736221e-05,3.869105178355323419e-06,1.333927764041056927e-06,1.046063374339403079e-07,2.227756734223288945e-08,8.770631903035064347e-10,3.876586770774209656e-10,5.590065168571689558e-10,1.189314070349552915e-09,7.295762871281381151e-09,1.672326726203472377e-08,5.471062214737216350e-08,7.555835068680022068e-08,8.718296562741818800e-08,7.527837645588102838e-08,3.969312158998020493e-08,2.527896852830497157e-08,9.298105646158520005e-09,5.856845404657567283e-09,3.182251157246920870e-09,2.919770637180470196e-09,3.755449822862369502e-09,4.950949576091462356e-09,9.451389261722412116e-09,1.267801586331490996e-08,1.903719448921592505e-08,2.086208741376065559e-08,2.003243389518596235e-08,1.784359606192597106e-08,1.257479351868913062e-08,1.033700794026651965e-08,7.392007855702795865e-09,6.650566141417138533e-09,6.362830544024387913e-09,6.738785328309817441e-09,8.351654999841882920e-09,9.470847420060043292e-09,1.174767029764626700e-08,1.259932504968407432e-08,1.312249329717737195e-08,1.276886905292404922e-08,1.130441704637720826e-08,1.047918826339129181e-08,9.070056129713201937e-09,8.614261237974932955e-09,8.297069841183175865e-09,8.414117368615251641e-09,9.065383383419570174e-09,9.524946923908112623e-09,1.042119584826776621e-08,1.074913637261329033e-08,1.098653974669931352e-08,1.089980580782062142e-08,1.039519193738337038e-08,1.007289381012342958e-08,9.498277384935045059e-09,9.292024999484407854e-09,9.142732651143924139e-09,9.198465398825139000e-09,9.504407523378347045e-09,9.699465254684336984e-09,1.004990359139944223e-08,1.016600169773422199e-08,1.024034961016363765e-08,1.019550562546397629e-08,1.000397822974131642e-08,9.883844464609378017e-09,9.659155729652233596e-09,9.582725115156454088e-09,9.543677956095654447e-09,9.579113691875803388e-09,9.716853440085420485e-09,9.793045143422548365e-09,9.914551059645154013e-09,9.944446489309945875e-09,9.940349947410841852e-09,9.911550510671371383e-09,9.817288802477664583e-09,9.769089170095536512e-09,9.709408693551763864e-09,9.695894031180787159e-09
9.300000000000000000e+01,-2.987718736526380568e-04,5.342275471682334312e-07,1.049067754333755931e-06,2.280024018722678208e-06,3.076932594289251161e-06,5.218700132984929654e-06,6.674438101342554559e-06,1.077271302006777747e-05,1.366807790646794394e-05,2.214140080475818792e-05,2.834444540078507289e-05,4.654206256139741720e-05,5.930285543152079395e-05,9.180034683417477885e-05,1.094357231391514360e-04,1.333521549343428278e-04,1.340896711505322003e-04,1.054130054473289505e-04,8.133099908289370878e-05,3.470464096957742110e-05,1.870618554445659630e-05,3.518118983043350481e-06,1.195972262839687088e-06,9.050011505446582324e-08,1.893267772759684928e-08,7.141960464869534508e-10,3.125305991107975301e-10,4.527138201533380257e-10,9.721782640525165886e-10,6.100161124877098023e-09,1.413015807220354900e-08,4.693512087425473489e-08,6.509251507453347324e-08,7.524941409293691222e-08,6.485158458353510944e-08,3.391495235387578799e-08,2.147500095686736415e-08,7.799623498385040155e-09,4.884561771115875084e-09,2.633862489058187012e-09,2.414033561915461534e-09,3.114712740059488033e-09,4.120430859195795686e-09,7.929969352720757370e-09,1.067665901093592731e-08,1.611471855039519827e-08,1.768002218444694046e-08,1.696820047252141361e-08,1.509201385141867996e-08,1.058872008943747417e-08,8.682894902698693601e-09,6.183037023512177183e-09,5.555493900902350873e-09,5.312199991903184676e-09,5.630131163255995552e-09,6.996484687232188554e-09,7.946637074556731767e-09,9.883843751800659716e-09,1.060975410462463089e-08,1.105599883882311604e-08,1.075435465339039456e-08,9.506324872361922307e-09,8.803943101344351152e-09,7.606241752276029361e-09,7.219326427843671817e-09,6.950223782403123357e-09,7.049514089553336749e-09,7.602285259373630505e-09,7.992652178718650385e-09,8.754633271091088326e-09,9.033657860115212185e-09,9.235719299202031080e-09,9.161892672532399168e-09,8.732519126320066605e-09,8.458415000150380086e-09,7.970001718760489490e-09,7.794781684857237519e-09,7.667982966468034345e-09,7.715316303099750000e-09,7.975213155023488931e-09,8.140969773090186989e-09,8.438872235554117918e-09,8.537595024883399414e-09,8.600823864419494813e-09,8.562686326532651521e-09,8.399825579617336418e-09,8.297692845977630571e-09,8.106714382736471963e-09,8.041763582030802410e-09,8.008583968785541046e-09,8.038695062904943622e-09,8.155750998487497350e-09,8.220510386877481757e-09,8.323798012454478729e-09,8.349213501883216704e-09,8.345730891741107160e-09,8.321247365694704051e-09,8.241118088512036644e-09,8.200148685240642860e-09,8.149424216236187540e-09,8.137938228836277127e-09
9.400000000000000000e+01,-2.841729447904515647e-04,5.359200311115378847e-07,1.051596793215771406e-06,2.284024897847042757e-06,3.081689371240911579e-06,5.224425224091468895e-06,6.680211188443859176e-06,1.077436812586628602e-05,1.366434758363844950e-05,2.210983220722378875e-05,2.828058197816877509e-05,4.633620224955660514e-05,5.895165705660187464e-05,9.089522923400825691e-05,1.080632213272746892e-04,1.307619269813205243e-04,1.309103327921995105e-04,1.017695485769980440e-04,7.797503590986829794e-05,3.270744896068431386e-05,1.744567317411317969e-05,3.198971703753856512e-06,1.072283942543325336e-06,7.829610979524781467e-08,1.609000752837534687e-08,5.815725993233572533e-10,2.519622740158357355e-10,3.666321732971253300e-10,7.946853263873614182e-10,5.100489222707553505e-09,1.193913433676814517e-08,4.026467072552799425e-08,5.607632678025125175e-08,6.494930826451625339e-08,5.586899557878189163e-08,2.897791237852333571e-08,1.824344969455224744e-08,6.542635635413233952e-09,4.073684460505905269e-09,2.179975828813743993e-09,1.995895541450753291e-09,2.583294811300384380e-09,3.429230636649641117e-09,6.653456192842310130e-09,8.991235803253953135e-09,1.364088145997671697e-08,1.498331059484464545e-08,1.437268101035045140e-08,1.276473900782256268e-08,8.916327402048920131e-09,7.293469535783747570e-09,5.171793902533118603e-09,4.640733926428077666e-09,4.435048898499081155e-09,4.703870310136023386e-09,5.861208428380258045e-09,6.667727661343637868e-09,8.315721332558846657e-09,8.934356768839669949e-09,9.314928873106319979e-09,9.057664068432003113e-09,7.994237875624463086e-09,7.396508251147557167e-09,6.378671103248953478e-09,6.050276959881743799e-09,5.822007570813712840e-09,5.906221569652349290e-09,6.375321382140822224e-09,6.706859343504761872e-09,7.354587063543392006e-09,7.591955223230743843e-09,7.763909298720995250e-09,7.701078914487940325e-09,7.335783626979518884e-09,7.102703047457206709e-09,6.687625061152155381e-09,6.538791320735443807e-09,6.431113784251870497e-09,6.471307350554809934e-09,6.692054731378700022e-09,6.832889975290530604e-09,7.086093240448679970e-09,7.170028101246509605e-09,7.223792432558152204e-09,7.191363410037447668e-09,7.052900111159665641e-09,6.966084550939343617e-09,6.803783898529525836e-09,6.748597193009450712e-09,6.720407778502360957e-09,6.745990360453642948e-09,6.845453086323782799e-09,6.900487017999935163e-09,6.988274358656326041e-09,7.009877895649500174e-09,7.006917666419788804e-09,6.986106487413563243e-09,6.918001346529079748e-09,6.883182986528336295e-09,6.840077206515197267e-09,6.830316881425817221e-09
9.500000000000000000e+01,-2.704242392248994500e-04,5.376108653589459566e-07,1.054123601277115463e-06,2.288020259688216661e-06,3.086437655482672949e-06,5.230134313614377955e-06,6.685653939227673235e-06,1.077598986059060716e-05,1.366057972708841156e-05,2.207825688674335072e-05,2.821680450386523454e-05,4.613117767834491972e-05,5.860245481238644783e-05,8.999893701578165809e-05,1.067078305963406687e-04,1.282219173557221786e-04,1.278062957970201540e-04,9.825197313205778294e-05,7.475751627196918847e-05,3.082518086816208539e-05,1.627009494973365470e-05,2.908775221150869915e-06,9.613873355344211731e-07,6.773781061850678645e-08,1.367415126978964099e-08,4.735767458524317575e-10,2.031320417319841531e-10,2.969185513234350038e-10,6.495976098068283189e-10,4.264639193922534904e-09,1.008784930903953297e-08,3.454222328487391649e-08,4.830899316102428565e-08,5.605906626740802395e-08,4.813057594648230755e-08,2.475955902168881437e-08,1.549817869802043099e-08,5.488223178435475136e-09,3.397418923446748895e-09,1.804306012324202735e-09,1.650183535390620237e-09,2.142544648154384029e-09,2.853978487186385055e-09,5.582426695980701598e-09,7.571873260336925426e-09,1.154681152846755501e-08,1.269792304718067241e-08,1.217418001814556811e-08,1.079634157763595045e-08,7.508072887908202875e-09,6.126377255109491382e-09,4.325940164732425958e-09,3.876596497206109132e-09,3.702732552480440115e-09,3.929995942661846514e-09,4.910145688262132491e-09,5.594641492104052843e-09,6.996388504567491173e-09,7.523522030307601416e-09,7.848036886212803737e-09,7.628655419010272470e-09,6.722664164498376449e-09,6.214070836672511144e-09,5.349217167523526162e-09,5.070534792874729219e-09,4.876931760939683808e-09,4.948347870781938385e-09,5.346381418852054479e-09,5.627913552395426289e-09,6.178436156407344365e-09,6.380336328877782986e-09,6.526646875563719280e-09,6.473182957537904070e-09,6.162450096004398747e-09,5.964283261554199217e-09,5.611582511492151093e-09,5.485180633541062584e-09,5.393754590318419750e-09,5.427880195600556096e-09,5.615347069818678316e-09,5.734989776096880570e-09,5.950168277416099244e-09,6.021519537873810946e-09,6.067229150238506036e-09,6.039658344628162645e-09,5.921955407170789720e-09,5.848171002640571020e-09,5.710262655734751891e-09,5.663379280731323240e-09,5.639433153315290270e-09,5.661164998750894267e-09,5.745665965142116027e-09,5.792427927716822800e-09,5.867029823504021219e-09,5.885390369660386395e-09,5.882874544221785434e-09,5.865187559695068942e-09,5.807310966691233561e-09,5.777724616990755069e-09,5.741098749612733032e-09,5.732806073984516443e-09
9.600000000000000000e+01,-2.574970369726222071e-04,5.393000510607961519e-07,1.056648179913969449e-06,2.292010109365531529e-06,3.091177456812903984e-06,5.235827427195038214e-06,6.691075871282259769e-06,1.077757832759540296e-05,1.365677449759701632e-05,2.204667515857153216e-05,2.815311321102340059e-05,4.592698600255280578e-05,5.825523806789835229e-05,8.911138531646353115e-05,1.053693391100426319e-04,1.257311544352352362e-04,1.247757787688933231e-04,9.485593169618013925e-05,7.167273039126491265e-05,2.905122430109293450e-05,1.517372831004768592e-05,2.644903391291512310e-06,8.619595597783732098e-07,5.860329633204522728e-08,1.162102513215445762e-08,3.856352624926652484e-10,1.637650748516350507e-10,2.404606583294999211e-10,5.309988490576067477e-10,3.565764734370958922e-09,8.523623584721917723e-09,2.963304950709790345e-08,4.161753344548990707e-08,4.838570932293043483e-08,4.146399821836890473e-08,2.115527343289711620e-08,1.316601343269788171e-08,4.603739333980047532e-09,2.833418671075501466e-09,1.493374225062377159e-09,1.364352618404320039e-09,1.776993040995128448e-09,2.375224320396232547e-09,4.683803755869270224e-09,6.376571268077758925e-09,9.774209683754888495e-09,1.076112141062957051e-08,1.031196864801232210e-08,9.131481129565337945e-09,6.322238670791475307e-09,5.146040910671695334e-09,3.618426388650886755e-09,3.238280501117584559e-09,3.091336003586270254e-09,3.283437852825369513e-09,4.113405517515867499e-09,4.694254223508963209e-09,5.886373862353053849e-09,6.335472895271660604e-09,6.612146419694535371e-09,6.425097488934033291e-09,5.653347742251655511e-09,5.220662134585232761e-09,4.485906165789792927e-09,4.249445013156539358e-09,4.085267766218078633e-09,4.145821946919918399e-09,4.483505739415194480e-09,4.722539207998102673e-09,5.190375376728801476e-09,5.362081880670287876e-09,5.486554695592268938e-09,5.441067641961169071e-09,5.176786476975090562e-09,5.008328413558423009e-09,4.708675095123869558e-09,4.601340004492786989e-09,4.523724071931519569e-09,4.552693516179494998e-09,4.711873895560641373e-09,4.813498084225553003e-09,4.996335218330257705e-09,5.056980473478259186e-09,5.095836345990825689e-09,5.072399399596791425e-09,4.972358892305853845e-09,4.909658890702404965e-09,4.792494176899045333e-09,4.752670689780417318e-09,4.732332111302781780e-09,4.750790118777676457e-09,4.822569378830788428e-09,4.862296846945036999e-09,4.925684371015828789e-09,4.941286442408480972e-09,4.939148618690516329e-09,4.924119037541009603e-09,4.874942041786355790e-09,4.849805215680503406e-09,4.818689748760894564e-09,4.811645071582052596e-09
9.700000000000000000e+01,-2.453633989055171950e-04,5.409875893667222442e-07,1.059170530521918400e-06,2.295994451993955054e-06,3.095908785020188474e-06,5.241504590440299212e-06,6.696477024694693064e-06,1.077913362998881501e-05,1.365293205545875738e-05,2.201508733615920423e-05,2.808950832990919351e-05,4.572362438228806929e-05,5.790999624242409083e-05,8.823249007456582683e-05,1.040475376328296015e-04,1.232886853542886096e-04,1.218170424011517385e-04,9.157722693029917175e-05,6.871520391519406515e-05,2.737934728850240930e-05,1.415123623522057455e-05,2.404968283009395382e-06,7.728145394575967886e-07,5.070057127511953463e-08,9.876167085260800088e-09,3.140241483729280803e-10,1.320274033871950137e-10,1.947379840391318118e-10,4.340529162765068005e-10,2.981418958936110641e-09,7.201946113425099910e-09,2.542156775944782662e-08,3.585292652672454616e-08,4.176267293527205146e-08,3.572080350266884988e-08,1.807566598602174807e-08,1.118479047161786977e-08,3.861798601820926047e-09,2.363046872869319082e-09,1.236024398175265826e-09,1.128030767101953491e-09,1.473810037932229283e-09,1.976780753302175009e-09,3.929834730418205191e-09,5.369959785921172429e-09,8.273726457316658844e-09,9.119736782913466511e-09,8.734607229773233561e-09,7.723350923215244190e-09,5.323695750349913963e-09,4.322576289473353123e-09,3.026627066267557897e-09,2.705068496457185834e-09,2.580893096297293826e-09,2.743250298849284757e-09,3.445947128176158475e-09,3.938772385558928640e-09,4.952468260575187964e-09,5.335029332643060479e-09,5.570880242300371016e-09,5.411421699955641651e-09,4.754117577691549523e-09,4.386063458771110452e-09,3.761924501240448276e-09,3.561316699114865092e-09,3.422112725788226117e-09,3.473449625742818653e-09,3.759892746376270606e-09,3.962813754660593490e-09,4.360325464732549283e-09,4.506332627039234817e-09,4.612211824646991060e-09,4.573517050645257986e-09,4.348775857975460679e-09,4.205593302211360629e-09,3.951045501188188425e-09,3.859914210523410216e-09,3.794031797771119791e-09,3.818620605269482104e-09,3.953763144464404744e-09,4.040070033888270434e-09,4.195404349556682011e-09,4.246942571922707188e-09,4.279967597345391006e-09,4.260047562431278079e-09,4.175031311122456845e-09,4.121758204655903007e-09,4.022231267399988680e-09,3.988409426076283681e-09,3.971137391579199205e-09,3.986812499221208811e-09,4.047776545586592722e-09,4.081522874885279428e-09,4.135374050899358334e-09,4.148630169649794586e-09,4.146813813393854936e-09,4.134044208521647779e-09,4.092265161719649269e-09,4.070911763340723938e-09,4.044481454227536604e-09,4.038497819578573678e-09
9.800000000000000000e+01,-2.339961360096803661e-04,5.426734964411486332e-07,1.061690676942405459e-06,2.299973328115086178e-06,3.100631691930664201e-06,5.247165879298143661e-06,6.701857487340155510e-06,1.078065588405033369e-05,1.364905252575023312e-05,2.198349344960826447e-05,2.802598952230487823e-05,4.552108818191915067e-05,5.756671575514246274e-05,8.736216030534447357e-05,1.027422079395605219e-04,1.208935545085267109e-04,1.189283630502076375e-04,8.841177868035404708e-05,6.587966347360613042e-05,2.580366276680776767e-05,1.319763306930398579e-05,2.186796717523466172e-06,6.928881833282623040e-07,4.386347334764569006e-08,8.393280075840760246e-09,2.557104618653403827e-10,1.064402736143752609e-10,1.577089828901697549e-10,3.548059827711280700e-10,2.492829477129115956e-09,6.085198501424573733e-09,2.180859285844691069e-08,3.088675128319943140e-08,3.604614413779769905e-08,3.077305465621640000e-08,1.544433774372890901e-08,9.501686774269482369e-09,3.239423806240468440e-09,1.970757344018888094e-09,1.023021216811680414e-09,9.326409129847227503e-10,1.222352615854642791e-09,1.645173108882251947e-09,3.297229202777612889e-09,4.522245315063044488e-09,7.003577718662406040e-09,7.728698538821869926e-09,7.398513446148485134e-09,6.532352240943076205e-09,4.482856499503145783e-09,3.630875513010306532e-09,2.531613049402969828e-09,2.259650687727989340e-09,2.154730988903827416e-09,2.291929793602756268e-09,2.886788345830360383e-09,3.304870292090544143e-09,4.166724877212616904e-09,4.492559678545733626e-09,4.693582477213222026e-09,4.557664007483197555e-09,3.997913568341143753e-09,3.684881231256261630e-09,3.154781023765630688e-09,2.984614400270606607e-09,2.866601641552789931e-09,2.910118099730581165e-09,3.153061466895689183e-09,3.325301341520949666e-09,3.663011709600406951e-09,3.787148291012820342e-09,3.877198531551879004e-09,3.844286465114893359e-09,3.653196696025299076e-09,3.531514585511331614e-09,3.315313437841915789e-09,3.237950716008857963e-09,3.182035938426508101e-09,3.202903567557256401e-09,3.317621943686082167e-09,3.390909828073591578e-09,3.522859625543217632e-09,3.566652183664698050e-09,3.594717366031370889e-09,3.577788904116779856e-09,3.505550799783822141e-09,3.460293688736792994e-09,3.375761366188750889e-09,3.347040760948985158e-09,3.332374992376548051e-09,3.345684885955541379e-09,3.397455931739229787e-09,3.426117537895165266e-09,3.471860566400808423e-09,3.483121873662942819e-09,3.481578863612699512e-09,3.470730946077745654e-09,3.435241975862507458e-09,3.417105123870462641e-09,3.394657699471587131e-09,3.389576018166451030e-09
9.900000000000000000e+01,-2.233687800340384394e-04,5.443577433866992905e-07,1.064208575656260154e-06,2.303929722486763691e-06,3.105346103143532058e-06,5.252811218412807180e-06,6.707217203289400414e-06,1.078214516526805025e-05,1.364513613694113897e-05,2.195189437184289589e-05,2.796255814477641025e-05,4.531937818179262176e-05,5.722539224308306098e-05,8.650032903840084364e-05,1.014531691633846407e-04,1.185448881476889064e-04,1.161081341012271324e-04,8.535573078998531424e-05,6.316112734883620240e-05,2.431866325375877909e-05,1.230829366742757923e-05,1.988418201589401682e-06,6.212284660234905585e-07,3.794841691307903470e-08,7.133054784314550589e-09,2.082258672398643734e-10,8.581212487552419832e-11,1.277211873589034763e-10,2.900279866258331091e-10,2.084312142964974551e-09,5.141622800913445146e-09,1.870912501365871311e-08,2.660849742297066549e-08,3.111213648716209049e-08,2.651065742764204501e-08,1.319607603460118232e-08,8.071869408716580291e-09,2.717355952720160867e-09,1.643594232177310321e-09,8.467260226296957626e-10,7.710963629225207894e-10,1.013799711741718637e-09,1.369195134820391097e-09,2.766461320929339968e-09,3.808358291104794319e-09,5.928424914798972531e-09,6.549844724397643411e-09,6.266804244238260643e-09,5.525021885068341285e-09,3.774826937385762984e-09,3.049865313965206826e-09,2.117563129727141613e-09,1.887578326254619673e-09,1.798940229609134397e-09,1.914863482051698193e-09,2.418365271765216679e-09,2.772991689731479220e-09,3.505649989808505562e-09,3.783132024228613721e-09,3.954446300551443458e-09,3.838608593178171810e-09,3.361998289816816102e-09,3.095798511586114049e-09,2.645629233483798304e-09,2.501304031493579647e-09,2.401270028467000078e-09,2.438152373952003765e-09,2.644174022179692982e-09,2.790351837664382245e-09,3.077218367299921001e-09,3.182746022626064403e-09,3.259323296092618907e-09,3.231333548122088811e-09,3.068878521613046736e-09,2.965482375015104227e-09,2.781876019553866305e-09,2.716210547443458773e-09,2.668761785781098572e-09,2.686468981245773019e-09,2.783836694503086587e-09,2.846060982752193075e-09,2.958131415032238740e-09,2.995337343799807026e-09,3.019184328462371295e-09,3.004800121502067267e-09,2.943427915519467725e-09,2.904985855735559355e-09,2.833198822684707130e-09,2.808813360529295935e-09,2.796362273492893416e-09,2.807662305122707314e-09,2.851620628567747354e-09,2.875960345577206062e-09,2.914810758508417851e-09,2.924376138192493271e-09,2.923065515358274150e-09,2.913851343452336304e-09,2.883709536243526939e-09,2.868306801274977946e-09,2.849244653581328723e-09,2.844929553735961111e-09
1.000000000000000000e+02,-2.134555554749995021e-04,5.461188978259968758e-07,1.066724250523275750e-06,2.307880422367121747e-06,3.110052070540928870e-06,5.258440683804941132e-06,6.712722223871662921e-06,1.078360158972505186e-05,1.364118301347446555e-05,2.192029012944648894e-05,2.789921385265684050e-05,4.511848974970877522e-05,5.688601220760601692e-05,8.564690677936235815e-05,1.001802079781950971e-04,1.162417659847880092e-04,1.133547106002460168e-04,8.240527708473180824e-05,6.055474501971233495e-05,2.291911723961204995e-05,1.147887988165106053e-05,1.808035423903970240e-06,5.569797946222525276e-07,3.283100872446872293e-08,6.062047455213191022e-09,1.695589818995636017e-10,6.918170639765193475e-11,1.034354487640647829e-10,2.370766700088202533e-10,1.742741117730225650e-09,4.344357986795898546e-09,1.605015509696184131e-08,2.292283844137306056e-08,2.685349259769860206e-08,2.283864380025948243e-08,1.127509618211851999e-08,6.857210376967235940e-09,2.279424577637367139e-09,1.370742879364681213e-09,7.008113243097812556e-10,6.375331675881508453e-10,8.408291464348863209e-10,1.139512330035428317e-09,2.321132871330048100e-09,3.207165832008144341e-09,5.018323193274739843e-09,5.550799917527615007e-09,5.308205439818244192e-09,4.673027568445316596e-09,3.178624219819228477e-09,2.561827581668008058e-09,1.771231565740995564e-09,1.576770884594968364e-09,1.501897680793737658e-09,1.599831559383983054e-09,2.025950301346845367e-09,2.326712119764826406e-09,2.949457993757422652e-09,3.185730801662407796e-09,3.331707336233502570e-09,3.232996920388619619e-09,2.827232406684126315e-09,2.600888980043829929e-09,2.218649391565489723e-09,2.096257703553851270e-09,2.011474775967785761e-09,2.042730196176152993e-09,2.217417989513765370e-09,2.341460642670163683e-09,2.585105430121057563e-09,2.674801709875822275e-09,2.739913023812887496e-09,2.716112606582308381e-09,2.578019951595539316e-09,2.490173603425646295e-09,2.334268894605036337e-09,2.278539510227380743e-09,2.238280316950100324e-09,2.253303716493815570e-09,2.335933905995516563e-09,2.388757684170482454e-09,2.483930979332209590e-09,2.515536698974134289e-09,2.535796758554656471e-09,2.523576057920483978e-09,2.471442319079784206e-09,2.438793443560426100e-09,2.377838211812914604e-09,2.357136312498104777e-09,2.346566882726599731e-09,2.356159265468667913e-09,2.393478873105071847e-09,2.414145627599884741e-09,2.447137586753661553e-09,2.455261351570975706e-09,2.454148265629198938e-09,2.446322839368434907e-09,2.420725965003329289e-09,2.407646934794206717e-09,2.391461703199568994e-09,2.387798035468832736e-09
1.010000000000000000e+02,-2.042313528460747087e-04,5.478872206681557801e-07,1.069237702935865991e-06,2.311825640654381533e-06,3.114749603872569777e-06,5.264054300943077965e-06,6.718218586604992205e-06,1.078502525954827714e-05,1.363719331371851290e-05,2.188868102873236794e-05,2.783595686485938118e-05,4.491842006735532284e-05,5.654856526727516843e-05,8.480181259966086248e-05,9.892312523916973067e-05,1.139833066381179018e-04,1.106665118987496671e-04,7.955677050612105952e-05,5.805589070981376589e-05,2.160010782690339483e-05,1.070535404447923999e-05,1.644015958890079508e-06,4.993757323581190632e-07,2.840368636155394221e-08,5.151847893523084712e-09,1.380723951512931313e-10,5.577426086082748480e-11,8.376754701672727010e-11,1.937928129872468902e-10,1.457145532896995596e-09,3.670717197567932924e-09,1.376907972060474779e-08,1.974769265694837142e-08,2.317776977330400327e-08,1.967524044328618910e-08,9.633755693465480274e-09,5.825332909461817393e-09,1.912070298967782911e-09,1.143187122385185689e-09,5.800417469470700582e-10,5.271046537886226596e-10,6.973700455807901183e-10,9.483587307384383491e-10,1.947490447227508137e-09,2.700877994670468352e-09,4.247935011099336286e-09,4.704138221805435199e-09,4.496237557375130575e-09,3.952415707003317791e-09,2.676586388021106461e-09,2.151885049545085998e-09,1.481542983048722908e-09,1.317140604185440891e-09,1.253902867794738293e-09,1.336628259029221111e-09,1.697210120599028371e-09,1.952255573048561690e-09,2.481508756048715278e-09,2.682665881212527303e-09,2.807035738642800829e-09,2.722931304911802020e-09,2.377527050939371583e-09,2.185097785790133043e-09,1.860579830313549912e-09,1.756801913010063929e-09,1.684954264628097872e-09,1.711437759360171645e-09,1.859537900153777554e-09,1.964783454802467716e-09,2.171691536480670551e-09,2.247921468867715433e-09,2.303276345772811359e-09,2.283040879177272720e-09,2.165672518161972093e-09,2.091047210573846946e-09,1.958681990769017486e-09,1.911391416805708135e-09,1.877236873869432554e-09,1.889981577490873477e-09,1.960095723533769596e-09,2.004933294418639184e-09,2.085746480585438933e-09,2.112591408341864263e-09,2.129801807110960274e-09,2.119420563828416579e-09,2.075140414240167833e-09,2.047415329181449806e-09,1.995664290451500816e-09,1.978091832395773367e-09,1.969120870510101054e-09,1.977262595407452972e-09,2.008941934247138184e-09,2.026487691412018344e-09,2.054500950577709331e-09,2.061399464049328695e-09,2.060454265675549027e-09,2.053809146460462004e-09,2.032074745804282948e-09,2.020970314248150476e-09,2.007229606403601943e-09,2.004119434181840173e-09
1.020000000000000000e+02,-1.956717031837669561e-04,5.496539285485967270e-07,1.071748934285794101e-06,2.315829712248526368e-06,3.119438712878493418e-06,5.269652095261245393e-06,6.723694174980067873e-06,1.078641627662058370e-05,1.363316719556325815e-05,2.185706737424899290e-05,2.777278739750360789e-05,4.471916632189018299e-05,5.621304109003022139e-05,8.396496633596614557e-05,9.768172424794703090e-05,1.117686457447820053e-04,1.080419947006203786e-04,7.680668990589160753e-05,5.566012938351542257e-05,2.035700100281188289e-05,9.983950521194037480e-06,1.494875457316689618e-06,4.477291045522227911e-07,2.457339202309666640e-08,4.378311539682917461e-09,1.124327555970111581e-10,4.496517803822923376e-11,6.783942098397346965e-11,1.584114073911128268e-10,1.218352370651199640e-09,3.101531363008426523e-09,1.181219260801952796e-08,1.701234763229909214e-08,2.000517863379723017e-08,1.695000027504165938e-08,8.231347363728313063e-09,4.948732228746231115e-09,1.603918947011779075e-09,9.534075437770891948e-10,4.800841081826264650e-10,4.358036417905029186e-10,5.783873123282531892e-10,7.892711004079192016e-10,1.633994554218294246e-09,2.274513140847330903e-09,3.595812457713636404e-09,3.986616935739350706e-09,3.808471480456349090e-09,3.342926460306186801e-09,2.253841005077665202e-09,1.807541071246338005e-09,1.239233383742771241e-09,1.100260750238647722e-09,1.046857047392029533e-09,1.116726839174792332e-09,1.421812649820414221e-09,1.638063094156838942e-09,2.087802162897096567e-09,2.259040575181567659e-09,2.364988172692036178e-09,2.293337715070968910e-09,1.999352446270660430e-09,1.835776788341927229e-09,1.560299163743533724e-09,1.472315402163996631e-09,1.411437263614846727e-09,1.433874515486838891e-09,1.559417621996381925e-09,1.648703112428666698e-09,1.824391132740008081e-09,1.889168140716337985e-09,1.936222457864754387e-09,1.919020169415799545e-09,1.819278687659013627e-09,1.755892752893081429e-09,1.643527263936461758e-09,1.603402788633804393e-09,1.574430928078657255e-09,1.585241175415703918e-09,1.644727474223520169e-09,1.682781364747238870e-09,1.751392356635168499e-09,1.774190690033167900e-09,1.788808603927485516e-09,1.779991072993567652e-09,1.742386242502714372e-09,1.718845405200217225e-09,1.674914359929471214e-09,1.660000184837071013e-09,1.652386920488694427e-09,1.659296485585423642e-09,1.686184548677647013e-09,1.701078718694976760e-09,1.724861547970808762e-09,1.730718855421286770e-09,1.729916324446668929e-09,1.724274209714436387e-09,1.705821813907356169e-09,1.696395074760048693e-09,1.684731177915149702e-09,1.682091218781689088e-09
1.030000000000000000e+02,-1.877527537431432456e-04,5.514133793242355971e-07,1.074257968311666646e-06,2.319935731796087018e-06,3.124119448960860313e-06,5.275234141829439208e-06,6.729149077199501373e-06,1.078777475454188338e-05,1.362910478006093096e-05,2.182544918702544073e-05,2.770970510220896227e-05,4.452072394129863247e-05,5.587942642871679866e-05,8.313628123500666227e-05,9.645579986729988723e-05,1.095969164698518166e-04,1.054796296204588081e-04,7.415161245563048386e-05,5.336318884351226306e-05,1.918541923211033074e-05,9.311151594650914597e-06,1.359263062868727896e-06,4.014234112545964940e-07,2.125958917611504850e-08,3.720913616800511012e-09,9.155414138406134383e-11,3.625082688456932045e-11,5.493986529278051256e-11,1.294894527974904674e-10,1.018690217520924063e-09,2.620599808851728149e-09,1.013340631412086405e-08,1.465586594396944484e-08,1.726682852528174140e-08,1.460221429945454501e-08,7.033079856537003891e-09,4.204036316334328061e-09,1.345427293013290448e-09,7.951317162200113864e-10,3.973512776678320840e-10,3.603164261368422411e-10,4.797041099850046786e-10,6.568693252631714607e-10,1.370961089878358630e-09,1.915451689946633118e-09,3.043795629523735405e-09,3.378533522553888585e-09,3.225904130437330999e-09,2.827419923705351210e-09,1.897861674781710362e-09,1.518296322596934117e-09,1.036552247545485458e-09,9.190906393699745103e-10,8.739973270934994765e-10,9.330018608014970655e-10,1.191100440527852536e-09,1.374433830311251603e-09,1.756556568466771315e-09,1.902307614790000809e-09,1.992550217053482009e-09,1.931517341007644648e-09,1.681328265740016092e-09,1.542297421800722587e-09,1.308478819733857254e-09,1.233894893784516153e-09,1.182317972610877690e-09,1.201324774277286525e-09,1.307733036388838282e-09,1.383469151901555588e-09,1.532628959209853328e-09,1.587666762138282769e-09,1.627660116469654625e-09,1.613038203847989502e-09,1.528287070409316967e-09,1.474454562594819731e-09,1.379079021227198887e-09,1.345039049837617670e-09,1.320466547411781877e-09,1.329634798205754642e-09,1.380097819147574692e-09,1.412390271334244482e-09,1.470634126521201679e-09,1.489993391797124478e-09,1.502407762977477079e-09,1.494919353535245285e-09,1.462987572395640229e-09,1.443002032452825670e-09,1.405714041507024128e-09,1.393057619155898055e-09,1.386597391132794385e-09,1.392460527145731458e-09,1.415279069475914794e-09,1.427920768903639601e-09,1.448109468465573133e-09,1.453082090606015384e-09,1.452400778963712502e-09,1.447610883757981942e-09,1.431946878535953968e-09,1.423945374698191990e-09,1.414045647799488589e-09,1.411805096115416325e-09
1.040000000000000000e+02,-1.804512448384303568e-04,5.530117917163998587e-07,1.076764761688575080e-06,2.324036895133297373e-06,3.128791738421949362e-06,5.280800366531761530e-06,6.734583235672424867e-06,1.078910077049910379e-05,1.362500629654872400e-05,2.179382733159454912e-05,2.764671131379309028e-05,4.432309366031694483e-05,5.554771699498535823e-05,8.231569341074984007e-05,9.524518204946916852e-05,1.074736366160546102e-04,1.029779910980422995e-04,7.158830323647367077e-05,5.116103317666181004e-05,1.808126723658255892e-05,8.683693917259995313e-06,1.235953910866838690e-06,3.599070804758775031e-07,1.839268386102628841e-08,3.162227220121537410e-09,7.455278405797509389e-11,2.922538838538712991e-11,4.449321656550472848e-11,1.058480974852789303e-10,8.517496886560529251e-10,2.214245721808083892e-09,8.693224821205644548e-09,1.262580912693087032e-08,1.490332633623486606e-08,1.257964041202937200e-08,6.009255977724873091e-09,3.571408463669961675e-09,1.128596405783680034e-09,6.631323391066094169e-10,3.288762917053912604e-10,2.979051020625400614e-10,3.978586296949759155e-10,5.466790222819015860e-10,1.150271255388702826e-09,1.613074978169641571e-09,2.576525963285739018e-09,2.863205570747574813e-09,2.732453503100171904e-09,2.391411901456978045e-09,1.598109139352944449e-09,1.275338633446388217e-09,8.670216018118008516e-10,7.677533108774777654e-10,7.296817138143993353e-10,7.795046276211706204e-10,9.978264632203200091e-10,1.153234593432618527e-09,1.477867644152650387e-09,1.601909809499386245e-09,1.678766040134720139e-09,1.626783686952586530e-09,1.413892124012923121e-09,1.295737416993035518e-09,1.097301910170074904e-09,1.034084665498587879e-09,9.903931433373047016e-10,1.006492032513267576e-09,1.096671025665281116e-09,1.160906161050976118e-09,1.287528085937381800e-09,1.334285298134479936e-09,1.368273126528193884e-09,1.355846033373759446e-09,1.283841043187277514e-09,1.238127621098778636e-09,1.157182894808133494e-09,1.128308259296757418e-09,1.107469591726806257e-09,1.115244312047472541e-09,1.158047587999314759e-09,1.185447579265001480e-09,1.234884787850755450e-09,1.251321767368031648e-09,1.261863484932007964e-09,1.255504620054212137e-09,1.228393337298749194e-09,1.211428203384086119e-09,1.179782563770536211e-09,1.169043407949410182e-09,1.163562250320942723e-09,1.168536833024173480e-09,1.187899434796756831e-09,1.198628009672041139e-09,1.215763659802868504e-09,1.219984707793173376e-09,1.219406375489251806e-09,1.215340467587006090e-09,1.202045101395552221e-09,1.195254172546567073e-09,1.186852800852964199e-09,1.184951459003158458e-09
1.050000000000000000e+02,-1.737444877857338785e-04,5.546088805497885205e-07,1.079269338173340564e-06,2.328133242732692695e-06,3.133455632719513552e-06,5.286350844510144965e-06,6.739976911830067351e-06,1.079039443789634985e-05,1.362087186545089704e-05,2.176220182553093713e-05,2.758380567759302409e-05,4.412627091078039879e-05,5.521789962255102460e-05,8.150311753288255105e-05,9.404967026566655747e-05,1.054027765637250590e-04,1.005356195807560976e-04,6.911356927890118700e-05,4.904973277432511615e-05,1.704065495607574236e-05,8.098516642784004023e-06,1.123830788630743533e-06,3.226844106043904974e-07,1.591238446078100700e-08,2.687425823652729584e-09,6.070852430787795906e-11,2.356148208395442145e-11,3.603296139112824314e-11,8.652301707674954490e-11,7.121668653832079893e-10,1.870901197040340108e-09,7.457723725324888128e-09,1.087694364760335812e-08,1.286334061023717418e-08,1.083721427468141776e-08,5.134471969012004144e-09,3.033978630801554763e-09,9.467101337622737395e-10,5.530460233651654511e-10,2.722014644392610483e-10,2.463041668407731088e-10,3.299772986862896385e-10,4.549731556671536559e-10,9.651067212112021676e-10,1.358431801236608533e-09,2.180989073694537816e-09,2.426480249530498651e-09,2.314483222968805737e-09,2.022639068711105936e-09,1.345699989050049006e-09,1.071258859126466428e-09,7.252179994227982152e-10,6.413350704995678109e-10,6.091955995375913230e-10,6.512606255334747046e-10,8.359139746225759809e-10,9.676346727734760206e-10,1.243394311665514673e-09,1.348948314622332514e-09,1.414395967372101409e-09,1.370127365024880611e-09,1.188994843743683069e-09,1.088593665053315049e-09,9.202069497290122496e-10,8.666304906503313060e-10,8.296232115461051049e-10,8.432574467257675233e-10,9.196733023839488014e-10,9.741474268410744985e-10,1.081624038679887198e-09,1.121341728076586525e-09,1.150222365026458068e-09,1.139661904371635018e-09,1.078493438896573411e-09,1.039679225524337003e-09,9.709900828530366318e-10,9.464999095360089598e-10,9.288298269351149411e-10,9.354220367318189649e-10,9.717238866585164309e-10,9.949698625763558901e-10,1.036926985817582594e-09,1.050881125175262554e-09,1.059831595910925434e-09,1.054432543286677043e-09,1.031416804069852644e-09,1.017017329482975893e-09,9.901634683072250975e-10,9.810522319379007955e-10,9.764023196738580435e-10,9.806225027960899232e-10,9.970506084167399252e-10,1.006154489179055325e-09,1.020697045764004662e-09,1.024279684723808370e-09,1.023788825173536574e-09,1.020337888344487881e-09,1.009054338810310217e-09,1.003291523536502250e-09,9.961625804300912324e-10,9.945492867571761181e-10
1.060000000000000000e+02,-1.676103439066153466e-04,5.562046466109631538e-07,1.081771699154636347e-06,2.332224778454574819e-06,3.138111141554939714e-06,5.291885601061248811e-06,6.745273127394430272e-06,1.079165585764576586e-05,1.361670164275652264e-05,2.173057296640101962e-05,2.752098839872872877e-05,4.393025290201247744e-05,5.488996417508476577e-05,8.069847642898364537e-05,9.286907730938718521e-05,1.033717444376446362e-04,9.815111257268240681e-05,6.672435109977928889e-05,4.702554010996864943e-05,1.605992627697525022e-05,7.552770938028664609e-06,1.021878978123090921e-06,2.893113546067257059e-07,1.376655706724033527e-08,2.283914426126024827e-09,4.943510084252054904e-11,1.899524325809850978e-11,2.918139495777967440e-11,7.072617822347429528e-11,5.954584684760098195e-10,1.580795973044361521e-09,6.397813776887672707e-09,9.370320829671504800e-09,1.110258868828738373e-08,9.336132741953693387e-09,4.387031955728004987e-09,2.577421466846366999e-09,7.941368021079781014e-10,4.612350211507555697e-10,2.252933046554845414e-10,2.036411377525325361e-10,2.736776176775340685e-10,3.786509702248704035e-10,8.097488651283811512e-10,1.143986921305854138e-09,1.846172975020383966e-09,2.056368409591741858e-09,1.960447544021659896e-09,1.710733383024267557e-09,1.133156767718765043e-09,8.998358094346355085e-10,6.066066499479418062e-10,5.357327758769448584e-10,5.086042548219354281e-10,5.441152306549876944e-10,7.002741412730131149e-10,8.119048163000939372e-10,1.046121544262274689e-09,1.135932416732781183e-09,1.191658398314813377e-09,1.153963325611385982e-09,9.998701475610015377e-10,9.145649227900506245e-10,7.716934573450372203e-10,7.262928475055153293e-10,6.949508649209575062e-10,7.064964187134849249e-10,7.712420935722906490e-10,8.174330537002831576e-10,9.086484398289438463e-10,9.423824762536635313e-10,9.669204675214621014e-10,9.579473112648027866e-10,9.059906056711058975e-10,8.730382172403294838e-10,8.147559086820257979e-10,7.939868723974043141e-10,7.790053342790394936e-10,7.845942343086623194e-10,8.153785573973820061e-10,8.350979812451076595e-10,8.707026148528380222e-10,8.825475617511586296e-10,8.901460876991479365e-10,8.855625100410990935e-10,8.660259161815016260e-10,8.538055261441464955e-10,8.310205442893254385e-10,8.232913613814753923e-10,8.193470938072482113e-10,8.229268628839013500e-10,8.368635751824365920e-10,8.445878933022437501e-10,8.569283148471187189e-10,8.599687436228360682e-10,8.595521752859363457e-10,8.566235382167532164e-10,8.470485059891563751e-10,8.421587263001458629e-10,8.361102054579763049e-10,8.347414818285318894e-10
1.070000000000000000e+02,-1.620272045527671931e-04,5.577990906859974386e-07,1.084271846020376734e-06,2.336311506156589285e-06,3.142758274619938171e-06,5.297456113515771952e-06,6.750548538371519336e-06,1.079288513041817984e-05,1.361249578398266596e-05,2.169894105004483635e-05,2.745825967961372971e-05,4.373503684894669184e-05,5.456390056474735351e-05,7.990169365715697508e-05,9.170321827533983229e-05,1.013797758078495144e-04,9.582310072570018108e-05,6.441769484920419270e-05,4.508486219261068637e-05,1.513563543991281596e-05,7.043799910786487138e-06,9.291758069898063254e-07,2.593897876393522380e-07,1.191009798865382517e-08,1.940989105824342947e-09,4.025511860157073019e-11,1.531394398768780307e-11,2.363263136074579551e-11,5.781342050058257964e-11,4.978759188505998273e-10,1.335674757537048951e-09,5.488539874242423858e-09,8.072386860466431585e-09,9.582849241045058100e-09,8.042967238915251990e-09,3.748398333831013188e-09,2.189567281472978508e-09,6.661523330024100853e-10,3.846654783167414299e-10,1.864687463140092538e-10,1.683678663882189758e-10,2.269835771434320498e-10,3.151318590571740991e-10,6.793996061538968428e-10,9.633946114549329226e-10,1.562756167527989959e-09,1.742709580999533478e-09,1.660566790735555631e-09,1.446925604694669285e-09,9.541830101381359314e-10,7.558437962432336399e-10,5.073944302636922837e-10,4.475188998130825990e-10,4.246226506803181533e-10,4.545973291542309419e-10,5.866438597922074560e-10,6.812378177030193466e-10,8.801472798193946123e-10,9.565542631801478984e-10,1.003997152749331809e-09,9.719031896556623584e-10,8.408280049055239652e-10,7.683572852946150833e-10,6.471486703181310307e-10,6.086806639228267701e-10,5.821397312767359611e-10,5.919154558858830129e-10,6.467669304852444179e-10,6.859297470838444932e-10,7.633353500072909137e-10,7.919839035345870026e-10,8.128298311933356696e-10,8.052062726434869311e-10,7.610791365349461185e-10,7.331065165463914596e-10,6.836600125804167399e-10,6.660487272391185654e-10,6.533481197463358869e-10,6.580858661828226097e-10,6.841882785422071650e-10,7.009142295971541869e-10,7.311246993295470592e-10,7.411781067904500697e-10,7.476281538841035579e-10,7.437373281528412289e-10,7.271558627040992928e-10,7.167859848689842744e-10,6.974555864759039020e-10,6.908995699226976039e-10,6.875542458235819193e-10,6.905904353688048503e-10,7.024122281810551288e-10,7.089652843744395638e-10,7.194358312757366536e-10,7.220158137273731402e-10,7.216623330820112758e-10,7.191772308972124716e-10,7.110529505688703567e-10,7.069044223953230982e-10,7.017731699302930809e-10,7.006120735105446362e-10
1.080000000000000000e+02,-1.569739721134421283e-04,5.593922135606126892e-07,1.086769780157689986e-06,2.340393429693671127e-06,3.147397041596651165e-06,5.303140030845114247e-06,6.755803185278566039e-06,1.079408235664348296e-05,1.360825444417549605e-05,2.166730637058374978e-05,2.739561971997208040e-05,4.354061997215329300e-05,5.423969875201206919e-05,7.911269349927419901e-05,9.055191053143487147e-05,9.942612088348873171e-05,9.355024705708194280e-05,6.219074866496083543e-05,4.322425419597155489e-05,1.426453493826883626e-05,6.569125678578490151e-06,8.448822992610568322e-07,2.325627579790993677e-07,1.030398573802497782e-08,1.649553085542477399e-09,3.277983285743073238e-11,1.234608292335903634e-11,1.913894756111304829e-11,4.725818919678291541e-11,4.162849386491092318e-10,1.128562318575797307e-09,4.708493524653405149e-09,6.954235542158898956e-09,8.271132611090527623e-09,6.928919341688292641e-09,3.202732022866911291e-09,1.860077665434859903e-09,5.587939785097872231e-10,3.208071838235217188e-10,1.543347611439749995e-10,1.392043606578650949e-10,1.882563042899989408e-10,2.622681095465050766e-10,5.700332233690187655e-10,8.113108805921868255e-10,1.322848126666335139e-09,1.476893049967998445e-09,1.406557216131112259e-09,1.223798754663388971e-09,8.034767168545349503e-10,6.348933360652859320e-10,4.244085851257562575e-10,3.738302852495344053e-10,3.545081809488634383e-10,3.798068677596765086e-10,4.914517717476488134e-10,5.716001260909573528e-10,7.405058449023657619e-10,8.055020767690386496e-10,8.458884964549807928e-10,8.185664543652708403e-10,7.070834445841063520e-10,6.455231500431066888e-10,5.427042765648783934e-10,5.101139261161607291e-10,4.876411181049724458e-10,4.959173832762113487e-10,5.423814440923182406e-10,5.755817507183992598e-10,6.412609588842856090e-10,6.655879387679371206e-10,6.832953257569253369e-10,6.768191080014970135e-10,6.393458852615996335e-10,6.156031592688751553e-10,5.736576298893698161e-10,5.587256625785332054e-10,5.479599222285580495e-10,5.519756891413530459e-10,5.741057657754084637e-10,5.882910692877468817e-10,6.139217195320813975e-10,6.224535969122368950e-10,6.279281356490716559e-10,6.246257319155682636e-10,6.105539802035708785e-10,6.017553834511326499e-10,5.853576379849772388e-10,5.797973443044147912e-10,5.769603315074200989e-10,5.795351934619313167e-10,5.895618828473826040e-10,5.951206544707252077e-10,6.040036599130535477e-10,6.061926804707545857e-10,6.058927667310781695e-10,6.037842640953510615e-10,5.968917008336745156e-10,5.933724517596591919e-10,5.890198513669193253e-10,5.880349969163232299e-10
1.090000000000000000e+02,-1.524300419686129679e-04,5.609840301986149247e-07,1.089265525182261246e-06,2.344470589227569055e-06,3.152027493381486011e-06,5.308808182815142294e-06,6.761037155114392157e-06,1.079524764675287066e-05,1.360415787535112554e-05,2.163566893850194070e-05,2.733306815986614232e-05,4.334699777607094130e-05,5.391734588127731977e-05,7.833139402637173091e-05,8.941496362347030585e-05,9.751002732446443437e-05,9.133122664834612467e-05,6.004074032928813625e-05,4.144039778707904280e-05,1.344355701184921526e-05,6.126433499775913501e-06,7.682349323522485920e-07,2.085100262291447997e-07,8.914449351165708996e-09,1.401873396094646326e-09,2.669263836113829058e-11,9.953376474804501162e-12,1.549969484357371918e-11,3.862999446691516015e-11,3.480643274143303822e-10,9.535635685470160439e-10,4.039303287223195912e-09,5.990956584853634678e-09,7.138955351052240009e-09,5.969171534961131495e-09,2.736495807107970982e-09,1.580167626521328250e-09,4.687368915592699664e-10,2.675495287287037866e-10,1.277381620346917240e-10,1.150921421968348346e-10,1.561362825055340187e-10,2.182719288786830886e-10,4.782712794868752143e-10,6.832342942005974890e-10,1.119767967233805880e-09,1.251619632832963805e-09,1.191400418642032943e-09,1.035078045383231934e-09,6.765722522972163894e-10,5.332965139913554975e-10,3.549947009528348074e-10,3.122747168000147150e-10,2.959706217630676817e-10,3.173203963859668603e-10,4.117053698828032626e-10,4.796065871922119972e-10,6.230184340975074286e-10,6.783018270868114430e-10,7.126774673876790089e-10,6.894204293008635714e-10,5.946116782274118301e-10,5.423250827910584826e-10,4.551155550786434995e-10,4.275078625251473724e-10,4.084817389394569676e-10,4.154877602450916807e-10,4.548425594226145757e-10,4.829850087581522011e-10,5.387080758421144283e-10,5.593630752814479634e-10,5.744027745850990851e-10,5.689018369619321808e-10,5.370827364933276199e-10,5.169325260814122691e-10,4.813540460050624165e-10,4.686951844700987940e-10,4.595705600741930436e-10,4.629739896034983093e-10,4.817341608899430166e-10,4.937633965433098349e-10,5.155060898553304183e-10,5.227459047769424105e-10,5.273919525920767182e-10,5.245892943943255421e-10,5.126487262854025756e-10,5.051841567684303702e-10,4.912756958511642347e-10,4.865604208328499353e-10,4.841547508770745883e-10,4.863381373239761968e-10,4.948413563404720911e-10,4.995561788670097036e-10,5.070915050711666261e-10,5.089486016603052970e-10,5.086941654583801431e-10,5.069053908449226015e-10,5.010584567155702829e-10,4.980733658897871369e-10,4.943816709365809331e-10,4.935463999023847331e-10
1.100000000000000000e+02,-1.483752853520946160e-04,5.625745130160577333e-07,1.091759038001363863e-06,2.348542915946112480e-06,3.156649557115080934e-06,5.314460493557968818e-06,6.766250394988037849e-06,1.079638107992939521e-05,1.360007775397890635e-05,2.160402960833964327e-05,2.727060630846632537e-05,4.315417094326903487e-05,5.359683775389982759e-05,7.755773487133034905e-05,8.829221964404004462e-05,9.563080792719274887e-05,8.916480451095654006e-05,5.796504981479271728e-05,3.973015816432049505e-05,1.266983170997962489e-05,5.713576017607653341e-06,6.985413969140747466e-07,1.869450800521144530e-07,7.712493663950426709e-09,1.191384237358289466e-09,2.173586874723576479e-11,8.024397742415964596e-12,1.255246441186387563e-11,3.157715023705334745e-11,2.910241019254532907e-10,8.057018050509120316e-10,3.465225221349621521e-09,5.161113966078599222e-09,6.161760882208771814e-09,5.142367546161989017e-09,2.338134599534592503e-09,1.342381019818657262e-09,3.931942587004962769e-10,2.231335802433710713e-10,1.057251333464077903e-10,9.515665810649540091e-11,1.294967302335227333e-10,1.816564966484156274e-10,4.012814182774871591e-10,5.753771530677288110e-10,9.478654002372053494e-10,1.060709015331682062e-09,1.009156841858677156e-09,8.754609289026923924e-10,5.697123951525946695e-10,4.479580351134711952e-10,2.969341907229326727e-10,2.608553793163968099e-10,2.470993386576199324e-10,2.651146914034539087e-10,3.448996702657986663e-10,4.024190925692831822e-10,5.241721065443044614e-10,5.711890974037427821e-10,6.004454177789553260e-10,5.806506992887469631e-10,5.000308571335380231e-10,4.556256552330339299e-10,3.816635904345909436e-10,3.582792469007754083e-10,3.421728883307856295e-10,3.481029936145633302e-10,3.814327537360936299e-10,4.052853455399282878e-10,4.525564740120134599e-10,4.700918840663554504e-10,4.828644309753677560e-10,4.781923987914969004e-10,4.511771759419403588e-10,4.340777151514828985e-10,4.039030136282310834e-10,3.931723600663315776e-10,3.854395020383774573e-10,3.883236588731776850e-10,4.042253953979481340e-10,4.144251866320097094e-10,4.328677330044539834e-10,4.390105010478127096e-10,4.429530180150020868e-10,4.405747327563842158e-10,4.304436550576183629e-10,4.241115230817389670e-10,4.123157105182569809e-10,4.083174581868270758e-10,4.062777657430193673e-10,4.081289988312839651e-10,4.153394596024921614e-10,4.193380388208770709e-10,4.257294685240751303e-10,4.273048036284102236e-10,4.270889718542992403e-10,4.255716037817464104e-10,4.206121998276152879e-10,4.180804607676821827e-10,4.149496511099328572e-10,4.142413193876631067e-10
1.110000000000000000e+02,-1.447900330900363816e-04,5.641636769876975759e-07,1.094250342248870474e-06,2.352610450048455088e-06,3.161339450202219244e-06,5.320097038766030077e-06,6.771478491529825351e-06,1.079748276640933959e-05,1.359596153617732058e-05,2.157238838720201379e-05,2.720823379974762952e-05,4.296213498250359489e-05,5.327816159356177426e-05,7.679163545113415316e-05,8.718349242106450414e-05,9.378773792124657017e-05,8.704971623510541741e-05,5.596109108867267133e-05,3.809048311074315169e-05,1.194063290546848281e-05,5.328539130427340995e-06,6.351702309572565801e-07,1.676104291812696278e-07,6.679949461467233479e-09,1.012499539478029995e-09,1.769955885956749075e-11,6.469256960640532017e-12,1.016564149481855028e-11,2.581197042672740694e-11,2.433314996437389854e-10,6.807677170464834782e-10,2.972736362898565493e-09,4.446216946620571223e-09,5.318325807849265396e-09,4.430085352350550051e-09,1.997763886014015250e-09,1.140376806494595302e-09,3.298261868429821358e-10,1.860911043045487129e-10,8.750558204472305701e-11,7.867425282212167637e-11,1.074023312506219158e-10,1.511833342435035810e-10,3.366849725178113623e-10,4.845465471458969275e-10,8.023525450268596815e-10,8.989180190412549704e-10,8.547901766292088921e-10,7.404579045180645358e-10,4.797302331316193047e-10,3.762754228477886015e-10,2.483696248342139035e-10,2.179027482269221133e-10,2.062977532129185027e-10,2.214978619627123307e-10,2.889342081563439635e-10,3.376540406324103627e-10,4.410083893934598626e-10,4.809907963999708602e-10,5.058875326296747438e-10,4.890414754740984166e-10,4.204942989399947095e-10,3.827864751787622005e-10,3.200661307712661385e-10,3.002611439920175457e-10,2.866279129461971747e-10,2.916468014898913885e-10,3.198709556235211637e-10,3.400854768154451535e-10,3.801824047635141146e-10,3.950678125841464855e-10,4.059138191585612288e-10,4.019462082236694572e-10,3.790120218268976798e-10,3.645029580088849502e-10,3.389139899170716397e-10,3.298187969751845833e-10,3.232661112265774322e-10,3.257099645873583194e-10,3.391873763195635272e-10,3.478350381704888028e-10,3.634766885802880043e-10,3.686880942958912361e-10,3.720332592883381084e-10,3.700153022791630858e-10,3.614204097677001237e-10,3.560494820525374193e-10,3.460464692572884360e-10,3.426565640387777001e-10,3.409273547608400456e-10,3.424967985545153415e-10,3.486103959215829107e-10,3.520011806448959668e-10,3.574217901085741805e-10,3.587579718977024212e-10,3.585749065292825888e-10,3.572879010065119904e-10,3.530817493848509292e-10,3.509347372432098516e-10,3.482798768079855417e-10,3.476792563431637534e-10
1.120000000000000000e+02,-1.416550601813174471e-04,5.657515228976023585e-07,1.096732413163366152e-06,2.356673195378744100e-06,3.166132985282023608e-06,5.325662956277041164e-06,6.776861993699974428e-06,1.079866997184624443e-05,1.359180937878396453e-05,2.154074556241080015e-05,2.714595082284625063e-05,4.277088713714716195e-05,5.296130755221775276e-05,7.603302287636174307e-05,8.608860814185549735e-05,9.198012332858959293e-05,8.498474683820420646e-05,5.402638623576478023e-05,3.651846184325074126e-05,1.125339842448898017e-05,4.969448249189135913e-06,5.775479045769108585e-07,1.502754154389667092e-07,5.785640618612315766e-09,8.604739906985670733e-10,1.441278205723678374e-11,5.215504189550607128e-12,8.232666447432340773e-12,2.109936192234117269e-11,2.034546593969888822e-10,5.752061206087000916e-10,2.550241151800169623e-09,3.830343952551575754e-09,4.590341131890159770e-09,3.816462484283961523e-09,1.706941885526360586e-09,9.687704399807556960e-10,2.766706140447730555e-10,1.551980384755392156e-10,7.242578512292076331e-11,6.504681122616699784e-11,8.907760897717935389e-11,1.258220744119239315e-10,2.824869247211331952e-10,4.080546465231194714e-10,6.791781904133369074e-10,7.618050457223069644e-10,7.240362479487769121e-10,6.262733221558056118e-10,4.039600751343588869e-10,3.160634739227206197e-10,2.077479233834975819e-10,1.820227012194232386e-10,1.722333901204870649e-10,1.850568727120374679e-10,2.420499976125110864e-10,2.833121896805845807e-10,3.710391453717182264e-10,4.050359374611033070e-10,4.262205183518281981e-10,4.118853712416735424e-10,3.536090354176128076e-10,3.215917763479351349e-10,2.684099702210656496e-10,2.516381903197584258e-10,2.400995263067765007e-10,2.443467763194040465e-10,2.682449583909108509e-10,2.853745286412155691e-10,3.193825472104158680e-10,3.320171196622648951e-10,3.412262189657084416e-10,3.378571693788724739e-10,3.183895352497790460e-10,3.060797227380073621e-10,2.843818236182137776e-10,2.766736266902446867e-10,2.711215708048938383e-10,2.731921245485453148e-10,2.846136352855146989e-10,2.919446013063820011e-10,3.052093595489347583e-10,3.096301578304171132e-10,3.124681847901239484e-10,3.107561406551911931e-10,3.034652542818240539e-10,2.989100932374554043e-10,2.904282764802645911e-10,2.875544534474208658e-10,2.860886168264999141e-10,2.874190268653629282e-10,2.926020809109960985e-10,2.954771601004768655e-10,3.000739356431511573e-10,3.012071529424464184e-10,3.010518955708172545e-10,2.999603924622173956e-10,2.963934554061666005e-10,2.945728948039374323e-10,2.923218620019384789e-10,2.918126264987806057e-10
1.130000000000000000e+02,-1.389515711874464128e-04,5.673380515294334115e-07,1.099208531643136155e-06,2.360731155778497551e-06,3.170918516153718942e-06,5.331195348181553412e-06,6.782224614998059531e-06,1.079995380913150566e-05,1.358762143816087632e-05,2.150910141960658633e-05,2.708375756429348040e-05,4.258042465633460794e-05,5.264626582925049545e-05,7.528182494847103848e-05,8.500739513184849970e-05,9.020728346430602243e-05,8.296871005910815933e-05,5.215854290266828063e-05,3.501130361791904896e-05,1.060571351312527633e-05,4.634555089317525219e-06,5.251529139317060065e-07,1.347332350078622905e-07,5.011060550503491223e-09,7.312747694443021834e-10,1.173635223294250407e-11,4.204730205507878349e-12,6.667241574370014190e-12,1.724715327695337808e-11,1.701127559671812561e-10,4.860130988252556877e-10,2.187791992979293970e-09,3.299778755577395528e-09,3.962003977285230572e-09,3.287833576004267275e-09,1.458455695324762172e-09,8.229876378366800249e-10,2.320816845722672300e-10,1.294335249060491605e-10,5.994467414311734077e-11,5.377981862468052265e-11,7.387939527725775890e-11,1.047151935746216261e-10,2.370134019873560566e-10,3.436379236720910058e-10,5.749130430889818483e-10,6.456059681270946010e-10,6.132831446728579522e-10,5.296968424322624769e-10,3.401572519479405948e-10,2.654866584819032260e-10,1.737700146807203555e-10,1.520506703130055509e-10,1.437937927365948165e-10,1.546111589993161284e-10,2.027734725463560539e-10,2.377160504302578553e-10,3.121709929942116657e-10,3.410753121992418646e-10,3.590993872702383238e-10,3.469021384440527239e-10,2.973627267273577790e-10,2.701800140764761687e-10,2.250906752383329684e-10,2.108889904069502497e-10,2.011240757542488017e-10,2.047179603029310180e-10,2.249511743329310476e-10,2.394651201506961535e-10,2.683059369839625730e-10,2.790289359429990595e-10,2.868473791828307640e-10,2.839868808049515053e-10,2.674634979368383653e-10,2.570206379540543318e-10,2.386239933134613050e-10,2.320919399321965532e-10,2.273881881669371358e-10,2.291422861731059329e-10,2.388205313033370941e-10,2.450346522908652958e-10,2.562825685719673230e-10,2.600323197596895314e-10,2.624398480650935728e-10,2.609874890258535168e-10,2.548033936080294770e-10,2.509404875192765283e-10,2.437492614703901800e-10,2.413131985630045245e-10,2.400707465666836876e-10,2.411984145397894075e-10,2.455921168742578736e-10,2.480296772545791117e-10,2.519274314442994378e-10,2.528884168859126674e-10,2.527567567137817273e-10,2.518311520958733257e-10,2.488065938444517650e-10,2.472630045049876990e-10,2.453545670127489642e-10,2.449228558680516254e-10
1.140000000000000000e+02,-1.366611864005813832e-04,5.689232636663912792e-07,1.101682439637313845e-06,2.364784335086577175e-06,3.175696051502360957e-06,5.336711828059974381e-06,6.787566395817414954e-06,1.080120541934739224e-05,1.358339787019594534e-05,2.147745624275616502e-05,2.702165420803226761e-05,4.239074479498637854e-05,5.233302667129435251e-05,7.453797015339659084e-05,8.393968382855326892e-05,8.846855068259211745e-05,8.100044768004661532e-05,5.035525134460908125e-05,3.356633278093820575e-05,9.995302356112344003e-06,4.322229161209340063e-06,4.775110619778955966e-07,1.207984714882474019e-07,4.340180265665705486e-09,6.214745670125518262e-10,9.556929656288556951e-12,3.389845560286194881e-12,5.399478309126362618e-12,1.409825828671031067e-11,1.422348613129738315e-10,4.106505227009782377e-10,1.876855048547204641e-09,2.842705006041472068e-09,3.419674553186043131e-09,2.832426047286347448e-09,1.246142402889496500e-09,6.991424542708742085e-10,1.946787891483892086e-10,1.079461767368450342e-10,4.961442170189726830e-11,4.446441611715042097e-11,6.127425655625198808e-11,8.714901760312199208e-11,1.988599805115807972e-10,2.893901729849549659e-10,4.866542549530113865e-10,5.471307968317462578e-10,5.194714473031117330e-10,4.480131789641114692e-10,2.864316198233820415e-10,2.230031660092716972e-10,1.453492920369236358e-10,1.270138440224392179e-10,1.200501935816507271e-10,1.291743811525011831e-10,1.698701736728685380e-10,1.994581043027448403e-10,2.626426767586044486e-10,2.872148873985305717e-10,3.025484345475434877e-10,2.921712787614001716e-10,2.500631183512905947e-10,2.269872383315382075e-10,1.887627519027955392e-10,1.767385136625023584e-10,1.684755006944177458e-10,1.715162268667910078e-10,1.886448255364239074e-10,2.009413228800001339e-10,2.253976172914874676e-10,2.344973524712710977e-10,2.411344795171486977e-10,2.387060089252112521e-10,2.246829880080038894e-10,2.158248117983124770e-10,2.002286962534544079e-10,1.946938755234637469e-10,1.907092096818229637e-10,1.921950702429321700e-10,2.003953102904746514e-10,2.056622101624400872e-10,2.151989877800537104e-10,2.183792359997712568e-10,2.204213644832302144e-10,2.191894235830261356e-10,2.139446241965648615e-10,2.106690954767776597e-10,2.045726897072479983e-10,2.025079093943751157e-10,2.014549040552007092e-10,2.024106310078571669e-10,2.061348257343352530e-10,2.082012419727611446e-10,2.115059450009167813e-10,2.123207942198324788e-10,2.122091558194854483e-10,2.114243126004246992e-10,2.088599153110722029e-10,2.075512901735659943e-10,2.059334674629157563e-10,2.055675149689132480e-10
1.150000000000000000e+02,-1.347659287592702982e-04,5.705071741994506996e-07,1.104154160555802797e-06,2.368832773192759570e-06,3.180465642470308232e-06,5.342212470685933200e-06,6.792887423808793238e-06,1.080242491382547528e-05,1.357913879219457473e-05,2.144581003216351940e-05,2.695964038324102051e-05,4.220184313402822282e-05,5.202157760474868033e-05,7.380138112377875677e-05,8.288529741928000365e-05,8.676325507911773597e-05,7.907881194569452090e-05,4.861426633177658488e-05,3.218097193709177012e-05,9.420015107601206489e-06,4.030947327933519318e-06,4.341907993197602171e-07,1.083047787114031248e-07,3.759111862988804426e-09,5.281599071125814976e-10,7.782207143243111136e-12,2.732881493805114359e-12,4.372768992602985016e-12,1.152424970772905621e-11,1.189253578427751368e-10,3.469733054746546724e-10,1.610107115722955035e-09,2.448939822739977512e-09,2.951576203607565729e-09,2.440094694334225822e-09,1.064734745954021983e-09,5.939328368042336853e-10,1.633035623773478745e-10,9.002579901711861565e-11,4.106430427359801516e-11,3.676250159866979728e-11,5.081968664790402490e-11,7.252947239111059985e-11,1.668480507021567055e-10,2.437057309429002672e-10,4.119439949476066259e-10,4.636754242007528476e-10,4.400090662648719481e-10,3.789251930622333092e-10,2.411911972227676060e-10,1.873176138939697255e-10,1.215766714461174319e-10,1.060994228130156258e-10,1.002270225906702616e-10,1.079222981055678876e-10,1.423057255801191134e-10,1.673570935696935824e-10,2.209720336668764135e-10,2.418593486835755868e-10,2.549026954681669899e-10,2.460749107193078988e-10,2.102868036494599802e-10,1.906992229871919825e-10,1.582976075524197834e-10,1.481179666765197744e-10,1.411265422557837768e-10,1.436989960888496870e-10,1.581979256523157601e-10,1.686147283537671460e-10,1.893510074213108907e-10,1.970724461983035247e-10,2.027061875287377440e-10,2.006446983928746042e-10,1.887448553027949727e-10,1.812316332162194898e-10,1.680110271555772944e-10,1.633216571424005170e-10,1.599464800243564216e-10,1.612049977013640945e-10,1.681522583934363935e-10,1.726158811970589929e-10,1.807010350000307769e-10,1.833980080702488774e-10,1.851300232905139787e-10,1.840851519612982101e-10,1.796374197668166445e-10,1.768602288546809037e-10,1.716924745008997083e-10,1.699425621656380087e-10,1.690502051765550157e-10,1.698601276994837761e-10,1.730165216011578938e-10,1.747681310651852393e-10,1.775697397823385038e-10,1.782606072302239664e-10,1.781659551879435921e-10,1.775005328808441918e-10,1.753265019060687435e-10,1.742171845426233184e-10,1.728458576895526566e-10,1.725356780731858442e-10
1.160000000000000000e+02,-1.332482114824345195e-04,5.720897556830636683e-07,1.106623651742240626e-06,2.372876401780706903e-06,3.185227212724388128e-06,5.347762558566423411e-06,6.798187644406928232e-06,1.080361237120025498e-05,1.357484443500491487e-05,2.141416363246015668e-05,2.689771737392604694e-05,4.201372030654230982e-05,5.171191452068939470e-05,7.307200082225042445e-05,8.184408927848941129e-05,8.509078473003124079e-05,7.720273299304696631e-05,4.693346589282416307e-05,3.085278624479318463e-05,8.877840547430205240e-06,3.759296596840961931e-06,3.948008274595727046e-07,9.710333000005622051e-08,3.255841150802190817e-09,4.488570587803976386e-10,6.337061436581872820e-12,2.203243284430028703e-12,3.541294346523851666e-12,9.420209810774224368e-12,9.943596792315323452e-11,2.931705413915068614e-10,1.381272369377871401e-09,2.109720552146950381e-09,2.547555871254070584e-09,2.102109251071867732e-09,9.097367029619815582e-10,5.045562151949085222e-10,1.369850887453574750e-10,7.508053225901804850e-11,3.398769208239581230e-11,3.039472325086847726e-11,4.214893223938170896e-11,6.036249581772845652e-11,1.399895109500861462e-10,2.052335248633758297e-10,3.487035799812267939e-10,3.929502491082335902e-10,3.727023612962957616e-10,3.204916753263720858e-10,2.030965507533386005e-10,1.573427786444227955e-10,1.016923316388140819e-10,8.862895240304737021e-11,8.367725579821495840e-11,9.016679072761275837e-11,1.192142686109141925e-10,1.404226543258533383e-10,1.859130745944341523e-10,2.036664113183248026e-10,2.147605679446787375e-10,2.072515325318973617e-10,1.768377590899167934e-10,1.602127281481648818e-10,1.327495383583732202e-10,1.241323292528080657e-10,1.182173631447507034e-10,1.203934542391791457e-10,1.326652834625612759e-10,1.414889005924794413e-10,1.590693584610416295e-10,1.656206479740910537e-10,1.704022419858879783e-10,1.686524420281814568e-10,1.585552639161123822e-10,1.521833883954062938e-10,1.409775208897900978e-10,1.370048310640314265e-10,1.341461844221476102e-10,1.352120433846526470e-10,1.410972242364173790e-10,1.448797255125880423e-10,1.517335671441955719e-10,1.540204889896677060e-10,1.554893457370552790e-10,1.546032208775850042e-10,1.508317780298928240e-10,1.484773294439280245e-10,1.440971789589892693e-10,1.426142583204909747e-10,1.418581118458467349e-10,1.425444091376296823e-10,1.452193191815286805e-10,1.467039412856013109e-10,1.490788212549307851e-10,1.496645160234399974e-10,1.495842732990824986e-10,1.490201539911754219e-10,1.471772390103983502e-10,1.462369626163261688e-10,1.450746841180541175e-10,1.448118020625204644e-10
1.170000000000000000e+02,-1.320908263930230134e-04,5.736710230190740500e-07,1.109090936624637083e-06,2.376915260777383906e-06,3.189950311529053196e-06,5.353312810796729930e-06,6.803467145318652836e-06,1.080476790260828158e-05,1.357051491530560517e-05,2.138251704064482906e-05,2.683588480336787153e-05,4.182637189820322121e-05,5.140402502320477881e-05,7.234975315442830374e-05,8.081588657214092836e-05,8.345049428719478809e-05,7.537111549473696399e-05,4.531075560398699744e-05,2.957940501868479169e-05,8.366868250208947056e-06,3.505951662165712008e-06,3.589842398840918831e-07,8.706037416848842574e-08,2.819947915152012929e-09,3.814614164636669774e-10,5.160276665607671509e-12,1.776249855750880458e-12,2.867922804621059196e-12,7.700313910813383345e-12,8.314047039259357674e-11,2.477105620233774341e-10,1.184960312408363595e-09,1.817488526757553291e-09,2.198838631463882753e-09,1.810938956328363506e-09,7.773022671483595381e-10,4.286291608375947942e-10,1.149081589157507216e-10,6.261633391153355321e-11,2.813058857034644866e-11,2.512992941451804019e-11,3.495755979609702080e-11,5.023654875337818515e-11,1.174545353013235760e-10,1.728346445454241598e-10,2.951715998358861448e-10,3.330128499616936272e-10,3.156912878083274060e-10,2.710690662818121544e-10,1.710186906369107196e-10,1.321645402439699385e-10,8.506014089696561919e-11,7.403518187507236725e-11,6.986022274991371406e-11,7.533243001839676212e-11,9.986976770202070364e-11,1.178230245031490486e-10,1.564164730898098821e-10,1.715046415431617510e-10,1.809400036213975466e-10,1.745533146193037344e-10,1.487092287689745912e-10,1.345999950223570468e-10,1.113247232028755085e-10,1.040308158085749557e-10,9.902703405006117732e-11,1.008676615539896848e-10,1.112535121807704114e-10,1.187269121720718051e-10,1.336304327284078275e-10,1.391883822283480898e-10,1.432463415192066630e-10,1.417612436943258003e-10,1.331944542723798031e-10,1.277910476819420910e-10,1.182937739733699867e-10,1.149285483947014297e-10,1.125076097010461323e-10,1.134102183637710620e-10,1.183952207919804905e-10,1.216002353063988517e-10,1.274097406354576800e-10,1.293487741232685756e-10,1.305943392163923245e-10,1.298429130327464348e-10,1.266452275894888041e-10,1.246493587059131769e-10,1.209371231088683663e-10,1.196805756982586427e-10,1.190399083830524091e-10,1.196213959321363457e-10,1.218880564513545595e-10,1.231462686001900259e-10,1.251592286841823887e-10,1.256557149726788419e-10,1.255876943238865007e-10,1.251095005860240056e-10,1.235474172511623336e-10,1.227504975377831375e-10,1.217654918409839804e-10,1.215427160230087705e-10
1.180000000000000000e+02,-1.312769329036193671e-04,5.752474706202767747e-07,1.111556016595297491e-06,2.381000481756727480e-06,3.194664662754207471e-06,5.358847792832178514e-06,6.808725966678935964e-06,1.080589160793683019e-05,1.356615038710013744e-05,2.135087053406301168e-05,2.677414284532055825e-05,4.163979518730266801e-05,5.109789954617289024e-05,7.163456928128473611e-05,7.980052793179390452e-05,8.184176581672250063e-05,7.358290694015559997e-05,4.374412860986043902e-05,2.835856743142494199e-05,7.885302690041525722e-06,3.269679021600908290e-06,3.264168741758956792e-07,7.805609790275292066e-08,2.442411783264890682e-09,3.241851401040996006e-10,4.202018832714926599e-12,1.432008510252394395e-12,2.322591473530657979e-12,6.294427300343116705e-12,6.951545694871934244e-11,2.092997214886600787e-10,1.016548750449978999e-09,1.565735312643269303e-09,1.897854541842722634e-09,1.560099378784991775e-09,6.641467940654479513e-10,3.641277671365909102e-10,9.638919908549689608e-11,5.222132258954695350e-11,2.328283716540070769e-11,2.077706903009721162e-11,2.899316182101985273e-11,4.180924646746651818e-11,9.854713914477994385e-11,1.455503425846615267e-10,2.498576584075273138e-10,2.822177652705461226e-10,2.674009726209673754e-10,2.292678192477096144e-10,1.440073110943202589e-10,1.110153466008477474e-10,7.114820161518466135e-11,6.184443357274728437e-11,5.832469012964636157e-11,6.293862899928691357e-11,8.366422206179842391e-11,9.886056581112807884e-11,1.315997246072175830e-10,1.444216426679280352e-10,1.524454900151111375e-10,1.470138952523909748e-10,1.250549178913231557e-10,1.130818767618169129e-10,9.335770451515158774e-11,8.718445160694338059e-11,8.295187591835471996e-11,8.450861156152587872e-11,9.329752164517930713e-11,9.962673779484107484e-11,1.122597719806477795e-10,1.169745627942718469e-10,1.204180829757293264e-10,1.191577601563145739e-10,1.118900728363028674e-10,1.073083575665358114e-10,9.925990197422358829e-11,9.640951483869987515e-11,9.435945151322136515e-11,9.512374354457737990e-11,9.934586822895469238e-11,1.020613132310561888e-10,1.069851577120695119e-10,1.086290727508876230e-10,1.096851931655339063e-10,1.090480488026568384e-10,1.063370830192006400e-10,1.046453380491776247e-10,1.014994581980711852e-10,1.004348251158575234e-10,9.989205071296060334e-11,1.003846895474176659e-10,1.023052318587566040e-10,1.033714643560151164e-10,1.050775025259083340e-10,1.054983291752607105e-10,1.054406742852839057e-10,1.050353553319702954e-10,1.037114309362929809e-10,1.030360734883759011e-10,1.022013792768405177e-10,1.020126083215930346e-10
1.190000000000000000e+02,-1.307900476371172459e-04,5.768206267934769538e-07,1.114018893045714024e-06,2.385374924129704619e-06,3.199371514001428125e-06,5.364367528581188895e-06,6.813964148558507555e-06,1.080698358683401447e-05,1.356175100392407540e-05,2.131922438842311573e-05,2.671249167103160408e-05,4.145398745803005516e-05,5.079352856984228675e-05,7.092638101711213955e-05,7.879785397547148511e-05,8.026399322459531604e-05,7.183707970411236615e-05,4.223164735768191445e-05,2.718810589727860131e-05,7.431451654052472931e-06,3.049328284981424331e-06,2.968039738107555552e-07,6.998307897198977924e-08,2.115420004043713081e-09,2.755088283705985075e-10,3.421707985310981637e-12,1.154481756504219248e-12,1.880953834527965274e-12,5.145220024777713563e-12,5.812329410088620807e-11,1.768449678146363779e-10,8.720724011359367450e-10,1.348853984832042857e-09,1.638069834018329035e-09,1.344004248659495110e-09,5.674637910447772465e-10,3.093326858495584059e-10,8.085480077352560913e-11,4.355199290399444645e-11,1.927049722593755787e-11,1.717818340915902575e-11,2.404639559846176444e-11,3.479563946001684727e-11,8.268337330454879341e-11,1.225732207518672595e-10,2.115001576652453252e-10,2.391705148274865522e-10,2.264974421125470760e-10,1.939126645985212588e-10,1.212621993107194235e-10,9.325046895140680359e-11,5.951160910095711076e-11,5.166102536534843137e-11,4.869393272930941374e-11,5.258386654165454754e-11,7.008828787529244875e-11,8.294991643976838691e-11,1.107203390657372083e-10,1.216154127002457702e-10,1.284382861025702705e-10,1.238193741601948533e-10,1.051631448752404080e-10,9.500378481412836973e-11,7.829042340638803221e-11,7.306611438388961599e-11,6.948620425253383692e-11,7.080271587664270505e-11,7.823956383484244326e-11,8.359928884132256099e-11,9.430677045492094623e-11,9.830595121577620499e-11,1.012278038627599519e-10,1.001583319591454330e-10,9.399330188415884468e-11,9.010867440119134375e-11,8.328863269099588684e-11,8.087453740013815506e-11,7.913868941677310032e-11,7.978580225968465167e-11,8.336147367554204435e-11,8.566192408730223529e-11,8.983475069520782674e-11,9.122833814333847213e-11,9.212374667364603420e-11,9.158355212981854343e-11,8.928542966275300474e-11,8.785159649445442587e-11,8.518590680398584192e-11,8.428395798670308692e-11,8.382416001552137064e-11,8.424148818840862529e-11,8.586861774471758746e-11,8.677208159901111939e-11,8.821786476233967056e-11,8.857452938422147315e-11,8.852566498861874633e-11,8.818214601992273305e-11,8.706017143637022337e-11,8.648788469797254186e-11,8.578062828741746249e-11,8.562068599688582582e-11
1.200000000000000000e+02,-1.306140346563699844e-04,5.783948625543767520e-07,1.116479589283712621e-06,2.389744731214353459e-06,3.204070914886435759e-06,5.369872090903149951e-06,6.819181777365488934e-06,1.080804394801738056e-05,1.355731687918035843e-05,2.128757859581713319e-05,2.665093090110635964e-05,4.126894435501173627e-05,5.049089993173109061e-05,7.022511460526219642e-05,7.780769851568192360e-05,7.871656837504505079e-05,7.013261545244913473e-05,4.077142842087689255e-05,2.606593243733589557e-05,7.003716598803300455e-06,2.843824806552606175e-06,2.698772920064357057e-07,6.274494372478949845e-08,1.832203429583513857e-09,2.341408741424275824e-10,2.786294605412395486e-12,9.307384778254462754e-13,1.523289930608837106e-12,4.205821536309647946e-12,4.859798891435063162e-11,1.494225144820209711e-10,7.481285116688225767e-10,1.162012712723099750e-09,1.413843228392297827e-09,1.157839515507786549e-09,4.848546322734018782e-10,2.627829151925342027e-10,6.782386037886868613e-11,3.632180583319939704e-11,1.594957615958479680e-11,1.420265017789204554e-11,1.994360248778678790e-11,2.895853123811333030e-11,6.937318094654178202e-11,1.032231798138178586e-10,1.790309077744946242e-10,2.026890190789162188e-10,1.918504896505739132e-10,1.640093222365392178e-10,1.021093730673317684e-10,7.832822601248554117e-11,4.977814457829930761e-11,4.315435880278446767e-11,4.065336522279805465e-11,4.393260917816971256e-11,5.871517725145047883e-11,6.959981270243838225e-11,9.315348365184113189e-11,1.024104384465557988e-10,1.082115691540888602e-10,1.042840994764857032e-10,8.843529315967491033e-11,7.981565254100257689e-11,6.565478355750019313e-11,6.123394467264647867e-11,5.820632986556530108e-11,5.931958705707521262e-11,6.561180559364748754e-11,7.015013537507025498e-11,7.922474519949859739e-11,8.261662548200189582e-11,8.509561566678869315e-11,8.418817574497305944e-11,7.895897778382836296e-11,7.566567554809222607e-11,6.988707762457455064e-11,6.784267727677831261e-11,6.637301645795457006e-11,6.692086641779670941e-11,6.994879136090932648e-11,7.189749449553091420e-11,7.543353536753304167e-11,7.661480756998399755e-11,7.737389166330953250e-11,7.691593596845930358e-11,7.496796163453806061e-11,7.375283012350103418e-11,7.149423701712301349e-11,7.073018172131136094e-11,7.034071019878726516e-11,7.069420878769508421e-11,7.207262800348716858e-11,7.283810230310217015e-11,7.406322191823300205e-11,7.436547989274171211e-11,7.432406946838998607e-11,7.403295381250285523e-11,7.308220939224521762e-11,7.259730671975959948e-11,7.199808525521107783e-11,7.186258120690791618e-11
1.210000000000000000e+02,-1.307330962774959956e-04,5.799866380933103947e-07,1.118938062845593624e-06,2.394109828578134874e-06,3.208750745422765194e-06,5.375361405543141978e-06,6.824378800055695389e-06,1.080907277176160967e-05,1.355284824449689510e-05,2.125593399268359425e-05,2.658946179894376986e-05,4.108466647204968292e-05,5.019000959757625232e-05,6.953071564576615126e-05,7.682992371606651950e-05,7.719893575256670285e-05,6.846856495099892847e-05,3.936169176832322544e-05,2.499012584805221067e-05,6.600602059718998745e-06,2.652171653991789368e-06,2.453936018332366752e-07,5.625546862863357520e-08,1.586906188242752022e-09,1.989846199054387532e-10,2.268881724208984818e-12,7.503588950272949143e-13,1.233638083179833256e-12,3.437941229443575164e-12,4.063375910702202165e-11,1.262524913444879743e-10,6.418009995798248241e-10,1.001053574832110743e-09,1.220311189446300626e-09,9.974625414911966748e-10,4.142719042159528908e-10,2.232384515958585336e-10,5.689312822937386827e-11,3.029196668892855659e-11,1.320097603820825916e-11,1.174254462654560072e-11,1.654085267192850761e-11,2.410065731510944997e-11,5.820571723712773815e-11,8.692795617983202494e-11,1.515464999855570954e-10,1.717723974398264325e-10,1.625036417549855644e-10,1.387175710670235373e-10,8.598176960998224483e-11,6.579398134707974133e-11,4.163670412138734123e-11,3.604847922445732211e-11,3.394054311147039205e-11,3.670473644533205071e-11,4.918763291637817670e-11,5.839838058659466147e-11,7.837388919275378729e-11,8.623834900855185948e-11,9.117032148220176324e-11,8.783107243890905802e-11,7.436837308623898968e-11,6.705572154399458418e-11,5.505854414966995791e-11,5.131792443790507419e-11,4.875761637967643281e-11,4.969891902531498040e-11,5.502222841843179557e-11,5.886471681187249727e-11,6.655480875618347003e-11,6.943136490007370543e-11,7.153443679422388790e-11,7.076454567179861488e-11,6.632950232902251608e-11,6.353775106960127261e-11,5.864198243752533068e-11,5.691080947971792481e-11,5.566662281413121971e-11,5.613039660888954896e-11,5.869426399443024300e-11,6.034486243491031521e-11,6.334103714081794345e-11,6.434225512954271087e-11,6.498571491586439819e-11,6.459751120515069833e-11,6.294647648171641796e-11,6.191677612244969597e-11,6.000327223477409933e-11,5.935608395849639729e-11,5.902621051439779776e-11,5.932561660351200195e-11,6.049324176348250259e-11,6.114174677619363396e-11,6.217979316115382349e-11,6.243592196530055316e-11,6.240083140962235375e-11,6.215414608771313576e-11,6.134856834236028511e-11,6.093774183174582859e-11,6.043009612133852515e-11,6.031530605369629650e-11
1.220000000000000000e+02,-1.311317644422580180e-04,5.815770840513216806e-07,1.121394337057207832e-06,2.398470258622976102e-06,3.213397623550768743e-06,5.380835545433086979e-06,6.829555303092461243e-06,1.081007016658991826e-05,1.354834521265540408e-05,2.122429056786963645e-05,2.652808397940506870e-05,4.090114945885266326e-05,4.989084548125141487e-05,6.884311159708201688e-05,7.586436713119778835e-05,7.571050951891533220e-05,6.684395638929892974e-05,3.800068048793950467e-05,2.396027903347672499e-05,6.220687522558718870e-06,2.473433763940200304e-06,2.231310543547473761e-07,5.043716431164216481e-08,1.374449338495181347e-09,1.691070500048786479e-10,1.847551788208140477e-12,6.049372428765936727e-13,9.990630555917895395e-13,2.810256693151769181e-12,3.397470062986400474e-11,1.066752830004586566e-10,5.505851551046957171e-10,8.623899500873229151e-10,1.053270341007817718e-09,8.592998744201899020e-10,3.539642006963102799e-10,1.896447425909619094e-10,4.772402416829135685e-11,2.526314677201921266e-11,1.092604229747246025e-11,9.708563759782545821e-12,1.371867335985162140e-11,2.005770232522095797e-11,4.883594743876340516e-11,7.320515068155557248e-11,1.282814147875871447e-10,1.455715367584646536e-10,1.376458803436630268e-10,1.173260235167762622e-10,7.240141998302376813e-11,5.526548427334417035e-11,3.482682797207627134e-11,3.011266309547143416e-11,2.833616097298007064e-11,3.066600201854716157e-11,4.120608999955317764e-11,4.899970593120681062e-11,6.593919361268588131e-11,7.262005558526796190e-11,7.681273214601817834e-11,7.397384812449399327e-11,6.253899207850875663e-11,5.633568085769077860e-11,4.617245957317175908e-11,4.300766505622478919e-11,4.084271958723455220e-11,4.163856011287631054e-11,4.614177510670232352e-11,4.939483520013769613e-11,5.591109072575727035e-11,5.835040699860190305e-11,6.013441293853914738e-11,5.948127678335329849e-11,5.572010116760423015e-11,5.335371936463807752e-11,4.920625839839425086e-11,4.774044733753951553e-11,4.668723234077000461e-11,4.707979931470665513e-11,4.925054534663485251e-11,5.064852275646694602e-11,5.318703910997014950e-11,5.403557505959111218e-11,5.458097596935593265e-11,5.425192825363189808e-11,5.285268842589521676e-11,5.198019646006704630e-11,5.035919397418028853e-11,4.981104388007175088e-11,4.953167246474730889e-11,4.978524168440523479e-11,5.077422404503768860e-11,5.132358660243571680e-11,5.220305042191383804e-11,5.242007153870298364e-11,5.239033889332077309e-11,5.218132076065772063e-11,5.149880269949246026e-11,5.115076580613359125e-11,5.072073745162816727e-11,5.062350321924369290e-11
1.230000000000000000e+02,-1.317948926256482748e-04,5.831662012234018529e-07,1.123848413307011653e-06,2.402826024789050637e-06,3.218036859302240331e-06,5.386294534355393288e-06,6.834711326290075512e-06,1.081106533079399931e-05,1.354380793533198812e-05,2.119264859060766360e-05,2.646679760387187928e-05,4.071839062340613794e-05,4.959339824673165097e-05,6.816223682668946001e-05,7.491087708565017430e-05,7.425072871926906607e-05,6.525785594471301813e-05,3.668671112737328997e-05,2.297286243447585442e-05,5.862637909899253135e-06,2.306740845892378978e-06,2.028881542395614707e-07,4.522061645219387430e-08,1.190436242772896849e-09,1.437155782563464407e-10,1.504462353307811640e-12,4.876986672581323790e-13,8.090921053797994755e-13,2.297171811495649085e-12,2.840692397564244243e-11,9.013377918381040854e-11,4.723332644061481456e-10,7.429335606456456687e-10,9.090945223444880235e-10,7.402745630846665342e-10,3.024357517352437019e-10,1.611063075480922979e-10,4.003264031577670468e-11,2.106916651236669102e-11,9.043148256051777856e-12,8.026897072369032493e-12,1.137800910346736805e-11,1.669296233360040294e-11,4.097448709538056844e-11,6.164867458213242613e-11,1.085879177103576260e-10,1.233671380383803001e-10,1.165905285185377116e-10,9.923323770230467467e-11,6.096600307925470474e-11,4.642177351614311387e-11,2.913073444575295379e-11,2.515424690372955463e-11,2.365719076256704578e-11,2.562076820231823371e-11,3.451968523309964509e-11,4.111365425624874392e-11,5.547736185371188178e-11,6.115228028819030826e-11,6.471618008738015682e-11,6.230288713323511862e-11,5.259123990247402403e-11,4.732942092714950699e-11,3.872052456227112471e-11,3.604313706219788860e-11,3.421265484457314265e-11,3.488545563534728444e-11,3.869459960781362895e-11,4.144841799424633932e-11,4.696955284021371579e-11,4.903791679363236899e-11,5.055113657314799780e-11,4.999709576469085759e-11,4.680766641255648675e-11,4.480200989386874666e-11,4.128877315458072406e-11,4.004775189855175332e-11,3.915627059245842256e-11,3.948853584075963374e-11,4.132628465239492066e-11,4.251020515417744394e-11,4.466078930829599225e-11,4.537986642277197502e-11,4.584211320008552137e-11,4.556323040757516429e-11,4.437748416354428405e-11,4.363826086508509894e-11,4.226516239855954149e-11,4.180093369967469163e-11,4.156435243728162643e-11,4.177908409855324301e-11,4.261668532716360314e-11,4.308202321908101429e-11,4.382706881873171811e-11,4.401093812306244857e-11,4.398574736321110568e-11,4.380865971636421774e-11,4.323045122833074627e-11,4.293563201913756788e-11,4.257138405358053268e-11,4.248902756866755615e-11
1.240000000000000000e+02,-1.327076482555071101e-04,5.847539904040813686e-07,1.126300292982702553e-06,2.407177130514444882e-06,3.222668460815364096e-06,5.391738396061162902e-06,6.839846909398913499e-06,1.081230826238458972e-05,1.353923656374086634e-05,2.116100832852898400e-05,2.640560283129897369e-05,4.053638727969386193e-05,4.929765860348518354e-05,6.748802632560859196e-05,7.396930377223643292e-05,7.281904314945031656e-05,6.370935187722974252e-05,3.541815837332713986e-05,2.202612832609245064e-05,5.525194965845780506e-06,2.151281249966038650e-06,1.844816847317303117e-07,4.054358962430172977e-08,1.031058876325334842e-09,1.221366233519240174e-10,1.225084270140008869e-12,3.931812286774721832e-13,6.552438984192693328e-13,1.877763515425318053e-12,2.375159135125856635e-11,7.615725611991377986e-11,4.052028510360787539e-10,6.400239005498273986e-10,7.846539244629573140e-10,6.377358484778005571e-10,2.584085303321183996e-10,1.368624188589559476e-10,3.358082385838782880e-11,1.757143389125026545e-11,7.484733861341796857e-12,6.636518971089161445e-12,9.436704916836527457e-12,1.389266560949606322e-11,3.437853531040348243e-11,5.191654509181971300e-11,9.191771145221003247e-11,1.045496169835551797e-10,9.875594699643164276e-11,8.393051835128839677e-11,5.133674147133997223e-11,3.899324808355475458e-11,2.436626058257077010e-11,2.101229119085695762e-11,1.975082629997876316e-11,2.140558355025710957e-11,2.891826169260265644e-11,3.449678495875789508e-11,4.667538461310995201e-11,5.149542776786489306e-11,5.452459797138271835e-11,5.247326274123061129e-11,4.422581840134685860e-11,3.976296586915770148e-11,3.247127870406596450e-11,3.020641871939559742e-11,2.865885507423795997e-11,2.922759180946227220e-11,3.244937622098355290e-11,3.478037926022900517e-11,3.945797765673823843e-11,4.121165651034715272e-11,4.249508573804169909e-11,4.202514391712409980e-11,3.932077051655748223e-11,3.762099098502010019e-11,3.464523812149802873e-11,3.359462022261248959e-11,3.284009837071361071e-11,3.312130168113373851e-11,3.467700798276233953e-11,3.567956534064088692e-11,3.750135073895925764e-11,3.811067008307154891e-11,3.850240850970798601e-11,3.826606219392569841e-11,3.726131764789954171e-11,3.663505837667863085e-11,3.547204693063292502e-11,3.507892357124640925e-11,3.487859493952506773e-11,3.506042260984984504e-11,3.576975591808653765e-11,3.616388829022487705e-11,3.679500841925580079e-11,3.695077731746994332e-11,3.692943639690277058e-11,3.677941371599269260e-11,3.628961334992825138e-11,3.603989494533645088e-11,3.573139047553623715e-11,3.566164101216975912e-11
1.250000000000000000e+02,-1.338555056216667125e-04,5.866156830816224819e-07,1.128749977471191950e-06,2.411523579234941313e-06,3.227292436220924494e-06,5.397167154270028850e-06,6.844962092105653624e-06,1.081351948565182166e-05,1.353463124863577005e-05,2.112937004767092544e-05,2.634449981822996681e-05,4.035513674771696647e-05,4.900361730629851755e-05,6.682041570260352557e-05,7.303949922921085757e-05,7.141491315038430484e-05,6.219755400793462155e-05,3.419345304454749076e-05,2.111840095524830207e-05,5.207172836088586965e-06,2.006298015913332610e-06,1.677450495595367731e-07,3.635028486223025601e-08,8.930190254538127731e-10,1.037977408289026543e-10,9.975864535480272188e-13,3.169814671161175212e-13,5.306497157919060070e-13,1.534928895140577620e-12,1.985917254753409578e-11,6.434798123489647581e-11,3.476132952177132113e-10,5.513689835918381826e-10,6.772471496910466293e-10,5.494001318337785045e-10,2.207905553535966653e-10,1.162668239950651744e-10,2.816880309195433918e-11,1.465436436478076421e-11,6.194881603137011861e-12,5.486974264702626503e-12,7.826622948911912681e-12,1.156212576852375107e-11,2.884437607926330915e-11,4.372076561464516287e-11,7.780667101819731257e-11,8.860236941918633868e-11,8.364946710022296006e-11,7.098761468514631912e-11,4.322836495230034104e-11,3.275344855361780882e-11,2.038103672917686293e-11,1.755235683902935107e-11,1.648949309344602265e-11,1.788388770298902919e-11,2.422576372905320408e-11,2.894483646363223139e-11,3.926991360130721587e-11,4.336352915743253711e-11,4.593799169186341125e-11,4.419446704212112720e-11,3.719103651889273110e-11,3.340613918302592911e-11,2.723061733782630722e-11,2.531487750001039372e-11,2.400660976975034500e-11,2.448733959201955523e-11,2.721211420802539804e-11,2.918506094348044533e-11,3.314768137708742901e-11,3.463443171581453983e-11,3.572287721165766372e-11,3.532430102007495798e-11,3.303140034172265260e-11,3.159096562902613536e-11,2.907067121749040695e-11,2.818131578791183145e-11,2.754276356140873683e-11,2.778073281942301798e-11,2.909757593834612355e-11,2.994648441983355225e-11,3.148961587361512326e-11,3.200588885175943699e-11,3.233784702690034596e-11,3.213756547665834462e-11,3.128626185704662388e-11,3.075574688047970351e-11,2.977075815144454574e-11,2.943787591079202737e-11,2.926825836270345593e-11,2.942221160174944561e-11,3.002287115205955204e-11,3.035666683304238944e-11,3.089123873150842470e-11,3.102319109612484971e-11,3.100511310910082641e-11,3.087802921881467599e-11,3.046315288782533437e-11,3.025165290796924533e-11,2.999038219370434022e-11,2.993131466961194975e-11
1.260000000000000000e+02,-1.352242392527587772e-04,5.886378394203209408e-07,1.131197489958197513e-06,2.415846662816404115e-06,3.231908834744248032e-06,5.402580880844076641e-06,6.850056959342140433e-06,1.081469910933880135e-05,1.352999209882228262e-05,2.109773373058893248e-05,2.628348817555860382e-05,4.017463474842401382e-05,4.871126255747717203e-05,6.615933531659765044e-05,7.212130918726735124e-05,7.003779725409442817e-05,6.072158021476135837e-05,3.301106980228386628e-05,2.024806598428574361e-05,4.907451309844488782e-06,1.871084024991198202e-06,1.525266359871059116e-07,3.259064229981499007e-08,7.734590448584682809e-10,8.821230960856345227e-11,8.123333277744448910e-13,2.555489728248844239e-13,4.297461637849803173e-13,1.254685212063316735e-12,1.660461563168444399e-11,5.436981350163613835e-11,2.982082111357541726e-10,4.749936669034074410e-10,5.845418037683878382e-10,4.732994902847519753e-10,1.886485439704047723e-10,9.877037593841384022e-11,2.362896480583888403e-11,1.222154194795328774e-11,5.127301632313480129e-12,4.536539655215776623e-12,6.491239945734250671e-12,9.622524429825016212e-12,2.420104869001009351e-11,3.681874689029709935e-11,6.586182407829557772e-11,7.508747820023607689e-11,7.085367655004087828e-11,6.004053417635324408e-11,3.640060399368733046e-11,2.751211097048317233e-11,1.704758659541380506e-11,1.466211798240718567e-11,1.376665979564012376e-11,1.494156325900462823e-11,2.029467132541595831e-11,2.428638280066452992e-11,3.303933163298009013e-11,3.651571766857299173e-11,3.870355072673956065e-11,3.722176852762743016e-11,3.127518965920055016e-11,2.806551808987554908e-11,2.283572677198690559e-11,2.121542202440825087e-11,2.010953746188134938e-11,2.051584580388746137e-11,2.282009629005210538e-11,2.448985158003298690e-11,2.784650857340711938e-11,2.910685782024982626e-11,3.002986750867860100e-11,2.969184661051442464e-11,2.774796980186365614e-11,2.652740887739736542e-11,2.439303425048888752e-11,2.364024937178549335e-11,2.309988588215447503e-11,2.330125193272455930e-11,2.441581691599997717e-11,2.513456622194910894e-11,2.644156009597165014e-11,2.687896002236296600e-11,2.716023779036728925e-11,2.699053150033089987e-11,2.626929411302623973e-11,2.581992210098568719e-11,2.498577343287844421e-11,2.470392385664835211e-11,2.456032089943188668e-11,2.469066235646043272e-11,2.519925644561306355e-11,2.548192939207799546e-11,2.593468636461621069e-11,2.604645462527845068e-11,2.603114195010546028e-11,2.592349813003262671e-11,2.557211319326006815e-11,2.539299694993835121e-11,2.517174608942379654e-11,2.512172861770557708e-11
1.270000000000000000e+02,-1.367999177394492439e-04,5.906586563882122113e-07,1.133642788210385442e-06,2.420159633412304013e-06,3.236517582229321349e-06,5.407979502958937127e-06,6.855131459869033463e-06,1.081584721056188842e-05,1.352531934681509515e-05,2.106610020396719875e-05,2.622256914238271189e-05,3.999488183073107337e-05,4.842059041209893148e-05,6.550473377574651899e-05,7.121460567085677003e-05,6.868720082936151090e-05,5.928060822339630497e-05,3.186956704436929373e-05,1.941359833631049585e-05,4.624982412614286843e-06,1.744983295116447853e-06,1.386889726676045383e-07,2.921987445956403771e-08,6.699068382540283167e-10,7.496715748178672811e-11,6.614830482410544166e-13,2.060227260059638299e-13,3.480301170952909695e-13,1.025609447629499682e-12,1.388344138004288242e-11,4.593897940004254554e-11,2.558252079143744084e-10,4.091982882636728547e-10,5.045270539240712115e-10,4.077404676644091203e-10,1.611858674961316740e-10,8.390699471490757622e-11,1.982081973593910473e-11,1.019261590276890339e-11,4.243707029663243424e-12,3.750741850352262707e-12,5.383708995103375639e-12,8.008312383459698092e-12,2.030522644014091938e-11,3.100636449524830918e-11,5.575081924434101277e-11,6.363415417970537391e-11,6.001532726188953115e-11,5.078168343729955181e-11,3.065130511599803431e-11,2.310954563562034325e-11,1.425936435985389328e-11,1.224781487709804273e-11,1.149345210476292178e-11,1.248333928631842338e-11,1.700149802842318425e-11,2.037770107277299403e-11,2.779733526150039713e-11,3.074933030097239117e-11,3.260845434817360999e-11,3.134921768249525342e-11,2.630039241946491302e-11,2.357873230972480638e-11,1.915017764590049021e-11,1.777985197222095581e-11,1.684511392679131914e-11,1.718849574391251300e-11,1.913697450289450486e-11,2.055002321739093918e-11,2.339316349138365059e-11,2.446150600870014569e-11,2.524416496695915113e-11,2.495752115714254538e-11,2.330966604631445893e-11,2.227549552149057921e-11,2.046808477373061874e-11,1.983094716001207458e-11,1.937370901726465089e-11,1.954408894921585982e-11,2.048737535956940414e-11,2.109587572446565418e-11,2.220278231017044912e-11,2.257333060165685190e-11,2.281164712962698016e-11,2.266785942436032320e-11,2.205686284659225116e-11,2.167625196632279316e-11,2.096989785592071054e-11,2.073127561004299568e-11,2.060970659542235572e-11,2.072004915733283159e-11,2.115065615053771109e-11,2.139001779519200674e-11,2.177345210054894287e-11,2.186811647562902916e-11,2.185514708661143168e-11,2.176397658013723424e-11,2.146638924016737449e-11,2.131470989833773866e-11,2.112736320527414113e-11,2.108501242527316411e-11
1.280000000000000000e+02,-1.385688979834693137e-04,5.926781526387507257e-07,1.136085895431498266e-06,2.424467802300588407e-06,3.241118727954488436e-06,5.413363092548388687e-06,6.860185678672387367e-06,1.081696389787842457e-05,1.352061310080517032e-05,2.103446944718727536e-05,2.616174232403166672e-05,3.981587372103967512e-05,4.813158914722224938e-05,6.485654258799542491e-05,7.032719183720801748e-05,6.736260226718827947e-05,5.787379622022087910e-05,3.076752190233299471e-05,1.861351295915768689e-05,4.358770695480837509e-06,1.627380555412218490e-06,1.261066712575798637e-07,2.619773074651965752e-08,5.802182980764718917e-10,6.371076574835689288e-11,5.386455983937693537e-13,1.660948125998401581e-13,2.818523138405776285e-13,8.383573783105058297e-13,1.160821298026165627e-11,3.881546313208063259e-11,2.194658746184838249e-10,3.525167213528929838e-10,4.354650126278149236e-10,3.512622850465434154e-10,1.377210715532584812e-10,7.128030622889115764e-11,1.662640912534346649e-11,8.500515260223204250e-12,3.512382930077190268e-12,3.101055762004534255e-12,4.465143586904890549e-12,6.664889045391100830e-12,1.703654106894117448e-11,2.611154852451627595e-11,4.719203296915143453e-11,5.392783265843574536e-11,5.083489147206590730e-11,4.295063358249716357e-11,2.581007627132196613e-11,1.941148834012050572e-11,1.192716877953386989e-11,1.023105583000845364e-11,9.595604503033830501e-12,1.042954706430808398e-11,1.424269892563029272e-11,1.709808512763595634e-11,2.338702677156211107e-11,2.589353937428734431e-11,2.747321928330340168e-11,2.640318668453538187e-11,2.211690948656155897e-11,1.980923828833261457e-11,1.605945167430442022e-11,1.490062698336798441e-11,1.411060905707334223e-11,1.440078782675817404e-11,1.604829948944307139e-11,1.724401602954707402e-11,1.965201550211022330e-11,2.055753294373866003e-11,2.122113162278393972e-11,2.097807452923483584e-11,1.958126868116527586e-11,1.870509218977918497e-11,1.717467490382380835e-11,1.663545936745301768e-11,1.624858876462555168e-11,1.639273965051493698e-11,1.719100735245518430e-11,1.770613039867030558e-11,1.864350926243651951e-11,1.895739934389822912e-11,1.915930090902635829e-11,1.903748269053637254e-11,1.851991628630533793e-11,1.819756964473867589e-11,1.759947726833258064e-11,1.739746801482366934e-11,1.729456001694530676e-11,1.738796506409699683e-11,1.775251546785004686e-11,1.795518649125998900e-11,1.827988742363409469e-11,1.836005918695940431e-11,1.834907532448533385e-11,1.827186302651509497e-11,1.801985608797761207e-11,1.789142071257840416e-11,1.773279491453470802e-11,1.769693842423175623e-11
1.290000000000000000e+02,-1.405178198523983964e-04,5.946963288000690125e-07,1.138526813005411639e-06,2.428771173148977719e-06,3.245712280020663981e-06,5.418731673207055838e-06,6.865219655184689367e-06,1.081804926896084962e-05,1.351587350971621463e-05,2.100284171998116330e-05,2.610100786755968497e-05,3.963760776360115122e-05,4.784424969716157266e-05,6.421469977616921297e-05,6.945085315611112750e-05,6.606350211084061129e-05,5.650033529727181768e-05,2.970357100316950785e-05,1.784639355183892254e-05,4.107880582673097440e-06,1.517703156539808914e-06,1.146658473816046780e-07,2.348815506865052291e-08,5.025373578371444133e-10,5.414452341882293462e-11,4.386190033140585642e-13,1.339050669391800286e-13,2.282581675755457340e-13,6.852930224156283945e-13,9.705849188593185239e-12,3.279654792100877847e-11,1.882741045044263734e-10,3.036865522509230031e-10,3.758564438686735204e-10,3.026071277237307733e-10,1.176721677997177862e-10,6.055372693612552648e-11,1.394682172485214866e-11,7.089323269052205667e-12,2.907088578110034183e-12,2.563904898935862042e-12,3.703302774030539646e-12,5.546829055097513006e-12,1.429403850058269532e-11,2.198944880891541553e-11,3.994717328193592154e-11,4.570204048645783168e-11,4.305876374855951982e-11,3.632720540396386366e-11,2.173349342290617492e-11,1.630520260367633589e-11,9.976414876503025830e-12,8.546380671301673226e-12,8.011136377753316773e-12,8.713648970122903070e-12,1.193156288830862777e-11,1.434629311506362137e-11,1.967645228066576546e-11,2.180454910594500917e-11,2.314668639050165844e-11,2.223749792163234873e-11,1.859887127663752138e-11,1.664236475950979510e-11,1.346754871793705288e-11,1.248765473622556743e-11,1.182000076158443158e-11,1.206520124151337636e-11,1.345812938630293332e-11,1.446986419031091875e-11,1.650916759527408517e-11,1.727661815150403901e-11,1.783922589184729068e-11,1.763314326367129703e-11,1.644922864368555948e-11,1.570696472733869309e-11,1.441118787346741537e-11,1.395487900040202900e-11,1.362757115811429054e-11,1.374952167637437384e-11,1.442501470377312300e-11,1.486105682957372665e-11,1.565481216338725223e-11,1.592068729454332310e-11,1.609172525589806779e-11,1.598852750498910846e-11,1.555013743096377021e-11,1.527715643876922935e-11,1.477077081523184288e-11,1.459976968964590838e-11,1.451266475158315139e-11,1.459172623767372723e-11,1.490033015591821219e-11,1.507192176511233661e-11,1.534686524455423917e-11,1.541475803880539008e-11,1.540545642442214813e-11,1.534007025138367508e-11,1.512667836584165315e-11,1.501793315899190018e-11,1.488363533981573728e-11,1.485327954923489069e-11
1.300000000000000000e+02,-1.426336012207212128e-04,5.967131855000556550e-07,1.140965542315160956e-06,2.433169943316020132e-06,3.250298246521417201e-06,5.424085268498338077e-06,6.870233428775109280e-06,1.081910342124934015e-05,1.351110072201738279e-05,2.097121728052202478e-05,2.604036591768704842e-05,3.946008130877250478e-05,4.755864038589004876e-05,6.357914395263241617e-05,6.858537294134877749e-05,6.478941047829106612e-05,5.515943567883573268e-05,2.867639806310127450e-05,1.711088214030825980e-05,3.871430334209013035e-06,1.415417035609061683e-06,1.042629478041937844e-07,2.105882033418817953e-08,4.352564391264628074e-10,4.601465557326975264e-11,3.571673393241298067e-13,1.079537663688928673e-13,1.848548983156284020e-13,5.601745467227053910e-13,8.115245129537707047e-12,2.771095064025598520e-11,1.615154632489488457e-10,2.616202310129142616e-10,3.244073296939601475e-10,2.606914034685228754e-10,1.005418898906550867e-10,5.144132312500694637e-11,1.169908698454673324e-11,5.912405954362418004e-12,2.406105154527382606e-12,2.119796607127563681e-12,3.071446471724498251e-12,4.616327123081048756e-12,1.199301584691586653e-11,1.851808159938905796e-11,3.381452992503967969e-11,3.873094992510109358e-11,3.647213162993184765e-11,3.072517313815713302e-11,1.830078536629864416e-11,1.369599222987398501e-11,8.344716248293720939e-12,7.139107962563992493e-12,6.688301605259350247e-12,7.280054163671945133e-12,9.995449102738127034e-12,1.203737695458506618e-11,1.655459333526655696e-11,1.836127091841242842e-11,1.950150091867448865e-11,1.872903627976249541e-11,1.564042943552265696e-11,1.398177258108042331e-11,1.129396232026243230e-11,1.046543196070795489e-11,9.901230849746964213e-12,1.010840944368901484e-11,1.128600698682181991e-11,1.214200558131116325e-11,1.386893749258551189e-11,1.451932446342764360e-11,1.499627535323476424e-11,1.482155549551236740e-11,1.381815899225737054e-11,1.318938727223710472e-11,1.209235730753772942e-11,1.170623634919737421e-11,1.142934144137026931e-11,1.153250295282161331e-11,1.210406197472112255e-11,1.247313629335403129e-11,1.314522413988460092e-11,1.337041238900875395e-11,1.351529391874217723e-11,1.342787689308407029e-11,1.305657841500947047e-11,1.282542008793768895e-11,1.239671128879134276e-11,1.225196929587751837e-11,1.217824606891855510e-11,1.224516169885669914e-11,1.250638573821807875e-11,1.265165318971479824e-11,1.288444687313344827e-11,1.294193704569519821e-11,1.293406061506768845e-11,1.287869336456977376e-11,1.269801291566875767e-11,1.260594599083834921e-11,1.249225346105532763e-11,1.246655637878943401e-11
1.310000000000000000e+02,-1.449034333782344948e-04,5.987287413208245822e-07,1.143402106445172298e-06,2.437569341855931691e-06,3.254876676306669601e-06,5.429423949460083316e-06,6.875277375400145816e-06,1.082012646093003351e-05,1.350629484275339123e-05,2.093959610367671174e-05,2.597981607767920484e-05,3.928329014095237066e-05,4.727628972818768895e-05,6.294980873346255979e-05,6.773060996490430012e-05,6.353983585223250995e-05,5.385031474354793702e-05,2.768472357974854198e-05,1.640567052327930510e-05,3.648587020881884991e-06,1.320023295565882779e-06,9.480373290880273265e-08,1.888072442856637834e-08,3.769827018368539229e-10,3.910543452099492223e-11,2.908406751111342059e-13,8.703175441611421537e-14,1.497044675724534812e-13,4.578988826563906711e-13,6.785298993679245161e-12,2.341391270861518936e-11,1.385597072733717183e-10,2.253805511361409164e-10,2.800004123958838020e-10,2.245813125582602626e-10,8.590523984438463989e-11,4.370012535973195889e-11,9.813590830807031318e-12,4.930863117987016597e-12,1.991453416018071354e-12,1.752611564990319559e-12,2.547392662479233683e-12,3.841913657869067134e-12,1.006238947959085805e-11,1.559469605316374241e-11,2.862331595701594900e-11,3.282313055250410394e-11,3.089299597928453489e-11,2.598698971398478996e-11,1.541023230788689247e-11,1.150429640331233905e-11,6.979878995746688353e-12,5.963550589764207710e-12,5.583889470597847016e-12,6.082307888680832386e-12,8.373490702900943106e-12,1.010004430893225724e-11,1.392802390890075792e-11,1.546171407595421654e-11,1.643033888738994197e-11,1.577408630147950075e-11,1.315255185579261576e-11,1.174650567786761357e-11,9.471164277114960117e-12,8.770668327891251170e-12,8.293925306745650317e-12,8.468964895688713135e-12,9.464445747302610568e-12,1.018862693324094904e-11,1.165092664272976419e-11,1.220206544854697539e-11,1.260637067282931179e-11,1.245825160698862955e-11,1.160791165337286823e-11,1.107531872202721646e-11,1.014662057716511634e-11,9.819915686810551381e-12,9.585686275770041731e-12,9.672947176315310758e-12,1.015652804372234319e-11,1.046889633901475214e-11,1.103792377594656204e-11,1.122863726912143312e-11,1.135135334253550843e-11,1.127730940857392394e-11,1.096285803564751860e-11,1.076712934848338132e-11,1.040420912401182618e-11,1.028170295213834406e-11,1.021931026129810349e-11,1.027594174573924490e-11,1.049704371819046300e-11,1.062001634094360270e-11,1.081710730103241369e-11,1.086578518675641869e-11,1.085911606945808017e-11,1.081223600777649063e-11,1.065926391748649171e-11,1.058132311697150552e-11,1.048508152588605025e-11,1.046332982822077706e-11
1.320000000000000000e+02,-1.473147767874134241e-04,6.007429609691827301e-07,1.145836463353392233e-06,2.441963950933071555e-06,3.259454167474492778e-06,5.434747644449458830e-06,6.880382979411572885e-06,1.082111846674850639e-05,1.350145610513791617e-05,2.090797900806523049e-05,2.591935956673362671e-05,3.910723477345076507e-05,4.699555623747930105e-05,6.232664510903808744e-05,6.688644743274345329e-05,6.231432922022750920e-05,5.257224296023210351e-05,2.672733829111626034e-05,1.572952283411424394e-05,3.438571425619119668e-06,1.231059118697786685e-06,8.620275320303321352e-08,1.692791981702844797e-08,3.265112266388585371e-10,3.323369392725129823e-11,2.368314149393119239e-13,7.016465858843135006e-14,1.212381432226516953e-13,3.742971373382059097e-13,5.673315821037167028e-12,1.978322762769338383e-11,1.188667330255348265e-10,1.941610224649118616e-10,2.416724686582320814e-10,1.934732932131096039e-10,7.339944954999969018e-11,3.712391735710175722e-11,8.231984375845630142e-12,4.112276274712001189e-12,1.648262472689343561e-12,1.449031514352480676e-12,2.112756746896343740e-12,3.197416940589614676e-12,8.442565819621189460e-12,1.313283341667151327e-11,2.422909057631442153e-11,2.781649625807451620e-11,2.616733449389320454e-11,2.197951944147430448e-11,1.297625123130273506e-11,9.663339464553721836e-12,5.838278943409366817e-12,4.981572988317639616e-12,4.661851254420673607e-12,5.081627501603291908e-12,7.014737017163943933e-12,8.474524006802860998e-12,1.171820510092493051e-11,1.302006454582428641e-11,1.384285286225306333e-11,1.328536816691018585e-11,1.106042918385709284e-11,9.868604929552313165e-12,7.942569480801422999e-12,7.350363861406000732e-12,6.947549930106863836e-12,7.095425782295203265e-12,7.936895742412589105e-12,8.549515560568252126e-12,9.787648285169286977e-12,1.025465132188825568e-11,1.059735169083898809e-11,1.047179227012251523e-11,9.751212370120304618e-12,9.300117994508541597e-12,8.513977256497870516e-12,8.237564845742575970e-12,8.039440640983386288e-12,8.113246565463055893e-12,8.522362828465579465e-12,8.786719182113378324e-12,9.268456119780610347e-12,9.429961423269156429e-12,9.533895835344211034e-12,9.471183521703521735e-12,9.204894442157995904e-12,9.039176715073746204e-12,8.731970767110464049e-12,8.628291738857138404e-12,8.575491879103669390e-12,8.623416406948122837e-12,8.810545690371082705e-12,8.914637880967288264e-12,9.081490035889663859e-12,9.122703487811703593e-12,9.117057017107507710e-12,9.077365947665963497e-12,8.947862063920716813e-12,8.881884567017370169e-12,8.800421058118707007e-12,8.782010275237839281e-12
1.330000000000000000e+02,-1.498553571718667975e-04,6.027558630383570999e-07,1.148268636142109073e-06,2.446353813301407410e-06,3.264025278410957525e-06,5.440056424575381985e-06,6.885468993149179489e-06,1.082207954470574152e-05,1.349658461360656926e-05,2.087636596543863922e-05,2.585899598269732593e-05,3.893191099640466615e-05,4.671642867650415646e-05,6.170958779206179711e-05,6.605274726694795656e-05,6.111241709633025957e-05,5.132447347497369038e-05,2.580304865668509593e-05,1.508123564555611455e-05,3.240643388216729679e-06,1.148090411247847890e-06,7.838206985866951783e-08,1.517708742652923957e-08,2.827969595965099808e-10,2.824359959774890017e-11,1.928516753842840492e-13,5.656648652090090490e-14,9.818469821898379024e-14,3.059591154649238254e-13,4.743565105600963672e-12,1.671553311890193461e-11,1.019726304535718137e-10,1.672659684370803035e-10,2.085910214087022263e-10,1.666741919449047510e-10,6.271419909537230553e-11,3.153732423865143741e-11,6.905276345300567775e-12,3.429584903829469011e-12,1.364214107348396543e-12,1.198036163546981059e-12,1.752278145717225954e-12,2.661036782635253783e-12,7.083497146048028936e-12,1.105961199357463620e-11,2.050945955493592432e-11,2.357353895421354650e-11,2.216454794766280212e-11,1.859004091072855025e-11,1.092670555815147826e-11,8.116977576189121635e-12,4.883393548479192381e-12,4.161290425739802568e-12,3.892063781723090199e-12,4.245581561009362237e-12,5.876465411286044271e-12,7.110616972614766662e-12,9.858994480180238718e-12,1.096398856035782354e-11,1.166284815034765443e-11,1.118929986642855368e-11,9.301090550962315406e-12,8.290920847000421423e-12,6.660680660448489721e-12,6.160059766967262984e-12,5.819734451295577315e-12,5.944653271158437113e-12,6.655889489733113340e-12,7.174097795860367999e-12,8.222354166888962146e-12,8.618037598655259313e-12,8.908499453527327083e-12,8.802071159615121321e-12,8.191493138095737314e-12,7.809453089627563238e-12,7.144033601453811388e-12,6.910188133507633168e-12,6.742615472031532331e-12,6.805036677388909272e-12,7.151130544929412691e-12,7.374838776772960069e-12,7.782647193799868690e-12,7.919407967946212601e-12,8.007429029739665527e-12,7.954317922647530237e-12,7.728830298198499649e-12,7.588531826573444161e-12,7.328505369826737725e-12,7.240766227703185343e-12,7.196087448797447439e-12,7.236640838436877998e-12,7.395006265328851747e-12,7.483110593849151559e-12,7.624353432671496233e-12,7.659244630675229870e-12,7.654464329086632657e-12,7.620862193255875661e-12,7.511233822421470308e-12,7.455387300353208402e-12,7.386437490299047059e-12,7.370855580621574199e-12
1.340000000000000000e+02,-1.525131619185139242e-04,6.047674481552604928e-07,1.150698626191376658e-06,2.450738932489285489e-06,3.268588776125086730e-06,5.445350313276921391e-06,6.890535453576643191e-06,1.082300979131771445e-05,1.349168051482268517e-05,2.084475722780393067e-05,2.579872546110590107e-05,3.875731618475551036e-05,4.643889837368169815e-05,6.109857769866480141e-05,6.522938064697443898e-05,5.993364610085098591e-05,5.010628862717273748e-05,2.491071104421979068e-05,1.445966124563363882e-05,3.054107267954096544e-06,1.070713150967792134e-06,7.127089476758902836e-08,1.360733828148800659e-08,2.449352408449931989e-10,2.400277231747599549e-11,1.570389597440463580e-13,4.560365756897666323e-14,7.951484522900065244e-14,2.500979837723876775e-13,3.966182606949739120e-12,1.412352971120328649e-11,8.747961130982882805e-11,1.440963743454520135e-10,1.800379122044240554e-10,1.435871642126249764e-10,5.358446349937491526e-11,2.679142538787419869e-11,5.792386400171531391e-12,2.860228791009070126e-12,1.129116169052563068e-12,9.905170759126613600e-13,1.453304192483920176e-12,2.214636351909049505e-12,5.943207975452405312e-12,9.313679357912316159e-12,1.736086076872637995e-11,1.997777320634185061e-11,1.877406010600962682e-11,1.572325410603876705e-11,9.200875846805678382e-12,6.818069004342619532e-12,4.084684793095177957e-12,3.476077851125372598e-12,3.249386897790154660e-12,3.547084121650195820e-12,4.922898812773426891e-12,5.966219028151129034e-12,8.294765021328240340e-12,9.232598409750214508e-12,9.826154186111032973e-12,9.423932473143561972e-12,7.821601791810697812e-12,6.965458537646490589e-12,5.585681114687879312e-12,5.162510528658806330e-12,4.874999763680026854e-12,4.980518222234137093e-12,5.581635414281249652e-12,6.019951789663913200e-12,6.907389401124633399e-12,7.242621758406231347e-12,7.488790918766183302e-12,7.398585026964846212e-12,6.881252051461547725e-12,6.557717720625036439e-12,5.994520174299952653e-12,5.796700115355199467e-12,5.654977598386692894e-12,5.707766561908328429e-12,6.000526085129381793e-12,6.189823285006335052e-12,6.535024556003285467e-12,6.650823961657989503e-12,6.725363023646693805e-12,6.680386278878902573e-12,6.489461610225885635e-12,6.370691544828679942e-12,6.150614170535514957e-12,6.076369415226531845e-12,6.038565237035872779e-12,6.072878853437269075e-12,6.206892476118969215e-12,6.281459429208560707e-12,6.401015324340383894e-12,6.430552054390026306e-12,6.426505351096387098e-12,6.398060006058622906e-12,6.305263196325697206e-12,6.257995288421955293e-12,6.199640979623680104e-12,6.186454180965444971e-12
1.350000000000000000e+02,-1.552764367766097621e-04,6.067777169464533445e-07,1.153126434880435676e-06,2.455119312022666783e-06,3.273144668783307997e-06,5.450629333962218794e-06,6.895582397599961996e-06,1.082390930287065829e-05,1.348674395500109127e-05,2.081315304564357381e-05,2.573854813523623235e-05,3.858344771962940283e-05,4.616295669974824069e-05,6.049355630756452678e-05,6.441622032614053911e-05,5.877757154749388598e-05,4.891698773290352855e-05,2.404922132412664151e-05,1.386369919070937120e-05,2.878307454520740794e-06,9.985505401793014213e-07,6.480486152123988465e-08,1.219994381166929036e-08,2.121425261749753516e-10,2.039870960405913702e-11,1.278766860197261268e-13,3.676548540436364032e-14,6.439504962249542608e-14,2.044358063911511092e-13,3.316198200374251281e-12,1.193345484820466929e-11,7.504642241841497086e-11,1.241361988787818837e-10,1.553932859395690952e-10,1.236980361077420071e-10,4.578379862729686778e-11,2.275971021348764667e-11,4.858854800709327959e-12,2.385392881484871275e-12,9.345330499038739802e-13,8.189434915796545145e-13,1.205341056999265081e-12,1.843121277345441400e-12,4.986479843404820200e-12,7.843368315940679736e-12,1.469563056313849536e-11,1.693048137666255948e-11,1.590220929112776127e-11,1.329855504688358392e-11,7.747632938849557949e-12,5.727015704119070572e-12,3.416609226439271119e-12,2.903694347683796750e-12,2.712831614079883047e-12,2.963505417626077776e-12,4.124065672295174068e-12,5.006002231668083002e-12,6.978715402870122597e-12,7.774621468533207680e-12,8.278706089799928169e-12,7.937090925908690808e-12,6.577448682281231140e-12,5.851895899279535573e-12,4.684180289742795322e-12,4.326502047249936034e-12,4.083626069673745862e-12,4.172751039014169216e-12,4.680764239747836619e-12,5.051480392835594468e-12,5.802720310548251104e-12,6.086717745492145615e-12,6.295334181250292205e-12,6.218883210045572651e-12,5.780585049259406860e-12,5.506615508629048028e-12,5.029968927266689760e-12,4.862635657630273722e-12,4.742783721095253369e-12,4.787423793983433540e-12,5.035051152055269874e-12,5.195219580055032704e-12,5.487405343486406739e-12,5.585449447788673472e-12,5.648567198831763725e-12,5.610481588862181734e-12,5.448833035161596006e-12,5.348294750866580682e-12,5.162041557009097725e-12,5.099219982894476200e-12,5.067234799078709773e-12,5.096266751701897246e-12,5.209665435591120941e-12,5.272770745414281923e-12,5.373962722304143069e-12,5.398965020712853669e-12,5.395539538158994342e-12,5.371461251051784513e-12,5.292917146237918757e-12,5.252912796578634858e-12,5.203529122345396107e-12,5.192370052800251989e-12
1.360000000000000000e+02,-1.581336828372184892e-04,6.087866700383063549e-07,1.155552063587822085e-06,2.459494955425262563e-06,3.277692964544432408e-06,5.455893510008489071e-06,6.900609862067508564e-06,1.082477817542141607e-05,1.348177507990935440e-05,2.078155366792256114e-05,2.567929190752980080e-05,3.841030298835155078e-05,4.588859506759223922e-05,5.989446565481969568e-05,6.361314061257536444e-05,5.764375727705327009e-05,4.775588668382694016e-05,2.321751350555347274e-05,1.329229435923374569e-05,2.712626064703752005e-06,9.312511713907556648e-07,5.896958313808000306e-08,1.093811241988052949e-08,1.837401721385949899e-10,1.733580108891769056e-11,1.041298666216994295e-13,2.964016293689752946e-14,5.215031423193294824e-14,1.671104660899702665e-13,2.772733865424870103e-12,1.008298384564711159e-11,6.438031078842727795e-11,1.069408810366444945e-10,1.341221349477131342e-10,1.065638534987652097e-10,3.911872469833030386e-11,1.933470576568133148e-11,4.075775497268049885e-12,1.989385761159978561e-12,7.734827589620657529e-13,6.770891356269737038e-13,9.996853063236332826e-13,1.533929260737545985e-12,4.183763659950864855e-12,6.605168072649353350e-12,1.243956321414149691e-11,1.434800328136039138e-11,1.346966079797916327e-11,1.124776961565314426e-11,6.523923193118771890e-12,4.810556196010312702e-12,2.857801153924657833e-12,2.425561243827797919e-12,2.264874729819912891e-12,2.475938779087499819e-12,3.454857791995377680e-12,4.200324278929440380e-12,5.871469705830828500e-12,6.546881743327293002e-12,6.974953058701272024e-12,6.684831751731581950e-12,5.531197543170648934e-12,4.916356953705083854e-12,3.928176604524671878e-12,3.625874855353247717e-12,3.420718000307285123e-12,3.495991365322359545e-12,3.925292328590263002e-12,4.238813076581915418e-12,4.874715458765346843e-12,5.115292331424672878e-12,5.292072796691041359e-12,5.227283666683901764e-12,4.855970768720407893e-12,4.623988285367211515e-12,4.220618673349621486e-12,4.079083235465977286e-12,3.977733588475182436e-12,4.015480114215319585e-12,4.224918944426350742e-12,4.360431828977218149e-12,4.607727610919654104e-12,4.690733234778352023e-12,4.744176161945376502e-12,4.711928004892673716e-12,4.575075561452646156e-12,4.489976072148335606e-12,4.332359070016028602e-12,4.279206681926175926e-12,4.252146622004196463e-12,4.276708246439900329e-12,4.372656696362969830e-12,4.426058586477765733e-12,4.511701613436197578e-12,4.532864182745996451e-12,4.529964755086227091e-12,4.509584410538822197e-12,4.443108370371512406e-12,4.409253696749729223e-12,4.367464425053882437e-12,4.358021891493271682e-12
1.370000000000000000e+02,-1.610736537772024810e-04,6.107943259408340087e-07,1.157975535276639743e-06,2.463865905146244177e-06,3.282233711987900130e-06,5.461142911472566903e-06,6.905617928309760187e-06,1.082561651213250213e-05,1.347677399016219513e-05,2.074995906058412377e-05,2.562016090159338838e-05,3.823787785121475469e-05,4.561580250825807798e-05,5.930124306852642738e-05,6.282001032694409140e-05,5.653176568153773639e-05,4.662230757515458356e-05,2.241455138962900268e-05,1.274443030568569481e-05,2.556479421030049973e-06,8.684867765082677528e-07,5.370809737329255637e-08,9.806779616128823152e-09,1.591401882505578264e-10,1.473277091144399586e-11,8.479268719455146375e-14,2.389573456641758131e-14,4.223382169162015476e-14,1.365996074934039406e-13,2.318329366370400213e-12,8.519443505695944996e-12,5.523005525685277528e-11,9.212731643640399704e-11,1.157625329417048127e-10,9.180289525529544692e-11,3.342388079632593878e-11,1.642508809626859467e-11,3.418895619085662863e-12,1.659118209571680547e-12,6.401854957607810981e-13,5.598052403577025160e-13,8.291171297702265575e-13,1.276603361867120756e-12,3.510261553001450818e-12,5.562428040959202513e-12,1.052982920583984960e-11,1.215942177132910140e-11,1.140919875393907323e-11,9.513222512264746245e-12,5.493484600592804523e-12,4.040745277440749295e-12,2.390385524068949774e-12,2.026155746003358016e-12,1.890883527229728078e-12,2.068584751191079874e-12,2.894236581082662574e-12,3.524308015562249707e-12,4.939891703158172387e-12,5.513012924862961683e-12,5.876508752267889379e-12,5.630135924529836022e-12,4.651361977872636722e-12,4.130375024207627588e-12,3.294182526585032189e-12,3.038700964030222051e-12,2.865416996560010698e-12,2.928987266484842089e-12,3.291747381400575434e-12,3.556879237757298862e-12,4.095115631146117874e-12,4.298896769160467923e-12,4.448689490789761725e-12,4.393786983553082948e-12,4.079243155286418898e-12,3.882826270793296453e-12,3.541491346058592282e-12,3.421784529984359113e-12,3.336086615290945190e-12,3.368002030696912175e-12,3.545129765919127762e-12,3.659774740205623544e-12,3.869063110260168026e-12,3.939332204622864042e-12,3.984580216774211148e-12,3.957276617939237129e-12,3.841424492953895986e-12,3.769397879764546655e-12,3.636023258738255159e-12,3.591054835222137753e-12,3.568163071867441749e-12,3.588941291507094511e-12,3.670119384183850864e-12,3.715306816538810342e-12,3.787785243878488695e-12,3.805696561923546661e-12,3.803242578726342971e-12,3.785993437158130526e-12,3.729735026684541377e-12,3.701086556369762026e-12,3.665726196980939600e-12,3.657736711171893917e-12
1.380000000000000000e+02,-1.640853533522445575e-04,6.128006495001632210e-07,1.160396808133628980e-06,2.468232086807174187e-06,3.286970673485026164e-06,5.466377468116962422e-06,6.910606543808397312e-06,1.082642439366376052e-05,1.347187996025934272e-05,2.071837003264848445e-05,2.556111912359185830e-05,3.806617278086769527e-05,4.534457537999792432e-05,5.871384225567013418e-05,6.203672096475217328e-05,5.544119698410020106e-05,4.551561848157441336e-05,2.163935566082969965e-05,1.221914678793968568e-05,2.409321485850320988e-06,8.099528276977628269e-07,4.891608975209483894e-08,8.792467560422108017e-09,1.378339157219465871e-10,1.252061082308679463e-11,6.904657509805567361e-14,1.926461919675437340e-14,3.420302777980277487e-14,1.116595964995026335e-13,1.938396898505320709e-12,7.198366712814555091e-12,4.738036550014541881e-11,7.936583437976804656e-11,9.991623912790348339e-11,7.908667964224777580e-11,2.855811892304646604e-11,1.395334748351823029e-11,2.867887053054421487e-12,1.383681987347437636e-12,5.298606605558253690e-13,4.628377217076595773e-13,6.876526529187715342e-13,1.062447032478333608e-12,2.945183973004222855e-12,4.684309038750777976e-12,8.913291328974115579e-12,1.030469050475497916e-11,9.663939651771355499e-12,8.046175135672725687e-12,4.625807820558131001e-12,3.394128375707947121e-12,1.999422247775731187e-12,1.692520906412808834e-12,1.578650567473499633e-12,1.728253201356902413e-12,2.424591072618803578e-12,2.957096617269353023e-12,4.156125367905244561e-12,4.642416794953599379e-12,4.951058822904447210e-12,4.741850710915720968e-12,3.911485393394420473e-12,3.470053535964065516e-12,2.762516859147398640e-12,2.546617620556232420e-12,2.400263988218062639e-12,2.453947337216835778e-12,2.760460967882877314e-12,2.984658093591052719e-12,3.440199866514351279e-12,3.612802196078720995e-12,3.739719146335362954e-12,3.693197548997051438e-12,3.426760340329709775e-12,3.260466956101978897e-12,2.971644631755143706e-12,2.870406251012300181e-12,2.797947501942052440e-12,2.824930854560328553e-12,2.974722844353155926e-12,3.071707249452035327e-12,3.248818450591120510e-12,3.308301549376224671e-12,3.346608851585025635e-12,3.323493146271602749e-12,3.225424972681106839e-12,3.164466816840336150e-12,3.051613134278166606e-12,3.013571000815701284e-12,2.994206635019078244e-12,3.011783151433272687e-12,3.080460284641053925e-12,3.118694457413320742e-12,3.180027991151260225e-12,3.195186574090486120e-12,3.193109730618981512e-12,3.178511625992821998e-12,3.130903387027136886e-12,3.106662035913185238e-12,3.076743449858393431e-12,3.069983801678652369e-12
1.390000000000000000e+02,-1.671580331238624729e-04,6.148056592375028637e-07,1.162815905139837199e-06,2.472593542894818653e-06,3.291746618786265625e-06,5.471597250068820821e-06,6.915575789952200202e-06,1.082720192299320146e-05,1.346721672542834625e-05,2.068678654701139883e-05,2.550216618955463170e-05,3.789518364365705976e-05,4.507490278337356591e-05,5.813220158115123119e-05,6.126314427491807524e-05,5.437162963507603613e-05,4.443517248582226002e-05,2.089095974239758651e-05,1.171550877302360793e-05,2.270633592092572870e-06,7.553636977389874621e-07,4.455162945708030474e-08,7.883063723031170575e-09,1.193801837441089975e-10,1.064061002937349842e-11,5.622452915569897680e-14,1.553106059558329033e-14,2.769927841782260369e-14,9.127304489466026016e-14,1.620728318262390499e-12,6.082143171265777526e-12,4.064632281469172936e-11,6.837206194547536253e-11,8.623906948800053041e-11,6.813185811967853445e-11,2.440069806907037286e-11,1.185356657664241031e-11,2.405681800684081328e-12,1.153971774907336378e-12,4.385483404374668215e-13,3.826665546935448248e-13,5.703248474615146835e-13,8.842163112809942049e-13,2.471071524484669268e-12,3.944814716853525804e-12,7.544922992581623578e-12,8.732868405194119110e-12,8.185650670743810364e-12,6.805362181986143733e-12,3.895176986946219388e-12,2.850985398282490646e-12,1.672403372472014427e-12,1.413823512473946775e-12,1.317974998886126126e-12,1.443914107203403407e-12,2.031154297489276561e-12,2.481173361386368459e-12,3.496711356880052857e-12,3.909301620483654482e-12,4.171350846118512812e-12,3.993712614303382424e-12,3.289298033167659119e-12,2.915296964337704688e-12,2.316659207133794918e-12,2.134221293616234139e-12,2.010620592544573593e-12,2.055951790107604649e-12,2.314923589191025810e-12,2.504493980910391104e-12,2.890021799347233800e-12,3.036206404566713091e-12,3.143734187902036403e-12,3.104316662668610283e-12,2.878643016231835494e-12,2.737862210165295518e-12,2.493489220439445986e-12,2.407875439834616937e-12,2.346614466327071047e-12,2.369426513717035054e-12,2.496093284322375982e-12,2.578132450364520323e-12,2.728004020596808132e-12,2.778353556335405594e-12,2.810782693835750523e-12,2.791213766194233781e-12,2.708204916834072717e-12,2.656617628790311492e-12,2.561133596867826157e-12,2.528952985610469217e-12,2.512573563919970332e-12,2.527440740420286436e-12,2.585538283039062746e-12,2.617887054053372187e-12,2.669786131536885931e-12,2.682614249011408547e-12,2.680856675974646608e-12,2.668502978265749337e-12,2.628217413667977009e-12,2.607706558284059173e-12,2.582393879898420286e-12,2.576675147119428244e-12
1.400000000000000000e+02,-1.702811904058047754e-04,6.168093557781936451e-07,1.165232827670683279e-06,2.476950276923754442e-06,3.296515752333409191e-06,5.476802280581893455e-06,6.920525703360043022e-06,1.082794919526528475e-05,1.346252076240897206e-05,2.065520884663498433e-05,2.544330224057303014e-05,3.772490785184371602e-05,4.480677629823919656e-05,5.755626525889002390e-05,6.049916059885137448e-05,5.332265998322138268e-05,4.338034795711302781e-05,2.016843747710924035e-05,1.123262451926376727e-05,2.139928270667812524e-06,7.044535465007832793e-07,4.057657130204762007e-08,7.067717844354629020e-09,1.033970894472567570e-10,9.042894579848470560e-12,4.578355381444632055e-14,1.252107141927472078e-14,2.243225136894233529e-14,7.460861355806924777e-14,1.355119711105370883e-12,5.139007383699045750e-12,3.486936547879640469e-11,5.890113914728926925e-11,7.443410493003510542e-11,5.869445175114146318e-11,2.084850095839495265e-11,1.006977132429233424e-11,2.017967905406856111e-12,9.623964494255565771e-13,3.629720493353999489e-13,3.163822827854934072e-13,4.730155611816500016e-13,7.358845791841789330e-13,2.073280864480983587e-12,3.322061077832075271e-12,6.386625549161667470e-12,7.400802491458122190e-12,6.933493926566947074e-12,5.755896003963381635e-12,3.279946355749102649e-12,2.394758138535638126e-12,1.398870412951461195e-12,1.181017387835367471e-12,1.100343476273871191e-12,1.206355436551842519e-12,1.701559981239983421e-12,2.081846170063836321e-12,2.941920036574063868e-12,3.291957120310842755e-12,3.514433156385360357e-12,3.363610361377042390e-12,2.766079601696294632e-12,2.449228835152070238e-12,1.942760649619248992e-12,1.788607700533087486e-12,1.684229172143128506e-12,1.722505249329361887e-12,1.941295485908406393e-12,2.101577158825085334e-12,2.427831265021385132e-12,2.551633709012290918e-12,2.642728727910229058e-12,2.609332536282135684e-12,2.418197830563253992e-12,2.299022951179896523e-12,2.092271587103913810e-12,2.019875504919235731e-12,1.968085064493405034e-12,1.987369389064644332e-12,2.094474414867861234e-12,2.163867040194319968e-12,2.290680449143489561e-12,2.333296153945313423e-12,2.360747421116179967e-12,2.344182140068262754e-12,2.273924511143540772e-12,2.230270249080693046e-12,2.149487537831187844e-12,2.122266988882626215e-12,2.108413243257986625e-12,2.120987955579745066e-12,2.170132590339005074e-12,2.197500184207210050e-12,2.241413272433684378e-12,2.252268521425043746e-12,2.250781239989882443e-12,2.240327525273103082e-12,2.206240480020701944e-12,2.188887092413605018e-12,2.167472608729029138e-12,2.162634817320235880e-12
1.410000000000000000e+02,-1.734445664156331751e-04,6.188117397471968022e-07,1.167937706358576633e-06,2.481302292406308702e-06,3.301278080520756017e-06,5.481992582879221653e-06,6.925456320593716695e-06,1.082866630539754669e-05,1.345779221596801419e-05,2.062363717299743799e-05,2.538452741551342970e-05,3.755534282395532890e-05,4.454018754578088399e-05,5.698597803462690276e-05,5.974465174089042536e-05,5.229389211927168066e-05,4.235053797237416724e-05,1.947089470137630153e-05,1.076963901361423117e-05,2.016746104726289306e-06,6.569744476574677916e-07,3.695617327366699720e-08,6.336701847053580194e-09,8.955385941817294027e-11,7.685079054251323094e-12,3.728148432330380402e-14,1.009441011681766476e-14,1.816672897184123947e-14,6.098672456801568220e-14,1.133039463033919114e-12,4.342119545863720731e-12,2.991346718396979687e-11,5.074212331237538953e-11,6.424506965915094403e-11,5.056427604638140394e-11,1.781342160909159256e-11,8.554410868902295739e-12,1.692740023671868155e-12,8.026251917866294994e-13,3.004200078808583196e-13,2.615795492537376088e-13,3.923091777650877798e-13,6.124361543076439762e-13,1.739525895289723012e-12,2.797618907368626395e-12,5.406149269568394367e-12,6.271921973747748846e-12,5.872878355503430292e-12,4.868269036593236843e-12,2.761889024774366597e-12,2.011538098633039451e-12,1.170075456880317888e-12,9.865459686154987029e-13,9.186483767697345426e-13,1.007880763440396898e-12,1.425448572112825163e-12,1.746787610390487799e-12,2.475152054886090025e-12,2.772101287667333436e-12,2.960968547172787568e-12,2.832921153521003599e-12,2.326087564751000425e-12,2.057670657126808855e-12,1.629207456877584947e-12,1.498962195686792676e-12,1.410821844549312032e-12,1.443138848439967648e-12,1.627970653249322108e-12,1.763480312298726371e-12,2.039556864326039221e-12,2.144397588102128771e-12,2.221566355355142353e-12,2.193273449142829623e-12,2.031401522689657568e-12,1.930522934437753357e-12,1.755612067397618881e-12,1.694396793011643254e-12,1.650615489559234539e-12,1.666916686062988595e-12,1.757475350146198156e-12,1.816167279500985332e-12,1.923463504357320053e-12,1.959531115928309086e-12,1.982767167682877862e-12,1.968745316511394394e-12,1.909283847559631320e-12,1.872344971122832935e-12,1.804004265849173949e-12,1.780980717720412332e-12,1.769263934577741670e-12,1.779899009212923544e-12,1.821467835502049715e-12,1.844619834483196552e-12,1.881773491370364315e-12,1.890958689545335636e-12,1.889700228978677399e-12,1.880854819764563035e-12,1.852014337245036502e-12,1.837333291152681847e-12,1.819217763628436235e-12,1.815125442528389699e-12
1.420000000000000000e+02,-1.766381446177103429e-04,6.208128295948414904e-07,1.170851081651623276e-06,2.485649631569906330e-06,3.306033652083247964e-06,5.487168226206900817e-06,6.930367721836775243e-06,1.082935335406957022e-05,1.345303118786456858e-05,2.059207148485180604e-05,2.532584132848824656e-05,3.738648448327878309e-05,4.427512583322272630e-05,5.642128017379336629e-05,5.899949435196104124e-05,5.128492882423531718e-05,4.134514111685832940e-05,1.879746224461341180e-05,1.032572858631147458e-05,1.900653111375303489e-06,6.126948006663691416e-07,3.365876489000050806e-08,5.681288249581323974e-09,7.756390506003657537e-11,6.531132758095040125e-12,3.035820293068036690e-14,8.138048611730508419e-15,1.471227111492223738e-14,4.985180562626367884e-14,9.473526021812339604e-13,3.668796196747495242e-12,2.566189933619032748e-11,4.371323295742149395e-11,5.545069503391786281e-11,4.356020215758385494e-11,1.522015868372916803e-11,7.267079353643485229e-12,1.419925402300695194e-12,6.693770158387041258e-13,2.486472941605477605e-13,2.162691683724182745e-13,3.253724329896345857e-13,5.096959096104192177e-13,1.459496016880876268e-12,2.355964625862586037e-12,4.576188440772593902e-12,5.315226476185555549e-12,4.974496915733858660e-12,4.117517823009828049e-12,2.325653341780919980e-12,1.689639774664700167e-12,9.786997872286012923e-13,8.240956203033056315e-13,7.669545066309874093e-13,8.420584921616652840e-13,1.194139595149176780e-12,1.465651872870760153e-12,2.082438442605610840e-12,2.334335578568075276e-12,2.494661215882848504e-12,2.385956747929726673e-12,1.956080425673939471e-12,1.728707942853097146e-12,1.366258045283966216e-12,1.256219466557600972e-12,1.181795736574994815e-12,1.209079738455701158e-12,1.365214039907025612e-12,1.479773199591569166e-12,1.713374911784318333e-12,1.802152556958785956e-12,1.867520000404729319e-12,1.843552030868569891e-12,1.706471308661125508e-12,1.621085346037789976e-12,1.473120643481415359e-12,1.421362647805596291e-12,1.384354219799432961e-12,1.398132857318573619e-12,1.474696612654285977e-12,1.524334884662678635e-12,1.615112015483644026e-12,1.645635776086062929e-12,1.665302634288809425e-12,1.653434469417805475e-12,1.603113285566018509e-12,1.571858718489235751e-12,1.514047351033886990e-12,1.494574890280667145e-12,1.484666041365670375e-12,1.493660094697632501e-12,1.528818738272264000e-12,1.548403305530118845e-12,1.579836007023840971e-12,1.587607649511380004e-12,1.586542854557781990e-12,1.579058769591440425e-12,1.554658853909762772e-12,1.542239372234049943e-12,1.526915556883737257e-12,1.523454051712697099e-12
1.430000000000000000e+02,-1.798521492442057374e-04,6.228125902828576810e-07,1.173761833753373578e-06,2.489992220445531737e-06,3.310782388652746232e-06,5.492329141488187924e-06,6.935259856007819357e-06,1.083001042350288418e-05,1.344823790683916435e-05,2.056051258328298135e-05,2.526724515984174165e-05,3.721833327022917122e-05,4.401158758770233994e-05,5.586212753436772512e-05,5.826358638839630299e-05,5.029540720979442693e-05,4.036359676207540372e-05,1.814731865002933739e-05,9.900115112210531795e-06,1.791243294687358371e-06,5.713997545650809865e-07,3.065558530052189985e-08,5.093668790847206279e-09,6.717930457257083321e-11,5.550463409199901665e-12,2.472062268429886522e-14,6.560859711415845119e-15,1.191470424925789029e-14,4.074995549330218125e-14,7.920979681625556212e-13,3.099887859424332870e-12,2.201462845569449045e-11,3.765804074823408953e-11,4.786021874495817452e-11,3.752636363544420428e-11,1.300443690992018897e-11,6.173483111434480142e-12,1.191081304766083981e-12,5.582509010181729847e-13,2.057971306389239086e-13,1.788076522783732525e-13,2.698569991597954409e-13,4.241916876351198296e-13,1.224547237698922486e-12,1.984036145010609209e-12,3.873649719130650704e-12,4.504467681016102731e-12,4.213547560990779650e-12,3.482547014438050481e-12,1.958323043657617113e-12,1.419255555093479337e-12,8.186264166543111287e-13,6.883962800838250295e-13,6.403103416409428039e-13,7.035192740867390881e-13,1.000366781599149046e-12,1.229765123284334849e-12,1.752036151792327190e-12,1.965703831261975121e-12,2.101793050582681510e-12,2.009514977379181500e-12,1.644932074666011212e-12,1.452339008604919268e-12,1.145749537996912371e-12,1.052788146374203371e-12,9.899500652815057533e-13,1.012983506755091301e-12,1.144868352681224777e-12,1.241710374929802518e-12,1.439360539394127225e-12,1.514531826774662138e-12,1.569899456743337196e-12,1.549596470020939143e-12,1.433516906524864853e-12,1.361248489145996943e-12,1.236085994844871028e-12,1.192326782011726705e-12,1.161045299616011994e-12,1.172691040411330543e-12,1.237418885890670395e-12,1.279397621916159022e-12,1.356194453613901452e-12,1.382024946957119416e-12,1.398669916864714313e-12,1.388625217417505109e-12,1.346041767630312691e-12,1.319598347693934359e-12,1.270696872376908537e-12,1.254228762948700338e-12,1.245849370933374556e-12,1.253455184698631930e-12,1.283190405061002126e-12,1.299756255315059894e-12,1.326347397797439376e-12,1.332922596082586342e-12,1.332021732497468136e-12,1.325689829179826917e-12,1.305047975068418520e-12,1.294542272857468479e-12,1.281580717200567210e-12,1.278652991864095978e-12
1.440000000000000000e+02,-1.830770439811264349e-04,6.248110402726604964e-07,1.176670413826562097e-06,2.494330101298096111e-06,3.315524339014391244e-06,5.497475398038784156e-06,6.940132803348001301e-06,1.083063761419327214e-05,1.344341247406477774e-05,2.052896042405234398e-05,2.520873851851224731e-05,3.705088511438890632e-05,4.374956218470066522e-05,5.530846137116596901e-05,5.753680725635622936e-05,4.932494463665069821e-05,3.940533098866549140e-05,1.751965315091377220e-05,9.492040897196622968e-06,1.688131010477736350e-06,5.328877935546554815e-07,2.792035551816098894e-08,4.566826197803866560e-09,5.818503017178573711e-11,4.717043785738492256e-12,2.012994805566936662e-14,5.289334508579157657e-15,9.649128284577868087e-15,3.330991624021784059e-14,6.622867673115179210e-13,2.619197881584961474e-12,1.888573322793123122e-11,3.244161308948306788e-11,4.130877248337966323e-11,3.232831027617094621e-11,1.111127392893797305e-11,5.244457320675854906e-12,9.991190004238897915e-13,4.655732451040034414e-13,1.703314139039902031e-13,1.478350861866539745e-13,2.238136433997672814e-13,3.530311893512605437e-13,1.027420227887876347e-12,1.670822551494421937e-12,3.278964610681917025e-12,3.817377512184416677e-12,3.569000184364817807e-12,2.945495925074301247e-12,1.649011276919770674e-12,1.192139323456103961e-12,6.847341161957121169e-13,5.750417232230214948e-13,5.345783494689615445e-13,5.877730756536497791e-13,8.380373218291881088e-13,1.031842580129227471e-12,1.474055686540021171e-12,1.655285148316129606e-12,1.770794909360454139e-12,1.692465639207066386e-12,1.383277010730959988e-12,1.220153074714055985e-12,9.608300754419124567e-13,8.823002007815605729e-13,8.292473695561963787e-13,8.486913157922798545e-13,9.600863398566417128e-13,1.041946449910000072e-12,1.209168209352975976e-12,1.272814725795587409e-12,1.319709532626722748e-12,1.302512134607192174e-12,1.204222051937042792e-12,1.143059605301921522e-12,1.037191599967401956e-12,1.000197185274318001e-12,9.737579937264123631e-13,9.836004352583443966e-13,1.038318817861080823e-12,1.073817873812818458e-12,1.138783620353855941e-12,1.160641217466326647e-12,1.174727768402453187e-12,1.166226891533700405e-12,1.130193513646307601e-12,1.107821923388915830e-12,1.066459610508593836e-12,1.052533114918180468e-12,1.045447528460335951e-12,1.051878988642465651e-12,1.077025919620985817e-12,1.091037497976884985e-12,1.113531494659550369e-12,1.119094129430758811e-12,1.118331989513610125e-12,1.112975217629902369e-12,1.095513626645991390e-12,1.086627343009974322e-12,1.075664541163104393e-12,1.073188386031473374e-12
1.450000000000000000e+02,-1.863035308067588665e-04,6.268081801882624971e-07,1.179582973035564865e-06,2.498663277630792197e-06,3.320259509541800998e-06,5.502607018959053365e-06,6.944986600191131385e-06,1.083123502015542815e-05,1.343855503255935759e-05,2.049741524276846435e-05,2.515032153461009578e-05,3.688413745947456994e-05,4.348904140909993425e-05,5.476022850799859912e-05,5.681904443679896633e-05,4.837317471005232587e-05,3.846979231008422723e-05,1.691368888580684353e-05,9.100783329082890805e-06,1.590953811771850246e-06,4.969713623121220589e-07,2.542916912543630170e-08,4.094474488137208462e-09,5.039494161058512278e-11,4.008764105173021064e-12,1.639178159526522016e-14,4.264221354494113214e-15,7.814332948080648933e-15,2.722824678398627629e-14,5.537493207030674824e-13,2.213046667578696947e-12,1.620153891688375092e-11,2.794776519585151497e-11,3.565412854821155275e-11,2.785027289624493474e-11,9.493712727851738586e-12,4.455236662448749940e-12,8.380944592836780949e-13,3.882813666943041309e-13,1.409776429709547196e-13,1.222274777050447181e-13,1.856262268461889020e-13,2.938082177723899679e-13,8.620265146228739406e-13,1.407054811206065459e-12,2.775575505108845986e-12,3.235092342667236776e-12,3.023048933577243691e-12,2.491264247846125546e-12,1.388554256385315933e-12,1.001367202048755733e-12,5.727407751624641330e-13,4.803526012283482194e-13,4.463054275108402358e-13,4.910698854932588064e-13,7.020489604155771834e-13,8.657742491674502716e-13,1.240179806722904732e-12,1.393886769245414325e-12,1.491923365447636596e-12,1.425438272192186551e-12,1.163242597948879742e-12,1.025086618236872860e-12,8.057557713495727691e-13,7.394208943051205907e-13,6.946320959839297204e-13,7.110449924165040958e-13,8.051280453967579742e-13,8.743200391111982661e-13,1.015789665922972596e-12,1.069675191521859969e-12,1.109391414453805846e-12,1.094825429317006216e-12,1.011603398704680190e-12,9.598431804144075263e-13,8.703005221870341312e-13,8.390269273621242530e-13,8.166817374276325037e-13,8.249996280747240451e-13,8.712537527370833867e-13,9.012715432906576174e-13,9.562256856558010165e-13,9.747203586797648089e-13,9.866410260409713695e-13,9.794471006810412383e-13,9.489580345481418711e-13,9.300323911606150906e-13,8.950489546570572497e-13,8.832725132898455733e-13,8.772812933998536122e-13,8.827194346566064054e-13,9.039848134374112165e-13,9.158353058130036528e-13,9.348623221036578279e-13,9.395680576878423507e-13,9.389233097609195333e-13,9.343917783607991190e-13,9.196213126942687222e-13,9.121052708688931476e-13,9.028335262555031715e-13,9.007394168644017318e-13
1.460000000000000000e+02,-1.895225489702806031e-04,6.288040106533780878e-07,1.182496115904451296e-06,2.502991752944563018e-06,3.324987906603389318e-06,5.507724027318812009e-06,6.949821282814370354e-06,1.083180273517967058e-05,1.343366572490638580e-05,2.046587727358897932e-05,2.509199433609198720e-05,3.671808775552838568e-05,4.323001708629980035e-05,5.421737627611146471e-05,5.611018678710008611e-05,4.743973806423139924e-05,3.755644228985578585e-05,1.632867583153623891e-05,8.725649559887711532e-06,1.499370109836923063e-06,4.634755443273851170e-07,2.316025257464776263e-08,3.670977810171479130e-09,4.364781938117311133e-11,3.406834412017847868e-12,1.334780268084923005e-14,3.437788248517037459e-15,6.328406765634952968e-15,2.225693587765142922e-14,4.629992136212512932e-13,1.869875809095214447e-12,1.389884182138173552e-11,2.407640593512540284e-11,3.077352798584384597e-11,2.399251809595895346e-11,8.111632134218116352e-12,3.784782573066844402e-12,7.030215981845139295e-13,3.238209938909164531e-13,1.166824612191391664e-13,1.010555571515081574e-13,1.539544045633250979e-13,2.445201972758187514e-13,7.232576896328696270e-13,1.184927102184513137e-12,2.349466731192337288e-12,2.741625855376753074e-12,2.560611661941991635e-12,2.107080379317241570e-12,1.169235552562347680e-12,8.411232864727336000e-13,4.790647045727070008e-13,4.012553906761889833e-13,3.726086279798312972e-13,4.102767116927891200e-13,5.881273387135094177e-13,7.264334262162969180e-13,1.043410881784376243e-12,1.173767544748391400e-12,1.256969409200309196e-12,1.200540751880585510e-12,9.782083454888679253e-13,8.612053941075420438e-13,6.757097865180833329e-13,6.196793024462049493e-13,5.818694050890860225e-13,5.957229338732911161e-13,6.751799911264982912e-13,7.336609347385197877e-13,8.533374202569776745e-13,8.989563108664777591e-13,9.325909456573550083e-13,9.202544325528916325e-13,8.497944915027838553e-13,8.059936724112704010e-13,7.302632348653304017e-13,7.038272959239422200e-13,6.849432316897302586e-13,6.919723312143882810e-13,7.310692578654104379e-13,7.564507017738392181e-13,8.029334033592128161e-13,8.185816662096417895e-13,8.286689205921210499e-13,8.225813422340494396e-13,7.967850012592647690e-13,7.807754280348550013e-13,7.511888246852782558e-13,7.412310511472480767e-13,7.361654688620156151e-13,7.407634347502550787e-13,7.587453885668504761e-13,7.687675095038176698e-13,7.848609999763778156e-13,7.888415940425497208e-13,7.882962132447351999e-13,7.844629893588583869e-13,7.719696193050906707e-13,7.656128877576995340e-13,7.577717750159584931e-13,7.560008933975292944e-13
1.470000000000000000e+02,-1.927252740986688741e-04,6.307985322913964125e-07,1.185407110386481940e-06,2.507315530738101882e-06,3.329709536562420070e-06,5.512826446157247833e-06,6.954636887438120970e-06,1.083234085283221325e-05,1.342874469325628685e-05,2.043434674922701608e-05,2.503375704877505714e-05,3.655273345892935937e-05,4.297248108205514142e-05,5.367985250944145702e-05,5.541012452436739331e-05,4.652428222786633878e-05,3.666475523314647461e-05,1.576388987641576451e-05,8.365975280161079553e-06,1.413057973938768291e-06,4.322372102619838515e-07,2.109377490364626462e-08,3.291283204038663451e-09,3.780402824549861096e-11,2.895286061680574230e-12,1.086907256905855768e-14,2.771546013524694985e-15,5.125050774393291597e-15,1.819331903012144647e-14,3.871214330000705139e-13,1.579919246645633546e-12,1.192342115340951081e-11,2.074130865431685067e-11,2.656101553977219254e-11,2.066912700021683591e-11,6.930751681117133800e-12,3.215222440502638057e-12,5.897178633005456527e-13,2.700619404754495134e-13,9.657414299681088554e-14,8.355095044640381552e-14,1.276864356435092329e-13,2.035005193870564888e-13,6.068277662047566468e-13,9.978659066579853576e-13,1.988774244029642424e-12,2.323430185226238454e-12,2.168913296575827876e-12,1.782142169297687428e-12,9.845575689362145999e-13,7.065222972640894383e-13,4.007100098783744624e-13,3.351826466119894876e-13,3.110810762631255333e-13,3.427759649472089665e-13,4.926917435230798725e-13,6.095185120513768595e-13,8.778614770874049178e-13,9.884088989983719209e-13,1.059016752329861033e-12,1.011126105803297759e-12,8.226069294053200975e-13,7.235238883712691305e-13,5.666526275982519678e-13,5.193285580219753061e-13,4.874119228885642752e-13,4.991045283227885099e-13,5.662055568324275701e-13,6.156307560088725150e-13,7.168655859896011506e-13,7.554838644865252695e-13,7.839665060790229623e-13,7.735188357893552080e-13,7.138673061967554245e-13,6.768039904556100161e-13,6.127587857691213502e-13,5.904134603093580402e-13,5.744553324780327097e-13,5.803949985547229851e-13,6.134403423598000504e-13,6.349003083255116975e-13,6.742152951384750015e-13,6.874544607616411840e-13,6.959897881544246934e-13,6.908387165278917497e-13,6.690140249513559789e-13,6.554719874513059708e-13,6.304510407652286208e-13,6.220315874796294997e-13,6.177488804780945086e-13,6.216362331574326605e-13,6.368408404788805655e-13,6.453162385965799386e-13,6.589277192457776433e-13,6.622947361974856895e-13,6.618334081730931073e-13,6.585910744712208942e-13,6.480243587830142316e-13,6.426483965208534821e-13,6.360175786642580098e-13,6.345201328337296554e-13
1.480000000000000000e+02,-1.959031174203849771e-04,6.327917634810350730e-07,1.188315983527486568e-06,2.511634652973854676e-06,3.334485842991209920e-06,5.518180992081765397e-06,6.959433492883149337e-06,1.083284947085680935e-05,1.342379203505471253e-05,2.040282362009544987e-05,2.497560927860757100e-05,3.638807056820003759e-05,4.271642302719583532e-05,5.314760082046905807e-05,5.471874308655931269e-05,4.562645356927691768e-05,3.579421022107022324e-05,1.521862715167748934e-05,8.021120535036307866e-06,1.331713296582286285e-06,4.031039730404393801e-07,1.921165842757492984e-08,2.950857445844839652e-09,3.274258571521124206e-11,2.460544571911138512e-12,8.850640489596606209e-15,2.234405152221063950e-15,4.150515651654695937e-15,1.487156751911467012e-14,3.236782044648001122e-13,1.334923220141365219e-12,1.022874826831464412e-11,1.786816693411831525e-11,2.292510956460394600e-11,1.780605811451188569e-11,5.921772946136660831e-12,2.731369221509877265e-12,4.946740987752523688e-13,2.252273075074168185e-13,7.993101623290921331e-14,6.907834222170949889e-14,1.059001790339880733e-13,1.693618119011364165e-13,5.091398494212057146e-13,8.403341499214900256e-13,1.683452856282574572e-12,1.969021056228911770e-12,1.837130301400938248e-12,1.507311013200854366e-12,8.290476324109702366e-13,5.934598786786621227e-13,3.351702324971145286e-13,2.799893021425414741e-13,2.597128783733693158e-13,2.863802673735288407e-13,4.127418079622607872e-13,5.114194658040194241e-13,7.385772223846009954e-13,8.323202424585091075e-13,8.922369950075531575e-13,8.515948363152503475e-13,6.917555449899998044e-13,6.078525812032442577e-13,4.751961085909528482e-13,4.352278357589584035e-13,4.082874446517670286e-13,4.181556359852955929e-13,4.748188333399822048e-13,5.165881828209095694e-13,6.022182806684345246e-13,6.349083585266424024e-13,6.590268424293971306e-13,6.501792919159921080e-13,5.996810578494382593e-13,5.683206726406209164e-13,5.141607625769317735e-13,4.952741504676144713e-13,4.817893588422716977e-13,4.868081306987070977e-13,5.147370160316078191e-13,5.328803262365233717e-13,5.661309637229605674e-13,5.773313142658220709e-13,5.845530765165307674e-13,5.801946922033562881e-13,5.617312170969057661e-13,5.502770548254654059e-13,5.291184157485417927e-13,5.220000321749795891e-13,5.183793932300728713e-13,5.216657726452023081e-13,5.345213204346888070e-13,5.416882762655783612e-13,5.531998741471061409e-13,5.560477208885195033e-13,5.556575165266419702e-13,5.529151355515571353e-13,5.439784636195738043e-13,5.394322412800162114e-13,5.338252084298444888e-13,5.325590229227072925e-13
1.490000000000000000e+02,-1.990477250946696302e-04,6.347836693225579734e-07,1.191222684620928769e-06,2.515949046172106249e-06,3.339310889495126708e-06,5.523552850799056790e-06,6.964211049773587478e-06,1.083332867330937649e-05,1.341880797985472019e-05,2.037130867783409210e-05,2.491755218345995918e-05,3.622409948697072877e-05,4.246183943102177570e-05,5.262057951968082702e-05,5.403594768176527658e-05,4.474592901095565353e-05,3.494432165662599964e-05,1.469222242764887791e-05,7.690480756327924957e-06,1.255051582210806992e-06,3.759344666000698568e-07,1.749748631833174077e-08,2.645644777961395772e-09,2.835883239934826328e-11,2.091084358619987871e-12,7.207071311271517899e-15,1.801347699476041342e-15,3.361270680193872984e-15,1.215634580845059709e-14,2.706327187091545072e-13,1.127919941690605499e-12,8.774949327274364497e-12,1.539303832510420522e-11,1.978694102013414668e-11,1.533959675318989635e-11,5.059687586440875240e-12,2.320333243035696547e-12,4.149489454298438407e-13,1.878362103444747300e-13,6.615620052642656734e-14,5.711273468045341417e-14,8.783129930821365061e-14,1.409503210762080849e-13,4.271784477798828972e-13,7.076726899792051828e-13,1.425007057883134753e-12,1.668674638570510904e-12,1.556102875678241904e-12,1.274864382897616943e-12,6.981013260954488375e-13,4.984911680487591479e-13,2.803505040963050199e-13,2.338847973799851321e-13,2.168273427558681243e-13,2.392634972526314074e-13,3.457659776984894906e-13,4.291096015844597655e-13,6.213930737151984740e-13,7.008819523021680986e-13,7.517236616169653551e-13,7.172347568293324649e-13,5.817193786134683409e-13,5.106745918064675704e-13,3.985010563721524957e-13,3.647470238170302803e-13,3.420081871787633565e-13,3.503362151161676374e-13,3.981826532991478151e-13,4.334801831720747067e-13,5.059070838035056861e-13,5.335775224435401753e-13,5.539994190392055762e-13,5.465073109767876192e-13,5.037601195564955781e-13,4.772265482094750766e-13,4.314286016111890110e-13,4.154661911812823627e-13,4.040720123950347631e-13,4.083124626168971316e-13,4.319157878573953724e-13,4.472542399370366129e-13,4.753744598483267136e-13,4.848494381589490976e-13,4.909594595019911578e-13,4.872719794931507087e-13,4.716529087862159075e-13,4.619652100093518676e-13,4.440736515488874492e-13,4.380555705500721597e-13,4.349948678171455807e-13,4.377730274639224373e-13,4.486418289824378736e-13,4.547020312356542249e-13,4.644371638575645056e-13,4.668457731938496780e-13,4.665157691575994026e-13,4.641963625550554751e-13,4.566386873662564572e-13,4.527943233030573555e-13,4.480532698331041175e-13,4.469826743978833061e-13
1.500000000000000000e+02,-2.021509776356235051e-04,6.367742504735337313e-07,1.194127214858048576e-06,2.520258713950026099e-06,3.344129185264306655e-06,5.528910414404406134e-06,6.968969594667838181e-06,1.083377855387197548e-05,1.341379266935248068e-05,2.033980215064714421e-05,2.485958588040239358e-05,3.606081767227082451e-05,4.220872224013611884e-05,5.209873778203217860e-05,5.336163228022598520e-05,4.388237552524587950e-05,3.411459974587448328e-05,1.418402358555222436e-05,7.373470018449642446e-06,1.182803222081528580e-06,3.505963173459068251e-07,1.593627170300864794e-08,2.372002609683353941e-09,2.456202664760480381e-11,1.777102282603942873e-12,5.868705044501099088e-15,1.452234599935708914e-15,2.722133499513668120e-15,9.936875541155520963e-15,2.262808538634752953e-13,9.530174501122534725e-13,7.527786011728154758e-12,1.326078407238445722e-11,1.707836907375963331e-11,1.321480026642875283e-11,4.323109063656196960e-12,1.971155470835775358e-12,3.480733496569188290e-13,1.566528211403156456e-13,5.475532679176386974e-14,4.721987774750080469e-14,7.284545688011900832e-14,1.173052269470148401e-13,3.584117323676000444e-13,5.959550073483116384e-13,1.206239806390146940e-12,1.414143731585590369e-12,1.318066207393886469e-12,1.078265433754679870e-12,5.878385072547592793e-13,4.187204511070519164e-13,2.344973173973308178e-13,1.953723641201499106e-13,1.810235988886077507e-13,1.998989352953312038e-13,2.896587592178534454e-13,3.600474952902832371e-13,5.228023417826188624e-13,5.902009295784965692e-13,6.333398703487619352e-13,6.040741095270779626e-13,4.891871142106291037e-13,4.290331653312995375e-13,3.341848011425424536e-13,3.056803128762691779e-13,2.864887960109946397e-13,2.935166487031543037e-13,3.339161358442005456e-13,3.637429983952000789e-13,4.249992556232956575e-13,4.484196217471869694e-13,4.657105864142030427e-13,4.593666213473929227e-13,4.231826206731875706e-13,4.007341604817665770e-13,3.620091422809612602e-13,3.485188754346474349e-13,3.388917022440623983e-13,3.424743399028234991e-13,3.624210306862885034e-13,3.753875465681288937e-13,3.991677051829595202e-13,4.071826968481129239e-13,4.123518475458720633e-13,4.092321371097079608e-13,3.960199681206366673e-13,3.878267607233809589e-13,3.726986167601475941e-13,3.676110251708136767e-13,3.650237393165028932e-13,3.673722025372694322e-13,3.765608159490840823e-13,3.816848909415221369e-13,3.899172922473131964e-13,3.919542912889789621e-13,3.916751905447268811e-13,3.897136519742661065e-13,3.833224970078985550e-13,3.800718149492982034e-13,3.760631942569675479e-13,3.751580480732680245e-13
1.510000000000000000e+02,-2.052049894205865675e-04,6.387635784736332353e-07,1.197029678843837108e-06,2.524590993021290364e-06,3.348940908014312297e-06,5.534253894874760927e-06,6.973709332667597707e-06,1.083419922047365288e-05,1.340874606437831738e-05,2.030830314274066910e-05,2.480170842310077555e-05,3.589821680424149842e-05,4.195705449694202543e-05,5.158200694220906393e-05,5.269566856373414181e-05,4.303543658872716320e-05,3.330453777169748515e-05,1.369338387181403475e-05,7.069515938674876716e-06,1.114711774427405450e-06,3.269652621780319134e-07,1.451431682456569110e-08,2.127639358396942945e-09,2.127346847399964880e-11,1.510258687857299331e-12,4.778865020718670031e-15,1.170775715958471963e-15,2.204508277314776166e-15,8.122571625718277843e-15,1.891965046001836681e-13,8.052326980114571375e-13,6.457851587466853505e-12,1.142384366899402981e-11,1.474050447133022634e-11,1.138427712017199556e-11,3.693743959786929820e-12,1.674516509611242987e-12,2.919743982178479857e-13,1.306456570530911687e-13,4.531897318353628190e-14,3.904041261278135000e-14,6.041621738485380977e-14,9.762622567993650691e-14,3.007135285140044578e-13,5.018713851619172051e-13,1.021053006684466413e-12,1.198432141285427077e-12,1.116436831221159776e-12,9.119800997280796961e-13,4.949890052962507836e-13,3.517132874004957888e-13,1.961427439738094858e-13,1.632007517408246011e-13,1.511312505263900929e-13,1.670099334435265481e-13,2.426548274380574410e-13,3.020990033651693718e-13,4.398520122347177042e-13,4.969959448326843887e-13,5.335969838725362901e-13,5.087648238897429787e-13,4.113717016768908552e-13,3.604419822507420879e-13,2.802475319949732091e-13,2.561775390343828951e-13,2.399808596200564415e-13,2.459112015580633415e-13,2.800208253207064901e-13,3.052234842908924106e-13,3.570290222319749684e-13,3.768509484504412033e-13,3.914901443389379176e-13,3.861186815157929830e-13,3.554919759170965810e-13,3.365007654031887396e-13,3.037582392648868757e-13,2.923579076313104208e-13,2.842241687232155423e-13,2.872508546129803886e-13,3.041064036875262833e-13,3.150671726553228025e-13,3.351759516635743896e-13,3.419555220582348731e-13,3.463284346805206582e-13,3.436892426472021311e-13,3.325137203340905456e-13,3.255848281952244960e-13,3.127940072754353817e-13,3.084933025178371313e-13,3.063063854207709324e-13,3.082914240733203304e-13,3.160591363279841026e-13,3.203914455789103055e-13,3.273527011526250474e-13,3.290753357743786411e-13,3.288393049614285468e-13,3.271804756375257250e-13,3.217761343835001675e-13,3.190276005610864773e-13,3.156384658850597269e-13,3.148732359917194579e-13
1.520000000000000000e+02,-2.082021082726581967e-04,6.407515652955063194e-07,1.199929948366806713e-06,2.528931548706866072e-06,3.353745849422065878e-06,5.539583075313633418e-06,6.978430088285257670e-06,1.083459074643591162e-05,1.340366852936402233e-05,2.027681328321565501e-05,2.474392250674967717e-05,3.573630162470375427e-05,4.170683949866066127e-05,5.107036036813939286e-05,5.203798308654015580e-05,4.220483022541668535e-05,3.251370571886674581e-05,1.321971799976768332e-05,6.778093921048925288e-06,1.050540964194445186e-06,3.049272858200312471e-07,1.321925836684860987e-08,1.908510482680550457e-09,1.842525239911622925e-11,1.283486934355176912e-12,3.891418437484972515e-15,9.438793063115680226e-16,1.785301507323255876e-15,6.639572789138292741e-15,1.581902740310087152e-13,6.803668956348318808e-13,5.540002592958892524e-12,9.841388554782115605e-12,1.272270228622543464e-11,9.807343712099278465e-12,3.156011151202176013e-12,1.422522608604884220e-12,2.449176386871976252e-13,1.089564636430617739e-13,3.750894993909126285e-14,3.227789129728320106e-14,5.010786707435044285e-14,8.124878265840240754e-14,2.523045249287758640e-13,4.226420374699862981e-13,8.642992734269466792e-13,1.015627767433566198e-12,9.456540910578181691e-13,7.713407549399947660e-13,4.168063463816373826e-13,2.954300758022110340e-13,1.640619877365384616e-13,1.363272016975669576e-13,1.261753830757161854e-13,1.395325370003031029e-13,2.032790168832177002e-13,2.534778756248939890e-13,3.700640596911164426e-13,4.185112000877622140e-13,4.495636447745393616e-13,4.284944252717914903e-13,3.459354927081575992e-13,3.028176667752013884e-13,2.350164062924625652e-13,2.146920607872665476e-13,2.010235511037961054e-13,2.060274964955227661e-13,2.348251259241818101e-13,2.561194257979376721e-13,2.999301653393293687e-13,3.167057273986001453e-13,3.290992153272276344e-13,3.245513937894656253e-13,2.986297461485959426e-13,2.825641196718686743e-13,2.548812398119049139e-13,2.452475614082849642e-13,2.383759151441261492e-13,2.409328162325530265e-13,2.551755464916261040e-13,2.644403793161664851e-13,2.814437593569307783e-13,2.871780504370979870e-13,2.908771856192926553e-13,2.886445965057105045e-13,2.791922238103844434e-13,2.733328700096210317e-13,2.625187664907074891e-13,2.588834366063635928e-13,2.570349803224930563e-13,2.587128102894686865e-13,2.652790368016383349e-13,2.689417427908374902e-13,2.748277679650440453e-13,2.762845020039955690e-13,2.760849003840409877e-13,2.746821596132792420e-13,2.701124642966873379e-13,2.677886395702905320e-13,2.649233913840087773e-13,2.642764750527409889e-13
1.530000000000000000e+02,-2.111349151075267308e-04,6.427382470254941471e-07,1.202828076304635757e-06,2.533267297692265007e-06,3.358883908475456329e-06,5.544898072415031581e-06,6.983131982040677354e-06,1.083495323174791473e-05,1.339856011422382409e-05,2.024533223481919837e-05,2.468622721235041594e-05,3.557506672437430058e-05,4.145806485174129532e-05,5.056373955822883589e-05,5.138846194207449358e-05,4.139022740495536213e-05,3.174163365097460647e-05,1.276243068186426054e-05,6.498682301889511853e-06,9.900639555626364070e-07,2.843746185243788485e-07,1.203975025782628126e-08,1.711949657175974165e-09,1.595836925604408874e-11,1.090765769807405805e-12,3.168770584469071672e-15,7.609472947589512870e-16,1.445837807118044438e-15,5.427326340082250233e-15,1.322654279937302002e-13,5.748636972262993750e-13,4.752605942256668548e-12,8.478137083437614629e-12,1.098111166342348455e-11,8.448843404409989155e-12,2.696560693921795648e-12,1.208450494619844884e-12,2.054448733530833682e-13,9.086801406807398784e-14,3.104488237662406114e-14,2.668676911399270324e-14,4.155833663310737336e-14,6.761876215205520069e-14,2.116883870886127061e-13,3.559203713004999159e-13,7.316105458000238260e-13,8.607075555749910123e-13,8.009960696022527804e-13,6.523897633052555545e-13,3.509724791610907557e-13,2.481535755962521739e-13,1.372282821231196603e-13,1.138787957162545883e-13,1.053403783472794952e-13,1.165758570405295291e-13,1.702927349914867827e-13,2.126820312746413588e-13,3.113487928845665165e-13,3.524205666877167076e-13,3.787641858141177487e-13,3.608886464407518035e-13,2.909080582761541800e-13,2.544057629491613959e-13,1.970854306577313197e-13,1.799247057766850677e-13,1.683903396495350924e-13,1.726124126445738316e-13,1.969240471643568524e-13,2.149151624893097523e-13,2.519629741393886180e-13,2.661595987010767494e-13,2.766513689141103516e-13,2.728010688440168918e-13,2.508628070899132645e-13,2.372727936437307728e-13,2.138688802878069284e-13,2.057285006414055761e-13,1.999234111593750640e-13,2.020833316223463738e-13,2.141176775813380395e-13,2.219485446125490924e-13,2.363253364702500026e-13,2.411752709433750974e-13,2.443042784131682632e-13,2.424157608590243873e-13,2.344212877199852718e-13,2.294665922119437651e-13,2.203242200227856218e-13,2.172514555406901415e-13,2.156891744202471539e-13,2.171072566517495694e-13,2.226575315181916759e-13,2.257539587127016523e-13,2.307306364197903026e-13,2.319624256130053963e-13,2.317936424398037154e-13,2.306075252631045736e-13,2.267437810860722935e-13,2.247791254343656231e-13,2.223569093608157576e-13,2.218100377850140692e-13
1.540000000000000000e+02,-2.139962236350943727e-04,6.447268346325765731e-07,1.205724063789068677e-06,2.537598243620216732e-06,3.364082825073273818e-06,5.550198907490439893e-06,6.987815049759772560e-06,1.083528676842113007e-05,1.339342095810761761e-05,2.021386022033354107e-05,2.462862265112991038e-05,3.541450960426343404e-05,4.121072269991070554e-05,5.006209573598461985e-05,5.074700441491799630e-05,4.059132035993080821e-05,3.098787701925388455e-05,1.232095578964666465e-05,6.230786210372954827e-06,9.330681452477719313e-07,2.652071597130745226e-07,1.096548288948657676e-08,1.535632640416607214e-09,1.382176477763251421e-11,9.269823678190874938e-13,2.580319855352564140e-15,6.134686942466105464e-16,1.170911241230032651e-15,4.436392659484811318e-15,1.105892450097706314e-13,4.857206217095955125e-13,4.077120721113561275e-12,7.303725034707789221e-12,9.477923057932963191e-12,7.278519529706900526e-12,2.303996430490576341e-12,1.026593415311138902e-12,1.723337997912993691e-13,7.578250635527361556e-14,2.569477833627709096e-14,2.206413762632919440e-14,3.446754600483492581e-14,5.627526981737129841e-14,1.776106388698406313e-13,2.997318918670360821e-13,6.192922964807362485e-13,7.294182076920951996e-13,6.784665060668992886e-13,5.517824966470158410e-13,2.955368968212551684e-13,2.084425297296799151e-13,1.147834269039221811e-13,9.512684151675998567e-14,8.794581816268243202e-14,9.739613087388077073e-14,1.426591321202624885e-13,1.784520068607436949e-13,2.619493706147724144e-13,2.967668157657227246e-13,3.191145535753198148e-13,3.039493298977874458e-13,2.446337132432779837e-13,2.137335176465721132e-13,1.652763754848851629e-13,1.507875855427665002e-13,1.410546484302555026e-13,1.446167946679566274e-13,1.651402267970752957e-13,1.803397925784211431e-13,2.116670283058147417e-13,2.236805846881489979e-13,2.325619623093355681e-13,2.293023897929208355e-13,2.107363220558988726e-13,1.992410143120126875e-13,1.794557070219221506e-13,1.725775013346197984e-13,1.676736820135221739e-13,1.694981503243264687e-13,1.796659880332757142e-13,1.862845001952134760e-13,1.984398702217088362e-13,2.025415967756016844e-13,2.051882426988560493e-13,2.035908334280245313e-13,1.968297215753506135e-13,1.926402559606493758e-13,1.849115749841950818e-13,1.823144499951689923e-13,1.809941085895161450e-13,1.821925856709816216e-13,1.868838742612177750e-13,1.895014635662495284e-13,1.937090353572312740e-13,1.947505470691751617e-13,1.946078389582217572e-13,1.936049248436183534e-13,1.903382508029738407e-13,1.886773614949432964e-13,1.866297643770414849e-13,1.861674876757479780e-13
1.550000000000000000e+02,-2.167790801066964287e-04,6.467195586598692598e-07,1.208617911951389125e-06,2.541924390130984252e-06,3.369275159465471995e-06,5.555485601824373303e-06,6.992479327212378732e-06,1.083559144824674278e-05,1.338825119974110375e-05,2.018239746114764387e-05,2.457110893228504596e-05,3.525462777179288088e-05,4.096480522596381100e-05,4.956538059116896299e-05,5.011351102290803041e-05,3.980780722955443401e-05,3.025200179730366031e-05,1.189474675533153981e-05,5.973931161230145153e-06,8.793531655851988000e-07,2.473315545634938075e-07,9.987066471885651386e-09,1.377474556266784431e-09,1.197121988669690162e-11,7.877916526587147583e-13,2.101129600168283318e-15,4.945859260335749852e-16,9.482432200558221780e-16,3.626412321475203093e-15,9.246542333890550580e-14,4.104007173162671496e-13,3.497641249978339362e-12,6.291994323563004921e-12,8.180502363832817259e-12,6.270306512510745445e-12,1.968581222512588713e-12,8.721034690847145887e-13,1.445591422174347107e-13,6.320142434575182211e-14,2.126667982341179375e-14,1.824221654810054272e-14,2.858661658083905266e-14,4.683471492572532924e-14,1.490187368034107118e-13,2.524137582976537786e-13,5.242173069328753821e-13,6.181551852422334514e-13,5.746803857439863883e-13,4.666901630770436959e-13,2.488572499112495784e-13,1.750862638465883192e-13,9.600959892559768338e-14,7.946269510450409967e-14,7.342355347848827929e-14,8.137194802519676085e-14,1.195096539091666799e-13,1.497311118408423125e-13,2.203877813751475845e-13,2.499017973892764255e-13,2.688587742195880370e-13,2.559936041358207293e-13,2.057201522846774377e-13,1.795635851380844583e-13,1.386012073341380546e-13,1.263689402685591601e-13,1.181564611776875218e-13,1.211617340745457794e-13,1.384863361139632154e-13,1.513268405983064779e-13,1.778155259753860795e-13,1.879811952799903541e-13,1.954989989338962175e-13,1.927396501948119845e-13,1.770282054627814183e-13,1.673052430102572874e-13,1.505798795115725897e-13,1.447684203417787252e-13,1.406261717316892312e-13,1.421672024895515030e-13,1.507575802476429638e-13,1.563511689908758662e-13,1.666278063878340321e-13,1.700966028184841550e-13,1.723351008339063517e-13,1.709840222966635404e-13,1.652662652996267356e-13,1.617240412768450319e-13,1.551907474056646308e-13,1.529957801074677270e-13,1.518799463365999580e-13,1.528927809010816041e-13,1.568578166660783424e-13,1.590704835647410720e-13,1.626276695775030756e-13,1.635082585819958023e-13,1.633876139852524778e-13,1.625396323610972527e-13,1.597778983772335515e-13,1.583738565638648232e-13,1.566430362157089640e-13,1.562523168577995003e-13
1.560000000000000000e+02,-2.194767630990236110e-04,6.487109053098102322e-07,1.211509621922284442e-06,2.546245740862499536e-06,3.374460917238321237e-06,5.560758176674431442e-06,6.997124850112359379e-06,1.083586736279622438e-05,1.338305097742700897e-05,2.015094417726358321e-05,2.451368616299617344e-05,3.509541874080373863e-05,4.072030465160437541e-05,4.907354627543022811e-05,4.948788350217083278e-05,3.903939194655652641e-05,2.953358423233025561e-05,1.148327589623127434e-05,5.727662215196843752e-06,8.287301804195455843e-07,2.306607394406893878e-07,9.095948969587352648e-09,1.235605242850667390e-09,1.036843579201550403e-11,6.695009672520735311e-13,1.710952343345062410e-15,3.987153489315442556e-16,7.679403987714827906e-16,2.964290054738305535e-15,7.731180062461873170e-14,3.467605163513104438e-13,3.000522465039512365e-12,5.420410241529019513e-12,7.060682740518339773e-12,5.401749197681687820e-12,1.681995390407156621e-12,7.408622868833314445e-13,1.212608572581652666e-13,5.270900361141472867e-14,1.760169700965041883e-14,1.508233642144585218e-14,2.370908916242420172e-14,3.897785414742893639e-14,1.250295440097248800e-13,2.125656150663707278e-13,4.437383349219919948e-13,5.238637757094821712e-13,4.867705088833218507e-13,3.947201723461524203e-13,2.095505572449057885e-13,1.470678505192946073e-13,8.030639413007800709e-14,6.637786566059122872e-14,6.129930005434325313e-14,6.798413828418281568e-14,1.001166651751900227e-13,1.256326585732242540e-13,1.854204181687968411e-13,2.104375972523248040e-13,2.265175080926745688e-13,2.156040916547613540e-13,1.729964641591225094e-13,1.508564323807193297e-13,1.162313246951679480e-13,1.059046242628952639e-13,9.897546107348609290e-14,1.015107594336261965e-13,1.161343970209477439e-13,1.269814602859048458e-13,1.493777974578835988e-13,1.579793967084602846e-13,1.643426334688863344e-13,1.620068825185921879e-13,1.487118262734343777e-13,1.404883425305120115e-13,1.263503733063553458e-13,1.214404553480374904e-13,1.179416536222638312e-13,1.192432383303326793e-13,1.265005624122989003e-13,1.312276838843356996e-13,1.399155585227879195e-13,1.428489488156103882e-13,1.447421555441502639e-13,1.435994606644591665e-13,1.387642984459341866e-13,1.357694338899317898e-13,1.302469417041596245e-13,1.283919259971455507e-13,1.274489953677349074e-13,1.283048916677492768e-13,1.316559437424674739e-13,1.335262467001135933e-13,1.365333898457193884e-13,1.372779114775651843e-13,1.371758880531342983e-13,1.364589864716325707e-13,1.341242384083479733e-13,1.329373893951824037e-13,1.314744211937390883e-13,1.311441732120000037e-13
1.570000000000000000e+02,-2.220827833261570237e-04,6.507008752718436515e-07,1.214399194831981181e-06,2.550562299450282204e-06,3.379640103973971955e-06,5.566016653271271515e-06,7.001751654117714489e-06,1.083611460342173943e-05,1.337782042904616959e-05,2.011950058730267699e-05,2.445635444844036321e-05,3.493688003156406562e-05,4.047721323728573788e-05,4.858654539797229387e-05,4.887002479233396881e-05,3.828578412624333697e-05,2.883221060226073959e-05,1.108603376250019636e-05,5.491543174031840793e-06,7.810212215088351614e-07,2.151135179594880834e-07,8.284341359340429561e-09,1.108347140303146683e-09,8.980241138385747224e-12,5.689720884109045196e-13,1.393226896698185335e-15,3.214388390876399271e-16,6.219254711919974810e-16,2.423083435287853860e-15,6.464159719651862979e-14,2.929888319805340480e-13,2.574058587806460352e-12,4.669559525291230861e-12,6.094152905835453771e-12,4.653502924797589535e-12,1.437130471050596103e-12,6.293712567165959948e-13,1.017174896828648700e-13,4.395846208739284666e-14,1.456831617147047453e-14,1.246978865651615642e-14,1.966376822655491186e-14,3.243905795022317129e-14,1.049021709342151665e-13,1.790082025752287587e-13,3.756146327131559826e-13,4.439552024615434078e-13,4.123083168286467703e-13,3.338488610993978201e-13,1.764522772687571184e-13,1.235331010662060747e-13,6.717158296601355438e-14,5.544767119405880074e-14,5.117708015180133518e-14,5.679899367679042133e-14,8.387057324685254223e-14,1.054127217372385905e-13,1.560010801093802968e-13,1.772055267280914226e-13,1.908443292720357620e-13,1.815870045475398431e-13,1.454781119788334243e-13,1.267387074194853414e-13,9.747186239562888321e-14,8.875433482775918481e-14,8.290820829350009635e-14,8.504693260399931454e-14,9.739011355182347618e-14,1.065527332165527863e-13,1.254880531084689999e-13,1.327658686114951969e-13,1.381516157982626281e-13,1.361745189266266864e-13,1.249247287646998439e-13,1.179698157736941422e-13,1.060195496931787273e-13,1.018715548115750602e-13,9.891639916013994505e-14,1.000156717428229980e-13,1.061464826625224678e-13,1.101411984619909967e-13,1.174855568733534916e-13,1.199660488136744529e-13,1.215671443718924216e-13,1.206007407654474672e-13,1.165121601628960057e-13,1.139801957244362951e-13,1.093123259011258286e-13,1.077447050849833499e-13,1.069478978033694405e-13,1.076711419675802084e-13,1.105031593572752824e-13,1.120839803348677721e-13,1.146260278535315980e-13,1.152554614247680576e-13,1.151692131419468357e-13,1.145631441275274387e-13,1.125894624927348264e-13,1.115862502225339892e-13,1.103497447498685835e-13,1.100706169005621904e-13
1.580000000000000000e+02,-2.245908834714246147e-04,6.526894692350613137e-07,1.217286631810163798e-06,2.554874069527412420e-06,3.384812725250508801e-06,5.571261052818770937e-06,7.006359774830661852e-06,1.083633326125663337e-05,1.337255969205869725e-05,2.008806690851182709e-05,2.439911389180465968e-05,3.477900917077641606e-05,4.023552328205176045e-05,4.810433102126482753e-05,4.825983902191475659e-05,3.754669895767123755e-05,2.814747697859178253e-05,1.070252850739783252e-05,5.265155808678172481e-06,7.360585631129240667e-07,2.006141656120624759e-07,7.545149555924363094e-09,9.941954556976721064e-10,7.777905815069263706e-12,4.835380685262735678e-13,1.134509153288831840e-15,2.591514242783476973e-16,5.036661192281410848e-16,1.980674738805143775e-15,5.404783066410845382e-14,2.475554212576919211e-13,2.208207629337405331e-12,4.022718139498615564e-12,5.259929481988417921e-12,4.008902476475284526e-12,1.227912790977697677e-12,5.346582280640194140e-13,8.532386494390642451e-14,3.666064305428429204e-14,1.205768341075441619e-14,1.030978687838191021e-14,1.630867749874420625e-14,2.699717619597530316e-14,8.801488184106975865e-14,1.507484187392854613e-13,3.179493615005496432e-13,3.762355824023927431e-13,3.492366714829414631e-13,2.823647348923485900e-13,1.485818304329533657e-13,1.037645175946261267e-13,5.618506419662050444e-14,4.631730654396093438e-14,4.272632052847169515e-14,4.745406541675767365e-14,7.026077311102219003e-14,8.844707193207679286e-14,1.312494492429483461e-13,1.492214012945025647e-13,1.607891337435107815e-13,1.529369892446647006e-13,1.223370363345743783e-13,1.064767306442615524e-13,8.174011597791852601e-14,7.438136478271628604e-14,6.944924778491678996e-14,7.125333309487835720e-14,8.167116071974844793e-14,8.941054819265603637e-14,1.054189287946760700e-13,1.115763839827643711e-13,1.161345867563279288e-13,1.144611478081508649e-13,1.049424761499773151e-13,9.906073357435207782e-14,8.896014350515124569e-14,8.545597497862378322e-14,8.296011447250783988e-14,8.388846258269855305e-14,8.906739820506437422e-14,9.244298035393505586e-14,9.865131172896723921e-14,1.007487279366947597e-13,1.021027338198032819e-13,1.012854622221837086e-13,9.782832096488780493e-14,9.568783482585829780e-14,9.174253154040079572e-14,9.041782622100369426e-14,8.974456377694450815e-14,9.035567433146596272e-14,9.274891510195615307e-14,9.408503164921866446e-14,9.623378482981337356e-14,9.676591125606925914e-14,9.669299865996960897e-14,9.618063181830727171e-14,9.451226151528657748e-14,9.366433410123997660e-14,9.261927162718119888e-14,9.238337633950266525e-14
1.590000000000000000e+02,-2.269950380310813674e-04,6.546766878883381741e-07,1.220171933985920434e-06,2.559181054724612211e-06,3.389978786641842249e-06,5.576491396493864694e-06,7.010949247797691264e-06,1.083652342721589334e-05,1.336726890350503605e-05,2.005664335676969937e-05,2.434196459429917303e-05,3.462180369158477907e-05,3.999522712337837192e-05,4.762685665679201982e-05,4.765723149388647315e-05,3.682185709690143278e-05,2.747898899483776337e-05,1.033228527929318501e-05,5.048099119204227988e-06,6.936841325683737805e-07,1.870920610367351588e-07,6.871912411234980950e-09,8.918003704754505490e-10,6.736546054059849853e-12,4.109323016414367924e-13,9.238215661205861906e-16,2.089257586379567044e-16,4.078768572890467681e-16,1.619039104172603771e-15,4.519022417555362825e-14,2.091672917769321627e-13,1.894354736010211981e-12,3.465478582266937058e-12,4.539901440892002427e-12,3.453591118597262866e-12,1.049152870699968099e-12,4.541983109063174595e-13,7.157235958413221688e-14,3.057439284387397649e-14,9.979728632023010526e-15,8.523943269972411585e-15,1.352604551800584698e-14,2.246819267096022976e-14,7.384612127521450464e-14,1.269499642127941419e-13,2.691369804970478175e-13,3.188456714365434097e-13,2.958132057449130992e-13,2.388201127741934604e-13,1.251134612578752581e-13,8.715941922192438351e-14,4.699547500285061741e-14,3.869040504644871703e-14,3.567101041629383573e-14,3.964661715247230767e-14,5.885943859043618609e-14,7.421193108821111384e-14,1.104249883806390775e-13,1.256564839159646230e-13,1.354671583242428312e-13,1.288072025342618110e-13,1.028769896962294927e-13,8.945407890988132937e-14,6.854743552289765951e-14,6.233593285651095606e-14,5.817514438927195997e-14,5.969687634846398971e-14,6.848926807634381220e-14,7.502619402480203981e-14,8.855942238220060325e-14,9.376876987550464282e-14,9.762638831026237973e-14,9.621001369718162888e-14,8.815645153974205339e-14,8.318251144313892897e-14,7.464569327236825202e-14,7.168557739599401568e-14,6.957772574235632224e-14,7.036171233328059049e-14,7.473633257398804020e-14,7.758865164936290526e-14,8.283637989957293168e-14,8.460980939310747129e-14,8.575478109736078824e-14,8.506368352756421558e-14,8.214062026043467135e-14,8.033114104466498873e-14,7.699673147329444411e-14,7.587734694031178506e-14,7.530849316546295302e-14,7.582484445010917451e-14,7.784720676244638593e-14,7.897640332509003880e-14,8.079265880443775583e-14,8.124246718074767948e-14,8.118083028724187855e-14,8.074771862438823167e-14,7.933749685863633605e-14,7.862083922262341762e-14,7.773762102786241357e-14,7.753829045845095358e-14
1.600000000000000000e+02,-2.292894531621041750e-04,6.566625319201426121e-07,1.223055102487905551e-06,2.563483258670218356e-06,3.395138293717844119e-06,5.581707705446762192e-06,7.015520108509618741e-06,1.083668519199658181e-05,1.336194820000710095e-05,2.002523014659284939e-05,2.428490665517027934e-05,3.446526113358130061e-05,3.975631713701492198e-05,4.715407626084013428e-05,4.706210867141586460e-05,3.611098456229367738e-05,2.682636162044615643e-05,9.974845634660653437e-06,4.839988625216792113e-06,6.537489547798222642e-07,1.744813421326852319e-07,6.258745244861136162e-09,7.999510803931558084e-10,5.834609705102078436e-12,3.492286483868650704e-13,7.522465723247551139e-16,1.684308074956231138e-16,3.303292969020210634e-16,1.323431381844430987e-15,3.778422887068533242e-14,1.767319201140954421e-13,1.625109552136350111e-12,2.985429096860961473e-12,3.918436864043528534e-12,2.975200760670787536e-12,8.964167570128106499e-13,3.858466551907163700e-13,6.003718030535287742e-14,2.549853774305721466e-14,8.259858725809254842e-15,7.047422541373027371e-15,1.121818566859889010e-14,1.869899092336868573e-14,6.195827813477994273e-14,1.069085141594539046e-13,2.278183609642769891e-13,2.702098256517765362e-13,2.505619680921028491e-13,2.019906865467074875e-13,1.053518979953621537e-13,7.321156484871305103e-14,3.930894238585169731e-14,3.231938913543508374e-14,2.978072974856027511e-14,3.312370451709345520e-14,4.930821376203375905e-14,6.226787206513317852e-14,9.290460653392507151e-14,1.058129007591029902e-13,1.141330411257024391e-13,1.084845104373788338e-13,8.651239447043934661e-14,7.515285594360265886e-14,5.748401971442107516e-14,5.224117037398723351e-14,4.873120136583697359e-14,5.001473410773393802e-14,5.743495956611610609e-14,6.295598807895541604e-14,7.439621835247933745e-14,7.880322913308979160e-14,8.206778897949795759e-14,8.086906795254367175e-14,7.405542650461283127e-14,6.984937259667256537e-14,6.263457634492208825e-14,6.013413508462739365e-14,5.835406485278638034e-14,5.901610580436034148e-14,6.271114812335387700e-14,6.512116692246328054e-14,6.955677353537303986e-14,7.105617092981186822e-14,7.202436346984142368e-14,7.143995139381742465e-14,6.896856675174534157e-14,6.743900143185710405e-14,6.462099735524140520e-14,6.367516648501936327e-14,6.319453966195653916e-14,6.363082261616470614e-14,6.533968787032773395e-14,6.629397551749516282e-14,6.782909737351738855e-14,6.820932707540805495e-14,6.815723116102012646e-14,6.779112319242608375e-14,6.659917842904983232e-14,6.599348888539080527e-14,6.524709700479747188e-14,6.507863909224753662e-14
1.610000000000000000e+02,-2.314685665266770520e-04,6.586470020187261670e-07,1.225936138444258614e-06,2.567780684990101075e-06,3.400291252044266264e-06,5.586910000800865937e-06,7.020072392401722041e-06,1.083681864607843296e-05,1.335659771776936196e-05,1.999382749114201078e-05,2.422794017171363105e-05,3.430937904281297851e-05,3.951878573682645690e-05,4.668594423032427750e-05,4.647437816377309860e-05,3.541381263180012960e-05,2.618921894005274940e-05,9.629766971340914927e-06,4.640455685490761520e-06,6.161126286764002577e-07,1.627205853468199383e-07,5.700288412569410462e-09,7.175614790398167353e-10,5.053430086497320839e-12,2.967900447972682265e-13,6.125742274543100052e-16,1.357963221038094304e-16,2.674997810064860815e-16,1.081789822651724187e-15,3.159197079286024668e-14,1.493262436445819130e-13,1.394132015776830547e-12,2.571877200140473829e-12,3.382043641452989191e-12,2.563076432950811556e-12,7.659158951598549203e-13,3.277810694309740702e-13,5.036105538668012027e-14,2.126537878080481114e-14,6.836409693553036071e-15,5.826692210317285792e-15,9.304108048238668438e-15,1.556209588277068789e-14,5.198413314394523255e-14,9.003098288586086628e-14,1.928430559770127894e-13,2.289927145474046633e-13,2.122329276297435507e-13,1.708408262947325174e-13,8.871161726216325594e-14,6.149575748799762653e-14,3.287959639795834388e-14,2.699747435157273667e-14,2.486308684976346051e-14,2.767396229709506716e-14,4.130685593919936061e-14,5.224615770398066683e-14,7.816403774230096246e-14,8.910298714137621090e-14,9.615870382936875238e-14,9.136826495045879959e-14,7.275091445067827234e-14,6.313797141360710796e-14,4.820620356886518021e-14,4.378116792713715455e-14,4.082037442440511477e-14,4.190292318857757881e-14,4.816481415093054608e-14,5.282761532908464286e-14,6.249812950151478752e-14,6.622618577666050665e-14,6.898873291215357195e-14,6.797427204441319759e-14,6.220992145901382830e-14,5.865335886250100383e-14,5.255613110509427255e-14,5.044410527309250991e-14,4.894088606599567015e-14,4.949992781118350837e-14,5.262083086973734503e-14,5.465707096988237090e-14,5.840602524190274814e-14,5.967367442197279992e-14,6.049232837736229218e-14,5.999817613219771140e-14,5.790878302054658366e-14,5.661587192985761963e-14,5.423442185799320914e-14,5.343528354170845596e-14,5.302922272305832241e-14,5.339779725159476964e-14,5.484171059985665231e-14,5.564816728080568264e-14,5.694560491556477366e-14,5.726698954454378931e-14,5.722297093634087783e-14,5.691351253125920273e-14,5.590609897763998415e-14,5.539422002695526537e-14,5.476348541311182316e-14,5.462112966786447643e-14
1.620000000000000000e+02,-2.335270471262232547e-04,6.606301342021523703e-07,1.228815094270787863e-06,2.572073413768176213e-06,3.405437758842981165e-06,5.592098395993294786e-06,7.024606215488322794e-06,1.083692388134863799e-05,1.335121749643306942e-05,1.996243504286479304e-05,2.417106422648867972e-05,3.415415221126190371e-05,3.928262117800179840e-05,4.622240717847871105e-05,4.589393843262645030e-05,3.473006567501809162e-05,2.556718298490470221e-05,9.296616147990214001e-06,4.449143507393588104e-06,5.806422202119855026e-07,1.517523178406663363e-07,5.191651815752724303e-09,6.436560689548464359e-10,4.376828435272150930e-12,2.522246463337179945e-13,4.988143145062684525e-16,1.094773143667238102e-16,2.166506991169159235e-16,8.842752918791774164e-16,2.641444463331865666e-14,1.261699620648537579e-13,1.195979947021807988e-12,2.215605655756305858e-12,2.919068930800836070e-12,2.208033289628069662e-12,6.544114750962892746e-13,2.784528521388579536e-13,4.224431134763895201e-14,1.773491835159457519e-14,5.658234297767350540e-15,4.817381302896217576e-15,7.716592122231080708e-15,1.295139126153421749e-14,4.361550183518136947e-14,7.581763450566214591e-14,1.632367472529511199e-13,1.940621600048098028e-13,1.797665748898280569e-13,1.444942798224657654e-13,7.469944259506922091e-14,5.165458989361826347e-14,2.750173678199574478e-14,2.255181176351317429e-14,2.075743006299535232e-14,2.312080106363356702e-14,3.460380311286204158e-14,4.383722117945465513e-14,6.576203882661946221e-14,7.503166924577309160e-14,8.101481182958003568e-14,7.695227918422253843e-14,6.117827598683955870e-14,5.304377813722394031e-14,4.042569772856607901e-14,3.669105492522251044e-14,3.419362232595646311e-14,3.510662897540650640e-14,4.039078641861204577e-14,4.432855449897077360e-14,5.250270704304504932e-14,5.565624458699069965e-14,5.799389289108669576e-14,5.713539450585836121e-14,5.225897839467030792e-14,4.925178103895588855e-14,4.409924573949008941e-14,4.231538080004537683e-14,4.104605110660797251e-14,4.151808562745384901e-14,4.415391663403767097e-14,4.587424732617473300e-14,4.904269264999205902e-14,5.011439939243966801e-14,5.080658116440872618e-14,5.038875675218712491e-14,4.862237457277374109e-14,4.752958009807128903e-14,4.551713823561231997e-14,4.484195133269697209e-14,4.449890976532255848e-14,4.481029262926039536e-14,4.603029112384970922e-14,4.671173929431116090e-14,4.780827426650868794e-14,4.807989401577061894e-14,4.804267877620005400e-14,4.778111500208792606e-14,4.692971814108937156e-14,4.649714857932196743e-14,4.596415479132809345e-14,4.584388966534513887e-14
1.630000000000000000e+02,-2.354597951181167028e-04,6.626118584732718694e-07,1.231691868480017105e-06,2.576361295619897154e-06,3.410577636234630441e-06,5.597272727164291813e-06,7.029121451495267108e-06,1.083700098410386226e-05,1.334580786314039954e-05,1.993105413115265419e-05,2.411428094015909606e-05,3.399958373061652116e-05,3.904782436766631414e-05,4.576343689229663437e-05,4.532072002514191925e-05,3.405950955577598531e-05,2.495991759448578924e-05,8.974992491056190064e-06,4.265720011863892653e-06,5.472142869882934500e-07,1.415235061843361525e-07,4.728407599708175924e-09,5.773635575981751061e-10,3.790825726240898419e-12,2.143516755152147235e-13,4.061692388673820986e-16,8.825405684032006093e-17,1.754510165624667550e-16,7.228375883960858062e-16,2.208549640912715883e-14,1.066048562359950269e-13,1.025994474926003597e-12,1.908691710543128361e-12,2.519477925984683897e-12,1.902176251797685347e-12,5.591417086281413873e-13,2.365487634329449529e-13,3.543584696508172982e-14,1.479063182693862721e-14,4.683102863833887852e-15,3.982897995788436951e-15,6.399964109018996261e-15,1.077870431798189088e-14,3.659420856616524276e-14,6.384836778207392260e-14,1.381761458724151126e-13,1.644603507197639480e-13,1.522672233526117802e-13,1.222111604623488113e-13,6.290069376815865532e-14,4.338846990026290484e-14,2.300357170373357185e-14,1.883825669242444878e-14,1.732977910479105432e-14,1.931679642630523830e-14,2.898855743123374129e-14,3.678182975211385930e-14,5.532800237927071318e-14,6.318269475322213502e-14,6.825611039915080447e-14,6.481103089102380199e-14,5.144666702198985586e-14,4.456352821480269455e-14,3.390105036971124974e-14,3.074924754924157622e-14,2.864275114831948965e-14,2.941272442616438276e-14,3.387161428072826830e-14,3.719697076395855895e-14,4.410599489801381168e-14,4.677345750297989824e-14,4.875144884140814039e-14,4.802497917573422814e-14,4.389988806502431729e-14,4.135729844527424870e-14,3.700327804584402358e-14,3.549664360190385448e-14,3.442485554429330907e-14,3.482340826289898050e-14,3.704946505839190607e-14,3.850283807060872476e-14,4.118057349115911148e-14,4.208655993154231112e-14,4.267178515919567428e-14,4.231852498634558479e-14,4.082528043923561167e-14,3.990164860849521045e-14,3.820113171106032102e-14,3.763070584306138500e-14,3.734092570741032180e-14,3.760395315445530517e-14,3.863470415983727424e-14,3.921052393364432564e-14,4.013719153046768628e-14,4.036677134049149185e-14,4.033532947748941222e-14,4.011426065451961787e-14,3.939472988274961285e-14,3.902919112029612503e-14,3.857884064289995862e-14,3.847719668922944258e-14
1.640000000000000000e+02,-2.372619416084790990e-04,6.645922108740006436e-07,1.234566513524752978e-06,2.580644410709383597e-06,3.415710981549506791e-06,5.602433107946782785e-06,7.033618216656264922e-06,1.083705004630095697e-05,1.334036885723032710e-05,1.989968440557825192e-05,2.405758938981482982e-05,3.384566839409309624e-05,3.881438361208624068e-05,4.530898076411231943e-05,4.475462349696462797e-05,3.340187842973405051e-05,2.436706170693680724e-05,8.664491672274939353e-06,4.089856785904492963e-06,5.157106505009609928e-07,1.319841248038954376e-07,4.306497026633536798e-09,5.178986448679465115e-10,3.283280900845744754e-12,1.821655077217237961e-13,3.307358727167031276e-16,7.115076756936122848e-17,1.420846947042253561e-16,5.908630789502877789e-16,1.846602298155586297e-14,9.007370045145679516e-14,8.801689845711058169e-13,1.644292368279190453e-12,2.174586547073684151e-12,1.638686284105919655e-12,4.777413002959168820e-13,2.009507469279137037e-13,2.972470360129708666e-14,1.233513074669345677e-14,3.876049871689990489e-15,3.292993048381598342e-15,5.307982785945908333e-15,8.970499039764878724e-15,3.070319606196525442e-14,5.376867570974774857e-14,1.169629172161068542e-13,1.393739453275227858e-13,1.289744678244220122e-13,1.033643927828703513e-13,5.296555295047911116e-14,3.644513076744848590e-14,1.924111911466575009e-14,1.573621875167185991e-14,1.446813589073281392e-14,1.613867459809847915e-14,2.428452946547088320e-14,3.086195036507144440e-14,4.654946133414439302e-14,5.320489058005528626e-14,5.750673374993464648e-14,5.458537810122676692e-14,4.326305481396064412e-14,3.743904600402025995e-14,2.842946147593727879e-14,2.576964249628721504e-14,2.399298750128953106e-14,2.464231618239109967e-14,2.840463324618736074e-14,3.121271687292481722e-14,3.705214845876880769e-14,3.930837317971114242e-14,4.098197475821407920e-14,4.036725923146911033e-14,3.687789006459607499e-14,3.472821531215475321e-14,3.104913787015106674e-14,2.977669109546776660e-14,2.887170754209411605e-14,2.920821679137930449e-14,3.108814204330623276e-14,3.231591968848313012e-14,3.457883935784056284e-14,3.534469266743001103e-14,3.583946832884377098e-14,3.554079773537832665e-14,3.427854246111639025e-14,3.349791689692682706e-14,3.206102375773178803e-14,3.157912299711629345e-14,3.133433725162337868e-14,3.155654448687428282e-14,3.242734856676032784e-14,3.291388429166319796e-14,3.369697641579516567e-14,3.389102149961575883e-14,3.386443144133555183e-14,3.367759630196198728e-14,3.306954861857780426e-14,3.276065941963668404e-14,3.238013156214858412e-14,3.229426275008773217e-14
1.650000000000000000e+02,-2.389288484147363467e-04,6.665711920913162947e-07,1.237439030530966544e-06,2.584922762653018994e-06,3.420837800336936404e-06,5.607579559357376295e-06,7.038096546185145701e-06,1.083707115755446295e-05,1.333490061324868253e-05,1.986832607393982882e-05,2.400098966507736072e-05,3.369240377361715027e-05,3.858229147601582669e-05,4.485899491238185986e-05,4.419556090425169463e-05,3.275692362493003358e-05,2.378827376276135817e-05,8.364729169159666527e-06,3.921242284770607182e-06,4.860205475660985680e-07,1.230877082154585231e-07,3.922232134185524993e-09,4.645581542876957987e-10,2.843689585023401190e-12,1.548122524272499412e-13,2.693158196453993014e-16,5.735429492448318456e-17,1.150609555550241581e-16,4.829849627879800877e-16,1.543971656255138658e-14,7.610600517848897795e-14,7.550696992566358068e-13,1.416518378288822433e-12,1.876907022814108816e-12,1.411694789928488736e-12,4.081911946039046279e-13,1.707098275672419563e-13,2.493399367184401250e-14,1.028728968330283600e-14,3.208072913221671207e-15,2.722567180382662322e-15,4.402294501160142204e-15,7.465626424354998569e-15,2.576053519803833680e-14,4.528024006092423726e-14,9.900638794045624191e-14,1.181141230828519628e-13,1.092448885259972302e-13,8.742407297222809515e-14,4.459965925220077398e-14,3.061290912605152403e-14,1.609403257364638851e-14,1.314497555943150431e-14,1.207904219355238062e-14,1.348340926757285452e-14,2.034380693419213237e-14,2.589484074215497866e-14,3.916374060990157613e-14,4.480278452921593324e-14,4.845020326778304298e-14,4.597307235419678673e-14,3.638121704938046541e-14,3.145354528048815990e-14,2.384100946176137548e-14,2.159646701922757206e-14,2.009804540674398066e-14,2.064559460890347253e-14,2.382005725477809310e-14,2.619118030094957916e-14,3.112644148504928321e-14,3.303471862378670743e-14,3.445068666105277622e-14,3.393056777385716760e-14,3.097907130475419102e-14,2.916167741312536421e-14,2.605305294417492590e-14,2.497844596091591818e-14,2.421438158491107107e-14,2.449846965915658537e-14,2.608601269021848523e-14,2.712316048841811877e-14,2.903544917519373936e-14,2.968282629238483405e-14,3.010108438547542953e-14,2.984860080455786768e-14,2.878161034156057063e-14,2.812190042465745332e-14,2.690783793696249759e-14,2.650074712624850282e-14,2.629396266690120498e-14,2.648163806295844580e-14,2.721729634204417270e-14,2.762839870079636384e-14,2.829014149677289147e-14,2.845409997030701188e-14,2.843162988028224980e-14,2.827374293891404822e-14,2.775991242431885553e-14,2.749891785634728247e-14,2.717742480715101827e-14,2.710489168181173802e-14
1.660000000000000000e+02,-2.404561077918750383e-04,6.685488028119795836e-07,1.240309420624168078e-06,2.589196355064720236e-06,3.425958098142261026e-06,5.612712102386090878e-06,7.042556475240580125e-06,1.083725001643006270e-05,1.332940326532935362e-05,1.983697934271024454e-05,2.394448185368146698e-05,3.353978744759716435e-05,3.835154056153962138e-05,4.441343587588663646e-05,4.364344538131142330e-05,3.212440124415952693e-05,2.322322028969444935e-05,8.075333747233591486e-06,3.759577798878989494e-06,4.580395899813597023e-07,1.147909223825523128e-07,3.572254007167376469e-09,4.167113285024389574e-10,2.463277926903137405e-12,1.315662531177486105e-13,2.193069944395054094e-16,4.624122265650676411e-17,9.318717672512910610e-17,3.947851160562843020e-16,1.290935132229609206e-14,6.430424769054976508e-14,6.477507603647875145e-13,1.220296352031149945e-12,1.619976613791151987e-12,1.216146053219929746e-12,3.487662090552456906e-13,1.450197926154694894e-13,2.091539831952649031e-14,8.579427316149357274e-15,2.655211120417000359e-15,2.250966340405780031e-15,3.651159236062184732e-15,6.213210284808368122e-15,2.161354320344421875e-14,3.813185119223849728e-14,8.380657821362158533e-14,1.000972308512482201e-13,9.253334860501172265e-14,7.394199185231653537e-14,3.755513695163914534e-14,2.571399581978439652e-14,1.346169811906883229e-14,1.098044723722713112e-14,1.008443545683079812e-14,1.126502320245026390e-14,1.704257394929964420e-14,2.172716759112069962e-14,3.294985269873540457e-14,3.772752509706434054e-14,4.081996784859043270e-14,3.871959718994288924e-14,3.059404400825027626e-14,2.642498849944607819e-14,1.999309463644738383e-14,1.809910186133245613e-14,1.683541001919197644e-14,1.729711751434492850e-14,1.997542214103587010e-14,2.197753697780191473e-14,2.614840852524502601e-14,2.776232477415263578e-14,2.896031396464049390e-14,2.852020919777431551e-14,2.602380659057212942e-14,2.448741079699723322e-14,2.186087682404247445e-14,2.095339960567210724e-14,2.030829931304323210e-14,2.054815193865133782e-14,2.188871371482103978e-14,2.276480328029795164e-14,2.438069819817034745e-14,2.492789503462378153e-14,2.528150757317992881e-14,2.506805527047184512e-14,2.416618879834409039e-14,2.360866493619773188e-14,2.258290126080919613e-14,2.223901943675110626e-14,2.206435446676369150e-14,2.222289192943538438e-14,2.284435661470407553e-14,2.319168078065980687e-14,2.375083094606489365e-14,2.388939198370854111e-14,2.387041844569004478e-14,2.373698026331139133e-14,2.330281150333957108e-14,2.308228478145601947e-14,2.281066503219408848e-14,2.274938050439434534e-14
1.670000000000000000e+02,-2.418395421166001321e-04,6.705250437223175906e-07,1.243177684929325753e-06,2.593468966420690034e-06,3.431071880506648226e-06,5.617830757996327903e-06,7.047071586606179017e-06,1.083746248550863499e-05,1.332387694719542400e-05,1.980564441704288467e-05,2.388806604148793755e-05,3.338781700092953962e-05,3.812212350791670170e-05,4.397226060978275553e-05,4.309819112749985344e-05,3.150407207349798281e-05,2.267157571144605898e-05,7.795947001018566861e-06,3.604576925147942156e-06,4.316693976479991403e-07,1.070533536912609239e-07,3.253503420234254984e-09,3.737923711332434562e-10,2.138325378309852143e-12,1.118107613874014250e-13,1.785952028626747179e-16,3.726944967918921492e-17,7.546047120499110861e-17,3.227127766403103948e-16,1.079369341301650298e-14,5.433259636471177156e-14,5.556851094719317263e-13,1.051255653708449422e-12,1.398217262457701615e-12,1.047684644117988229e-12,2.979923436913917145e-13,1.231958328754001464e-13,1.754447823999749634e-14,7.155083817100837962e-15,2.197623593519493213e-15,1.861060134125680499e-15,3.028176667752013884e-15,5.170885421235116297e-15,1.813414869655805006e-14,3.211200836489291888e-14,7.094029682262747993e-14,8.482857428646073394e-14,7.837824898652978600e-14,6.253903102847180318e-14,3.162330423564507775e-14,2.159904199938722513e-14,1.125990034718526989e-14,9.172323274173055374e-15,8.419209340110311857e-15,9.411633798694918340e-15,1.427701815277793163e-14,1.823026321914889003e-14,2.772188403311892646e-14,3.176959021376768444e-14,3.439135369716350699e-14,3.261052452380175382e-14,2.572743992672321678e-14,2.220034052424768589e-14,1.676623792058740126e-14,1.516809681328945558e-14,1.410238028784482900e-14,1.449171728798437364e-14,1.675133014071572557e-14,1.844176395794649981e-14,2.196650522069687472e-14,2.333143444069318839e-14,2.434491952647832580e-14,2.397257739539249144e-14,2.186114787458559583e-14,2.056235498711089793e-14,1.834323708552187959e-14,1.757695009506343720e-14,1.703232823876965618e-14,1.723480299448132413e-14,1.836676427266481504e-14,1.910678646549479609e-14,2.047217647141441610e-14,2.093469711819673229e-14,2.123358455209667373e-14,2.105314620554077365e-14,2.029089786817483976e-14,1.981975781412126381e-14,1.895312791259928797e-14,1.866264304553610920e-14,1.851511023491514418e-14,1.864903630827141612e-14,1.917397989513458523e-14,1.946741921311778700e-14,1.993988741483265770e-14,2.005698124946109218e-14,2.004093505730830671e-14,1.992817803136981425e-14,1.956131112125503169e-14,1.937499097791339775e-14,1.914551958810684074e-14,1.909374893437065790e-14
1.680000000000000000e+02,-2.430752035238542769e-04,6.724999155084947656e-07,1.246043824570811434e-06,2.597742743548809869e-06,3.436179152967281129e-06,5.622935547124952894e-06,7.051853513223799250e-06,1.083764746243908220e-05,1.331832179216025725e-05,1.977432150077770520e-05,2.383174231249595917e-05,3.323649002500317796e-05,3.789403299142460151e-05,4.353542648168794637e-05,4.255971339427411194e-05,3.089570149257062364e-05,2.213302216096273470e-05,7.526222910872617080e-06,3.455965060105694805e-06,4.068172528043530450e-07,9.983731214503418529e-08,2.963194099516114691e-09,3.352937565721976487e-10,1.856239825476918570e-12,9.502164680097457961e-14,1.454186163846182822e-16,3.005950523216061043e-17,6.112189747387031247e-17,2.637863885657232288e-16,9.024763358497778221e-15,4.590723417727260447e-14,4.767048030190207397e-13,9.056310389110588943e-13,1.206814460646618570e-12,9.025584912693979112e-13,2.546101621637292256e-13,1.046561383562238934e-13,1.471685186910098864e-14,5.967231916925719304e-15,1.818884669615994376e-15,1.538699723191427893e-15,2.511500122454046746e-15,4.303415263029464199e-15,1.521488013703220510e-14,2.704246874173088511e-14,6.004929626463040293e-14,7.188897372355229631e-14,6.638846373682727453e-14,5.289456481323562276e-14,2.662838482700435883e-14,1.814260547350343700e-14,9.418247431947079917e-15,7.661948332737811285e-15,7.028963999386461659e-15,7.863149150896808770e-15,1.196026784555659361e-14,1.529616819491430579e-14,2.332341134461679566e-14,2.675252597575394908e-14,2.897519463945785745e-14,2.746533469405454397e-14,2.163498330140511960e-14,1.865109629239913858e-14,1.406017771828083074e-14,1.271172837130629674e-14,1.181306029558737425e-14,1.214130250330736072e-14,1.404762807813431102e-14,1.547484471293991692e-14,1.845339202624640684e-14,1.960768786918309914e-14,2.046507494718463604e-14,2.015006000596897273e-14,1.836435192283103479e-14,1.726643459286358873e-14,1.539163219620165446e-14,1.474458033966230541e-14,1.428482440841982726e-14,1.445572177585785489e-14,1.541150020101245133e-14,1.603656985850465677e-14,1.719024228519216990e-14,1.758115137848181853e-14,1.783379758972525320e-14,1.768127744911085486e-14,1.703701741316565599e-14,1.663892548048329090e-14,1.590676375340382975e-14,1.566140880177036010e-14,1.553680686709746350e-14,1.564991625874201375e-14,1.609332784223427293e-14,1.634123066897308352e-14,1.674040680382793411e-14,1.683936735712154853e-14,1.682581482996547972e-14,1.673054056405831602e-14,1.642054005789039817e-14,1.626314100749981506e-14,1.606928565905940687e-14,1.602556520645392890e-14
1.690000000000000000e+02,-2.441593734904138669e-04,6.744734188562689827e-07,1.248907840672617512e-06,2.602011722280277899e-06,3.441279921057195787e-06,5.628026490682322630e-06,7.056617314299282401e-06,1.083780503319980212e-05,1.331273793312852697e-05,1.974301079644722270e-05,2.377551074885580150e-05,3.308580411770384593e-05,3.766726172520413508e-05,4.310289126780339724e-05,4.202792847240145670e-05,3.029905938653623199e-05,2.160724929809885921e-05,7.265827415130232149e-06,3.313478913872521621e-06,3.833957741563535221e-07,9.310764782121316516e-08,2.698788369919023072e-09,3.007602288962810122e-10,1.611366422238358354e-12,8.075354621106534125e-14,1.183948772354170842e-16,2.423191855505102410e-17,4.949382917396327741e-17,2.156478121073668319e-16,7.545721859847365209e-15,3.878841692284140663e-14,4.089500005993729204e-13,7.801788728944991647e-13,1.041612705376254722e-12,7.775352085272191349e-13,2.175435938160663607e-13,8.890647549761321322e-14,1.234494277635445059e-14,4.976542181817089627e-15,1.505414716496122907e-15,1.272148619085866628e-15,2.082969213779151119e-15,3.581499246479991072e-15,1.276555900917020203e-14,2.277328716229765071e-14,5.083027098187753445e-14,6.092316321565371950e-14,5.623279619726417877e-14,4.473738003316074519e-14,2.242243933928134147e-14,1.523927468591312895e-14,7.877758775171050942e-15,6.400262264616429775e-15,5.868244258577792749e-15,6.569452013632792742e-15,1.001943753659029213e-14,1.283429742690578301e-14,1.962281248948927193e-14,2.252776958033830823e-14,2.441195032579224211e-14,2.313194124095585558e-14,1.819350876550163143e-14,1.566926926752088001e-14,1.179086125610573355e-14,1.065315370640806947e-14,9.895350597949326144e-15,1.017209320247625115e-14,1.178029028492399988e-14,1.298521836931576523e-14,1.550213950263223950e-14,1.647830092862956342e-14,1.720357797191374161e-14,1.693702686780818034e-14,1.542684166175312122e-14,1.449881881221415370e-14,1.291496206853870454e-14,1.236863259382325886e-14,1.198048821607344827e-14,1.212474131512264464e-14,1.293176720221222986e-14,1.345966523999542197e-14,1.443441720316851473e-14,1.476482781523347221e-14,1.497836143310449231e-14,1.484944979479596583e-14,1.430496346377374550e-14,1.396858973976011775e-14,1.335005240035713747e-14,1.314280715508653330e-14,1.303758533424681509e-14,1.313310354564278803e-14,1.350764118612790554e-14,1.371705483574348072e-14,1.405435013160372115e-14,1.413794211910235354e-14,1.412644957607400720e-14,1.404594756476695849e-14,1.378405853000308490e-14,1.365108113354773778e-14,1.348731239539380233e-14,1.345039531142067091e-14
1.700000000000000000e+02,-2.450885623605291515e-04,6.764455544510999604e-07,1.251769734358058753e-06,2.606275906285254003e-06,3.446374190305362493e-06,5.633103609552258043e-06,7.061363022960073484e-06,1.083793528356674488e-05,1.330712550259735517e-05,1.971171250528247747e-05,2.371937143088114993e-05,3.293575688341813211e-05,3.744180245910430204e-05,4.267461314907107181e-05,4.150275367932298163e-05,2.971392005975508608e-05,2.109395413159572221e-05,7.014437997015837613e-06,3.176866044156336118e-06,3.613226097604039198e-07,8.683157969599855641e-08,2.457974974815271829e-09,2.697834187493676483e-10,1.398796280627917499e-12,6.862782911398745966e-14,9.643978324258561940e-17,1.951563910473907981e-17,4.006127027333938884e-17,1.762370631375187457e-16,6.309080861910398852e-15,3.277348011032632513e-14,3.508252174010129121e-13,6.721047871895147185e-13,8.990254287549737100e-13,6.698301852417487545e-13,1.858732352061354121e-13,7.552693279816447003e-14,1.035532336962630140e-14,4.150380126383135249e-15,1.245965136620341696e-15,1.051784527528187851e-15,1.727567741638402765e-15,2.980688612597148790e-15,1.071050800133255265e-14,1.917807275833571801e-14,4.302661742519586774e-14,5.163003271441146680e-14,4.763068195065556232e-14,3.783822213887511055e-14,1.888078452264019269e-14,1.280057873934148382e-14,6.589292913389277473e-15,5.346363542851895190e-15,4.899238566918873161e-15,5.488610867881993371e-15,8.393567958731029677e-15,1.076867544788639997e-14,1.650936332087127312e-14,1.897017699176162253e-14,2.056742363226726766e-14,1.948224567782652628e-14,1.529944790648607444e-14,1.316416593788449774e-14,9.887815392850551888e-15,8.927971209549134812e-15,8.288996659194802774e-15,8.522316966713683328e-15,9.878924935036170751e-15,1.089617762337069529e-14,1.302289439480963651e-14,1.384829750872285103e-14,1.446184751813239799e-14,1.423638767636403735e-14,1.295925172728473740e-14,1.217483145549147494e-14,1.083681755442711392e-14,1.037554374014315606e-14,1.004789784361803662e-14,1.016965374758815877e-14,1.085102060288667403e-14,1.129689874632133773e-14,1.212040450643270262e-14,1.239958656584772001e-14,1.258010622756655650e-14,1.247114390923176330e-14,1.201100850722891522e-14,1.172678490771184023e-14,1.120425367068245137e-14,1.102926344004329096e-14,1.094035886189947959e-14,1.102102350353240112e-14,1.133739369746367132e-14,1.151428128190468136e-14,1.179920961283387193e-14,1.186984538437130254e-14,1.186019598503618155e-14,1.179216229871271615e-14,1.157087663530842470e-14,1.145855329023892644e-14,1.132020909302977607e-14,1.128903828057081782e-14
1.710000000000000000e+02,-2.458595088088236518e-04,6.784163229782034718e-07,1.254629506750070452e-06,2.610535299231431499e-06,3.451461966236739993e-06,5.638166924592125529e-06,7.066090672283690003e-06,1.083803829911376537e-05,1.330148463265742355e-05,1.968042682721886111e-05,2.366332443706138417e-05,3.278634593303718760e-05,3.721764797952770718e-05,4.225055070736753607e-05,4.098410734666783602e-05,2.914006215110558724e-05,2.059284084526428809e-05,6.771743285821678815e-06,3.045884409437959670e-06,3.405201475790205906e-07,8.097853600386650461e-08,2.238648875215604184e-09,2.419970144412753044e-10,1.214267998216750355e-12,5.832292114538173422e-14,7.849623728795052102e-17,1.577514160966408951e-17,3.247185506594085780e-17,1.440904687233235393e-16,5.275131460119597548e-15,2.769128242680052310e-14,3.009617837064493262e-13,5.790015819226446148e-13,7.759568812146233618e-13,5.770444343709824064e-13,1.588134463346990710e-13,6.416086195323855712e-14,8.686356755410740149e-15,3.461315435659972906e-15,1.031238896359587542e-15,8.695843524419988313e-16,1.432827381048218385e-15,2.480654570646834145e-15,8.986301286428854951e-15,1.615043819166994687e-14,3.642100726911068342e-14,4.375444234358538687e-14,4.034440967068397832e-14,3.200299183644950141e-14,1.589857802700156419e-14,1.075208715464737175e-14,5.511541743830061790e-15,4.465991378793665589e-15,4.090261115918814028e-15,4.585578878418816728e-15,7.031484769437490456e-15,9.035469854951072577e-15,1.388993087214629440e-14,1.597436375885830095e-14,1.732831543185819889e-14,1.640836988850424838e-14,1.286573928990786264e-14,1.105956689076426080e-14,8.291924005060513636e-15,7.482133402431090374e-15,6.943339132814418946e-15,7.140067617011913725e-15,8.284443010070363655e-15,9.143185340787507442e-15,1.094014202146498249e-14,1.163809717000252597e-14,1.215705053986271267e-14,1.196633937772251244e-14,1.088636559370970147e-14,1.022332175512619123e-14,9.093095200418677138e-15,8.703595569953259670e-15,8.427069805860831764e-15,8.529852171812457584e-15,9.105075634424641962e-15,9.481619048928857652e-15,1.017735158301280585e-14,1.041332818585427589e-14,1.056587543152298636e-14,1.047377245697034276e-14,1.008492334780841659e-14,9.844772566602877362e-15,9.403393862184028507e-15,9.255562895965629977e-15,9.180536105629633070e-15,9.248624002061722749e-15,9.515825627470775316e-15,9.665228686839277827e-15,9.905975779239684087e-15,9.965661108835011106e-15,9.957475382432745548e-15,9.900012667291013813e-15,9.713096212754512848e-15,9.618174312553406935e-15,9.501351528468093832e-15,9.474951205568071799e-15
1.720000000000000000e+02,-2.464691792359144417e-04,6.803857251224971342e-07,1.257506698376892156e-06,2.614789904784091358e-06,3.456543254372112855e-06,5.643216456632918271e-06,7.070800295297694849e-06,1.083811416521313813e-05,1.329581545499392220e-05,1.964915396090210673e-05,2.360736984407396525e-05,3.263756888396062913e-05,3.699479110927619721e-05,4.183066292173077223e-05,4.047190880791985560e-05,2.857726855092071255e-05,2.010605206321890289e-05,6.537442671857647720e-06,2.920301940556764564e-06,3.209152426928828933e-07,7.552000535473654685e-08,2.038892850614402313e-09,2.170724307227166194e-10,1.054082331402445005e-12,4.956533230723869643e-14,6.391371806802048638e-17,1.268516541808040188e-17,2.629190268277348252e-17,1.177443559319257815e-16,4.410588647779656313e-15,2.339719130245443424e-14,2.581855085628803614e-13,4.987953409682499561e-13,6.697352633415476486e-13,4.971114123640540949e-13,1.356930518468801861e-13,5.450528266573440028e-14,7.286380700188832549e-15,2.886688284242655556e-15,8.535381602892133657e-16,7.189886706837622654e-16,1.188339791152737135e-15,2.064483566738273268e-15,7.539650327681446385e-15,1.360077415274441037e-14,3.082950561505981568e-14,3.708020218998187012e-14,3.417280564424474143e-14,2.706759512707823667e-14,1.338734895509063882e-14,9.031458306912876211e-15,4.610081847516989129e-15,3.730577045196747932e-15,3.414803162460344765e-15,3.831136796694778468e-15,5.890470403113745590e-15,7.581283691104889755e-15,1.168607311613500954e-14,1.345169635402765351e-14,1.459932435360355996e-14,1.381951194104336089e-14,1.081919926912422447e-14,9.291449987874900174e-15,6.953639053453031238e-15,6.270483264569914894e-15,5.816202554298488536e-15,5.982031276580146439e-15,6.947296470743991037e-15,7.672194043267799302e-15,9.190456555507875436e-15,9.780642008100359774e-15,1.021958125763111624e-14,1.005825197436527318e-14,9.145028484480732800e-15,8.584658591631599833e-15,7.629910158540864629e-15,7.301071639626011134e-15,7.067642911889882029e-15,7.154433295797346659e-15,7.640047448853604095e-15,7.958043946043602546e-15,8.545789943747994499e-15,8.745174723268078765e-15,8.874140571685229517e-15,8.796294855700770299e-15,8.467673177220413905e-15,8.264764740639751750e-15,7.891961823630611050e-15,7.767115943468905215e-15,7.703744326487127481e-15,7.761261251737483491e-15,7.986937933940341239e-15,8.113139066817653955e-15,8.316481184267310311e-15,8.366950795396510543e-15,8.360011901492603315e-15,8.311439644165252716e-15,8.153525597742738995e-15,8.073403057196060217e-15,7.974686449391255039e-15,7.952406094746677923e-15
1.730000000000000000e+02,-2.469147670924568710e-04,6.823537966303434149e-07,1.260382902892171180e-06,2.619039802302983687e-06,3.461618150612822417e-06,5.648252316103202515e-06,7.075492008433122756e-06,1.083816296766496393e-05,1.329011799910029441e-05,1.961789354670373606e-05,2.355150673205667075e-05,3.248942072549035570e-05,3.677322077013796503e-05,4.141490179173469089e-05,3.996606942769089454e-05,2.802531657834908324e-05,1.963261842895258364e-05,6.311241973995176816e-06,2.799894028936411030e-06,3.024694607377384145e-07,7.042931028850875352e-08,1.856957648359216367e-09,1.947145461902478891e-10,9.150258675760802873e-13,4.212260965377745414e-14,5.204170427930421283e-17,1.024571052998801690e-17,2.130457268934016213e-17,9.627715291671279374e-17,3.687751059383570507e-15,1.976890873223169365e-14,2.214884092105462443e-13,4.296984859944452673e-13,5.780527966015025498e-13,4.282496666313528877e-13,1.159382377428908040e-13,4.630264270957806794e-14,6.112027117061158421e-15,2.407416713895438320e-15,7.064119254829304140e-16,5.944138410651778059e-16,9.855939848979478057e-16,1.718135182737778877e-15,6.325885995583924171e-15,1.145356596024549312e-14,2.609636682096572180e-14,3.142391945612499349e-14,2.894516223928000898e-14,2.289330834279179605e-14,1.127277524798353525e-14,7.586162600881074525e-15,3.856019236553320795e-15,3.116268094266461119e-15,2.850909612550633909e-15,3.200781653611706190e-15,4.934583557741900606e-15,6.361068356081078790e-15,9.831870560750299859e-15,1.132736482736818040e-14,1.230005680641355070e-14,1.163907295195776292e-14,9.098136740520734733e-15,7.805930381243886274e-15,5.831327174604661323e-15,5.254965299711367166e-15,4.871970882280862725e-15,5.011778752422868521e-15,5.825960373850858076e-15,6.437884080001676779e-15,7.720603670269277075e-15,8.219607720155730490e-15,8.590838544014767209e-15,8.454391700607466476e-15,7.682168703254665942e-15,7.208589194312997606e-15,6.402159618418279408e-15,6.124549652153365997e-15,5.927550117412749842e-15,6.000733764055521391e-15,6.410724815580914893e-15,6.679227483596950066e-15,7.175792078595311096e-15,7.344277096199558486e-15,7.453239414534351681e-15,7.387428342664481562e-15,7.109764166290943876e-15,6.938351802820985625e-15,6.623445281822570863e-15,6.518006620548355556e-15,6.464501243336195913e-15,6.513073500663546511e-15,6.703676242586498191e-15,6.810253316141823277e-15,6.982045150372151454e-15,7.024654295750831778e-15,7.018799604019410054e-15,6.977816761899457987e-15,6.844405684575116666e-15,6.776697258903396914e-15,6.693322111839261623e-15,6.674511204146638121e-15
1.740000000000000000e+02,-2.471936921275561579e-04,6.843204680380475351e-07,1.263256929298465798e-06,2.623284843969420858e-06,3.466686479587134401e-06,5.653274344288329849e-06,7.080165677391829287e-06,1.083818478970122092e-05,1.328439259893054178e-05,1.958664689492555107e-05,2.349573716522955209e-05,3.234190436846164996e-05,3.655293775457817097e-05,4.100324189794233741e-05,3.946652853523401625e-05,2.748401705392138181e-05,1.917032986716588473e-05,6.092869060551599431e-06,2.684451623341510811e-06,2.850970029347524824e-07,6.568183406657681495e-08,1.691259370560898451e-09,1.746597655459362908e-10,7.943158392316462812e-13,3.579759101993151837e-14,4.239230494418322337e-17,8.239936510889833698e-18,1.723881454251952050e-17,7.871307772244762191e-17,3.083362558331526060e-15,1.670332708952892986e-14,1.900077859808002589e-13,3.701743772621668427e-13,4.989223010426480087e-13,3.689277616042430097e-13,9.905964937217959232e-14,3.933452955712235521e-14,5.126921023140829092e-15,2.007779793117281386e-15,5.847102316214325413e-16,4.914688447876791599e-16,8.174342279454460680e-16,1.429900035182507523e-15,5.307549105076914131e-15,9.645387787082793096e-15,2.208991453298003727e-14,2.663055323134932983e-14,2.451728056684920887e-14,1.936276659841862369e-14,9.492244230219215595e-15,6.372127218240430935e-15,3.225338832818502866e-15,2.603115206029071871e-15,2.380149029257427884e-15,2.674184658435496686e-15,4.133846043252731306e-15,5.337256244603016953e-15,8.271920474978156079e-15,9.538539662984346634e-15,1.036296699494232421e-14,9.802705522310439790e-15,7.650889470578459139e-15,6.558013680713070670e-15,4.890131268669994924e-15,4.403975014527494736e-15,4.081099607561311515e-15,4.198952383710485847e-15,4.885631829654180081e-15,5.402145744626274393e-15,6.485860026134160350e-15,6.907723091448270125e-15,7.221708040600072209e-15,7.106294719338990262e-15,6.453388171068219492e-15,6.053154939095195530e-15,5.372004924231177370e-15,5.137654624648435586e-15,4.971338011389159206e-15,5.033137535220832959e-15,5.379214868678205974e-15,5.605975753053549226e-15,6.025399363479566617e-15,6.167755108726913349e-15,6.259858083279556951e-15,6.204238511831050573e-15,5.969617161705187414e-15,5.824821961569748296e-15,5.558867168659054059e-15,5.469799960189369870e-15,5.424642939705348610e-15,5.465625781825300677e-15,5.626575594330773811e-15,5.716618584755694954e-15,5.861739045542879722e-15,5.897734557669398470e-15,5.892801437784589424e-15,5.858161178373677558e-15,5.745458362543809372e-15,5.688266697945199013e-15,5.617847766842265500e-15,5.601964205015352860e-15
1.750000000000000000e+02,-2.473035995577266949e-04,6.862857751157701997e-07,1.266128829995700686e-06,2.627525109223573675e-06,3.471748337303726161e-06,5.658282651809285304e-06,7.084821418825782476e-06,1.083817971720243056e-05,1.327863928367360941e-05,1.955577468447302226e-05,2.344006021851849147e-05,3.219501480397469573e-05,3.633393103348063675e-05,4.059563594239088357e-05,3.897319932575415220e-05,2.695315520706974169e-05,1.871891614500570313e-05,5.882049322839400917e-06,2.573767982841400955e-06,2.687222522811398735e-07,6.125435622264660193e-08,1.540346161060281160e-09,1.566705096819193122e-10,6.895297592450500002e-13,3.042233348918288449e-14,3.453183919366331622e-17,6.667843360785852269e-18,1.398620802506300720e-17,6.434739893701468816e-17,2.578070135844656718e-15,1.411311388935243549e-14,1.630015024865760775e-13,3.188957886819665521e-13,4.306240151789875181e-13,3.178232416828352669e-13,8.463829680518952792e-14,3.341505674589462238e-14,4.300650547489626163e-15,1.674441835186613048e-15,4.839336396889049041e-16,4.063047641389427866e-16,6.779516184551859226e-16,1.190020304520089667e-15,4.453089372941088087e-15,8.122680045935526394e-15,1.869858434755400367e-14,2.256837295169789037e-14,2.076680841178735193e-14,1.637671118506767165e-14,7.992955255997635788e-15,5.352435075017814015e-15,2.697820265795680683e-15,2.174475877136927693e-15,1.987125741731432527e-15,2.234161206732254712e-15,3.463050159135949713e-15,4.478242863342751789e-15,6.959439535075828687e-15,8.032203374641611049e-15,8.730917464699894381e-15,8.256036913151243439e-15,6.433872531963480412e-15,5.509535969810963607e-15,4.100886297209171971e-15,3.690786825466529919e-15,3.418543659955419756e-15,3.517910789063716237e-15,4.097037379496848430e-15,4.533049283161894039e-15,5.448549597608653983e-15,5.805252112356384941e-15,6.070773224398084977e-15,5.973195028874389578e-15,5.421119282644770720e-15,5.082848204829293337e-15,4.507570532108484684e-15,4.309757845738504400e-15,4.169407874510255851e-15,4.221557999006808615e-15,4.513642064274403509e-15,4.705166378043967867e-15,5.059429437903606441e-15,5.179721668940873158e-15,5.257567384925332377e-15,5.210567220748085759e-15,5.012320853509111274e-15,4.890022848452746373e-15,4.665376158313749855e-15,4.590186737651880122e-15,4.552022821180390366e-15,4.586663080591302233e-15,4.722567822912360214e-15,4.798624605312218350e-15,4.921193660911704626e-15,4.951605531849923025e-15,4.947431353485853833e-15,4.918157894828745214e-15,4.822964944084517924e-15,4.774663737300288702e-15,4.715195248139458783e-15,4.701805351309262804e-15
1.760000000000000000e+02,-2.472423591528101960e-04,6.882497185471550885e-07,1.268998606105970883e-06,2.631760601720938182e-06,3.476803729267173440e-06,5.663277259391569186e-06,7.089459265563810954e-06,1.083814783473853070e-05,1.327285818340388822e-05,1.952522232319398032e-05,2.338447596147465168e-05,3.204874967549251681e-05,3.611619357370864829e-05,4.019204445573809257e-05,3.848600501976553838e-05,2.643253013468504554e-05,1.827812171037752485e-05,5.678521604035309360e-06,2.467646985837546568e-06,2.532879151560438712e-07,5.712530884975251452e-08,1.402898797836244632e-09,1.405340451757393361e-10,5.985669316969921550e-13,2.585421026574108438e-14,2.813504637599884006e-17,5.366800753803246948e-18,1.132991270247352134e-17,5.258380536554696505e-17,2.155556549227055640e-15,1.192459759408182052e-14,1.398336741537109518e-13,2.747205674752395410e-13,3.716751299093212779e-13,2.737977487961285039e-13,7.231644753510901857e-14,2.838641864968960427e-14,3.607520098619643178e-15,1.396452398161329711e-15,4.005042825161453379e-16,3.359400431446335489e-16,5.622672466509825995e-16,9.903644744568840252e-16,3.736214896493672555e-15,6.840339926428296025e-15,1.582788804535550931e-14,1.912576000351329242e-14,1.758998762618757539e-14,1.385117064447993762e-14,6.730456036246890150e-15,4.495861148645641236e-15,2.256549981594080378e-15,1.816418109673589854e-15,1.658991954228694610e-15,1.866616670259668709e-15,2.901053963028088489e-15,3.757465259074388442e-15,5.855233832507966696e-15,6.763741042942195136e-15,7.355932269553777658e-15,6.953422213018534137e-15,5.410385681137164227e-15,4.628675914775115530e-15,3.438980870906771514e-15,3.093066167775271325e-15,2.863594777968714311e-15,2.947349395793219529e-15,3.435782474497939276e-15,3.803760691839519481e-15,4.577176311582054069e-15,4.878692935750272852e-15,5.103285415780645096e-15,5.020723420345873933e-15,4.553974385090864274e-15,4.268124482315061030e-15,3.782239278715682218e-15,3.615272144152914535e-15,3.496823056808873176e-15,3.540841665011784656e-15,3.787389239034988364e-15,3.949097993061201350e-15,4.248337792667200574e-15,4.349981746337716615e-15,4.415738608098962459e-15,4.376056808585992997e-15,4.208547572936982561e-15,4.105223105899113989e-15,3.915487725714150713e-15,3.852007688515124428e-15,3.819806883992304947e-15,3.849026132540789291e-15,3.963788932498379936e-15,4.028027911218146073e-15,4.131569218690511747e-15,4.157210600069793927e-15,4.153686943009216037e-15,4.128967133476546536e-15,4.048573542386746382e-15,4.007807540701291416e-15,3.957554770006588285e-15,3.946224857304114764e-15
1.770000000000000000e+02,-2.470080642354976217e-04,6.902122990156290411e-07,1.271866258750883535e-06,2.635991325114570970e-06,3.481852660978067542e-06,5.668258187734417008e-06,7.094079250385168208e-06,1.083808922667985758e-05,1.326704942779569855e-05,1.949468086963646886e-05,2.332898446189761270e-05,3.190310663300034493e-05,3.589971837775844644e-05,3.979242834745562408e-05,3.800486978015627524e-05,2.592194479301504766e-05,1.784769700981776275e-05,5.482033773576911384e-06,2.365900591558950904e-06,2.387399877429633409e-07,5.327457763479315211e-08,1.277715765601785541e-09,1.260595481082302238e-10,5.196038369535693757e-13,2.197200754672223866e-14,2.293087594806841878e-17,4.336808689942017736e-18,9.161508357502512467e-18,4.298861613905025081e-17,1.802269271322654021e-15,1.007543657879916843e-14,1.199587304490101758e-13,2.366646917502379655e-13,3.207957987791387744e-13,2.358706762892182063e-13,6.178841075940577632e-14,2.411449945977084397e-14,3.026062473515667151e-15,1.164595763575304588e-15,3.314948142374429807e-16,2.777725965907862360e-16,4.663153543860154571e-16,8.242647016321047460e-16,3.134753741307338970e-15,5.760420352524109333e-15,1.339791992627237249e-14,1.620833458768067281e-14,1.489916046440442621e-14,1.171507552424899679e-14,5.667341596016228777e-15,3.776438797092884769e-15,1.887487562080014669e-15,1.517286730284839180e-15,1.385014065241607639e-15,1.559516404903149578e-15,2.430293379734882464e-15,3.152751497370598344e-15,4.926180990905137946e-15,5.695585062609476168e-15,6.197462248253016170e-15,5.856318034680452200e-15,4.549745996618170807e-15,3.888707932053758753e-15,2.883923568702817519e-15,2.592164764086968276e-15,2.398743096515554285e-15,2.469324657944360624e-15,2.881213063271603758e-15,3.191782775580076503e-15,3.845123004719841475e-15,4.100073145579807843e-15,4.289971156090643944e-15,4.220148536182577459e-15,3.825553155506478120e-15,3.583992911476707732e-15,3.173676599299568579e-15,3.032676106767828728e-15,2.932766876573289494e-15,2.969900800980918021e-15,3.178013407989510597e-15,3.314514461505435605e-15,3.567296198020430964e-15,3.653165010081282915e-15,3.708730371421165017e-15,3.675174314182738655e-15,3.533631720564756051e-15,3.446353445679672944e-15,3.286162574694939664e-15,3.232548777265531470e-15,3.205335302736145309e-15,3.230055112268814810e-15,3.326928576380394631e-15,3.381192895113294128e-15,3.468633800324250060e-15,3.490317843773960149e-15,3.487336287799625012e-15,3.466465395979279052e-15,3.398540129873062199e-15,3.364062500788023158e-15,3.321670195843839934e-15,3.312129216725967495e-15
1.780000000000000000e+02,-2.465990305913254950e-04,6.921735172041852159e-07,1.274731789051503691e-06,2.640217283055143385e-06,3.486895137932825590e-06,5.673225457510853694e-06,7.098681406019641000e-06,1.083800397719768792e-05,1.326121314612432010e-05,1.946415052288903626e-05,2.327358578584743341e-05,3.175808333300778811e-05,3.568449848360716759e-05,3.939674890225973230e-05,3.752971870071755006e-05,2.542120592368513976e-05,1.742739834785424907e-05,5.292342415314502850e-06,2.268348507186257294e-06,2.250275671466096632e-07,4.968340389772084309e-08,1.163702753842303650e-09,1.130758476761660469e-10,4.510574856328442017e-13,1.867272612574022439e-14,1.870248747537495149e-17,3.469446951953614189e-18,7.426784881525705373e-18,3.512815038853034366e-17,1.506932599537602613e-15,8.512992828030307990e-15,1.029086755047203816e-13,2.038805322485126581e-13,2.768814366151117756e-13,2.031973222495209175e-13,5.279311059494529168e-14,2.048551215813598780e-14,2.538334126223062981e-15,9.712825162211391472e-16,2.743573597474568970e-16,2.296340201324298391e-16,3.867891250342037068e-16,6.859747145315786554e-16,2.630111840123960931e-15,4.851045780351892489e-15,1.134102577474149776e-14,1.373591995354472850e-14,1.262000486751402306e-14,9.908415234127776472e-15,4.772170072303572042e-15,3.172104506149464598e-15,1.578760993464767282e-15,1.267432339635554683e-15,1.156301616955790479e-15,1.302885750675830678e-15,2.035914839493280226e-15,2.645290670538757993e-15,4.144579644760337800e-15,4.796130940315501689e-15,5.221409242472940804e-15,4.932306733179681046e-15,3.826041046484096597e-15,3.266972196241946236e-15,2.418475576054790466e-15,2.172415893009205234e-15,2.009351886267385368e-15,2.068820375428215286e-15,2.416198751492570906e-15,2.678304626690941603e-15,3.230163532486063360e-15,3.445702924376181642e-15,3.606273266121284848e-15,3.547238457829449132e-15,3.213629449355659418e-15,3.009528390385263208e-15,2.662963165950271716e-15,2.543971977519987604e-15,2.459675258609239634e-15,2.491008701394070712e-15,2.666649453336722431e-15,2.781900144271931552e-15,2.995379552034327375e-15,3.067966887482231897e-15,3.114912841550854239e-15,3.086560954740358298e-15,2.966973455115207159e-15,2.893247707386192857e-15,2.757939276260001904e-15,2.712673835558732094e-15,2.689742959610663675e-15,2.710559641322385360e-15,2.792416905345040945e-15,2.838224447132553507e-15,2.912058615078816359e-15,2.930381631793821384e-15,2.927887966797104724e-15,2.910215471385591002e-15,2.852861176461107817e-15,2.823750348129872023e-15,2.787971676437850377e-15,2.779894370252833369e-15
1.790000000000000000e+02,-2.460137952862420305e-04,6.941333737956541412e-07,1.277595198128462714e-06,2.644438479190914420e-06,3.491931165623961579e-06,5.678222455150067072e-06,7.103265765147657789e-06,1.083789217026456418e-05,1.325534946726718462e-05,1.943363148077775879e-05,2.321827999765622551e-05,3.161367743855064672e-05,3.547052696456083859e-05,3.900496777657516765e-05,3.706047779481239611e-05,2.493012398113429880e-05,1.701698774966004641e-05,5.109212526433295522e-06,2.174817868684828610e-06,2.121026733529238033e-07,4.633429323200452185e-08,1.059863091658775486e-09,1.014294023120657084e-10,3.915537599014085046e-13,1.586887088747546137e-14,1.523304052342133730e-17,2.818925648462311528e-18,6.017322057294549609e-18,2.873135757086586750e-17,1.259951344645404703e-15,7.192868262811957791e-15,8.828197504626156267e-14,1.756377703866773832e-13,2.389784876065392805e-13,1.750499701788643669e-13,4.510730981441279930e-14,1.740263749078208022e-14,2.129264646544282158e-15,8.100074430639203626e-16,2.270861450270889037e-16,1.898438004022118264e-16,3.207612127298364868e-16,5.708866539222423597e-16,2.206730891768371450e-15,4.085219575816756432e-15,9.599851295838401910e-15,1.164064504510786691e-14,1.068947447918633387e-14,8.380394902335330798e-15,4.018432721991649359e-15,2.664426838883127147e-15,1.320504035978720125e-15,1.058723421432095080e-15,9.653736143810931480e-16,1.088538981175446452e-15,1.705558437536947025e-15,2.219524477403700402e-15,3.486956817039255085e-15,4.038707302617128292e-15,4.399096104751309966e-15,4.154120623878210239e-15,3.217424156959358683e-15,2.744657799647054475e-15,2.028108583851384594e-15,1.820592288037659046e-15,1.683115452566497083e-15,1.733259803043951663e-15,2.026211230049534961e-15,2.247388473236577866e-15,2.713595407405344773e-15,2.895741372382909518e-15,3.031537694486718948e-15,2.981610184443761469e-15,2.699554989271657490e-15,2.527112633737838010e-15,2.234486467384000363e-15,2.134035136103218377e-15,2.062857263479545011e-15,2.089311796488191320e-15,2.237576443575584051e-15,2.334883588556158074e-15,2.515186409840497461e-15,2.576498042694552737e-15,2.616179842207522199e-15,2.592218974195592551e-15,2.491225541828567813e-15,2.428938127019275584e-15,2.314663218039303416e-15,2.276445091459189385e-15,2.257037872571698855e-15,2.274656157874588303e-15,2.343719836261914935e-15,2.382425853819647443e-15,2.444767478737563948e-15,2.460271569804106662e-15,2.458157375567759928e-15,2.443249595696084242e-15,2.394785758585982194e-15,2.370228579379185518e-15,2.339979338766839945e-15,2.333148865080181267e-15
1.800000000000000000e+02,-2.452511153890621701e-04,6.960918694724868745e-07,1.280458415099569027e-06,2.648654917167649406e-06,3.496960749539842431e-06,5.683218393068121968e-06,7.107832360400261626e-06,1.083775388965478245e-05,1.324945851970485162e-05,1.940312393987201397e-05,2.316306715994024233e-05,3.146988661919248556e-05,3.525779692910329310e-05,3.861704699503089983e-05,3.659707398418095281e-05,2.444851306143881351e-05,1.661623282692311059e-05,4.932417226773176764e-06,2.085142934781880706e-06,1.999200814106804128e-07,4.321093030189727263e-08,9.652890364201388573e-10,9.098248369976413841e-11,3.398997121088764839e-13,1.348601135278681973e-14,1.241411487495902577e-17,2.276824562219559311e-18,4.878909776184769953e-18,2.347297703431117100e-17,1.053465040895540383e-15,6.077495277867495105e-15,7.573417804343507420e-14,1.513073520642560510e-13,2.062642049348306639e-13,1.508015717507915632e-13,3.854045988599397177e-14,1.478369293303471999e-14,1.786060448843995729e-15,6.755663736757178128e-16,1.879464466003621936e-16,1.569924745759010420e-16,2.660632131279427881e-16,4.750973919831480430e-16,1.851437839844871647e-15,3.440281913513754120e-15,8.126041072670231458e-15,9.864992937119732019e-15,9.054226552535071804e-15,7.087971702623985237e-15,3.383686560110010788e-15,2.238064334553202528e-15,1.104530963219607642e-15,8.843837120964259668e-16,8.059416849170997210e-16,9.094287822808411192e-16,1.428761622901397743e-15,1.862334071678350966e-15,2.933688448419902173e-15,3.400925374652530309e-15,3.706290916533072632e-15,3.498666200502098533e-15,2.705626521437576315e-15,2.305881180442170830e-15,1.700787947978010806e-15,1.525743507230226115e-15,1.409896505100149966e-15,1.452126179718460364e-15,1.699161644719282549e-15,1.885807048712662137e-15,2.279589277759397348e-15,2.433545986252338977e-15,2.548417206427178172e-15,2.506187531808867774e-15,2.267771474079305349e-15,2.122054702097253553e-15,1.874910816879182818e-15,1.790180417099440646e-15,1.730115616743743701e-15,1.752395971388320817e-15,1.877512902093148028e-15,1.959695426767549264e-15,2.111971621893138362e-15,2.163742275629321199e-15,2.197298332867747561e-15,2.177023752242268628e-15,2.091697041267659429e-15,2.039113235902112464e-15,1.942619242550902570e-15,1.910364227919458813e-15,1.893992775114927696e-15,1.908846344877979107e-15,1.967176421757699245e-15,1.999810907149512929e-15,2.052503132732308444e-15,2.065567768910758772e-15,2.063778835326157690e-15,2.051202090125325839e-15,2.010273458113998046e-15,1.989565196619524912e-15,1.964032235457491282e-15,1.958231753834693833e-15
1.810000000000000000e+02,-2.443099665963464288e-04,6.980490049168634227e-07,1.283348339599577536e-06,2.652866600628701324e-06,3.501983895164823522e-06,5.688201216858906851e-06,7.112381224359299887e-06,1.083758921894474483e-05,1.324354043152206552e-05,1.937262809549014555e-05,2.310794733361131717e-05,3.132670855102604335e-05,3.504630152074481703e-05,3.823294894698907168e-05,3.613943508787957073e-05,2.397619083249706421e-05,1.622490664685740237e-05,4.761737478187449534e-06,1.999164793547330600e-06,1.884371632475292761e-07,4.029809938098805749e-08,8.791538388128530834e-10,8.161154846537954644e-11,2.950598207603072343e-13,1.146099274512701882e-14,1.013729031273946646e-17,1.843143693225357538e-18,3.957337929572091184e-18,1.919037845299342848e-17,8.808058449272238022e-16,5.135052539434470376e-15,6.496983940423861625e-14,1.303472846152231579e-13,1.780281651264647991e-13,1.299121400732961007e-13,3.292960522316423777e-14,1.255885586498584061e-14,1.498204772049094302e-15,5.634056589320923791e-16,1.555830117516698863e-16,1.297790000465148808e-16,2.206351421008001523e-16,3.954085323054634671e-16,1.553390662628606478e-15,2.897150835207140673e-15,6.878503842899785781e-15,8.360174531818476140e-15,7.669158277184839889e-15,5.994933282432723942e-15,2.849229099183281377e-15,1.879898146872616138e-15,9.239028812835226034e-16,7.387753603316227213e-16,6.728558682445040517e-16,7.598088824778415074e-16,1.196904988315372620e-15,1.562606381094733266e-15,2.468240455771875119e-15,2.863865828511835687e-15,3.122610676975501320e-15,2.946644664381103951e-15,2.275252469069455330e-15,1.937198231688475047e-15,1.426267957904681083e-15,1.278653832120779654e-15,1.181021426488459980e-15,1.216637467854608801e-15,1.424912705189074202e-15,1.582447280851217997e-15,1.915026297261146482e-15,2.045184768068031289e-15,2.142275072614108211e-15,2.106550611030710840e-15,1.904997427165655566e-15,1.781886270479926537e-15,1.573231562385091209e-15,1.501674219001047916e-15,1.451041977545974859e-15,1.469852885238598361e-15,1.575454176838686493e-15,1.644788905769134502e-15,1.773375283425915327e-15,1.817122841085705431e-15,1.845474727896201372e-15,1.828344333570930402e-15,1.756299099209268633e-15,1.711846810137362951e-15,1.630369016875077293e-15,1.603155542345691131e-15,1.589331964646500950e-15,1.601854499738708526e-15,1.651131488478174703e-15,1.678670223659306515e-15,1.723176722839836472e-15,1.734235584999188617e-15,1.732717701957708911e-15,1.722092520667350968e-15,1.687506471365063376e-15,1.669996606279422480e-15,1.648420983046960941e-15,1.643596283379400447e-15
1.820000000000000000e+02,-2.431895417574583579e-04,7.000047808106114270e-07,1.286236103611570342e-06,2.657073533215037909e-06,3.507000607979194468e-06,5.693170945668049729e-06,7.116912389557397169e-06,1.083739824151342020e-05,1.323759533040875852e-05,1.934214414170504714e-05,2.305292057788868110e-05,3.118414091667453376e-05,3.483603391787160703e-05,3.785263638310512385e-05,3.568748981135489969e-05,2.351297846555009383e-05,1.584278760428066489e-05,4.596961813593418216e-06,1.916731081058674173e-06,1.776137385672328390e-07,3.758161024606165510e-08,8.007045169044699207e-10,7.320577726909610616e-11,2.561352551496559604e-13,9.740038636740777633e-15,8.267041565201971309e-18,1.463672932855430986e-18,3.198396408832238080e-18,1.569382644672767668e-17,7.364443256607788868e-16,4.338733148798179506e-15,5.573544555569076575e-14,1.122907376891607578e-13,1.536574144832270061e-13,1.119163626790015131e-13,2.813558847708508281e-14,1.066884753285479714e-14,1.256752948236572465e-15,4.698661165009054841e-16,1.287490079826536515e-16,1.073089100217528014e-16,1.829862216612410108e-16,3.290824644036627333e-16,1.303319431544824880e-15,2.439753043689818490e-15,5.822463821844592324e-15,7.084935936541025825e-15,6.495970211392587679e-15,5.070379879845710036e-15,2.399203882438860624e-15,1.579059149062200795e-15,7.727650984390432853e-16,6.171007715244369862e-16,5.617522506190519849e-16,6.348003719902628461e-16,1.002697274168906638e-15,1.311098582132408374e-15,2.076599526015798780e-15,2.411590892259507513e-15,2.630843676590388647e-15,2.481738772819319649e-15,1.913291573785169675e-15,1.627522986172302843e-15,1.196064731631696354e-15,1.071598322230360445e-15,9.892802722843985208e-16,1.019285567407934856e-15,1.194926319350586574e-15,1.327849505697309418e-15,1.608739183533991479e-15,1.718758598986958042e-15,1.800832703444110727e-15,1.770637672940389429e-15,1.600282406588604545e-15,1.496280313192932532e-15,1.320070355109725924e-15,1.259707399156595464e-15,1.216935623452042314e-15,1.232819185278954954e-15,1.321940603857263419e-15,1.380487521171480658e-15,1.489097473800216065e-15,1.526041662827659628e-15,1.549975425785277139e-15,1.535528431836907792e-15,1.474623374797534581e-15,1.437109979629536127e-15,1.368317351785330871e-15,1.345332265728638177e-15,1.333677092374419004e-15,1.344248063556152673e-15,1.385827216870971768e-15,1.409110458525097975e-15,1.446678063801720704e-15,1.456002202485096042e-15,1.454728264932425574e-15,1.445756491955108025e-15,1.416564348460935818e-15,1.401764988806508683e-15,1.383577497363064346e-15,1.379457529107619429e-15
1.830000000000000000e+02,-2.418892492977658764e-04,7.019591978353416882e-07,1.289121708287186991e-06,2.661275718565187442e-06,3.512010893459287545e-06,5.698191297047022199e-06,7.121425888478036606e-06,1.083718104054277789e-05,1.323162334366124321e-05,1.931167227134990847e-05,2.299798695031042843e-05,3.104218140529229589e-05,3.462698733359558141e-05,3.747607241191968654e-05,3.524116773564805408e-05,2.305870056801121760e-05,1.546965929668850230e-05,4.437886075381265510e-06,1.837695711652840907e-06,1.674119343072761994e-07,3.504822906457696549e-08,7.292552739522444039e-10,6.566576411315763750e-11,2.223456065531675963e-13,8.277477011112144289e-15,6.749158523722265102e-18,1.192622389734054877e-18,2.574980159653073031e-18,1.282069068964108993e-17,6.157726238631422433e-16,3.665904385607987592e-15,4.781355975209955478e-14,9.673549938513104074e-14,1.326228352398900467e-13,9.641338291968559737e-14,2.403952687954347134e-14,9.063279640675325766e-15,1.054196877361968099e-15,3.918577701905734401e-16,1.065499685010129483e-16,8.871484276362640031e-17,1.517611990936584832e-16,2.738694687698384200e-16,1.093526311168879772e-15,2.054590221914343040e-15,4.928566235684606056e-15,6.004203211007475005e-15,5.502244710200998590e-15,4.288453273049164238e-15,2.020248118100864687e-15,1.326358727710141849e-15,6.463742301815456059e-16,5.154839229082330831e-16,4.689987547629170805e-16,5.303645977255966315e-16,8.399856331331445602e-16,1.100058629258104936e-15,1.747110485797453983e-15,2.030737774119661943e-15,2.216515816375053127e-15,2.090179158226179723e-15,1.608956023968488580e-15,1.367314464775781779e-15,1.003022534820652290e-15,8.980717645240554603e-16,8.286828254849831765e-16,8.539718411582075674e-16,1.002046752865415336e-15,1.114234572663352907e-15,1.351458008003181277e-15,1.444428344293813282e-15,1.513844388387197704e-15,1.488311427225164074e-15,1.344302273664776948e-15,1.256454792639138951e-15,1.107675149519815605e-15,1.056717647412996897e-15,1.020640820123541737e-15,1.034030716953737716e-15,1.109247242669919586e-15,1.158659756680946451e-15,1.250383260473220126e-15,1.281581177986490516e-15,1.301801548503345174e-15,1.289604274062883249e-15,1.238158880978446064e-15,1.206473072487557197e-15,1.148386941096646297e-15,1.128979722209155767e-15,1.119140587493849814e-15,1.128058150362543088e-15,1.163159195696761294e-15,1.182810360073061062e-15,1.214550378672574205e-15,1.222410844423094112e-15,1.221326642250608607e-15,1.213764332097522214e-15,1.189125837727789126e-15,1.176630407689893687e-15,1.161261841894911662e-15,1.157792394942958047e-15
1.840000000000000000e+02,-2.404087115381631939e-04,7.039122914672605973e-07,1.292005206146617288e-06,2.665473235079001638e-06,3.517014846198028913e-06,5.703294527711243655e-06,7.125921833523222136e-06,1.083693769444885133e-05,1.322562449103690868e-05,1.928121213328891533e-05,2.294314553021945392e-05,3.090082519877090667e-05,3.441915132243515653e-05,3.710321388444626006e-05,3.480039150051498229e-05,2.261317725476175329e-05,1.510530398589530576e-05,4.284310473804639778e-06,1.761917297030460555e-06,1.577958858106035412e-07,3.268557328590135196e-08,6.641803978275819670e-10,5.890222700864408689e-11,1.930130046675498923e-13,7.034520535520449869e-15,5.502326025363935003e-18,9.486769009248163798e-19,2.087089182034596035e-18,1.048965601879725540e-17,5.148334016047417805e-16,3.097430081519525480e-15,4.101753658947160375e-14,8.333481474331883021e-14,1.144674090756969687e-13,8.305766556297722314e-14,2.053969516170595089e-14,7.699299097579936912e-15,8.842752918791774164e-16,3.268056398414431740e-16,8.819984673169578571e-17,7.334627696864437496e-17,1.258758722255670648e-16,2.279264017107651696e-16,9.174789834115459897e-16,1.730224036960992251e-15,4.171901539506972512e-15,5.088296320746032997e-15,4.660524353591877222e-15,3.627089947833006534e-15,1.701140313684068595e-15,1.114099047391792219e-15,5.406374133098967860e-16,4.305908928026180860e-16,3.915596145931399263e-16,4.430863228405135246e-16,7.036743149974045153e-16,9.230084144912220623e-16,1.469907095347222636e-15,1.710030771498449731e-15,1.867429821889032837e-15,1.760391962410401412e-15,1.353002996098973121e-15,1.148712201748391948e-15,8.411240454142543399e-16,7.526260430851250405e-16,6.941604409338442139e-16,7.154650136231843760e-16,8.403108937848902116e-16,9.349617434428747487e-16,1.135322304918195968e-15,1.213899857369082902e-15,1.272582299954860829e-15,1.250979571668087154e-15,1.129277877806589281e-15,1.055037134045644365e-15,9.294323123631986761e-16,8.864165911698362876e-16,8.560047202316178883e-16,8.673075278797792720e-16,9.307604600244934190e-16,9.724751386108732021e-16,1.049914278780650356e-15,1.076287496626360252e-15,1.093363680843006946e-15,1.083036655150082517e-15,1.039614358142038064e-15,1.012834564481646105e-15,9.638015212309891666e-16,9.474029633721459120e-16,9.391088167526318031e-16,9.466440218514060589e-16,9.762698462145724676e-16,9.928852445079128231e-16,1.019665038168304783e-15,1.026305776474778497e-15,1.025384204628165818e-15,1.018987411810501342e-15,9.981978351530917948e-16,9.876539690256702642e-16,9.746706480101563486e-16,9.717433021444454866e-16
1.850000000000000000e+02,-2.387477629092976759e-04,7.058639927732277084e-07,1.294886495563878212e-06,2.669665936778144741e-06,3.522012293307862519e-06,5.708384652227570721e-06,7.130400096829901582e-06,1.083666829469561344e-05,1.321967508270463216e-05,1.925076500358598479e-05,2.288839832653970924e-05,3.076007503765445877e-05,3.421252657430341130e-05,3.673403790415964666e-05,3.436510811589469608e-05,2.217625568647527373e-05,1.474952829530343582e-05,4.136050192380324401e-06,1.689264241809074283e-06,1.487322869285229859e-07,3.048221688600814654e-08,6.049133254037736968e-10,5.283542166604170143e-11,1.675504624366191964e-13,5.978236568976447174e-15,4.499439015814843401e-18,7.589415207398531038e-19,1.707618421664669484e-18,8.565197162635485029e-18,4.304553675310573979e-16,2.617101414054134878e-15,3.518756466758254930e-14,7.179069079661648534e-14,9.879762481214415804e-14,7.155224763383261077e-14,1.754946556999092966e-14,6.540639340898990461e-15,7.417569163059578585e-16,2.725413211085436771e-16,7.299391126258658602e-17,6.063400649625183547e-17,1.044086692103540770e-16,1.896811700763390007e-16,7.697835424647081481e-16,1.457059299603269409e-15,3.531409106111160767e-15,4.312115985463660373e-15,3.947580110019721644e-15,3.067722941993422658e-15,1.432447910287848458e-15,9.358291051808631522e-16,4.522207261437038994e-16,3.596840707220660960e-16,3.268869550043795869e-16,3.702008317951754890e-16,5.894807211803687608e-16,7.744456118063958172e-16,1.236695208045590633e-15,1.439983115386622714e-15,1.573339982602339759e-15,1.482646470873927314e-15,1.137788864860600491e-15,9.650483537293474967e-16,7.053819334190691848e-16,6.307346138434422045e-16,5.814847301582881656e-16,5.994282761129232640e-16,7.046772020069536069e-16,7.845286920105110084e-16,9.537455460811861130e-16,1.020152929145923260e-15,1.069755178537135087e-15,1.051513476985066475e-15,9.486497958705042421e-16,8.859287001922178106e-16,7.798666226688233394e-16,7.435729549448710785e-16,7.179044685112767610e-16,7.274454476291492000e-16,7.809779298956209814e-16,8.162145005013998755e-16,8.815918915022757929e-16,9.038722461468529090e-16,9.182921350409101180e-16,9.095914126067139449e-16,8.728911690680796198e-16,8.502855537717568524e-16,8.088961358371227206e-16,7.950454530836204015e-16,7.880523490710888979e-16,7.943949317801290988e-16,8.194128969102321136e-16,8.334262099896072584e-16,8.560589303402421635e-16,8.616696765828546489e-16,8.608836300078026582e-16,8.554897241996872737e-16,8.379256490054221018e-16,8.290080861367288279e-16,8.180576441946252331e-16,8.155910842522207105e-16
1.860000000000000000e+02,-2.369064480590902621e-04,7.078143372530579149e-07,1.297765629096510331e-06,2.673853902142211535e-06,3.527003329488128964e-06,5.713461780291025560e-06,7.134860791016133267e-06,1.083637291977222706e-05,1.321393291394578522e-05,1.922033052843320506e-05,2.283374441364795530e-05,3.061992610612355092e-05,3.400710269084236269e-05,3.636850195525898922e-05,3.393524182157458473e-05,2.174776237137725698e-05,1.440212413891648778e-05,3.992918735874485510e-06,1.619606406427147142e-06,1.401892449844380998e-07,2.842738197774254474e-08,5.509347267404398479e-10,4.739347450729777811e-11,1.454469411663744660e-13,5.080544275212761640e-15,3.659182332138577465e-18,6.234162491791650496e-19,1.382357769919018153e-18,6.993104012531503599e-18,3.599280162108753345e-16,2.211257435838498431e-15,3.018622136106985376e-14,6.184573794927594736e-14,8.527290744179960580e-14,6.164057979318737779e-14,1.499454315052883846e-14,5.556319293553713123e-15,6.222236267894309947e-16,2.273029854615860046e-16,6.041716606175473459e-17,5.014435047745458007e-17,8.657354347296752906e-17,1.578598363138894456e-16,6.458592341496149913e-16,1.227045808710469643e-15,2.989253809759784275e-15,3.654357632471016970e-15,3.343706604999607812e-15,2.594631324029372799e-15,1.206174916890123683e-15,7.860465750519907147e-16,3.782510329258803594e-16,3.004595270500454163e-16,2.729207918689136037e-16,3.092957747558022774e-16,4.938269845128351321e-16,6.498165720791870825e-16,1.040454614825714330e-15,1.212571709707788159e-15,1.325545576080777721e-15,1.248702747105867594e-15,9.567813121641455254e-16,8.107663845846602158e-16,5.915407053080912192e-16,5.286027691953076868e-16,4.870778259891128670e-16,5.022024462952856538e-16,5.909443941132241918e-16,6.583275591331982923e-16,8.011983004124756391e-16,8.573328678929126312e-16,8.992643869137895152e-16,8.838416110101832146e-16,7.968885967768457590e-16,7.439253206509288674e-16,6.543702212036262011e-16,6.237686148852228385e-16,6.021116764898248874e-16,6.101347725662176202e-16,6.553188981045510175e-16,6.850531426849659766e-16,7.402661383187902899e-16,7.590770460114137919e-16,7.712472153975635791e-16,7.639017456789742866e-16,7.329206686002009974e-16,7.138387103644561194e-16,6.788731903017986014e-16,6.671909118932672911e-16,6.612820100532212919e-16,6.666488108070245389e-16,6.877636481161797377e-16,6.995814517962717360e-16,7.186905150863287517e-16,7.234338995909528336e-16,7.227833782874615309e-16,7.182026241087102747e-16,7.033761593999710016e-16,6.958680593555088834e-16,6.866252358350699581e-16,6.845381466530353620e-16
1.870000000000000000e+02,-2.348850198523400122e-04,7.097633255871151851e-07,1.300642607894011895e-06,2.678037134799999587e-06,3.531987960198951703e-06,5.718525930510962680e-06,7.139303948369620520e-06,1.083605165207664786e-05,1.320816423043303127e-05,1.918990889576048867e-05,2.277918384247250207e-05,3.048037611946277040e-05,3.380287302257159237e-05,3.600657054437565404e-05,3.351072559561833471e-05,2.132753501525916752e-05,1.406289473326058706e-05,3.854738744845211465e-06,1.552820336313053906e-06,1.321368650403968812e-07,2.651105774698677559e-08,5.017727164487433694e-10,4.251202848407596713e-11,1.262593274289208756e-13,4.317672521597648583e-15,2.981555974335137194e-18,5.149960319306146062e-19,1.111307226797642045e-18,5.719166459861035889e-18,3.009203129733517557e-16,1.868351393735645516e-15,2.589573520894727920e-14,5.327842659240411560e-14,7.359960080624561307e-14,5.310191847872347548e-14,1.281155628633789956e-14,4.720128368024267829e-15,5.219349258345218345e-16,1.895456448047783127e-16,5.000882520589389202e-17,4.144362804325840699e-17,7.180128887285253114e-17,1.313781982509309998e-16,5.418842458082551161e-16,1.033325985541622138e-15,2.530311030146670248e-15,3.096915085487594865e-15,2.832207125075258958e-15,2.194506512273597387e-15,1.015653490130108416e-15,6.602520179893600627e-16,3.163972989855823315e-16,2.509928029303942765e-16,2.278450865478287568e-16,2.583924827576078442e-16,4.136773389118442168e-16,5.452181674886480423e-16,8.753848340647962800e-16,1.021074500992535938e-15,1.116782447768693842e-15,1.051676107310939301e-15,8.045864322014928405e-16,6.811500148640181607e-16,4.960495989664304162e-16,4.429779026232649741e-16,4.080123825606074561e-16,4.207517580873121332e-16,4.955617079888119392e-16,5.524010068813645091e-16,6.730727086790011526e-16,7.205065537252419716e-16,7.559599647655179666e-16,7.428953285870676382e-16,6.694406314011747128e-16,6.246901867318355173e-16,5.490941902552837206e-16,5.232359684415044399e-16,5.049671618351236901e-16,5.117705304674702305e-16,5.498802368303357113e-16,5.749795171233751390e-16,6.216002105402518296e-16,6.374837723671644696e-16,6.477565879514646241e-16,6.415495305139851112e-16,6.153660480484601791e-16,5.992656457870504383e-16,5.697482416411325801e-16,5.599091069258266273e-16,5.548946718780811693e-16,5.594483210025202879e-16,5.772563416855946983e-16,5.872581067267734767e-16,6.033585089881832175e-16,6.073700570263795839e-16,6.068279559401368317e-16,6.029790382278132910e-16,5.904565031356057148e-16,5.840868153722533762e-16,5.762805597303577443e-16,5.745187312000687996e-16
1.880000000000000000e+02,-2.326839372614016228e-04,7.117109584554653316e-07,1.303517433105366155e-06,2.682215638377921218e-06,3.536966190896442645e-06,5.723577121474239396e-06,7.143729601129250465e-06,1.083570457381181061e-05,1.320236915482882992e-05,1.915950029228574562e-05,2.272471666231755177e-05,3.034142279948953756e-05,3.359983095399085204e-05,3.564820851945161889e-05,3.309149323963076470e-05,2.091541444302315246e-05,1.373164791544732172e-05,3.721338990804055804e-06,1.488787664183805490e-06,1.245469688339144714e-07,2.472390810137614636e-08,4.569975138601651415e-10,3.813335498065173468e-11,1.096029462934605681e-13,3.669319622451316931e-15,2.439454888092384977e-18,4.065758146820641628e-19,8.944667923005411581e-19,4.689174395999806677e-18,2.516162191795734415e-16,1.578625468193206594e-15,2.221505856873917661e-14,4.589791003858922913e-14,6.352429975271800533e-14,4.574604041927832210e-14,1.094640328901108628e-14,4.009786209666077461e-15,4.378008372496466905e-16,1.580766767483865465e-16,4.138941793463413177e-17,3.426078865054194011e-17,5.954980432376633104e-17,1.093417890951631222e-16,4.546330759774841468e-16,8.701806636368658587e-16,2.141841391745114009e-15,2.624501093881348446e-15,2.398932831895739248e-15,1.856072804132247178e-15,8.552457787108780352e-16,5.545965162806476556e-16,2.646266452493994947e-16,2.096575951043844199e-16,1.902232711625817529e-16,2.158917575961760704e-16,3.465652244349914923e-16,4.574791066802585959e-16,7.364714307150910244e-16,8.598265328896292914e-16,9.408977503372328854e-16,8.857389648120328474e-16,6.765963657395790420e-16,5.722419066378492403e-16,4.159812685283759137e-16,3.712579289133488558e-16,3.417676298217431352e-16,3.525012313293496291e-16,4.155746927136938496e-16,4.635235337918652831e-16,5.654114329511905623e-16,6.054998082788420888e-16,6.354779983480662864e-16,6.244462412430262788e-16,5.623485618139190123e-16,5.245370110484870452e-16,4.607317131977151092e-16,4.389392495307564701e-16,4.235164736271501695e-16,4.292356400870112054e-16,4.614093395555185495e-16,4.825783869732980236e-16,5.219349258345218345e-16,5.353519277190299519e-16,5.440526501532261250e-16,5.387942696166714285e-16,5.167036503522792756e-16,5.030969130875861950e-16,4.781602631204195930e-16,4.698661165009054841e-16,4.656377280282120168e-16,4.694595406862234199e-16,4.845028458294597939e-16,4.929325177205345909e-16,5.065663600395398092e-16,5.099273867742448729e-16,5.094666008509385335e-16,5.062139943334820202e-16,4.956430231517483520e-16,4.902762223979451051e-16,4.836896942000956656e-16,4.821989162129280970e-16
1.890000000000000000e+02,-2.303038631471210861e-04,7.136572365378760115e-07,1.306390105878932947e-06,2.686389416500057714e-06,3.541938027032756359e-06,5.728615371745405561e-06,7.148137781485148232e-06,1.083533176698609000e-05,1.319654780942300051e-05,1.912910490352049417e-05,2.267034292087439324e-05,3.020306387455334689e-05,3.339796990343185299e-05,3.529338106651508291e-05,3.267747936872009216e-05,2.051124453886267744e-05,1.340819603480670531e-05,3.592554164364125365e-06,1.427394900458306458e-06,1.173929962092776311e-07,2.306121807198972112e-08,4.162176864557116940e-10,3.420567087496391434e-11,9.514391770097663237e-14,3.118355183448495715e-15,1.978668964786045592e-18,3.252606517456513302e-19,7.318364664277154930e-19,3.821812658011403130e-18,2.103894315708121354e-16,1.333812617645979692e-15,1.905753658180964205e-14,3.953979613342817334e-14,5.482823938786351992e-14,3.940912266658935792e-14,9.352788725783267587e-15,3.406346385514957831e-15,3.672463808751524894e-16,1.318389841742373392e-16,3.426078865054194011e-17,2.832478175618380334e-17,4.938540895671472697e-17,9.099166732584595962e-17,3.814494293347125975e-16,7.328122483829524469e-16,1.813029977884572652e-15,2.224159441691075934e-15,2.031957501563708135e-15,1.569816325541761870e-15,7.201541880191841827e-16,4.658545684627091177e-16,2.213398735129157302e-16,1.751257559107211037e-16,1.588085132148142620e-16,1.803570313929636626e-16,2.903222367373059498e-16,3.838346741141807072e-16,6.196215415754657840e-16,7.240573158401319986e-16,7.927144184127765669e-16,7.459853047786513258e-16,5.689621950660805894e-16,4.807623483343848036e-16,3.488420489972110516e-16,3.111389184490276349e-16,2.862835836447974458e-16,2.953366717850514078e-16,3.484896832911532627e-16,3.889575293791747157e-16,4.749889717658994925e-16,5.088702896560715061e-16,5.341864103836080346e-16,5.248622717002326965e-16,4.723868865519342819e-16,4.404571325722361763e-16,3.865993896540187436e-16,3.681950577760773058e-16,3.551846317062512526e-16,3.600093313738117473e-16,3.871685957945736334e-16,4.050308265862723189e-16,4.382616231729530298e-16,4.495915358754265512e-16,4.569370055940158437e-16,4.524917766868252755e-16,4.338434993200745993e-16,4.223509562917282523e-16,4.013174341455094662e-16,3.942972250786658250e-16,3.907464629637757980e-16,3.939719644269201737e-16,4.066571298450005756e-16,4.137857591290927672e-16,4.252783021574391142e-16,4.281243328602135634e-16,4.277448620998436368e-16,4.249801465600056005e-16,4.160625836913123266e-16,4.115360396211853455e-16,4.059795034871971353e-16,4.047055659345266676e-16
1.900000000000000000e+02,-2.277456619294069391e-04,7.156021605137896213e-07,1.309260627362638426e-06,2.690558472787915384e-06,3.546903474055954552e-06,5.733640699866540940e-06,7.152528521578893801e-06,1.083493331341373435e-05,1.319070031613364365e-05,1.909872291377520052e-05,2.261606266423254216e-05,3.006529707953563149e-05,3.319728332291065195e-05,3.494205370648665091e-05,3.226861940158233522e-05,2.011487218758791743e-05,1.309235584705912441e-05,3.468224670705232025e-06,1.368533232303491016e-06,1.106499122078695614e-07,2.151104125459380768e-08,3.790767281238588415e-10,3.068252650648833901e-11,8.259232599054644464e-14,2.650088265152006350e-15,1.626303258728256651e-18,2.710505431213761085e-19,5.963111948670274387e-19,3.117081245895825248e-18,1.758846974314609568e-16,1.126973948190057584e-15,1.634879297912616991e-14,3.406243386308571708e-14,4.732257879828949410e-14,3.395002920285328241e-14,7.991166322413034706e-15,2.893708493309499197e-15,3.080489422574439473e-16,1.099652053443422872e-16,2.835188681049594095e-17,2.341876692568689577e-17,4.095573706563992999e-17,7.573152174811248472e-17,3.200564813177209089e-16,6.171278765787491238e-16,1.534661070098919389e-15,1.884885476866049459e-15,1.721116738712114014e-15,1.327741085480060867e-15,6.063942750711426299e-16,3.912885640500185502e-16,1.851546260062120197e-16,1.462859781226066858e-16,1.325979256949771923e-16,1.507041019754851163e-16,2.432136523428107822e-16,3.220622553368190921e-16,5.213115095853426695e-16,6.097010916972234185e-16,6.678685382510707313e-16,6.282951589553498195e-16,4.784584187178531067e-16,4.038924143051625393e-16,2.925448511909012339e-16,2.607506224827638164e-16,2.397984154994814432e-16,2.474420408155042495e-16,2.922466955934677202e-16,3.263719589724489722e-16,3.990135045289777693e-16,4.276364418825950864e-16,4.490494347891837990e-16,4.411889690386638918e-16,3.968451001840067605e-16,3.698755711434298377e-16,3.243932900076629267e-16,3.088620938868080756e-16,2.978845468903923432e-16,3.019774100915251225e-16,3.248540759309692660e-16,3.399515911828299153e-16,3.680053223958923425e-16,3.775734065680769191e-16,3.837804640055564320e-16,3.800399665104814417e-16,3.642648249008173522e-16,3.545612154570720875e-16,3.368074048826219524e-16,3.308985030425759533e-16,3.278898420139286785e-16,3.306003474451424395e-16,3.413339489527489334e-16,3.473241659557313454e-16,3.570277753994766101e-16,3.594401252332568575e-16,3.591148645815112062e-16,3.567838299106673716e-16,3.492486248118931158e-16,3.454268121538817127e-16,3.407376377578819060e-16,3.396805406397085392e-16
1.910000000000000000e+02,-2.250103971470043991e-04,7.175457310623775068e-07,1.312128998703785332e-06,2.694722810860750812e-06,3.551862537410087383e-06,5.738653124357472046e-06,7.156901853503386474e-06,1.083450929471524503e-05,1.318482679650819834e-05,1.906835450616478113e-05,2.256187593689090829e-05,2.992812015584873312e-05,3.299776469798055200e-05,3.459419229201452016e-05,3.186484955070516658e-05,1.972614721707356775e-05,1.278394841096482364e-05,3.348196432104735788e-06,1.312098330957448119e-06,1.042941194930133587e-07,2.006506168712013892e-08,3.452499428924574176e-10,2.752225612126166232e-11,7.169655494299043141e-14,2.252158962795514086e-15,1.328147661294742932e-18,2.168404344971008868e-19,4.878909776184769953e-19,2.547875105340935420e-18,1.470720246976586765e-16,9.522276630397064068e-16,1.402507667294661253e-14,2.934385048315724109e-14,4.084441660757998083e-14,2.924711254431722196e-14,6.827763181227464173e-15,2.458238690730696341e-15,2.584195878119199818e-16,9.169639873796153751e-17,2.347297703431117100e-17,1.938011383317839176e-17,3.398973810742056401e-17,6.301925127571994523e-17,2.685297730703473107e-16,5.196852063266144128e-16,1.299063938017819275e-15,1.597355060722893683e-15,1.457818241124009262e-15,1.122962400151861218e-15,5.106050131320483132e-16,3.286758885889806692e-16,1.548511752852421708e-16,1.222166898934284873e-16,1.106970418107700027e-16,1.259029772798792024e-16,2.037486932643384208e-16,2.702373914920119802e-16,4.385868838246986812e-16,5.134239387805106247e-16,5.627009275199768012e-16,5.291719753358625766e-16,4.023474262093706955e-16,3.393281749336507502e-16,2.453278465791575158e-16,2.185209478644534187e-16,2.008755575072518340e-16,2.072994553792284478e-16,2.450839010903482773e-16,2.738694687698384200e-16,3.352082066782058334e-16,3.593859151246325823e-16,3.774920914051405063e-16,3.708242480443546540e-16,3.333650629849804758e-16,3.105697123084727451e-16,2.721889554024858882e-16,2.590972141697234221e-16,2.498543906492844968e-16,2.532696274926138358e-16,2.725955312171679523e-16,2.853349067438726294e-16,3.089976191583687637e-16,3.171020303976979093e-16,3.223333058799404682e-16,3.191620145254203678e-16,3.058534328581608008e-16,2.976677064558952424e-16,2.826786114212831436e-16,2.776641763735376855e-16,2.751434063225088877e-16,2.774473359390405847e-16,2.864733190249824091e-16,2.915419641813521423e-16,2.997547956379298384e-16,3.017876747113401592e-16,3.014895191139066455e-16,2.995379552034327375e-16,2.931682674400803990e-16,2.899427659769360233e-16,2.859854280473639321e-16,2.850909612550633909e-16
1.920000000000000000e+02,-2.220993289062267602e-04,7.194879488624857534e-07,1.314995221049215617e-06,2.698882434335326923e-06,3.556815222535247671e-06,5.743652663715690830e-06,7.161257809303061715e-06,1.083405979231772884e-05,1.317892737172436353e-05,1.903799986261407793e-05,2.250778278176871882e-05,2.979153085143506187e-05,3.279940754758522026e-05,3.424976300433888636e-05,3.146610681268945759e-05,1.934492234180771675e-05,1.248279898739568803e-05,3.232320697288317696e-06,1.257990166988391494e-06,9.830337580239646884e-08,1.871627600165816190e-08,3.144416067313911961e-10,2.468748534593945276e-11,6.223816492560707569e-14,1.913969200142973115e-15,1.084202172485504434e-18,1.626303258728256651e-19,3.794707603699265519e-19,2.087089182034596035e-18,1.229756314141683404e-16,8.045593271471807029e-16,1.203160834850613981e-14,2.527890548796596359e-14,3.525305047880067377e-14,2.519569297122770113e-14,5.833739524438441570e-15,2.088281804424330090e-15,2.167591193341644740e-16,7.646335821454020021e-17,1.943432394180266698e-17,1.601908709847332801e-17,2.818925648462311528e-17,5.244828009398627700e-17,2.252972114424878214e-16,4.376382069237738648e-16,1.099624948389110735e-15,1.353707727511088699e-15,1.234824959298053138e-15,9.497882081516140218e-16,4.299674765534389209e-16,2.760920832234337041e-16,1.295350545577056423e-16,1.020776345395102425e-16,9.240113015007711539e-17,1.051947157854060677e-16,1.706805270035305355e-16,2.267337793210311148e-16,3.690082094054414341e-16,4.323256162785948931e-16,4.740673999192868138e-16,4.456613030001665976e-16,3.383523929784137962e-16,2.850638562007512533e-16,2.057273622291244664e-16,1.831217469328016989e-16,1.682681771697502882e-16,1.736891880321778103e-16,2.055105217946273655e-16,2.298237555126148024e-16,2.815944092487976391e-16,3.020316202001493977e-16,3.173188708321950102e-16,3.117081245895825248e-16,2.800223160986936577e-16,2.608048325913880916e-16,2.283871876340715090e-16,2.173554305290315014e-16,2.095491748871358695e-16,2.124223106442224562e-16,2.287395533401292980e-16,2.394731548477357919e-16,2.594766849300933487e-16,2.662800535624398890e-16,2.707252824696304572e-16,2.680418820927288337e-16,2.567932845531917252e-16,2.498814957035966344e-16,2.372505403941405078e-16,2.330221519214470405e-16,2.308808526307881692e-16,2.328324165412620772e-16,2.404489368029727459e-16,2.447315353842904884e-16,2.516433242338855791e-16,2.533780477098623862e-16,2.531341022210531477e-16,2.514806939080127535e-16,2.461138931542095065e-16,2.433762826686836078e-16,2.400423609882906817e-16,2.392834194675508286e-16
1.930000000000000000e+02,-2.190139112185804067e-04,7.214288145927165007e-07,1.317859295545174923e-06,2.703037346825967182e-06,3.561761534867462480e-06,5.748639336416408886e-06,7.165596420973864046e-06,1.083358488745541303e-05,1.317300216259101970e-05,1.900765916386317096e-05,2.245378324021663147e-05,2.965552692076571387e-05,3.260220542391242902e-05,3.390873235018581288e-05,3.107232895868870218e-05,1.897105310752180340e-05,1.218873694077074877e-05,3.120453857366982777e-06,1.206112833163238123e-06,9.265671614041019917e-08,1.745815151813065111e-08,2.863823823809168168e-10,2.214468907725530844e-11,5.402755608348297489e-14,1.626574309271378027e-15,8.944667923005411581e-19,1.355252715606880543e-19,3.252606517456513302e-19,1.707618421664669484e-18,1.028094710059379580e-16,6.797947621484112801e-16,1.032149626184475366e-14,2.177706799610934496e-14,3.042710397874182071e-14,2.170548354767098953e-14,4.984456857676233810e-15,1.774025804729406630e-15,1.818207043258190936e-16,6.377819279645979833e-17,1.607329720709760323e-17,1.322726650432315409e-17,2.336455681706262055e-17,4.366624249685369108e-17,1.890306487728476981e-16,3.685474234821350947e-16,9.307875650788055566e-16,1.147194318706912242e-15,1.045929835796766127e-15,8.033124946488223728e-16,3.620422104472220681e-16,2.319108446946493984e-16,1.083389020856140306e-16,8.527250086598492373e-17,7.714098457234364048e-17,8.787458607995013438e-17,1.429791614965258972e-16,1.902503762168938906e-16,3.104612920912241947e-16,3.640479844663202513e-16,3.994200803436598335e-16,3.753507921144816351e-16,2.845217551145085011e-16,2.395002599020479295e-16,1.725236706967558931e-16,1.534688175153231526e-16,1.409462824231155764e-16,1.454999315475546950e-16,1.723610403708830674e-16,1.928253563765469636e-16,2.365729140363370675e-16,2.538388336331687256e-16,2.667679445400583660e-16,2.619974549811221465e-16,2.352447663750423246e-16,2.189817337877597581e-16,1.916327339868129087e-16,1.823085953034375706e-16,1.757491721599002688e-16,1.781886270479926537e-16,1.919308895842464224e-16,2.009839777245003845e-16,2.178704265609621160e-16,2.236438031294474271e-16,2.273571955702102798e-16,2.251074760623028581e-16,2.156207070530546943e-16,2.097931203759451080e-16,1.991137289769628893e-16,1.955358618077607247e-16,1.937469282231596424e-16,1.953732314818878990e-16,2.018242344081766504e-16,2.054292066316909526e-16,2.112567933088005390e-16,2.127204662416559700e-16,2.125307308614710067e-16,2.111212680372398509e-16,2.065947239671128699e-16,2.042907943505811730e-16,2.014718687021188614e-16,2.008213473986275588e-16
1.940000000000000000e+02,-2.157557892274029508e-04,7.233683289312924179e-07,1.320721223337421001e-06,2.707187551944664023e-06,3.566701479838774429e-06,5.753613160912557454e-06,7.169917720463382573e-06,1.083308466116997054e-05,1.316705128954931306e-05,1.897733258947290774e-05,2.239987735202744095e-05,2.952010612483933283e-05,3.240615191224804079e-05,3.357106715868877415e-05,3.068345452496320353e-05,1.860439783687940687e-05,1.190159564280090414e-05,3.012457268131390857e-06,1.156374374612243947e-06,8.733437943726665535e-08,1.628459461171954427e-08,2.608269650879613960e-10,1.986379515191670497e-11,4.690009231672620515e-14,1.382330664864706016e-15,7.318364664277154930e-19,1.084202172485504434e-19,2.439454888092384977e-19,1.382357769919018153e-18,8.597723227810050162e-17,5.743832059285081115e-16,8.854462302254617612e-15,1.876032966127705315e-14,2.626181607248700978e-14,1.869871987282556436e-14,4.258773238577373554e-15,1.507041019754851163e-15,1.525201406143983363e-16,5.318011656041399249e-17,1.330858166725956693e-17,1.095044194210359478e-17,1.938011383317839176e-17,3.632077277826439854e-17,1.585916727803171611e-16,3.103799769282877818e-16,7.878897187452160722e-16,9.722040880677518260e-16,8.859287001922178106e-16,6.794152913880413536e-16,3.048505458486117092e-16,1.947769202870208716e-16,9.061219656547603307e-17,7.123208273229764131e-17,6.440160904563896338e-17,7.342759213158078779e-17,1.197772350053361023e-16,1.596216648441783903e-16,2.612114084060701558e-16,3.065581642702763787e-16,3.365092492851884387e-16,3.161262484424609553e-16,2.392563144132386910e-16,2.012008181589974853e-16,1.446867799181905667e-16,1.286134827110929635e-16,1.180696165836714329e-16,1.219185342959949736e-16,1.445241495923177411e-16,1.618171742434615368e-16,1.987342582165929628e-16,2.133167774365229974e-16,2.242401143243144546e-16,2.202285662861180882e-16,1.976229509897953207e-16,1.838806884535415520e-16,1.608142872339124452e-16,1.529267164290804004e-16,1.473972853494043278e-16,1.494572694771267862e-16,1.610311276684095461e-16,1.687018580387444899e-16,1.829320115526167356e-16,1.878109213288015056e-16,1.909551076290094684e-16,1.890577538271598357e-16,1.810346577507671029e-16,1.761015378659580577e-16,1.671026598343283709e-16,1.640939988056810961e-16,1.625761157642013899e-16,1.639584735341204080e-16,1.693794843965479302e-16,1.724423555338194802e-16,1.773754754186285254e-16,1.785952028626747179e-16,1.784325725368018922e-16,1.772399501470678373e-16,1.734181374890564342e-16,1.714936786328946638e-16,1.691084338534265541e-16,1.685663327671838019e-16
1.950000000000000000e+02,-2.123267963238080957e-04,7.253065270857817024e-07,1.323581056518534317e-06,2.711333127139475179e-06,3.571635150746000189e-06,5.758574243934543382e-06,7.174221816222544571e-06,1.083255918472175467e-05,1.316107476593598741e-05,1.894701977773880679e-05,2.234606419725118577e-05,2.938526383325173151e-05,3.221123716729760826e-05,3.323672864942881704e-05,3.029941600220131706e-05,1.824481123006405059e-05,1.162120744082093893e-05,2.908195252900063659e-06,1.108685793873177144e-06,8.231765263189009044e-08,1.518990236788449535e-08,2.375515424830627192e-10,1.781779414224311797e-11,4.071279446384024059e-14,1.174760158942356192e-15,5.963111948670274387e-19,8.131516293641283255e-20,2.168404344971008868e-19,1.138412281109779656e-18,7.188260403578894397e-17,4.852888924045117847e-16,7.595893315379131927e-15,1.616144284372067474e-14,2.266665587863370135e-14,1.610845246254044572e-14,3.638772226241537844e-15,1.280225925270883636e-15,1.279358563532895232e-16,4.437097390896926896e-17,1.100465205072787001e-17,9.053088140253962024e-18,1.607329720709760323e-17,3.024924061234557371e-17,1.330587116182835317e-16,2.613740387319429814e-16,6.669198613501459150e-16,8.239123359260469570e-16,7.503763235772176188e-16,5.746542564716294876e-16,2.567119693902553124e-16,1.636061078280626191e-16,7.581283691104889755e-17,5.949559421514205582e-17,5.377642775528101993e-17,6.133873790836741335e-17,1.003429110635334354e-16,1.339260733562719352e-16,2.197406753084996112e-16,2.581485372687986057e-16,2.835188681049594095e-16,2.662529485081277514e-16,2.012008181589974853e-16,1.690271186904901413e-16,1.213222231011279462e-16,1.077968009993712784e-16,9.890634318499014199e-17,1.021318446481345177e-16,1.212138028838793957e-16,1.357692170494972927e-16,1.669400295084555452e-16,1.792728292204781582e-16,1.885156527409170835e-16,1.851004158975877445e-16,1.659913526075307288e-16,1.544174944162479690e-16,1.349289603658210268e-16,1.282882220593473122e-16,1.235990476633475055e-16,1.253608761936364502e-16,1.351186957460059901e-16,1.415968037266068791e-16,1.536043427868838407e-16,1.577243110423287575e-16,1.603806063649182434e-16,1.587814081605021244e-16,1.520051445824677216e-16,1.478580712727106672e-16,1.402415510109999985e-16,1.376936759056590631e-16,1.364197383529885954e-16,1.375852556884105127e-16,1.421660098671617689e-16,1.447409900268148419e-16,1.489151683908840340e-16,1.499451604547452632e-16,1.498096351831845752e-16,1.488067481736354836e-16,1.455812467104911079e-16,1.439278383974507136e-16,1.419220643783525304e-16,1.414612784550461910e-16
1.960000000000000000e+02,-2.087289511524071728e-04,7.272433406506166858e-07,1.326438694300132240e-06,2.715473928256804254e-06,3.576562377162397378e-06,5.763522427063217561e-06,7.178508586691903504e-06,1.083200855749933463e-05,1.315507292448247090e-05,1.891672198632126647e-05,2.229234573066047275e-05,2.925100262620222908e-05,3.201746178735899125e-05,3.290569620358185635e-05,2.992016711639549492e-05,1.789216981955423598e-05,1.134742343287701649e-05,2.807542302381347936e-06,1.062964257530726354e-06,7.758915764559523240e-08,1.416881167739538448e-08,2.163534598600535402e-10,1.598256192648049578e-11,3.534181953167292445e-14,9.983604654789646204e-16,4.878909776184769953e-19,8.131516293641283255e-20,1.626303258728256651e-19,9.215718466126787689e-19,6.009190541000908325e-17,4.100452616340177769e-16,6.516271897072378749e-15,1.392261956764673236e-14,1.956372347108881193e-14,1.387702886629371690e-14,3.109003939710808240e-15,1.087563199220209498e-15,1.073089100217528014e-16,3.699839913606783881e-17,9.107298248878237246e-18,7.480994990149980595e-18,1.333568672157170454e-17,2.515349040166370287e-17,1.116457187116948191e-16,2.201201460688695377e-16,5.645440712132021588e-16,6.982261990806648555e-16,6.355864185653148368e-16,4.860207288709395002e-16,2.161628081392974465e-16,1.374226253625376870e-16,6.339872203608987178e-17,4.971066960846037830e-17,4.488596994089988357e-17,5.125565770425222212e-17,8.405277342193873125e-17,1.123775551781225346e-16,1.848835754630906436e-16,2.173825355833436390e-16,2.388497385985566268e-16,2.242401143243144546e-16,1.691897490163629669e-16,1.420033795412889432e-16,1.017523738877645911e-16,9.034114602235465696e-17,8.283304597789253876e-17,8.557065646341843745e-17,1.016439536705160407e-16,1.139225432739143784e-16,1.402415510109999985e-16,1.506498918668608411e-16,1.584561475087564730e-16,1.555830117516698863e-16,1.394555044359480078e-16,1.296705798292663303e-16,1.132178118617988005e-16,1.076070656191863151e-16,1.036768327439263615e-16,1.051405056767817925e-16,1.133804421876716262e-16,1.188285581044112860e-16,1.289929534714628900e-16,1.324624004234165042e-16,1.347121199313239259e-16,1.333568672157170454e-16,1.276377007558560095e-16,1.241140436952781201e-16,1.176901458233015063e-16,1.155488465326426351e-16,1.144646443601571306e-16,1.154675313697062222e-16,1.193435541363419006e-16,1.215119584813129094e-16,1.250085104875786612e-16,1.258758722255670648e-16,1.257674520083185143e-16,1.249271953246422484e-16,1.221895848391163497e-16,1.208072270691973316e-16,1.191267137018447997e-16,1.187472429414748731e-16
1.970000000000000000e+02,-2.049644545074465153e-04,7.291788048568114376e-07,1.329294188812010476e-06,2.719610032823693109e-06,3.581483252490085803e-06,5.768457817213111473e-06,7.182778140533670544e-06,1.083143285082914585e-05,1.314904577824887316e-05,1.888643885092748946e-05,2.223872102757377370e-05,2.911731787600015239e-05,3.182481597230823415e-05,3.257793161131288364e-05,2.954564175648285106e-05,1.754633347227882749e-05,1.108008340069599929e-05,2.710371769574387336e-06,1.019127849480729129e-06,7.313225399747805625e-08,1.321635664924543201e-08,1.970469579604811061e-10,1.433635558900116236e-11,3.067942492933350973e-14,8.484424100785314948e-16,3.794707603699265519e-19,5.421010862427522170e-20,1.355252715606880543e-19,7.589415207398531038e-19,5.025277069470313052e-17,3.464568042177429419e-16,5.590065086172324449e-15,1.199395942806658066e-14,1.688555436966943102e-14,1.195471130942260540e-14,2.656376637752422276e-15,9.239028812835226034e-16,9.001588537060900563e-17,3.084555180721260115e-17,7.535205098774255816e-18,6.179952383167375274e-18,1.105886215935214523e-17,2.095220698328237319e-17,9.367506770274758310e-17,1.853714664407091206e-16,4.778621075229860793e-16,5.917033356339640449e-16,5.383605887476772267e-16,4.110752536978790062e-16,1.820104397060040569e-16,1.154404263153940846e-16,5.304459128885330443e-17,4.152494320619481982e-17,3.748629011368631581e-17,4.282598581317742514e-17,7.041893110293351299e-17,9.429848395192674815e-17,1.555559066973577487e-16,1.830404317698652861e-16,2.012550282676217606e-16,1.888680184469748724e-16,1.422744300844103194e-16,1.193164490820297630e-16,8.532671097460919896e-17,7.570441669380034710e-17,6.938893903907228378e-17,7.169286865560398070e-17,8.524539581167278612e-17,9.559952655890935347e-17,1.178256710948621944e-16,1.266077086919947803e-16,1.331942368898442197e-16,1.307818870560639724e-16,1.171480447370587541e-16,1.088810031718567828e-16,9.500321536404232603e-17,9.028693591373038174e-17,8.695301423333745561e-17,8.817274167738364810e-17,9.513874063560301408e-17,9.974659986866640793e-17,1.083117970313018930e-16,1.112391428970127549e-16,1.131364966988623877e-16,1.119980844177526080e-16,1.071733847501921133e-16,1.041918287758569761e-16,9.877081791342945394e-17,9.698188432882837162e-17,9.606031248221569285e-17,9.690056916589195879e-17,1.001531756833484721e-16,1.019963193765738296e-16,1.049507702965968292e-16,1.056826067630245447e-16,1.056012916000881319e-16,1.048694551336604164e-16,1.025926305714408571e-16,1.014271132360189398e-16,9.999054535747564643e-17,9.966528470572999510e-17
1.980000000000000000e+02,-2.010356861201686171e-04,7.311129203814231096e-07,1.332147541197758371e-06,2.724057987782635632e-06,3.586397782145143206e-06,5.773380432748360198e-06,7.187030509502501021e-06,1.083083214498679111e-05,1.314299344621478165e-05,1.885617054645438370e-05,2.218556495643583251e-05,2.898420736973633780e-05,3.163329343837205767e-05,3.225340296117811521e-05,2.917578142696736795e-05,1.720717109606124170e-05,1.081903582698340804e-05,2.616563211645334206e-06,9.770988616710071448e-07,6.893134360432939117e-08,1.232792398912318892e-08,1.794632483527631994e-10,1.285970608428874118e-11,2.663209821944512168e-14,7.210486548114847238e-16,3.252606517456513302e-19,5.421010862427522170e-20,1.084202172485504434e-19,6.234162491791650496e-19,4.201283418381329682e-17,2.927345865710861972e-16,4.795507524066322524e-15,1.033244670378685726e-14,1.457400823287602343e-14,1.029870091116824593e-14,2.269641722826842845e-15,7.848539526622566598e-16,7.551468131361538383e-17,2.572269654221859270e-17,6.234162491791650496e-18,5.122855264994008451e-18,9.161508357502512467e-18,1.742854992270448378e-17,7.857755245088693385e-17,1.560980077836005009e-16,4.044887255000295667e-16,5.014435047745458007e-16,4.560154337474031649e-16,3.476765316617891344e-16,1.532790821351381894e-16,9.695477927451623401e-17,4.437097390896926896e-17,3.466736446522400428e-17,3.127923267620680292e-17,3.577867169202164632e-17,5.898059818321144121e-17,7.911965353712968607e-17,1.308632022190003852e-16,1.541464438731265929e-16,1.695421147224207559e-16,1.590524587036235005e-16,1.196417097337754143e-16,1.002344908462848849e-16,7.155734338404329264e-17,6.345293214471414700e-17,5.814034149953517527e-17,6.006480035569694564e-17,7.147602822110687981e-17,8.023096076392732812e-17,9.896055329361441721e-17,1.064144432294522602e-16,1.119709793634404704e-16,1.099109952357180120e-16,9.839134715305952739e-17,9.142534819484016140e-17,7.971596473199671351e-17,7.573152174811248472e-17,7.291259609965017319e-17,7.396969321782354001e-17,7.982438494924526395e-17,8.370040771588094231e-17,9.093745721722168440e-17,9.343112221393834460e-17,9.503032041835446364e-17,9.405453846311750965e-17,8.998878031629686802e-17,8.746801026526807021e-17,8.291436114082895159e-17,8.136937304503710777e-17,8.061043152429725467e-17,8.131516293641283255e-17,8.405277342193873125e-17,8.562486657204271268e-17,8.811853156875937287e-17,8.874194781793853792e-17,8.866063265500212509e-17,8.806432146013509765e-17,8.611275754966118967e-17,8.513697559442423568e-17,8.391724815037804319e-17,8.364619760725666708e-17
1.990000000000000000e+02,-1.969452013383671946e-04,7.330456879012378028e-07,1.334998752600368961e-06,2.728837018008470599e-06,3.591305971539554467e-06,5.778290292010899781e-06,7.191265725305074318e-06,1.083020652005732467e-05,1.313691604699673875e-05,1.882591724664616048e-05,2.213296469173251370e-05,2.885166890101946565e-05,3.144288793415137809e-05,3.193207864917349645e-05,2.881052835191567538e-05,1.687455411930266296e-05,1.056413275324683378e-05,2.526000349857251059e-06,9.368027885799351095e-07,6.497172413581298392e-08,1.149921046426395643e-08,1.634486034745360333e-10,1.153514957163981336e-11,2.311868686939722028e-14,6.127639628344949685e-16,2.710505431213761085e-19,2.710505431213761085e-20,8.131516293641283255e-20,5.149960319306146062e-19,3.512815038853034366e-17,2.473336205982556990e-16,4.113896723278998024e-15,8.901110100725806440e-15,1.257888650012251031e-14,8.872053482503194921e-15,1.939231110761885368e-15,6.667301259699609517e-16,6.334451192746559656e-17,2.146720301521298779e-17,5.177065373618283672e-18,4.228388472693467293e-18,7.616520261710668649e-18,1.450120405699362180e-17,6.594659714143080720e-17,1.314595134138674126e-16,3.423910460709223003e-16,4.249530415056934629e-16,3.862470239479609546e-16,2.940627342323809401e-16,1.290471635800871653e-16,8.145068820797352060e-17,3.710681935331638925e-17,2.897530305967510600e-17,2.612927235690065686e-17,2.989687490628778477e-17,4.941251401102686458e-17,6.638027801042500897e-17,1.101007306159029753e-16,1.298061051008270184e-16,1.428436362249652092e-16,1.339531784105840728e-16,1.006139616066548115e-16,8.421540374781155691e-17,6.001059024707267042e-17,5.318011656041399249e-17,4.868067754459914909e-17,5.033408585763954335e-17,5.992927508413625759e-17,6.732895491134982535e-17,8.313120157532605248e-17,8.941957417574197819e-17,9.413585362605392248e-17,9.240113015007711539e-17,8.267041565201971309e-17,7.676151381197371393e-17,6.689527404235562358e-17,6.353424730765055983e-17,6.114900252818245008e-17,6.204346932048299124e-17,6.697658920529203641e-17,7.025630077706068732e-17,7.635493799729164976e-17,7.844202717932624580e-17,7.979727989493312634e-17,7.898412826556899802e-17,7.554178636792752144e-17,7.342759213158078779e-17,6.957867441925724705e-17,6.830473686658677934e-17,6.765421556309547668e-17,6.822342170365036651e-17,7.055445637449420104e-17,7.185549898147680636e-17,7.396969321782354001e-17,7.451179430406629223e-17,7.443047914112987939e-17,7.391548310919926479e-17,7.228917985047100814e-17,7.144892316679474220e-17,7.044603615724565060e-17,7.020209066843641210e-17
2.000000000000000000e+02,-1.926957276992694653e-04,7.349771080927163577e-07,1.337847824162428706e-06,2.733611618230632643e-06,3.596208297187546967e-06,5.783187413320602750e-06,7.195483819600066765e-06,1.082955605593574015e-05,1.313081369884927171e-05,1.879567912409961994e-05,2.208045354118304943e-05,2.871970026997326848e-05,3.125359324047773178e-05,3.161392737582378160e-05,2.844982546617509417e-05,1.654835644261757341e-05,1.031522969630372408e-05,2.438570925659212839e-06,8.981681952632358888e-07,6.123953757845076312e-08,1.072620206535508137e-08,1.488630128182715645e-10,1.034702092886016778e-11,2.006879905314118417e-14,5.207423034447877797e-16,2.168404344971008868e-19,2.710505431213761085e-20,8.131516293641283255e-20,4.065758146820641628e-19,2.938187887435717016e-17,2.089799687465809797e-16,3.529159386603253346e-15,7.668046969958042247e-15,1.085690239967240789e-14,7.643056109882251370e-15,1.656904865046660014e-15,5.663872149064275163e-16,5.312590645178971727e-17,1.788933584601082316e-17,4.282598581317742514e-18,3.496552006265751800e-18,6.315477654728063328e-18,1.206174916890123683e-17,5.532141585107286375e-17,1.106970418107700027e-16,2.898343457596874728e-16,3.601448566453724354e-16,3.271580055475009630e-16,2.487159783681747172e-16,1.086641627373596819e-16,6.841315708383532979e-17,3.103528718739756442e-17,2.420481350073888649e-17,2.181956872127077673e-17,2.496375502147873959e-17,4.138941793463413177e-17,5.570088661144279030e-17,9.264507563888635389e-17,1.093146840408509846e-16,1.203464411458909922e-16,1.128383411014288740e-16,8.462197956249362107e-17,7.074419175467916432e-17,5.030698080332740574e-17,4.456070928915423224e-17,4.079310673976710433e-17,4.214835945537398487e-17,5.025277069470313052e-17,5.648693318649478101e-17,6.984972496237862316e-17,7.513521055324545728e-17,7.911965353712968607e-17,7.765598060427425509e-17,6.944314914769655900e-17,6.445581915426323860e-17,5.613456748043699207e-17,5.328853677766254293e-17,5.128276275856435973e-17,5.204170427930421283e-17,5.621588264337340490e-17,5.898059818321144121e-17,6.413055850251758727e-17,6.589238703280653198e-17,6.703079931391631163e-17,6.632606790180073375e-17,6.342582709040200939e-17,6.166399856011306468e-17,5.838428698834441377e-17,5.730008481585890934e-17,5.675798372961615712e-17,5.727297976154677173e-17,5.922454367202067971e-17,6.033585089881832175e-17,6.209767942910726646e-17,6.255846535241360584e-17,6.247715018947719301e-17,6.207057437479512885e-17,6.068821660487611069e-17,5.998348519276053281e-17,5.911612345477212926e-17,5.892638807458716599e-17
2.010000000000000000e+02,-1.882901613970332992e-04,7.369071816319943541e-07,1.340694757025873542e-06,2.738381791300627689e-06,3.601137083290704326e-06,5.788071814975251014e-06,7.199743169062635621e-06,1.082888083232732288e-05,1.312468651966578717e-05,1.876545635026932810e-05,2.202803155248122223e-05,2.858829928323398310e-05,3.106540317026999787e-05,3.129891814329806808e-05,2.809361640669860933e-05,1.622845439139508324e-05,1.007218556674528676e-05,2.354166561746692983e-06,8.611265908364503299e-07,5.772172175316455690e-08,1.000515456860704214e-08,1.355789588941298113e-10,9.281268435008468987e-12,1.742123155804020662e-14,4.425442217542707724e-16,1.626303258728256651e-19,2.710505431213761085e-20,5.421010862427522170e-20,3.523657060577889411e-19,2.455717920679667543e-17,1.765623237892643971e-16,3.027553251502834719e-15,6.605799891465369278e-15,9.370650956574966273e-15,6.584305583395844153e-15,1.415669881668635277e-15,4.811689241490668678e-16,4.456070928915423224e-17,1.493488492598782358e-17,3.550762114890027021e-18,2.900240811398724361e-18,5.231275482242558894e-18,1.005597514980305363e-17,4.640385298237958978e-17,9.321428177944124371e-17,2.453278465791575158e-16,3.052029115546694982e-16,2.771220752872949333e-16,2.103623265164999978e-16,9.150666335777657423e-17,5.746271514173173500e-17,2.596664203102783119e-17,2.022037051685465769e-17,1.821459649775647449e-17,2.087089182034596035e-17,3.466736446522400428e-17,4.672911363412524111e-17,7.792703114739563119e-17,9.204876444401932645e-17,1.014000081817068022e-16,9.503032041835446364e-17,7.115076756936122848e-17,5.944138410651778059e-17,4.220256956399826009e-17,3.735076484212562775e-17,3.417947348760552728e-17,3.531788576871530694e-17,4.214835945537398487e-17,4.740673999192868138e-17,5.868244258577792749e-17,6.315477654728063328e-17,6.651580328198569703e-17,6.526897078362736693e-17,5.833007687972013855e-17,5.412879346133880887e-17,4.708147934018303005e-17,4.469623456071492029e-17,4.301572119336238842e-17,4.363913744254155347e-17,4.716279450311944288e-17,4.949382917396327741e-17,5.383063786390529515e-17,5.532141585107286375e-17,5.629719780630981774e-17,5.570088661144279030e-17,5.326143172335040532e-17,5.174354868187069911e-17,4.900593819634480042e-17,4.808436634973212165e-17,4.762358042642578226e-17,4.805726129541998404e-17,4.971066960846037830e-17,5.063224145507305707e-17,5.215012449655276328e-17,5.250249020261055222e-17,5.247538514829841461e-17,5.209591438792848805e-17,5.093039705250657079e-17,5.033408585763954335e-17,4.962935444552396547e-17,4.943961906533900219e-17
2.020000000000000000e+02,-1.837315636463029912e-04,7.388359091949905314e-07,1.343539552332151518e-06,2.743147540068281145e-06,3.606059398834015294e-06,5.792943515250535864e-06,7.204120763520217375e-06,1.082818092874800230e-05,1.311853462697957400e-05,1.873524909547282110e-05,2.197569877179471874e-05,2.845746375394742327e-05,3.087831156839190697e-05,3.098702025255303219e-05,2.774184550397471266e-05,1.591472666926876814e-05,9.834862589311381366e-06,2.272682627922037761e-06,8.256123071690042985e-07,5.440596461637136304e-08,9.332575404369467670e-09,1.234803026972305928e-10,8.325287697728486758e-12,1.512296689785974646e-14,3.761097336352214882e-16,1.355252715606880543e-19,2.710505431213761085e-20,5.421010862427522170e-20,2.710505431213761085e-19,2.051852611428817141e-17,1.491862189340054101e-16,2.597233409243338009e-15,5.690706152833291398e-15,8.087850051144429564e-15,5.672193400738101410e-15,1.209563048679140884e-15,4.087442190270351716e-16,3.737786989643776536e-17,1.244121992927116338e-17,2.927345865710861972e-18,2.385244779468109755e-18,4.336808689942017736e-18,8.348356728138384142e-18,3.894996304654174679e-17,7.849623728795052102e-17,2.076789261395983743e-16,2.586364282464170827e-16,2.347297703431117100e-16,1.779175765048712776e-16,7.705966940940722765e-17,4.827410172991708492e-17,2.171114850402222629e-17,1.688644883646173156e-17,1.520593546910919969e-17,1.742854992270448378e-17,2.905661822261151883e-17,3.922101358966312290e-17,6.556712638106088065e-17,7.749335027840142942e-17,8.543513119185774940e-17,8.004122538374236484e-17,5.982085486688770715e-17,4.992751004295747919e-17,3.539920093165171977e-17,3.130633773051894053e-17,2.862293735361731706e-17,2.959871930885427105e-17,3.534499082302744455e-17,3.976311467590587512e-17,4.930409379377831414e-17,5.307169634316544204e-17,5.591772704593989118e-17,5.486062992776652436e-17,4.900593819634480042e-17,4.545517608145477340e-17,3.951916918709663662e-17,3.748629011368631581e-17,3.607682728945516004e-17,3.659182332138577465e-17,3.957337929572091184e-17,4.155204826050695743e-17,4.521123059264553490e-17,4.645806309100386500e-17,4.727121472036799332e-17,4.678332374274951633e-17,4.472333961502705790e-17,4.344940206235659019e-17,4.111836739151275566e-17,4.035942587077290256e-17,3.997995511040297600e-17,4.033232081646076495e-17,4.171467858637978310e-17,4.250072516143177381e-17,4.377466271410224152e-17,4.409992336584789285e-17,4.404571325722361763e-17,4.374755765979010391e-17,4.274467065024101231e-17,4.225677967262253532e-17,4.163336342344337027e-17,4.149783815188268221e-17
2.030000000000000000e+02,-1.790231569434165386e-04,7.407632914572170532e-07,1.346382211222168579e-06,2.747908867381846330e-06,3.610975249422886417e-06,5.797802532400139286e-06,7.208481309029472891e-06,1.082745642452481272e-05,1.311235813796472489e-05,1.870505752889594481e-05,2.192345524377545675e-05,2.832719150176597105e-05,3.069231231150952284e-05,3.067820330050123698e-05,2.739445777356054276e-05,1.560705431247758545e-05,9.603126225130699046e-06,2.194018111589064648e-06,7.915623825754448430e-07,5.128066118495629676e-08,8.705206744010927575e-09,1.124612681896886707e-10,7.467772439925107753e-12,1.312787227016054548e-14,3.196228004487267071e-16,1.084202172485504434e-19,2.710505431213761085e-20,2.710505431213761085e-20,2.168404344971008868e-19,1.715749937958310767e-17,1.260656076057520281e-16,2.228062569512023749e-15,4.902355648164768986e-15,6.980662792602232436e-15,4.886444981283544209e-15,1.033488615867494964e-15,3.472428507927949326e-16,3.136054783914321575e-17,1.038123580154870496e-17,2.412349833780247366e-18,1.978668964786045592e-18,3.604972223514302243e-18,6.965998958219365988e-18,3.266159044612582107e-17,6.610922746730363286e-17,1.757762772142124064e-16,2.191985742222568589e-16,1.988155733795293756e-16,1.504872615409880154e-16,6.488950002325744038e-17,4.054916125095786583e-17,1.816038638913219927e-17,1.409462824231155764e-17,1.268516541808040188e-17,1.455541416561789703e-17,2.434033877229957454e-17,3.290553593493505957e-17,5.515878552520003808e-17,6.526897078362736693e-17,7.196391919872535681e-17,6.741027007428623818e-17,5.030698080332740574e-17,4.195862407518902160e-17,2.968003447179068388e-17,2.623769257414920730e-17,2.396086801192964799e-17,2.480112469560591393e-17,2.965292941747854627e-17,3.336632185824139896e-17,4.141652298894626938e-17,4.461491939777850746e-17,4.700016417724661721e-17,4.613280243925821367e-17,4.117257750013703088e-17,3.816391647148975608e-17,3.314948142374429807e-17,3.146896805639176620e-17,3.024924061234557371e-17,3.071002653565191309e-17,3.320369153236857329e-17,3.485709984540896755e-17,3.797418109130479280e-17,3.903127820947815962e-17,3.970890456728159990e-17,3.930232875259953573e-17,3.754050022231059103e-17,3.648340310413722420e-17,3.453183919366331622e-17,3.388131789017201356e-17,3.352895218411422462e-17,3.382710778154773834e-17,3.501973017128179322e-17,3.567025147477309588e-17,3.675445364725860031e-17,3.702550419037997642e-17,3.697129408175570120e-17,3.672734859294646270e-17,3.588709190927019677e-17,3.548051609458813260e-17,3.496552006265751800e-17,3.482999479109682994e-17
2.040000000000000000e+02,-1.741683212270038895e-04,7.426893290940234527e-07,1.349222734836342781e-06,2.752665776088004468e-06,3.615884640658495854e-06,5.802968987065292277e-06,7.212824836481544679e-06,1.082670739879627278e-05,1.310615716943713924e-05,1.867488181859778803e-05,2.187130101157015618e-05,2.819748035284537838e-05,3.050739930794942869e-05,3.037243717720689755e-05,2.705139890771756338e-05,1.530532064509989828e-05,9.376845095783892942e-06,2.118075492721702277e-06,7.589164502976573391e-07,4.833487293474437486e-08,8.120009723530489942e-09,1.024255178556313789e-10,6.698580980266793938e-12,1.139599482488651283e-14,2.716197492619309983e-16,8.131516293641283255e-20,0.000000000000000000e+00,2.710505431213761085e-20,1.897353801849632760e-19,1.436567878543293375e-17,1.064957583923886730e-16,1.911367114929007904e-15,4.223238512374161147e-15,6.025019892719196690e-15,4.209550459946531653e-15,8.830284593808190863e-16,2.949843060789936189e-16,2.629190268277348252e-17,8.646512325571897861e-18,2.005774019098183203e-18,1.626303258728256651e-18,2.981555974335137194e-18,5.800481622797448722e-18,2.740320990957112457e-17,5.567378155713065269e-17,1.488067481736354836e-16,1.857509372010790472e-16,1.684037024413109762e-16,1.272582299954860829e-16,5.464378949326942347e-17,3.404394821604483923e-17,1.517883041479706208e-17,1.179069862577986072e-17,1.059807623604580584e-17,1.217016938614978727e-17,2.038300084272748336e-17,2.759294528975608785e-17,4.640385298237958978e-17,5.496905014501507480e-17,6.063400649625183547e-17,5.675798372961615712e-17,4.231098978124681054e-17,3.523657060577889411e-17,2.488243985854232676e-17,2.198219904714360240e-17,2.008484524529396964e-17,2.076247160309740991e-17,2.485533480423018915e-17,2.799952110443815201e-17,3.477578468247255472e-17,3.748629011368631581e-17,3.951916918709663662e-17,3.876022766635678352e-17,3.458604930228759144e-17,3.203817419694665602e-17,2.780978572425318873e-17,2.637321784570989536e-17,2.537033083616080376e-17,2.574980159653073031e-17,2.786399583287746395e-17,2.927345865710861972e-17,3.187554387107383036e-17,3.277001066337437152e-17,3.336632185824139896e-17,3.301395615218361002e-17,3.152317816501604142e-17,3.062871137271550026e-17,2.897530305967510600e-17,2.843320197343235378e-17,2.813504637599884006e-17,2.840609691912021617e-17,2.938187887435717016e-17,2.995108501491205999e-17,3.084555180721260115e-17,3.108949729602183965e-17,3.103528718739756442e-17,3.081844675290046354e-17,3.014082039509702327e-17,2.976134963472709671e-17,2.932766876573289494e-17,2.924635360279648211e-17
2.050000000000000000e+02,-1.691705899398584742e-04,7.446140227802984773e-07,1.352061124314468763e-06,2.757418269031756269e-06,3.620787578137874690e-06,5.808274869390780493e-06,7.217151376721523759e-06,1.082593393051279208e-05,1.309993183785530921e-05,1.864472213151610342e-05,2.181923611683063901e-05,2.806832813984110791e-05,3.032356649755732015e-05,3.006969206310696244e-05,2.671261526714831659e-05,1.500941123514545590e-05,9.155890909145748780e-06,2.044760623152362894e-06,7.276166315813080258e-07,4.555828952992565552e-08,7.574149727410583663e-09,9.328531035742576583e-11,6.008616103584871193e-12,9.892585882409488107e-15,2.308537475764760316e-16,8.131516293641283255e-20,0.000000000000000000e+00,2.710505431213761085e-20,1.626303258728256651e-19,1.200753906027696161e-17,8.998878031629686802e-17,1.639693155558452631e-15,3.638203020100982954e-15,5.200240195055161330e-15,3.626412321475203093e-15,7.544691867783503980e-16,2.505862271157122123e-16,2.206351421008001523e-17,7.209944447028604486e-18,1.653408313040394262e-18,1.355252715606880543e-18,2.466559942404522587e-18,4.824699667560494731e-18,2.301219111100483161e-17,4.689174395999806677e-17,1.259571873885034776e-16,1.574261554448952438e-16,1.426267957904681083e-16,1.076341706734984527e-16,4.599727716769752561e-17,2.859583229930517945e-17,1.271227047239253949e-17,9.839134715305952739e-18,8.836247705756861137e-18,1.016439536705160407e-17,1.707618421664669484e-17,2.314771638256551967e-17,3.905838326379029724e-17,4.626832771081890172e-17,5.109302737837939645e-17,4.781331580661074554e-17,3.558893631183668305e-17,2.959871930885427105e-17,2.087089182034596035e-17,1.843143693225357538e-17,1.683223872783745634e-17,1.740144486839234617e-17,2.084378676603382274e-17,2.350008208862330861e-17,2.921924854848434450e-17,3.149607311070390381e-17,3.320369153236857329e-17,3.258027528318940824e-17,2.905661822261151883e-17,2.691531893195264757e-17,2.333745176275048294e-17,2.214482937301642806e-17,2.127746763502802452e-17,2.160272828677367585e-17,2.339166187137475816e-17,2.455717920679667543e-17,2.677979366039195952e-17,2.751163012681967501e-17,2.799952110443815201e-17,2.772847056131677590e-17,2.648163806295844580e-17,2.569559148790645509e-17,2.431323371798743693e-17,2.385244779468109755e-17,2.360850230587185905e-17,2.382534274036895994e-17,2.466559942404522587e-17,2.512638534735156526e-17,2.591243192240355597e-17,2.610216730258851925e-17,2.607506224827638164e-17,2.588532686809141836e-17,2.528901567322439092e-17,2.499086007579087720e-17,2.461138931542095065e-17,2.453007415248453782e-17
2.060000000000000000e+02,-1.640336459941047051e-04,7.465374074564086991e-07,1.354897431324119739e-06,2.762166433636713920e-06,3.625684154660732900e-06,5.813569068936823249e-06,7.221461037202356412e-06,1.082513608400157627e-05,1.309368214772723901e-05,1.861457809640553883e-05,2.176725967422248336e-05,2.793973041504926283e-05,3.014080460400170389e-05,2.976993311058651211e-05,2.637804794765436184e-05,1.471920872988611022e-05,8.940134587484825949e-06,1.973981370718090860e-06,6.976069095198430409e-07,4.294114747468861029e-08,7.064973899146859831e-09,8.496059210978332277e-11,5.389707208097380131e-12,8.587477517280062145e-15,1.961863831112520273e-16,5.421010862427522170e-20,0.000000000000000000e+00,2.710505431213761085e-20,1.355252715606880543e-19,1.002887009549091601e-17,7.602967734554599843e-17,1.406643898582693453e-15,3.134184535166784080e-15,4.488325943546866981e-15,3.124074349908356751e-15,6.446124016512566612e-16,2.128830965675287956e-16,1.851275209518998821e-17,6.017322057294549609e-18,1.382357769919018153e-18,1.111307226797642045e-18,2.059984127722458425e-18,4.011548038196366406e-18,1.929879867024197893e-17,3.949206413278449901e-17,1.066041786096372235e-16,1.334110773243413206e-16,1.208072270691973316e-16,9.104587743447023485e-17,3.873312261204464590e-17,2.401507812055392321e-17,1.062518129035794345e-17,8.212831456577696088e-18,7.372574772901430151e-18,8.483881999699072196e-18,1.431146867680865853e-17,1.943432394180266698e-17,3.285132582631078435e-17,3.897706810085388440e-17,4.304282624767452603e-17,4.027811070783648972e-17,2.992397996059992238e-17,2.488243985854232676e-17,1.750986508564089661e-17,1.544988095791843818e-17,1.409462824231155764e-17,1.458251921993003464e-17,1.748276003132875900e-17,1.970537448492404309e-17,2.455717920679667543e-17,2.648163806295844580e-17,2.791820594150173918e-17,2.737610485525898696e-17,2.439454888092384977e-17,2.260561529632276745e-17,1.959695426767549264e-17,1.856696220381426343e-17,1.786223079169868555e-17,1.810617628050792405e-17,1.962405932198763026e-17,2.062694633153672186e-17,2.247009002476207939e-17,2.312061132825338206e-17,2.352718714293544622e-17,2.328324165412620772e-17,2.222614453595284090e-17,2.157562323246153824e-17,2.041010589703962097e-17,2.000353008235755681e-17,1.981379470217259353e-17,2.000353008235755681e-17,2.070826149447313469e-17,2.111483730915519885e-17,2.173825355833436390e-17,2.190088388420718957e-17,2.187377882989505196e-17,2.173825355833436390e-17,2.122325752640374930e-17,2.097931203759451080e-17,2.065405138584885947e-17,2.059984127722458425e-17
2.070000000000000000e+02,-1.587613176418180879e-04,7.484292009291243584e-07,1.357731555909580346e-06,2.766910103505897675e-06,3.630574201287121647e-06,5.818851412122734044e-06,7.225753695068567930e-06,1.082431396627679503e-05,1.308740843755908860e-05,1.858445095240254612e-05,2.171537357503543989e-05,2.781168960769110957e-05,2.995911414383680012e-05,2.947314175647070488e-05,2.604765654664126175e-05,1.443461339888826010e-05,8.729461484113798520e-06,1.905652506879789094e-06,6.688351468990116205e-07,4.047437981383877892e-08,6.590033974573049347e-09,7.737887733989465278e-11,4.834556474771212198e-12,7.454594667249958562e-15,1.667231890739584443e-16,5.421010862427522170e-20,0.000000000000000000e+00,2.710505431213761085e-20,1.084202172485504434e-19,8.402566836762659364e-18,6.423897871976613771e-17,1.206689912922054297e-15,2.700015775194963830e-15,3.873881467345019480e-15,2.691287947706455519e-15,5.507747036226362525e-16,1.808449223705821396e-16,1.553119612085485102e-17,5.014435047745458007e-18,1.138412281109779656e-18,9.215718466126787689e-19,1.707618421664669484e-18,3.333921680392926135e-18,1.618171742434615368e-17,3.325790164099284851e-17,9.025983085941824413e-17,1.130551815359259749e-16,1.023486850826316186e-16,7.700545930078295243e-17,3.260738033750154585e-17,2.019326546254252008e-17,8.890457814381136359e-18,6.857578740970815545e-18,6.152847328855237663e-18,7.101524229780054043e-18,1.198043400596482400e-17,1.631724269590684173e-17,2.764715539838036307e-17,3.282422077199864674e-17,3.626656266964012332e-17,3.390842294448415117e-17,2.515349040166370287e-17,2.089799687465809797e-17,1.466383438286644747e-17,1.292911090688964038e-17,1.179069862577986072e-17,1.222437949477406249e-17,1.466383438286644747e-17,1.653408313040394262e-17,2.062694633153672186e-17,2.225324959026497851e-17,2.347297703431117100e-17,2.301219111100483161e-17,2.049142105997603380e-17,1.897353801849632760e-17,1.642566291315539218e-17,1.558540622947912624e-17,1.496198998029996119e-17,1.520593546910919969e-17,1.645276796746752979e-17,1.729302465114379572e-17,1.886511780124777715e-17,1.940721888749052937e-17,1.975958459354831831e-17,1.954274415905121742e-17,1.867538242106281388e-17,1.810617628050792405e-17,1.713039432527097006e-17,1.680513367352531873e-17,1.664250334765249306e-17,1.677802861921318112e-17,1.737433981408020855e-17,1.772670552013799750e-17,1.826880660638074971e-17,1.840433187794143777e-17,1.837722682362930016e-17,1.824170155206861210e-17,1.780802068307441033e-17,1.761828530288944705e-17,1.734723475976807094e-17,1.729302465114379572e-17
2.080000000000000000e+02,-1.533575742533875878e-04,7.503131929650702029e-07,1.360563549775367989e-06,2.771649366138298877e-06,3.635457810923219558e-06,5.824122008507711615e-06,7.230029457983331393e-06,1.082346764172485145e-05,1.308111071158000538e-05,1.855434032575444718e-05,2.166357692940339271e-05,2.768420127314055734e-05,2.977848588397606416e-05,2.917928366718002290e-05,2.572138338160210626e-05,1.415551206445758410e-05,8.523748246986559722e-06,1.839688032084465423e-06,6.412497844622208620e-07,3.814930447950770458e-08,6.147019957690414912e-09,7.047372369917495605e-11,4.336586509811821144e-12,6.471141981642669627e-15,1.416781188895432919e-16,5.421010862427522170e-20,0.000000000000000000e+00,0.000000000000000000e+00,8.131516293641283255e-20,7.020209066843641210e-18,5.429142378721163453e-17,1.035196234289159634e-15,2.325993130741776937e-15,3.343571079728047124e-15,2.318485030697314819e-15,4.705979529673331996e-16,1.536314478411959783e-16,1.301042606982605321e-17,4.201283418381329682e-18,9.486769009248163798e-19,7.589415207398531038e-19,1.409462824231155764e-18,2.764715539838036307e-18,1.357963221038094304e-17,2.799952110443815201e-17,7.638204305160378738e-17,9.581636699340645436e-17,8.668196369021607950e-17,6.513344551206667887e-17,2.745742001819539979e-17,1.694065894508600678e-17,7.426784881525705373e-18,5.746271514173173500e-18,5.149960319306146062e-18,5.936006894358136776e-18,1.002887009549091601e-17,1.368805242762949348e-17,2.325613659981407011e-17,2.764715539838036307e-17,3.054739620977908743e-17,2.856872724499304184e-17,2.116904741777947407e-17,1.756407519426517183e-17,1.230569465771047533e-17,1.084202172485504434e-17,9.893344823930227960e-18,1.024571052998801690e-17,1.230569465771047533e-17,1.387778780781445676e-17,1.732012970545593333e-17,1.870248747537495149e-17,1.973247953923618070e-17,1.935300877886625415e-17,1.721170948820738289e-17,1.593777193553691518e-17,1.379647264487804392e-17,1.306463617845032843e-17,1.254964014651971382e-17,1.273937552670467710e-17,1.382357769919018153e-17,1.452830911130575942e-17,1.585645677260050235e-17,1.629013764159470412e-17,1.658829323902821784e-17,1.642566291315539218e-17,1.566672139241553907e-17,1.520593546910919969e-17,1.436567878543293375e-17,1.409462824231155764e-17,1.395910297075086959e-17,1.409462824231155764e-17,1.458251921993003464e-17,1.488067481736354836e-17,1.531435568635775013e-17,1.544988095791843818e-17,1.542277590360630057e-17,1.531435568635775013e-17,1.496198998029996119e-17,1.477225460011499791e-17,1.455541416561789703e-17,1.450120405699362180e-17
2.090000000000000000e+02,-1.478265220060375883e-04,7.521958484694632983e-07,1.363393414059163112e-06,2.776384224372575654e-06,3.640334989149333900e-06,5.829380873179242344e-06,7.234288356608453447e-06,1.082259718854767616e-05,1.307478908482869167e-05,1.852424637896422834e-05,2.161186977310092065e-05,2.755726327001537402e-05,2.959891388893529551e-05,2.888833015737105893e-05,2.539917740636526543e-05,1.388179884785910355e-05,8.322878221781869913e-06,1.776006159810716856e-06,6.148019116879773881e-07,3.595778329303360617e-08,5.733785877082980820e-09,6.418475907016274462e-11,3.889907737282885525e-12,5.617441191027583436e-15,1.204006512545152674e-16,2.710505431213761085e-20,0.000000000000000000e+00,0.000000000000000000e+00,8.131516293641283255e-20,5.854691731421723944e-18,4.586175189613683756e-17,8.880428944285645443e-16,2.003768245079085020e-15,2.885848027558979290e-15,1.997317242152796268e-15,4.020763756662493194e-16,1.305108365129425962e-16,1.092333688779145717e-17,3.496552006265751800e-18,7.860465750519907147e-19,6.234162491791650496e-19,1.165517335421917267e-18,2.303929616531696922e-18,1.141122786540993417e-17,2.358139725155972144e-17,6.467265958876033949e-17,8.120674271916428211e-17,7.342759213158078779e-17,5.507747036226362525e-17,2.312061132825338206e-17,1.423015351387224570e-17,6.207057437479512885e-18,4.797594613248357120e-18,4.309703635629880125e-18,4.960224939121182786e-18,8.402566836762659364e-18,1.149254302834634700e-17,1.956984921336335503e-17,2.325613659981407011e-17,2.574980159653073031e-17,2.406928822917819843e-17,1.778091562876227272e-17,1.474514954580286030e-17,1.032702569292442973e-17,9.080193194566099635e-18,8.294146619514108920e-18,8.565197162635485029e-18,1.029992063861229212e-17,1.165517335421917267e-17,1.455541416561789703e-17,1.572093150103981429e-17,1.658829323902821784e-17,1.626303258728256651e-17,1.447409900268148419e-17,1.338989683019597976e-17,1.157385819128275983e-17,1.095044194210359478e-17,1.051676107310939301e-17,1.067939139898221867e-17,1.160096324559489744e-17,1.219727444046192488e-17,1.330858166725956693e-17,1.368805242762949348e-17,1.393199791643873198e-17,1.379647264487804392e-17,1.314595134138674126e-17,1.276648058101681471e-17,1.206174916890123683e-17,1.181780368009199833e-17,1.170938346284344789e-17,1.181780368009199833e-17,1.225148454908620010e-17,1.246832498358330099e-17,1.287490079826536515e-17,1.295621596120177799e-17,1.295621596120177799e-17,1.284779574395322754e-17,1.254964014651971382e-17,1.241411487495902577e-17,1.222437949477406249e-17,1.217016938614978727e-17
2.100000000000000000e+02,-1.421723994850513555e-04,7.540771681230741888e-07,1.366221149898131162e-06,2.781114681045814040e-06,3.645205741541489340e-06,5.834628021208332739e-06,7.238530421560068718e-06,1.082170268476096093e-05,1.306844367199121301e-05,1.849416927343882884e-05,2.156025214045866208e-05,2.743087346341372584e-05,2.942039225404796796e-05,2.860025281856112052e-05,2.508098820335956608e-05,1.361336990704194779e-05,8.126737494952866649e-06,1.714527931584967782e-06,5.894446339917115089e-07,3.389214545579562199e-08,5.348329999553145739e-09,5.845699849204612220e-11,3.489237246573698159e-12,4.876361901079429018e-15,1.023215800283194810e-16,2.710505431213761085e-20,0.000000000000000000e+00,0.000000000000000000e+00,5.421010862427522170e-20,4.906014830496907564e-18,3.876022766635678352e-17,7.618146564969396906e-16,1.726185383868483747e-15,2.490791860959573611e-15,1.720628847734495537e-15,3.435294583520320799e-16,1.108596721366428284e-16,9.161508357502512467e-18,2.900240811398724361e-18,6.505213034913026604e-19,5.149960319306146062e-19,9.757819552369539906e-19,1.924458856161770370e-18,9.568084172184576630e-18,1.986800481079686875e-17,5.472510465620583631e-17,6.881973289851739395e-17,6.217899459204367929e-17,4.659358836256455305e-17,1.946142899611480459e-17,1.195332895165268638e-17,5.204170427930421283e-18,4.011548038196366406e-18,3.577867169202164632e-18,4.147073309757054460e-18,7.047314121155778821e-18,9.622294280808851852e-18,1.645276796746752979e-17,1.959695426767549264e-17,2.168404344971008868e-17,2.027458062547893292e-17,1.496198998029996119e-17,1.238700982064688816e-17,8.646512325571897861e-18,7.616520261710668649e-18,6.938893903907228378e-18,7.182839392716466875e-18,8.646512325571897861e-18,9.784924606681677517e-18,1.222437949477406249e-17,1.320016145001101648e-17,1.393199791643873198e-17,1.366094737331735587e-17,1.214306433183764966e-17,1.124859753953710850e-17,9.703609443745264684e-18,9.188613411814650078e-18,8.836247705756861137e-18,8.971772977317549191e-18,9.730714498057402295e-18,1.021860547567587929e-17,1.116728237660069567e-17,1.149254302834634700e-17,1.170938346284344789e-17,1.157385819128275983e-17,1.105886215935214523e-17,1.070649645329435629e-17,1.013729031273946646e-17,9.920449878242365571e-18,9.839134715305952739e-18,9.920449878242365571e-18,1.027281558430015451e-17,1.048965601879725540e-17,1.081491667054290673e-17,1.089623183347931956e-17,1.086912677916718195e-17,1.078781161623076912e-17,1.054386612742153062e-17,1.040834085586084257e-17,1.024571052998801690e-17,1.021860547567587929e-17
2.110000000000000000e+02,-1.363995732003550935e-04,7.559516773515499981e-07,1.369046758428949699e-06,2.785840738993446662e-06,3.650070073671644790e-06,5.839863467649644962e-06,7.242755683408694028e-06,1.082078420819467370e-05,1.306207458740202818e-05,1.846410916949429082e-05,2.150872406437334379e-05,2.730502972490963728e-05,2.924291510532662781e-05,2.831502351650038145e-05,2.476676597593391196e-05,1.335012339754096389e-05,7.935214829405632395e-06,1.655177119228880538e-06,5.651329896540983454e-07,3.194516070981613491e-08,4.988785135917692820e-09,5.324036334410434113e-11,3.129836179723705092e-12,4.233050542035154962e-15,8.695301423333745561e-17,2.710505431213761085e-20,0.000000000000000000e+00,0.000000000000000000e+00,5.421010862427522170e-20,4.092863201132779238e-18,3.274290560906223391e-17,6.535299645199499352e-16,1.487037489672493606e-15,2.149810277712882467e-15,1.482267000113557387e-15,2.935206331461381879e-16,9.419006373467819770e-17,7.697835424647081481e-18,2.439454888092384977e-18,5.421010862427522170e-19,4.336808689942017736e-19,8.131516293641283255e-19,1.599198204416119040e-18,8.023096076392732812e-18,1.672381851058890589e-17,4.632253781944317694e-17,5.830297182540800094e-17,5.266512052848337788e-17,3.941074896984808618e-17,1.639855785884325456e-17,1.005597514980305363e-17,4.363913744254155347e-18,3.333921680392926135e-18,3.008661028647274804e-18,3.469446951953614189e-18,5.908901840045999165e-18,8.077306185017008033e-18,1.385068275350231914e-17,1.650697807609180501e-17,1.826880660638074971e-17,1.707618421664669484e-17,1.257674520083185143e-17,1.040834085586084257e-17,7.264154555652879708e-18,6.369687763352338550e-18,5.800481622797448722e-18,6.017322057294549609e-18,7.237049501340742097e-18,8.212831456577696088e-18,1.027281558430015451e-17,1.108596721366428284e-17,1.170938346284344789e-17,1.149254302834634700e-17,1.021860547567587929e-17,9.432558900623888576e-18,8.158621347953420866e-18,7.724940478959219092e-18,7.399679827213567762e-18,7.508100044462118206e-18,8.158621347953420866e-18,8.592302216947622640e-18,9.378348791999613354e-18,9.649399335120989463e-18,9.839134715305952739e-18,9.730714498057402295e-18,9.269928574751062911e-18,8.998878031629686802e-18,8.483881999699072196e-18,8.321251673826246531e-18,8.239936510889833698e-18,8.321251673826246531e-18,8.619407271259760250e-18,8.782037597132585915e-18,9.080193194566099635e-18,9.134403303190374857e-18,9.134403303190374857e-18,9.053088140253962024e-18,8.836247705756861137e-18,8.727827488508310694e-18,8.619407271259760250e-18,8.565197162635485029e-18
2.120000000000000000e+02,-1.305125330212447362e-04,7.578211443725973127e-07,1.371870240787699969e-06,2.790562401049361159e-06,3.654927991107503665e-06,5.845087227541578140e-06,7.246974644147511800e-06,1.081984183649338386e-05,1.305568194504468039e-05,1.843406622636066527e-05,2.145728557631779632e-05,2.717972993254851879e-05,2.906647659932400768e-05,2.803261438856853615e-05,2.445646154076846492e-05,1.309195943412741513e-05,7.748201601685345344e-06,1.597880130484597826e-06,5.418238701720154774e-07,3.011001403925833014e-08,4.653409598300885242e-09,4.848924370750087864e-11,2.807453840800513967e-12,3.674605108042183765e-15,7.391548310919926479e-17,2.710505431213761085e-20,0.000000000000000000e+00,0.000000000000000000e+00,2.710505431213761085e-20,3.415236843329338967e-18,2.767426045269250068e-17,5.606409433922543428e-16,1.281039076900247764e-15,1.855503597991692288e-15,1.276946213699114985e-15,2.508030675502093132e-16,8.001412032943022723e-17,6.451002926288751382e-18,2.032879073410320814e-18,4.336808689942017736e-19,3.523657060577889411e-19,6.776263578034402713e-19,1.328147661294742932e-18,6.722053469410127491e-18,1.409462824231155764e-17,3.922101358966312290e-17,4.941251401102686458e-17,4.461491939777850746e-17,3.331211174961712373e-17,1.379647264487804392e-17,8.429671891074796974e-18,3.632077277826439854e-18,2.791820594150173918e-18,2.493664996716660198e-18,2.900240811398724361e-18,4.933119884809045175e-18,6.776263578034402713e-18,1.165517335421917267e-17,1.390489286212659437e-17,1.539567084929416296e-17,1.436567878543293375e-17,1.057097118173366823e-17,8.754932542820448305e-18,6.098637220230962441e-18,5.339695699491109337e-18,4.878909776184769953e-18,5.041540102057595618e-18,6.071532165918824830e-18,6.884683795282953156e-18,8.619407271259760250e-18,9.324138683375338132e-18,9.866239769618090349e-18,9.649399335120989463e-18,8.565197162635485029e-18,7.914675859144182368e-18,6.830473686658677934e-18,6.478107980600888993e-18,6.207057437479512885e-18,6.315477654728063328e-18,6.857578740970815545e-18,7.209944447028604486e-18,7.887570804832044757e-18,8.104411239329145644e-18,8.267041565201971309e-18,8.158621347953420866e-18,7.779150587583494314e-18,7.562310153086393427e-18,7.128629284092191654e-18,6.993104012531503599e-18,6.911788849595090767e-18,6.993104012531503599e-18,7.237049501340742097e-18,7.372574772901430151e-18,7.616520261710668649e-18,7.670730370334943871e-18,7.670730370334943871e-18,7.616520261710668649e-18,7.426784881525705373e-18,7.345469718589292540e-18,7.237049501340742097e-18,7.209944447028604486e-18
2.130000000000000000e+02,-1.245158875321421635e-04,7.596892517532983537e-07,1.374691598109975326e-06,2.795279670045832418e-06,3.659779499412608756e-06,5.850299315906132844e-06,7.251275177062467396e-06,1.081887564711675009e-05,1.304926585855297632e-05,1.840404060218704012e-05,2.140593670635080660e-05,2.705497197084242330e-05,2.889107092299521078e-05,2.775299784119559111e-05,2.415002632037897248e-05,1.283878005319396903e-05,7.565591740635007191e-06,1.542565917900533441e-06,5.194759438906758342e-07,2.838028182486308434e-08,4.340578765177089543e-09,4.416209946019912513e-11,2.518277307603927762e-12,3.189831211669602595e-15,6.280241084122284434e-17,2.710505431213761085e-20,0.000000000000000000e+00,0.000000000000000000e+00,2.710505431213761085e-20,2.873135757086586750e-18,2.336455681706262055e-17,4.809520837145697669e-16,1.103582286318682826e-15,1.601502134032650737e-15,1.100058629258104936e-15,2.142654543374478138e-16,6.795237116052899040e-17,5.421010862427522170e-18,1.680513367352531873e-18,3.523657060577889411e-19,2.981555974335137194e-19,5.421010862427522170e-19,1.111307226797642045e-18,5.637851296924623057e-18,1.187201378871627355e-17,3.320369153236857329e-17,4.187730891225260876e-17,3.778444571111982953e-17,2.818925648462311528e-17,1.162806829990703505e-17,7.101524229780054043e-18,3.035766082959412415e-18,2.331034670843834533e-18,2.087089182034596035e-18,2.412349833780247366e-18,4.147073309757054460e-18,5.692061405548898279e-18,9.812029660993815128e-18,1.170938346284344789e-17,1.295621596120177799e-17,1.211595927752551205e-17,8.890457814381136359e-18,7.345469718589292540e-18,5.095750210681870840e-18,4.472333961502705790e-18,4.065758146820641628e-18,4.228388472693467293e-18,5.095750210681870840e-18,5.773376568485311111e-18,7.237049501340742097e-18,7.833360696207769536e-18,8.294146619514108920e-18,8.131516293641283255e-18,7.209944447028604486e-18,6.640738306473714658e-18,5.746271514173173500e-18,5.421010862427522170e-18,5.204170427930421283e-18,5.285485590866834116e-18,5.746271514173173500e-18,6.044427111606687220e-18,6.613633252161577047e-18,6.803368632346540323e-18,6.938893903907228378e-18,6.857578740970815545e-18,6.532318089225164215e-18,6.342582709040200939e-18,5.990217002982411998e-18,5.854691731421723944e-18,5.800481622797448722e-18,5.854691731421723944e-18,6.071532165918824830e-18,6.207057437479512885e-18,6.396792817664476161e-18,6.451002926288751382e-18,6.423897871976613771e-18,6.396792817664476161e-18,6.234162491791650496e-18,6.152847328855237663e-18,6.071532165918824830e-18,6.044427111606687220e-18
2.140000000000000000e+02,-1.184143593123806521e-04,7.615560002024502912e-07,1.377510831530813474e-06,2.799992548813549681e-06,3.664624604146369331e-06,5.855499747749019507e-06,7.255559452018373327e-06,1.081788571733980503e-05,1.304282644121177218e-05,1.837403245404655458e-05,2.135467748312699780e-05,2.693075373076511323e-05,2.871669229355980043e-05,2.747614654730717290e-05,2.384741233571107072e-05,1.259048917586024603e-05,7.387281667491877191e-06,1.489165890865550576e-06,4.980495827821152920e-07,2.674990936725886014e-08,4.048777213288504845e-09,4.022109723186492736e-11,2.258886410170732328e-12,2.768998138419354049e-15,5.336985194059895576e-17,1.355252715606880543e-20,0.000000000000000000e+00,0.000000000000000000e+00,2.710505431213761085e-20,2.398797306624178560e-18,1.974603206639224950e-17,4.125931367393587124e-16,9.507097799982267006e-16,1.382249349701769603e-15,9.476604613881112193e-16,1.830810893513334925e-16,5.773376568485311111e-17,4.540096597283049817e-18,1.409462824231155764e-18,2.981555974335137194e-19,2.439454888092384977e-19,4.607859233063393845e-19,9.215718466126787689e-19,4.743384504624081899e-18,9.988212514022709598e-18,2.809438879453063365e-17,3.549406862174420141e-17,3.201106914263451841e-17,2.383889526752502874e-17,9.784924606681677517e-18,5.949559421514205582e-18,2.547875105340935420e-18,1.951563910473907981e-18,1.748276003132875900e-18,2.019326546254252008e-18,3.469446951953614189e-18,4.770489558936219510e-18,8.253489038045902504e-18,9.852687242462021544e-18,1.092333688779145717e-17,1.019150042136374168e-17,7.480994990149980595e-18,6.166399856011306468e-18,4.282598581317742514e-18,3.754050022231059103e-18,3.415236843329338967e-18,3.537209587733958216e-18,4.269046054161673709e-18,4.851804721872632342e-18,6.085084693074893636e-18,6.586528197849439437e-18,6.965998958219365988e-18,6.830473686658677934e-18,6.044427111606687220e-18,5.583641188300347835e-18,4.811147140404425926e-18,4.553649124439118623e-18,4.363913744254155347e-18,4.431676380034499374e-18,4.824699667560494731e-18,5.082197683525802034e-18,5.556536133988210224e-18,5.719166459861035889e-18,5.827586677109586333e-18,5.759824041329242306e-18,5.488773498207866197e-18,5.326143172335040532e-18,5.027987574901526813e-18,4.919567357652976369e-18,4.865357249028701148e-18,4.919567357652976369e-18,5.095750210681870840e-18,5.204170427930421283e-18,5.366800753803246948e-18,5.407458335271453365e-18,5.407458335271453365e-18,5.366800753803246948e-18,5.231275482242558894e-18,5.163512846462214867e-18,5.095750210681870840e-18,5.068645156369733229e-18
2.150000000000000000e+02,-1.122127801431227262e-04,7.634213904285385875e-07,1.380327942184710012e-06,2.804701040181602992e-06,3.669463310864006932e-06,5.860688538059699083e-06,7.259827497651407768e-06,1.081687212425340243e-05,1.303636380595793595e-05,1.834404193794129164e-05,2.130350793390674974e-05,2.680707310974710014e-05,2.854333495836459424e-05,2.720203344379241463e-05,2.354857219882420995e-05,1.234699257178533587e-05,7.213170237388395268e-06,1.437613830682592502e-06,4.775067922404321570e-07,2.521318970128533753e-08,3.776591378341844114e-09,3.663177964088881744e-11,2.026213208718499748e-12,2.403703321454675468e-15,4.536030839136229176e-17,1.355252715606880543e-20,0.000000000000000000e+00,0.000000000000000000e+00,1.355252715606880543e-20,2.005774019098183203e-18,1.668316092912069948e-17,3.539513517350489913e-16,8.190063210955500494e-16,1.193028965548736942e-15,8.163906833544287700e-16,1.564232684353461522e-16,4.904659577781300683e-17,3.808260130855334324e-18,1.179069862577986072e-18,2.439454888092384977e-19,2.032879073410320814e-19,3.794707603699265519e-19,7.724940478959219092e-19,3.970890456728159990e-18,8.416119363918728169e-18,2.378468515890075352e-17,3.007305775931667924e-17,2.711860683929367966e-17,2.016616040823038247e-17,8.239936510889833698e-18,5.000882520589389202e-18,2.127746763502802452e-18,1.626303258728256651e-18,1.450120405699362180e-18,1.680513367352531873e-18,2.913793338554793166e-18,4.011548038196366406e-18,6.938893903907228378e-18,8.294146619514108920e-18,9.202165938970718884e-18,8.592302216947622640e-18,6.288372600415925717e-18,5.190617900774352478e-18,3.591419696358233438e-18,3.144186300207962859e-18,2.859583229930517945e-18,2.968003447179068388e-18,3.591419696358233438e-18,4.065758146820641628e-18,5.109302737837939645e-18,5.529431079676072613e-18,5.854691731421723944e-18,5.732718987017104695e-18,5.082197683525802034e-18,4.689174395999806677e-18,4.038653092508504017e-18,3.821812658011403130e-18,3.659182332138577465e-18,3.726944967918921492e-18,4.038653092508504017e-18,4.255493527005604903e-18,4.662069341687669066e-18,4.797594613248357120e-18,4.892462303340838758e-18,4.838252194716563537e-18,4.607859233063393845e-18,4.472333961502705790e-18,4.214835945537398487e-18,4.133520782600985655e-18,4.092863201132779238e-18,4.133520782600985655e-18,4.282598581317742514e-18,4.363913744254155347e-18,4.499439015814843401e-18,4.540096597283049817e-18,4.540096597283049817e-18,4.499439015814843401e-18,4.391018798566292958e-18,4.336808689942017736e-18,4.269046054161673709e-18,4.255493527005604903e-18
2.160000000000000000e+02,-1.059160861446124330e-04,7.652854231396827864e-07,1.383142931205659097e-06,2.809405146977496750e-06,3.674295625116568917e-06,5.865865701811288175e-06,7.264079342556318815e-06,1.081596911312176644e-05,1.302987806538120116e-05,1.831406920880725186e-05,2.125242808456584832e-05,2.668392801167038643e-05,2.837099319474682430e-05,2.693063172899658934e-05,2.325345910566509492e-05,1.210819782367386448e-05,7.043158682224404023e-06,1.388007354179583144e-06,4.578111437691494970e-07,2.376474362649372719e-08,3.522702708962793805e-09,3.336276403525986062e-11,1.817505794845554468e-12,2.086587738529821490e-15,3.854338723185968263e-17,1.355252715606880543e-20,0.000000000000000000e+00,0.000000000000000000e+00,1.355252715606880543e-20,1.680513367352531873e-18,1.409462824231155764e-17,3.036443709317215855e-16,7.055445637449420104e-16,1.029707460790951767e-15,7.032948442370345887e-16,1.336550228131505591e-16,4.166046847775550788e-17,3.198396408832238080e-18,9.757819552369539906e-19,2.032879073410320814e-19,1.626303258728256651e-19,3.117081245895825248e-19,6.369687763352338550e-19,3.333921680392926135e-18,7.087971702623985237e-18,2.013905535391824486e-17,2.549230358056542300e-17,2.297153352953662520e-17,1.704907916233455722e-17,6.938893903907228378e-18,4.201283418381329682e-18,1.775381057445013511e-18,1.355252715606880543e-18,1.219727444046192488e-18,1.409462824231155764e-18,2.439454888092384977e-18,3.361026734705063745e-18,5.841139204265655138e-18,6.979551485375434794e-18,7.752045533271356703e-18,7.237049501340742097e-18,5.285485590866834116e-18,4.350361217098086541e-18,3.008661028647274804e-18,2.642742795433417058e-18,2.398797306624178560e-18,2.480112469560591393e-18,3.008661028647274804e-18,3.415236843329338967e-18,4.296151108473811320e-18,4.648516814531600261e-18,4.919567357652976369e-18,4.824699667560494731e-18,4.269046054161673709e-18,3.943785402416022379e-18,3.388131789017201356e-18,3.198396408832238080e-18,3.076423664427618831e-18,3.117081245895825248e-18,3.388131789017201356e-18,3.577867169202164632e-18,3.916680348103884768e-18,4.038653092508504017e-18,4.106415728288848044e-18,4.065758146820641628e-18,3.876022766635678352e-18,3.754050022231059103e-18,3.537209587733958216e-18,3.469446951953614189e-18,3.428789370485407773e-18,3.469446951953614189e-18,3.591419696358233438e-18,3.659182332138577465e-18,3.781155076543196714e-18,3.808260130855334324e-18,3.808260130855334324e-18,3.781155076543196714e-18,3.686287386450715076e-18,3.645629804982508659e-18,3.591419696358233438e-18,3.577867169202164632e-18
2.170000000000000000e+02,-9.952931284706127420e-05,7.671480990437178288e-07,1.385955799727099235e-06,2.814104872027136154e-06,3.679121552450969126e-06,5.871031253960721672e-06,7.268315015286424489e-06,1.081538077870982989e-05,1.302336933172518337e-05,1.828411442051928646e-05,2.120143795960521620e-05,2.656131634686323406e-05,2.819966130989786648e-05,2.666191486023632195e-05,2.296202682892769847e-05,1.187401429246123222e-05,6.877150554878563729e-06,1.340123140506442449e-06,4.389277104421157073e-07,2.239950088463811464e-08,3.285881280718112862e-09,3.038546812165338062e-11,1.630295670598108648e-12,1.811308806935751914e-15,3.275645813621830271e-17,0.000000000000000000e+00,0.000000000000000000e+00,0.000000000000000000e+00,1.355252715606880543e-20,1.395910297075086959e-18,1.191267137018447997e-17,2.604795719396424403e-16,6.078037378953737857e-16,8.887340733135240534e-16,6.058657265120559465e-16,1.141935938170357545e-16,3.539920093165171977e-17,2.683400376901623474e-18,8.131516293641283255e-19,1.761828530288944705e-19,1.355252715606880543e-19,2.574980159653073031e-19,5.285485590866834116e-19,2.805373121306242723e-18,5.963111948670274387e-18,1.704907916233455722e-17,2.160272828677367585e-17,1.944787646895873579e-17,1.441988889405720897e-17,5.841139204265655138e-18,3.523657060577889411e-18,1.490777987167568597e-18,1.138412281109779656e-18,1.016439536705160407e-18,1.179069862577986072e-18,2.046431600566389619e-18,2.818925648462311528e-18,4.906014830496907564e-18,5.881796785733861554e-18,6.532318089225164215e-18,6.085084693074893636e-18,4.445228907190568179e-18,3.659182332138577465e-18,2.520770051028797809e-18,2.209061926439215284e-18,2.005774019098183203e-18,2.087089182034596035e-18,2.520770051028797809e-18,2.859583229930517945e-18,3.604972223514302243e-18,3.903127820947815962e-18,4.133520782600985655e-18,4.052205619664572822e-18,3.591419696358233438e-18,3.306816626080788524e-18,2.846030702774449139e-18,2.683400376901623474e-18,2.574980159653073031e-18,2.615637741121279447e-18,2.846030702774449139e-18,2.995108501491205999e-18,3.293264098924719718e-18,3.388131789017201356e-18,3.455894424797545383e-18,3.415236843329338967e-18,3.252606517456513302e-18,3.144186300207962859e-18,2.968003447179068388e-18,2.913793338554793166e-18,2.873135757086586750e-18,2.900240811398724361e-18,3.008661028647274804e-18,3.076423664427618831e-18,3.171291354520100469e-18,3.198396408832238080e-18,3.198396408832238080e-18,3.171291354520100469e-18,3.089976191583687637e-18,3.062871137271550026e-18,3.008661028647274804e-18,2.995108501491205999e-18
2.180000000000000000e+02,-9.305759019855853705e-05,7.690094520081380272e-07,1.388766598955749952e-06,2.818800301795441172e-06,3.683941184246192560e-06,5.876185301198236731e-06,7.272534619409730741e-06,1.081476865208666374e-05,1.301683760027972888e-05,1.825417719253167573e-05,2.115053667582328758e-05,2.643923386112398356e-05,2.802933061409348763e-05,2.639585183323098086e-05,2.267422461405671757e-05,1.164597737123343989e-05,6.715048820117130828e-06,1.293889502065160386e-06,4.208226891110213421e-07,2.111266015596276972e-08,3.064976037889504540e-09,2.767381399179039830e-11,1.462365778058700994e-12,1.572350648119946737e-15,2.783689077856532634e-17,0.000000000000000000e+00,0.000000000000000000e+00,0.000000000000000000e+00,1.355252715606880543e-20,1.165517335421917267e-18,1.006952767695912243e-17,2.234540677492624638e-16,5.236018866747182976e-16,7.670730370334943871e-16,5.219349258345218345e-16,9.756464299653933026e-17,3.007305775931667924e-17,2.249719507907421701e-18,6.776263578034402713e-19,1.355252715606880543e-19,1.084202172485504434e-19,2.168404344971008868e-19,4.472333961502705790e-19,2.344587197999903339e-18,5.027987574901526813e-18,1.441988889405720897e-17,1.830946418784895613e-17,1.647987302177966740e-17,1.219727444046192488e-17,4.919567357652976369e-18,2.968003447179068388e-18,1.246832498358330099e-18,9.486769009248163798e-19,8.402566836762659364e-19,9.757819552369539906e-19,1.707618421664669484e-18,2.371692252312040949e-18,4.133520782600985655e-18,4.960224939121182786e-18,5.502326025363935003e-18,5.122855264994008451e-18,3.740497495074990297e-18,3.076423664427618831e-18,2.114194236346733646e-18,1.856696220381426343e-18,1.680513367352531873e-18,1.748276003132875900e-18,2.114194236346733646e-18,2.398797306624178560e-18,3.035766082959412415e-18,3.279711571768650913e-18,3.482999479109682994e-18,3.401684316173270162e-18,3.008661028647274804e-18,2.778268066994105112e-18,2.385244779468109755e-18,2.249719507907421701e-18,2.168404344971008868e-18,2.195509399283146479e-18,2.385244779468109755e-18,2.520770051028797809e-18,2.764715539838036307e-18,2.846030702774449139e-18,2.900240811398724361e-18,2.859583229930517945e-18,2.724057958369829890e-18,2.642742795433417058e-18,2.493664996716660198e-18,2.439454888092384977e-18,2.412349833780247366e-18,2.439454888092384977e-18,2.534322578184866614e-18,2.588532686809141836e-18,2.669847849745554669e-18,2.683400376901623474e-18,2.683400376901623474e-18,2.669847849745554669e-18,2.602085213965210642e-18,2.561427632497004225e-18,2.520770051028797809e-18,2.520770051028797809e-18
2.190000000000000000e+02,-8.650613751348399977e-05,7.708694163959266179e-07,1.391575229838670378e-06,2.823491271745990749e-06,3.688754354254770952e-06,5.881327674742815002e-06,7.276738032998013219e-06,1.081413282962332637e-05,1.301028321541098840e-05,1.822425874366647358e-05,2.109972606927497081e-05,2.631768282901196000e-05,2.786000154483905279e-05,2.613242609877828383e-05,2.239001762363649868e-05,1.142327166474934642e-05,6.556767287057766033e-06,1.249251154238371691e-06,4.034646177516099282e-07,1.989976266206911187e-08,2.858924698554928846e-09,2.520418907760689498e-11,1.311735916826976822e-12,1.364915667469157601e-15,2.366271241449613427e-17,0.000000000000000000e+00,0.000000000000000000e+00,0.000000000000000000e+00,1.355252715606880543e-20,9.757819552369539906e-19,8.510987054011209807e-18,1.917004966225932527e-16,4.510687613354380510e-16,6.620545041011172138e-16,4.496321934568947576e-16,8.336159453697922217e-17,2.554651368918969823e-17,1.883801274693563954e-18,5.692061405548898279e-19,1.219727444046192488e-19,9.486769009248163798e-20,1.761828530288944705e-19,3.659182332138577465e-19,1.965116437629976787e-18,4.228388472693467293e-18,1.221082696761799369e-17,1.551764359369878221e-17,1.395910297075086959e-17,1.031347316576836093e-17,4.147073309757054460e-18,2.493664996716660198e-18,1.043544591017298018e-18,7.860465750519907147e-19,7.047314121155778821e-19,8.267041565201971309e-19,1.436567878543293375e-18,1.978668964786045592e-18,3.482999479109682994e-18,4.174178364069192071e-18,4.634964287375531455e-18,4.323256162785948931e-18,3.144186300207962859e-18,2.588532686809141836e-18,1.775381057445013511e-18,1.558540622947912624e-18,1.409462824231155764e-18,1.463672932855430986e-18,1.775381057445013511e-18,2.019326546254252008e-18,2.547875105340935420e-18,2.764715539838036307e-18,2.927345865710861972e-18,2.859583229930517945e-18,2.534322578184866614e-18,2.331034670843834533e-18,2.005774019098183203e-18,1.897353801849632760e-18,1.816038638913219927e-18,1.843143693225357538e-18,2.005774019098183203e-18,2.114194236346733646e-18,2.317482143687765728e-18,2.385244779468109755e-18,2.439454888092384977e-18,2.412349833780247366e-18,2.290377089375628117e-18,2.222614453595284090e-18,2.087089182034596035e-18,2.046431600566389619e-18,2.032879073410320814e-18,2.046431600566389619e-18,2.127746763502802452e-18,2.168404344971008868e-18,2.236166980751352895e-18,2.249719507907421701e-18,2.249719507907421701e-18,2.236166980751352895e-18,2.181956872127077673e-18,2.154851817814940063e-18,2.114194236346733646e-18,2.114194236346733646e-18
2.200000000000000000e+02,-7.988025836498491132e-05,7.727280260981186531e-07,1.394381743619280286e-06,2.828177868418541908e-06,3.693561153961073752e-06,5.886458481458802959e-06,7.280925359824232741e-06,1.081347337500129975e-05,1.300370617212783723e-05,1.819435869095617790e-05,2.104900525245741936e-05,2.619665899973884341e-05,2.769166545359408039e-05,2.587160711118131147e-05,2.210935615730995785e-05,1.120481804940878106e-05,6.402213226295151802e-06,1.206152288892408633e-06,3.868223834831228513e-07,1.875653892273421944e-08,2.666724978832952717e-09,2.295494954600123261e-11,1.176621327496699121e-12,1.184843239146471383e-15,2.011195029960610725e-17,0.000000000000000000e+00,0.000000000000000000e+00,0.000000000000000000e+00,1.355252715606880543e-20,8.131516293641283255e-19,7.182839392716466875e-18,1.644463645117388850e-16,3.885780586188047891e-16,5.714287550084851119e-16,3.873447786476025279e-16,7.123208273229764131e-17,2.169759597686615749e-17,1.585645677260050235e-18,4.743384504624081899e-19,9.486769009248163798e-20,8.131516293641283255e-20,1.490777987167568597e-19,3.117081245895825248e-19,1.653408313040394262e-18,3.564314642046095827e-18,1.034057822008049854e-17,1.314595134138674126e-17,1.181780368009199833e-17,8.727827488508310694e-18,3.496552006265751800e-18,2.087089182034596035e-18,8.673617379884035472e-19,6.640738306473714658e-19,5.963111948670274387e-19,6.911788849595090767e-19,1.206174916890123683e-18,1.666960840196463067e-18,2.927345865710861972e-18,3.510104533421820605e-18,3.903127820947815962e-18,3.632077277826439854e-18,2.642742795433417058e-18,2.168404344971008868e-18,1.490777987167568597e-18,1.301042606982605321e-18,1.179069862577986072e-18,1.219727444046192488e-18,1.490777987167568597e-18,1.694065894508600678e-18,2.141299290658871257e-18,2.317482143687765728e-18,2.453007415248453782e-18,2.412349833780247366e-18,2.127746763502802452e-18,1.951563910473907981e-18,1.680513367352531873e-18,1.585645677260050235e-18,1.517883041479706208e-18,1.544988095791843818e-18,1.680513367352531873e-18,1.775381057445013511e-18,1.951563910473907981e-18,2.005774019098183203e-18,2.046431600566389619e-18,2.019326546254252008e-18,1.924458856161770370e-18,1.870248747537495149e-18,1.761828530288944705e-18,1.721170948820738289e-18,1.707618421664669484e-18,1.721170948820738289e-18,1.788933584601082316e-18,1.816038638913219927e-18,1.883801274693563954e-18,1.897353801849632760e-18,1.897353801849632760e-18,1.883801274693563954e-18,1.829591166069288732e-18,1.802486111757151122e-18,1.775381057445013511e-18,1.775381057445013511e-18
2.210000000000000000e+02,-7.318533542515791627e-05,7.745852818212209260e-07,1.397186141428890431e-06,2.832860094632643714e-06,3.698361588895385851e-06,5.891577736238245988e-06,7.285096628276691759e-06,1.081279036242666026e-05,1.299710658129826877e-05,1.816447718407961489e-05,2.099837424446825818e-05,2.607616030936148763e-05,2.752431676561097057e-05,2.561336933925937177e-05,2.183219622508878697e-05,1.099053547916226071e-05,6.251298942479079665e-06,1.164539830820010362e-06,3.708664718551061721e-07,1.767898693283702534e-08,2.487445766385736577e-09,2.090642901310911517e-11,1.055423909618151412e-12,1.028528390928373781e-15,1.708973674380276364e-17,0.000000000000000000e+00,0.000000000000000000e+00,0.000000000000000000e+00,0.000000000000000000e+00,6.911788849595090767e-19,6.071532165918824830e-18,1.410682551675201957e-16,3.347474207548994940e-16,4.932035682636559670e-16,3.336903236367261272e-16,6.086439945790500516e-17,1.843143693225357538e-17,1.328147661294742932e-18,3.930232875259953573e-19,8.131516293641283255e-20,6.776263578034402713e-20,1.219727444046192488e-19,2.574980159653073031e-19,1.382357769919018153e-18,2.995108501491205999e-18,8.754932542820448305e-18,1.114017732228855806e-17,1.001531756833484721e-17,7.386127300057498957e-18,2.940898392866930777e-18,1.761828530288944705e-18,7.318364664277154930e-19,5.556536133988210224e-19,4.878909776184769953e-19,5.692061405548898279e-19,1.002887009549091601e-18,1.395910297075086959e-18,2.466559942404522587e-18,2.954450920022999583e-18,3.293264098924719718e-18,3.062871137271550026e-18,2.222614453595284090e-18,1.829591166069288732e-18,1.246832498358330099e-18,1.084202172485504434e-18,9.893344823930227960e-19,1.029992063861229212e-18,1.246832498358330099e-18,1.423015351387224570e-18,1.802486111757151122e-18,1.951563910473907981e-18,2.059984127722458425e-18,2.019326546254252008e-18,1.788933584601082316e-18,1.639855785884325456e-18,1.409462824231155764e-18,1.328147661294742932e-18,1.273937552670467710e-18,1.301042606982605321e-18,1.409462824231155764e-18,1.490777987167568597e-18,1.639855785884325456e-18,1.680513367352531873e-18,1.721170948820738289e-18,1.694065894508600678e-18,1.612750731572187846e-18,1.558540622947912624e-18,1.477225460011499791e-18,1.436567878543293375e-18,1.423015351387224570e-18,1.436567878543293375e-18,1.490777987167568597e-18,1.531435568635775013e-18,1.572093150103981429e-18,1.585645677260050235e-18,1.585645677260050235e-18,1.572093150103981429e-18,1.531435568635775013e-18,1.517883041479706208e-18,1.490777987167568597e-18,1.490777987167568597e-18
2.220000000000000000e+02,-6.642682525665140390e-05,7.764411842714285215e-07,1.399988424398296576e-06,2.837537953206300243e-06,3.703155664583858615e-06,5.896685453956987432e-06,7.289251866702587909e-06,1.081208386593315716e-05,1.299048455344869172e-05,1.813461437167870010e-05,2.094783306307807587e-05,2.595618470035407138e-05,2.735794993532047049e-05,2.535768749872295753e-05,2.155849437931043797e-05,1.078034444985183533e-05,6.103938801311983994e-06,1.124362533980373001e-06,3.555685850519310631e-07,1.666333453949938714e-08,2.320218535231894155e-09,1.904071603891274028e-11,9.467101988415091429e-13,8.928404890418129014e-16,1.452830911130575942e-17,0.000000000000000000e+00,0.000000000000000000e+00,0.000000000000000000e+00,0.000000000000000000e+00,5.692061405548898279e-19,5.136407792150077256e-18,1.210240675036944324e-16,2.883706728268320418e-16,4.256848779721211784e-16,2.874626535073754319e-16,5.200104669783600642e-17,1.565316886525947027e-17,1.111307226797642045e-18,3.252606517456513302e-19,6.776263578034402713e-20,5.421010862427522170e-20,1.084202172485504434e-19,2.168404344971008868e-19,1.165517335421917267e-18,2.520770051028797809e-18,7.399679827213567762e-18,9.446111427779957381e-18,8.483881999699072196e-18,6.247715018947719301e-18,2.480112469560591393e-18,1.477225460011499791e-18,6.098637220230962441e-19,4.607859233063393845e-19,4.065758146820641628e-19,4.743384504624081899e-19,8.402566836762659364e-19,1.179069862577986072e-18,2.073536654878527230e-18,2.493664996716660198e-18,2.778268066994105112e-18,2.574980159653073031e-18,1.870248747537495149e-18,1.531435568635775013e-18,1.043544591017298018e-18,9.080193194566099635e-19,8.267041565201971309e-19,8.538092108323347418e-19,1.043544591017298018e-18,1.192622389734054877e-18,1.504330514323637402e-18,1.639855785884325456e-18,1.734723475976807094e-18,1.694065894508600678e-18,1.504330514323637402e-18,1.382357769919018153e-18,1.179069862577986072e-18,1.111307226797642045e-18,1.070649645329435629e-18,1.084202172485504434e-18,1.179069862577986072e-18,1.246832498358330099e-18,1.368805242762949348e-18,1.409462824231155764e-18,1.436567878543293375e-18,1.423015351387224570e-18,1.355252715606880543e-18,1.314595134138674126e-18,1.233279971202261294e-18,1.206174916890123683e-18,1.192622389734054877e-18,1.206174916890123683e-18,1.260385025514398905e-18,1.287490079826536515e-18,1.328147661294742932e-18,1.341700188450811737e-18,1.328147661294742932e-18,1.328147661294742932e-18,1.287490079826536515e-18,1.273937552670467710e-18,1.246832498358330099e-18,1.246832498358330099e-18
2.230000000000000000e+02,-5.961025305947468156e-05,7.782957341546180405e-07,1.402788593657759155e-06,2.842211446955862164e-06,3.707943386548496340e-06,5.901781649474749901e-06,7.293391103408068221e-06,1.081135395938247001e-05,1.298384019876476362e-05,1.810477040136321573e-05,2.089738172473974882e-05,2.583673012160179637e-05,2.719255944619791769e-05,2.510453654982392109e-05,2.128820770800300205e-05,1.057416696993621985e-05,5.960049181162645681e-06,1.085570918482852820e-06,3.409015917523193539e-07,1.570602624180266436e-08,2.164233139130154662e-09,1.734149745325061151e-11,8.491943517189952384e-13,7.750554755284189135e-16,1.233957597560064734e-17,0.000000000000000000e+00,0.000000000000000000e+00,0.000000000000000000e+00,6.776263578034402713e-21,4.811147140404425926e-19,4.336808689942017736e-18,1.038191342790650840e-16,2.484245990343192378e-16,3.674022349374472807e-16,2.476385524592672471e-16,4.442518401759354418e-17,1.330180540368153252e-17,9.351243737687475743e-19,2.778268066994105112e-19,5.421010862427522170e-20,4.065758146820641628e-20,8.809142651444723526e-20,1.761828530288944705e-19,9.757819552369539906e-19,2.127746763502802452e-18,6.268043809681822509e-18,8.002767285658629604e-18,7.182839392716466875e-18,5.278709327288799713e-18,2.080312918456561633e-18,1.240056234780295696e-18,5.082197683525802034e-19,3.862470239479609546e-19,3.455894424797545383e-19,3.997995511040297600e-19,7.047314121155778821e-19,9.825582188149883933e-19,1.741499739554841497e-18,2.100641709190664841e-18,2.337810934421868936e-18,2.175180608549043271e-18,1.572093150103981429e-18,1.287490079826536515e-18,8.809142651444723526e-19,7.657177843178875065e-19,6.911788849595090767e-19,7.182839392716466875e-19,8.741380015664379499e-19,1.002887009549091601e-18,1.267161289092433307e-18,1.375581506340983751e-18,1.456896669277396583e-18,1.429791614965258972e-18,1.260385025514398905e-18,1.158741071843882864e-18,9.893344823930227960e-19,9.351243737687475743e-19,8.944667923005411581e-19,9.147955830346443662e-19,9.961107459710571987e-19,1.050320854595332420e-18,1.151964808265848461e-18,1.185846126156020475e-18,1.212951180468158086e-18,1.199398653312089280e-18,1.138412281109779656e-18,1.104530963219607642e-18,1.036768327439263615e-18,1.016439536705160407e-18,1.002887009549091601e-18,1.016439536705160407e-18,1.057097118173366823e-18,1.077425908907470031e-18,1.111307226797642045e-18,1.118083490375676448e-18,1.118083490375676448e-18,1.111307226797642045e-18,1.084202172485504434e-18,1.070649645329435629e-18,1.050320854595332420e-18,1.050320854595332420e-18
2.240000000000000000e+02,-5.274120737686600018e-05,7.801489321763340466e-07,1.405586650337023609e-06,2.846880578696155486e-06,3.712724760307169799e-06,5.906866337635067511e-06,7.297514366658235899e-06,1.081060071646462885e-05,1.297717362709233948e-05,1.807494541971564210e-05,2.084702024459794830e-05,2.571779452839479540e-05,2.702813981062988656e-05,2.485389169502885779e-05,2.102129382832924241e-05,1.037192653177060385e-05,5.819548425814574373e-06,1.048117209740720391e-06,3.268394790548908549e-07,1.480371074857167847e-08,2.018733887655188922e-09,1.579391583066570154e-11,7.617229668744653071e-13,6.728016581358797765e-16,1.048965601879725540e-17,0.000000000000000000e+00,0.000000000000000000e+00,0.000000000000000000e+00,0.000000000000000000e+00,3.997995511040297600e-19,3.659182332138577465e-18,8.906043220610615485e-17,2.140147325850605409e-16,3.171088066612759437e-16,2.133371062272571006e-16,3.796062856414872400e-17,1.130280764816138372e-17,7.792703114739563119e-19,2.303929616531696922e-19,4.743384504624081899e-20,3.388131789017201356e-20,6.776263578034402713e-20,1.490777987167568597e-19,8.199278929421627282e-19,1.788933584601082316e-18,5.305814381600937324e-18,6.783039841612437115e-18,6.085084693074893636e-18,4.465557697924671388e-18,1.755052266710910303e-18,1.043544591017298018e-18,4.269046054161673709e-19,3.252606517456513302e-19,2.846030702774449139e-19,3.320369153236857329e-19,5.895349312889930360e-19,8.267041565201971309e-19,1.463672932855430986e-18,1.768604793866979108e-18,1.971892701208011189e-18,1.829591166069288732e-18,1.321371397716708529e-18,1.084202172485504434e-18,7.386127300057498957e-19,6.437450399132682577e-19,5.827586677109586333e-19,6.030874584450618414e-19,7.386127300057498957e-19,8.402566836762659364e-19,1.063873381751401226e-18,1.158741071843882864e-18,1.226503707624226891e-18,1.199398653312089280e-18,1.057097118173366823e-18,9.757819552369539906e-19,8.334804200982315336e-19,7.860465750519907147e-19,7.521652571618187011e-19,7.657177843178875065e-19,8.334804200982315336e-19,8.809142651444723526e-19,9.690056916589195879e-19,9.961107459710571987e-19,1.016439536705160407e-18,1.002887009549091601e-18,9.554531645028507825e-19,9.283481101907131716e-19,8.741380015664379499e-19,8.538092108323347418e-19,8.402566836762659364e-19,8.538092108323347418e-19,8.876905287225067553e-19,9.012430558785755608e-19,9.351243737687475743e-19,9.419006373467819770e-19,9.419006373467819770e-19,9.351243737687475743e-19,9.080193194566099635e-19,8.944667923005411581e-19,8.809142651444723526e-19,8.809142651444723526e-19
2.250000000000000000e+02,-4.582533476413382881e-05,7.820007790418026191e-07,1.408382595565286501e-06,2.851545351240393467e-06,3.717499791373623022e-06,5.911939533265380753e-06,7.301621684677265514e-06,1.080982421069837335e-05,1.297048494793831883e-05,1.804513957229585697e-05,2.079674863649822405e-05,2.559937588242140020e-05,2.686468556978119742e-05,2.460572837671335354e-05,2.075771088011095283e-05,1.017354808343059525e-05,5.682356798322485978e-06,1.011955279720291292e-06,3.133573063844938408e-07,1.395322925067500955e-08,1.883015886100481654e-09,1.438443951489376191e-11,6.832614376085614782e-13,5.840393815272071354e-16,8.910786605115239567e-18,0.000000000000000000e+00,0.000000000000000000e+00,0.000000000000000000e+00,0.000000000000000000e+00,3.320369153236857329e-19,3.096752455161722040e-18,7.640237184233789058e-17,1.843618031675819946e-16,2.736932859168095256e-16,1.837858207634490704e-16,3.243119748447265138e-17,9.601965490074748644e-18,6.572975670693370631e-19,1.897353801849632760e-19,4.065758146820641628e-20,2.710505431213761085e-20,6.098637220230962441e-20,1.219727444046192488e-19,6.844026213814746740e-19,1.511106777901671805e-18,4.492662752236808998e-18,5.746271514173173500e-18,5.156736582884180464e-18,3.774378812965162311e-18,1.477225460011499791e-18,8.741380015664379499e-19,3.591419696358233438e-19,2.710505431213761085e-19,2.371692252312040949e-19,2.778268066994105112e-19,4.946672411965113980e-19,6.911788849595090767e-19,1.233279971202261294e-18,1.484001723589534194e-18,1.660184576618428665e-18,1.544988095791843818e-18,1.111307226797642045e-18,9.080193194566099635e-19,6.166399856011306468e-19,5.353248226647178143e-19,4.878909776184769953e-19,5.082197683525802034e-19,6.166399856011306468e-19,7.047314121155778821e-19,8.944667923005411581e-19,9.757819552369539906e-19,1.029992063861229212e-18,1.009663273127126004e-18,8.876905287225067553e-19,8.199278929421627282e-19,6.979551485375434794e-19,6.572975670693370631e-19,6.301925127571994523e-19,6.437450399132682577e-19,6.979551485375434794e-19,7.386127300057498957e-19,8.131516293641283255e-19,8.402566836762659364e-19,8.538092108323347418e-19,8.470329472543003391e-19,7.995991022080595201e-19,7.792703114739563119e-19,7.318364664277154930e-19,7.182839392716466875e-19,7.047314121155778821e-19,7.115076756936122848e-19,7.453889935837842984e-19,7.589415207398531038e-19,7.860465750519907147e-19,7.928228386300251174e-19,7.860465750519907147e-19,7.860465750519907147e-19,7.657177843178875065e-19,7.521652571618187011e-19,7.386127300057498957e-19,7.386127300057498957e-19
2.260000000000000000e+02,-3.886833442444288529e-05,7.838512754559178006e-07,1.411176430471236174e-06,2.856205767400210496e-06,3.722268485257439414e-06,5.917001251177002612e-06,7.305713085648430109e-06,1.080902451543147124e-05,1.296377427047159779e-05,1.801556051198893081e-05,2.074656691299643681e-05,2.548147215176172422e-05,2.670219129346231184e-05,2.436002227487790966e-05,2.049741751943162614e-05,9.978958001069869303e-06,5.548396435950868160e-06,9.770405902135304303e-07,3.004311612977731360e-07,1.315160436669615728e-08,1.756421621237598887e-09,1.310074436628762273e-11,6.128817410717447844e-13,5.069932646449559766e-16,7.575862680242462233e-18,0.000000000000000000e+00,0.000000000000000000e+00,0.000000000000000000e+00,0.000000000000000000e+00,2.778268066994105112e-19,2.615637741121279447e-18,6.554002132674874304e-17,1.588220657419703308e-16,2.362273245938573130e-16,1.583206222371957850e-16,2.770814177058267269e-17,8.151845084375386463e-18,5.488773498207866197e-19,1.626303258728256651e-19,3.388131789017201356e-20,2.710505431213761085e-20,4.743384504624081899e-20,1.016439536705160407e-19,5.759824041329242306e-19,1.267161289092433307e-18,3.801483867277299922e-18,4.872133512606735550e-18,4.363913744254155347e-18,3.191620145254203678e-18,1.246832498358330099e-18,7.318364664277154930e-19,2.981555974335137194e-19,2.236166980751352895e-19,1.965116437629976787e-19,2.303929616531696922e-19,4.133520782600985655e-19,5.827586677109586333e-19,1.036768327439263615e-18,1.253608761936364502e-18,1.395910297075086959e-18,1.301042606982605321e-18,9.351243737687475743e-19,7.657177843178875065e-19,5.149960319306146062e-19,4.540096597283049817e-19,4.065758146820641628e-19,4.201283418381329682e-19,5.149960319306146062e-19,5.895349312889930360e-19,7.521652571618187011e-19,8.199278929421627282e-19,8.673617379884035472e-19,8.470329472543003391e-19,7.453889935837842984e-19,6.844026213814746740e-19,5.895349312889930360e-19,5.556536133988210224e-19,5.285485590866834116e-19,5.353248226647178143e-19,5.895349312889930360e-19,6.234162491791650496e-19,6.844026213814746740e-19,7.047314121155778821e-19,7.182839392716466875e-19,7.115076756936122848e-19,6.708500942254058685e-19,6.505213034913026604e-19,6.166399856011306468e-19,6.030874584450618414e-19,5.963111948670274387e-19,6.030874584450618414e-19,6.234162491791650496e-19,6.369687763352338550e-19,6.572975670693370631e-19,6.640738306473714658e-19,6.640738306473714658e-19,6.572975670693370631e-19,6.437450399132682577e-19,6.301925127571994523e-19,6.234162491791650496e-19,6.166399856011306468e-19
2.270000000000000000e+02,-3.187595281556973202e-05,7.857004221232687016e-07,1.413968156183001928e-06,2.860861829985672256e-06,3.727030847464095960e-06,5.922051506165145667e-06,7.309788597714138471e-06,1.080820170384107752e-05,1.295704170352391272e-05,1.798622421281040047e-05,2.069647508536789278e-05,2.536408131088087968e-05,2.654065157999732419e-05,2.411674930488540944e-05,2.024037291231634160e-05,9.788084061801446511e-06,5.417591306168978871e-06,9.433301380640769719e-07,2.880381171097031834e-07,1.239602972350671789e-08,1.638337776641712873e-09,1.193160597179245691e-11,5.497514336122444334e-13,4.401047668661783874e-16,6.437450399132682577e-18,0.000000000000000000e+00,0.000000000000000000e+00,0.000000000000000000e+00,0.000000000000000000e+00,2.371692252312040949e-19,2.209061926439215284e-18,5.622943517052947371e-17,1.368195379040926252e-16,2.038909947994771432e-16,1.363926332986764578e-16,2.367626494165220308e-17,6.925341376751159572e-18,4.607859233063393845e-19,1.355252715606880543e-19,2.710505431213761085e-20,2.032879073410320814e-20,4.065758146820641628e-20,8.809142651444723526e-20,4.811147140404425926e-19,1.070649645329435629e-18,3.218725199566341288e-18,4.126744519022951252e-18,3.699839913606783881e-18,2.703729167635726682e-18,1.050320854595332420e-18,6.166399856011306468e-19,2.507217523872729004e-19,1.897353801849632760e-19,1.694065894508600678e-19,1.965116437629976787e-19,3.455894424797545383e-19,4.878909776184769953e-19,8.741380015664379499e-19,1.057097118173366823e-18,1.179069862577986072e-18,1.090978436063538837e-18,7.860465750519907147e-19,6.437450399132682577e-19,4.336808689942017736e-19,3.794707603699265519e-19,3.388131789017201356e-19,3.523657060577889411e-19,4.336808689942017736e-19,4.946672411965113980e-19,6.301925127571994523e-19,6.844026213814746740e-19,7.318364664277154930e-19,7.115076756936122848e-19,6.301925127571994523e-19,5.759824041329242306e-19,4.946672411965113980e-19,4.607859233063393845e-19,4.404571325722361763e-19,4.540096597283049817e-19,4.946672411965113980e-19,5.217722955086490089e-19,5.759824041329242306e-19,5.895349312889930360e-19,6.030874584450618414e-19,5.963111948670274387e-19,5.692061405548898279e-19,5.488773498207866197e-19,5.149960319306146062e-19,5.014435047745458007e-19,5.014435047745458007e-19,5.014435047745458007e-19,5.217722955086490089e-19,5.353248226647178143e-19,5.556536133988210224e-19,5.556536133988210224e-19,5.556536133988210224e-19,5.488773498207866197e-19,5.353248226647178143e-19,5.285485590866834116e-19,5.217722955086490089e-19,5.217722955086490089e-19
2.280000000000000000e+02,-2.485397823170133215e-05,7.875482197480988432e-07,1.416757773828215009e-06,2.865513541805238457e-06,3.731786883494932742e-06,5.927090313008962755e-06,7.313848248976009668e-06,1.080735584893411047e-05,1.295028735559076175e-05,1.795690613403810588e-05,2.064647316361645763e-05,2.524720134062202506e-05,2.638006105609232260e-05,2.387588561521936754e-05,1.998653672848917955e-05,9.600855417093221279e-06,5.289867163678198481e-06,9.107824022797912200e-07,2.761561922661473966e-07,1.168386013509215547e-08,1.528192262025083320e-09,1.086680155853048807e-11,4.931238048650789241e-13,3.820423523977906077e-16,5.471832839262780190e-18,0.000000000000000000e+00,0.000000000000000000e+00,0.000000000000000000e+00,0.000000000000000000e+00,1.965116437629976787e-19,1.866860615748477947e-18,4.823344414844887851e-17,1.178663286763304008e-16,1.759761769897644212e-16,1.174970223113275258e-16,2.023053491222170930e-17,5.885184917522878756e-18,3.862470239479609546e-19,1.118083490375676448e-19,2.032879073410320814e-20,1.694065894508600678e-20,3.388131789017201356e-20,7.115076756936122848e-20,4.065758146820641628e-19,9.012430558785755608e-19,2.724057958369829890e-18,3.496552006265751800e-18,3.130633773051894053e-18,2.283600825797593714e-18,8.809142651444723526e-19,5.183841637196318075e-19,2.100641709190664841e-19,1.558540622947912624e-19,1.389134033497052556e-19,1.626303258728256651e-19,2.913793338554793166e-19,4.099639464710813641e-19,7.352245982167326943e-19,8.876905287225067553e-19,9.927226141820399974e-19,9.215718466126787689e-19,6.606856988583542645e-19,5.387129544537350156e-19,3.625301014248405451e-19,3.150962563785997261e-19,2.846030702774449139e-19,2.981555974335137194e-19,3.625301014248405451e-19,4.167402100491157668e-19,5.319366908757006129e-19,5.759824041329242306e-19,6.132518538121134455e-19,5.996993266560446401e-19,5.285485590866834116e-19,4.845028458294597939e-19,4.133520782600985655e-19,3.896351557369781560e-19,3.726944967918921492e-19,3.794707603699265519e-19,4.133520782600985655e-19,4.370690007832189750e-19,4.811147140404425926e-19,4.946672411965113980e-19,5.048316365635630021e-19,5.014435047745458007e-19,4.743384504624081899e-19,4.607859233063393845e-19,4.336808689942017736e-19,4.235164736271501695e-19,4.167402100491157668e-19,4.235164736271501695e-19,4.404571325722361763e-19,4.472333961502705790e-19,4.641740550953565858e-19,4.675621868843737872e-19,4.675621868843737872e-19,4.641740550953565858e-19,4.506215279392877804e-19,4.438452643612533777e-19,4.370690007832189750e-19,4.370690007832189750e-19
2.290000000000000000e+02,-1.780823536439440647e-05,7.893947019294168105e-07,1.419545334193696997e-06,2.870160988451557927e-06,3.736536683439435516e-06,5.932117775966657848e-06,7.317892139422200423e-06,1.080648700785925964e-05,1.294351121387880658e-05,1.792760589592386645e-05,2.059656026776230620e-05,2.513082815877733557e-05,2.622041153988922298e-05,2.363740335627078536e-05,1.973586469585444591e-05,9.417199325096802532e-06,5.165149312173111562e-06,8.793567426859996965e-07,2.647641126119150607e-07,1.101259073276451253e-08,1.425449674197557231e-09,9.897004074025002318e-12,4.423282080239301917e-13,3.316405039043707204e-16,4.648516814531600261e-18,0.000000000000000000e+00,0.000000000000000000e+00,0.000000000000000000e+00,0.000000000000000000e+00,1.626303258728256651e-19,1.575481281892998631e-18,4.137925353926708016e-17,1.015389215850565074e-16,1.518865599698521196e-16,1.012204371968888905e-16,1.728286025577674412e-17,5.000882520589389202e-18,3.252606517456513302e-19,9.147955830346443662e-20,1.694065894508600678e-20,1.355252715606880543e-20,2.710505431213761085e-20,5.759824041329242306e-20,3.422013106907373370e-19,7.589415207398531038e-19,2.307317748320714124e-18,2.964615315390051187e-18,2.652907190800468662e-18,1.931235119739804773e-18,7.420008617947670970e-19,4.336808689942017736e-19,1.761828530288944705e-19,1.321371397716708529e-19,1.151964808265848461e-19,1.355252715606880543e-19,2.439454888092384977e-19,3.422013106907373370e-19,6.166399856011306468e-19,7.487771253728014997e-19,8.368685518872487350e-19,7.758821796849391106e-19,5.556536133988210224e-19,4.540096597283049817e-19,3.049318610115481221e-19,2.642742795433417058e-19,2.405573570202212963e-19,2.473336205982556990e-19,3.049318610115481221e-19,3.489775742687717397e-19,4.472333961502705790e-19,4.845028458294597939e-19,5.149960319306146062e-19,5.048316365635630021e-19,4.438452643612533777e-19,4.065758146820641628e-19,3.455894424797545383e-19,3.252606517456513302e-19,3.117081245895825248e-19,3.184843881676169275e-19,3.455894424797545383e-19,3.659182332138577465e-19,4.031876828930469614e-19,4.167402100491157668e-19,4.235164736271501695e-19,4.201283418381329682e-19,3.997995511040297600e-19,3.862470239479609546e-19,3.625301014248405451e-19,3.557538378468061424e-19,3.523657060577889411e-19,3.557538378468061424e-19,3.693063650028749478e-19,3.760826285809093505e-19,3.896351557369781560e-19,3.930232875259953573e-19,3.930232875259953573e-19,3.896351557369781560e-19,3.794707603699265519e-19,3.726944967918921492e-19,3.693063650028749478e-19,3.659182332138577465e-19
2.300000000000000000e+02,-1.074457984685298458e-05,7.912398035566757802e-07,1.422330739049013283e-06,2.874804007081038836e-06,3.741280083493660051e-06,5.937133730591627570e-06,7.321920152936936584e-06,1.080559528425316944e-05,1.293671362773731480e-05,1.789832468409777088e-05,2.054673818433919917e-05,2.501496390678464255e-05,2.606170340477365695e-05,2.340128763600065850e-05,1.948832640722976363e-05,9.237054153235418476e-06,5.043371400190363328e-06,8.490155707215189557e-07,2.538420773547696573e-07,1.037989535727802789e-08,1.329615903353708814e-09,9.013768260978695379e-12,3.967656400232248345e-13,2.878878640468970906e-16,3.950561665994056781e-18,0.000000000000000000e+00,0.000000000000000000e+00,0.000000000000000000e+00,1.694065894508600678e-21,1.372193374551966549e-19,1.331535793083760133e-18,3.549745675353321861e-17,8.747139839705708741e-17,1.310919011147590463e-16,8.719865378804120271e-17,1.476717240243147211e-17,4.247023197533061900e-18,2.727446090158847092e-19,7.792703114739563119e-20,1.524659305057740610e-20,1.185846126156020475e-20,2.371692252312040949e-20,4.912791094074941967e-20,2.862971361719535146e-19,6.386628422297424557e-19,1.951563910473907981e-18,2.512299721556254806e-18,2.246331376118404499e-18,1.634773588200799654e-18,6.251103150736736502e-19,3.659182332138577465e-19,1.456896669277396583e-19,1.101142831430590441e-19,9.656175598699023865e-20,1.135024149320762454e-19,2.049819732355406821e-19,2.879912020664621153e-19,5.200782296141404082e-19,6.301925127571994523e-19,7.047314121155778821e-19,6.539094352803198618e-19,4.675621868843737872e-19,3.794707603699265519e-19,2.558039500707987024e-19,2.219226321806266888e-19,1.998997755520148800e-19,2.083701050245578834e-19,2.558039500707987024e-19,2.930733997499879173e-19,3.743885626864007499e-19,4.082698805765727634e-19,4.336808689942017736e-19,4.235164736271501695e-19,3.726944967918921492e-19,3.405072447962287363e-19,2.913793338554793166e-19,2.744386749103933099e-19,2.625802136488331051e-19,2.659683454378503065e-19,2.913793338554793166e-19,3.083199928005653234e-19,3.388131789017201356e-19,3.506716401632803404e-19,3.574479037413147431e-19,3.523657060577889411e-19,3.354250471127029343e-19,3.235665858511427295e-19,3.049318610115481221e-19,2.981555974335137194e-19,2.947674656444965180e-19,2.981555974335137194e-19,3.100140586950739241e-19,3.167903222731083268e-19,3.269547176401599309e-19,3.303428494291771322e-19,3.286487835346685316e-19,3.269547176401599309e-19,3.184843881676169275e-19,3.134021904840911255e-19,3.083199928005653234e-19,3.083199928005653234e-19
2.310000000000000000e+02,-3.668892785717616177e-06,7.930835582522552470e-07,1.425114039217472660e-06,2.879442683360625812e-06,3.746017173851450374e-06,5.942301694442732531e-06,7.325932389708972604e-06,1.080468073533449772e-05,1.292989458409016276e-05,1.786906211652377886e-05,2.049700602926727888e-05,2.489960450610613539e-05,2.590392850822405201e-05,2.316751101771676621e-05,1.924387851126933464e-05,9.060349716743385575e-06,4.924462047026008252e-06,8.197209425493842063e-07,2.433705056520685352e-07,9.783546618884329425e-09,1.240224749169614423e-09,8.209353002277381371e-12,3.558962312850196420e-13,2.499069066920142634e-16,3.357638602916046544e-18,4.235164736271501695e-22,0.000000000000000000e+00,0.000000000000000000e+00,8.470329472543003391e-22,1.143494478793305458e-19,1.125706786900965151e-18,3.045168148673935149e-17,7.535416857011069391e-17,1.131453905448085578e-16,7.511826989430037127e-17,1.261782629877368500e-17,3.607936838829692294e-18,2.286988957586610915e-19,6.437450399132682577e-20,1.228197773518735492e-20,9.740878893424453899e-21,1.905824131322175763e-20,4.065758146820641628e-20,2.397103240729669960e-19,5.378659215064807153e-19,1.652561280093139962e-18,2.128593796450056752e-18,1.903283032480412862e-18,1.382357769919018153e-18,5.264309767185476607e-19,3.070494433796838729e-19,1.223962608782463990e-19,9.147955830346443662e-20,8.089164646278568238e-20,9.486769009248163798e-20,1.711006553453686685e-19,2.418279064411027468e-19,4.370690007832189750e-19,5.302426249811920123e-19,5.933465795516373875e-19,5.501478992416680702e-19,3.934468039996225075e-19,3.193314211148712278e-19,2.147228521289651360e-19,1.863472483959460746e-19,1.681360400299786173e-19,1.749123036080130200e-19,2.142993356553379858e-19,2.456395547037470983e-19,3.146727399049725760e-19,3.426248271643644872e-19,3.638006508457219956e-19,3.561773543204332926e-19,3.125551575368368251e-19,2.867206526455806648e-19,2.439454888092384977e-19,2.295459287059153919e-19,2.193815333388637878e-19,2.231931816015081393e-19,2.443690052828656478e-19,2.583450489125616034e-19,2.850265867510720641e-19,2.939204326972422177e-19,2.998496633280223200e-19,2.964615315390051187e-19,2.812149384884277126e-19,2.718975760686304088e-19,2.553804335971715522e-19,2.498747194400186000e-19,2.469101041246285488e-19,2.494512029663914499e-19,2.596155983334430539e-19,2.651213124905960061e-19,2.744386749103933099e-19,2.765562572785290607e-19,2.765562572785290607e-19,2.740151584367661597e-19,2.672388948587317570e-19,2.634272465960874055e-19,2.591920818598159038e-19,2.579215324389344532e-19
2.320000000000000000e+02,3.412924715409965583e-06,7.949259667191184417e-07,1.427895235824580745e-06,2.884077020092476640e-06,3.750747959997662881e-06,5.947861978332978160e-06,7.329928877677292991e-06,1.080374343343263130e-05,1.292305419009672358e-05,1.783981833253119032e-05,2.044736380755529510e-05,2.478474796302628140e-05,2.574708158916697769e-05,2.293605056038812648e-05,1.900248263157121865e-05,8.887020408423250629e-06,4.808353746415767098e-06,7.914367724832125384e-07,2.333308226759523588e-07,9.221456675866818999e-09,1.156843117119590999e-09,7.476724466870358909e-12,3.192365690948882704e-13,2.169369962530878770e-16,2.853653999299737842e-18,4.235164736271501695e-22,0.000000000000000000e+00,0.000000000000000000e+00,8.470329472543003391e-22,9.571472303973593831e-20,9.512179997665792808e-19,2.612291960979624961e-17,6.491491101167506939e-17,9.765612255484279469e-17,6.471247013728129160e-17,1.078061183617910757e-17,3.064988719639685777e-18,1.918529625530990268e-19,5.378659215064807153e-20,1.016439536705160407e-20,8.046812998915853221e-21,1.567010952420455627e-20,3.388131789017201356e-20,2.011703249728963305e-19,4.531626267810506814e-19,1.398874912390477010e-18,1.803756661178032572e-18,1.611903698624933545e-18,1.169328983684561618e-18,4.434217478876262275e-19,2.579215324389344532e-19,1.020674701441431909e-19,7.623296525288703052e-20,6.776263578034402713e-20,7.919758056827708170e-20,1.431485680859767573e-19,2.028643908674049312e-19,3.680358155819934973e-19,4.463863632030162787e-19,4.997494388800372001e-19,4.633270221481022855e-19,3.307663659028042824e-19,2.685094442796132075e-19,1.799945012915388221e-19,1.562775787684184126e-19,1.410309857178410065e-19,1.465366998749939587e-19,1.799945012915388221e-19,2.062525226564221326e-19,2.642742795433417058e-19,2.879912020664621153e-19,3.057788939588024224e-19,2.994261468543951699e-19,2.625802136488331051e-19,2.405573570202212963e-19,2.045584567619135319e-19,1.926999955003533271e-19,1.842296660278103237e-19,1.871942813432003749e-19,2.049819732355406821e-19,2.168404344971008868e-19,2.392868075993398458e-19,2.469101041246285488e-19,2.519923018081543509e-19,2.490276864927642997e-19,2.363221922839497946e-19,2.282753792850339414e-19,2.142993356553379858e-19,2.096406544454393339e-19,2.075230720773035831e-19,2.096406544454393339e-19,2.181109839179823373e-19,2.227696651278809892e-19,2.303929616531696922e-19,2.320870275476782929e-19,2.320870275476782929e-19,2.299694451795425421e-19,2.240402145487624397e-19,2.210755992333723885e-19,2.172639509707280370e-19,2.164169180234737366e-19
2.330000000000000000e+02,1.049495703645571124e-05,7.967670296599058756e-07,1.430674329995315454e-06,2.888707020077171928e-06,3.755472447413046703e-06,5.953410849702819136e-06,7.334453711145952402e-06,1.080278345070845839e-05,1.291619255258453001e-05,1.781059347048085512e-05,2.039781152298559891e-05,2.467039229017159186e-05,2.559115741425924606e-05,2.270688354520601551e-05,1.876410086533504781e-05,8.717001869782152381e-06,4.694980579116009534e-06,7.641282186621143208e-07,2.237052193649344614e-07,8.691657607168604659e-09,1.079067025173247561e-09,6.809476493755566885e-12,2.863530352642746149e-13,1.883174470312595772e-16,2.424208295041807570e-18,0.000000000000000000e+00,0.000000000000000000e+00,0.000000000000000000e+00,0.000000000000000000e+00,7.962109704190423187e-20,8.029872339970767214e-19,2.241079771845427837e-17,5.592280924362341699e-17,8.428655451538091814e-17,5.574832045648903112e-17,9.210636268443261887e-18,2.603779279859719242e-18,1.609362599783170644e-19,4.404571325722361763e-20,8.470329472543003391e-21,6.776263578034402713e-21,1.355252715606880543e-20,2.879912020664621153e-20,1.694065894508600678e-19,3.811648262644351526e-19,1.184152060261511874e-18,1.528047436846757812e-18,1.365417110973932147e-18,9.893344823930227960e-19,3.726944967918921492e-19,2.168404344971008868e-19,8.470329472543003391e-20,6.437450399132682577e-20,5.590417451878382238e-20,6.606856988583542645e-20,1.202786785101106481e-19,1.694065894508600678e-19,3.100140586950739241e-19,3.760826285809093505e-19,4.218224077326415689e-19,3.896351557369781560e-19,2.778268066994105112e-19,2.253107639696438902e-19,1.507718646112654604e-19,1.304430738771622522e-19,1.185846126156020475e-19,1.219727444046192488e-19,1.507718646112654604e-19,1.727947212398772692e-19,2.219226321806266888e-19,2.422514229147298970e-19,2.574980159653073031e-19,2.507217523872729004e-19,2.202285662861180882e-19,2.015938414465234807e-19,1.711006553453686685e-19,1.609362599783170644e-19,1.541599964002826617e-19,1.575481281892998631e-19,1.727947212398772692e-19,1.812650507124202726e-19,2.015938414465234807e-19,2.066760391300492827e-19,2.117582368135750848e-19,2.083701050245578834e-19,1.982057096575062793e-19,1.914294460794718766e-19,1.795709848179116719e-19,1.761828530288944705e-19,1.744887871343858698e-19,1.761828530288944705e-19,1.829591166069288732e-19,1.863472483959460746e-19,1.931235119739804773e-19,1.948175778684890780e-19,1.948175778684890780e-19,1.931235119739804773e-19,1.880413142904546753e-19,1.863472483959460746e-19,1.829591166069288732e-19,1.812650507124202726e-19
2.340000000000000000e+02,1.757127952110263959e-05,7.986067477769378815e-07,1.433451322854124458e-06,2.893332686113718499e-06,3.760190641574237780e-06,5.958948322346031151e-06,7.339044746979964454e-06,1.080180085915469904e-05,1.290930977805019762e-05,1.778138766776964883e-05,2.034834917812301623e-05,2.455653550650276838e-05,2.543615077775887476e-05,2.248055860893144502e-05,1.852869577755985106e-05,8.550230967312374839e-06,4.584278175634584818e-06,7.377616401933917336e-07,2.144766208614288215e-07,8.192294525026999012e-09,1.006519646973194192e-09,6.201774587855177906e-12,2.568566798870960260e-13,1.634739706882909482e-16,2.059984127722458425e-18,0.000000000000000000e+00,0.000000000000000000e+00,0.000000000000000000e+00,0.000000000000000000e+00,6.776263578034402713e-20,6.776263578034402713e-19,1.922425977088360050e-17,4.817584590803558608e-17,7.274657764198833032e-17,4.802337997752981202e-17,7.870630145886958751e-18,2.212450058228232486e-18,1.355252715606880543e-19,3.726944967918921492e-20,6.776263578034402713e-21,6.776263578034402713e-21,1.016439536705160407e-20,2.371692252312040949e-20,1.423015351387224570e-19,3.218725199566341288e-19,1.002887009549091601e-18,1.294266343404570918e-18,1.155352940054865662e-18,8.368685518872487350e-19,3.150962563785997261e-19,1.829591166069288732e-19,7.115076756936122848e-20,5.421010862427522170e-20,4.743384504624081899e-20,5.421010862427522170e-20,1.016439536705160407e-19,1.423015351387224570e-19,2.608861477543245044e-19,3.150962563785997261e-19,3.557538378468061424e-19,3.286487835346685316e-19,2.337810934421868936e-19,1.897353801849632760e-19,1.253608761936364502e-19,1.084202172485504434e-19,9.825582188149883933e-20,1.016439536705160407e-19,1.253608761936364502e-19,1.456896669277396583e-19,1.863472483959460746e-19,2.032879073410320814e-19,2.168404344971008868e-19,2.100641709190664841e-19,1.863472483959460746e-19,1.694065894508600678e-19,1.456896669277396583e-19,1.355252715606880543e-19,1.287490079826536515e-19,1.321371397716708529e-19,1.456896669277396583e-19,1.524659305057740610e-19,1.694065894508600678e-19,1.727947212398772692e-19,1.761828530288944705e-19,1.761828530288944705e-19,1.660184576618428665e-19,1.626303258728256651e-19,1.524659305057740610e-19,1.490777987167568597e-19,1.456896669277396583e-19,1.490777987167568597e-19,1.524659305057740610e-19,1.558540622947912624e-19,1.626303258728256651e-19,1.626303258728256651e-19,1.626303258728256651e-19,1.626303258728256651e-19,1.592421940838084637e-19,1.558540622947912624e-19,1.524659305057740610e-19,1.524659305057740610e-19
2.350000000000000000e+02,2.463596395246998703e-05,8.004451217722074140e-07,1.436226215524927306e-06,2.897954020999545151e-06,3.764902547953762670e-06,5.964474410042255458e-06,7.343620861886500080e-06,1.080079573059626076e-05,1.290240597266023971e-05,1.775220106083490098e-05,2.029897677432360956e-05,2.444317563730708973e-05,2.528205650139644299e-05,2.225721638425492922e-05,1.829623039531265985e-05,8.386645769221629345e-06,4.476183679835843009e-06,7.123045557713179941e-07,2.056286562498382613e-07,7.721619083137675659e-09,9.388494865230864218e-10,5.648304906609316958e-12,2.303986028925984059e-13,1.419051237194074444e-16,1.751664134921893101e-18,0.000000000000000000e+00,0.000000000000000000e+00,0.000000000000000000e+00,0.000000000000000000e+00,5.421010862427522170e-20,5.725942723439070292e-19,1.649342554893573620e-17,4.150122628367169941e-17,6.278885831406677553e-17,4.137247727568904576e-17,6.725441601199144692e-18,1.880413142904546753e-18,1.118083490375676448e-19,3.049318610115481221e-20,6.776263578034402713e-21,3.388131789017201356e-21,1.016439536705160407e-20,2.032879073410320814e-20,1.185846126156020475e-19,2.710505431213761085e-19,8.470329472543003391e-19,1.097754699641573239e-18,9.791700870259711920e-19,7.081195439045950835e-19,2.642742795433417058e-19,1.524659305057740610e-19,6.098637220230962441e-20,4.404571325722361763e-20,4.065758146820641628e-20,4.743384504624081899e-20,8.470329472543003391e-20,1.185846126156020475e-19,2.202285662861180882e-19,2.676624113323589071e-19,2.981555974335137194e-19,2.778268066994105112e-19,1.965116437629976787e-19,1.592421940838084637e-19,1.050320854595332420e-19,9.147955830346443662e-20,8.131516293641283255e-20,8.470329472543003391e-20,1.050320854595332420e-19,1.219727444046192488e-19,1.558540622947912624e-19,1.694065894508600678e-19,1.829591166069288732e-19,1.761828530288944705e-19,1.558540622947912624e-19,1.423015351387224570e-19,1.219727444046192488e-19,1.151964808265848461e-19,1.084202172485504434e-19,1.118083490375676448e-19,1.219727444046192488e-19,1.287490079826536515e-19,1.423015351387224570e-19,1.456896669277396583e-19,1.490777987167568597e-19,1.490777987167568597e-19,1.389134033497052556e-19,1.355252715606880543e-19,1.253608761936364502e-19,1.253608761936364502e-19,1.219727444046192488e-19,1.253608761936364502e-19,1.287490079826536515e-19,1.321371397716708529e-19,1.355252715606880543e-19,1.389134033497052556e-19,1.389134033497052556e-19,1.355252715606880543e-19,1.321371397716708529e-19,1.321371397716708529e-19,1.287490079826536515e-19,1.287490079826536515e-19
2.360000000000000000e+02,3.168308401993766938e-05,8.022821523473880963e-07,1.438999009131125160e-06,2.902571027530504355e-06,3.769608172020045753e-06,5.969989126557037834e-06,7.348182079683156752e-06,1.079976813669058253e-05,1.289548124225199904e-05,1.772303378515882675e-05,2.024969431174351755e-05,2.433031071419048026e-05,2.512886943424696935e-05,2.203607467220052853e-05,1.806666820206664860e-05,8.226185522604161397e-06,4.370635713399389144e-06,6.877256037213222623e-07,1.971456295417288299e-07,7.277983357634448119e-09,8.757286755836386077e-10,5.144227796830772720e-12,2.066658611821550751e-13,1.231856955850874069e-16,1.490777987167568597e-18,0.000000000000000000e+00,0.000000000000000000e+00,0.000000000000000000e+00,0.000000000000000000e+00,4.743384504624081899e-20,4.878909776184769953e-19,1.414883835093583286e-17,3.575156663770950871e-17,5.418977983354111849e-17,3.564314642046095827e-17,5.746271514173173500e-18,1.599198204416119040e-18,9.486769009248163798e-20,2.710505431213761085e-20,6.776263578034402713e-21,6.776263578034402713e-21,6.776263578034402713e-21,1.355252715606880543e-20,1.016439536705160407e-19,2.303929616531696922e-19,7.182839392716466875e-19,9.283481101907131716e-19,8.267041565201971309e-19,5.963111948670274387e-19,2.236166980751352895e-19,1.287490079826536515e-19,4.743384504624081899e-20,3.388131789017201356e-20,3.388131789017201356e-20,4.065758146820641628e-20,6.776263578034402713e-20,1.016439536705160407e-19,1.829591166069288732e-19,2.236166980751352895e-19,2.507217523872729004e-19,2.303929616531696922e-19,1.626303258728256651e-19,1.355252715606880543e-19,8.809142651444723526e-20,7.453889935837842984e-20,6.776263578034402713e-20,7.453889935837842984e-20,8.809142651444723526e-20,1.016439536705160407e-19,1.287490079826536515e-19,1.423015351387224570e-19,1.558540622947912624e-19,1.490777987167568597e-19,1.287490079826536515e-19,1.219727444046192488e-19,1.016439536705160407e-19,9.486769009248163798e-20,8.809142651444723526e-20,9.486769009248163798e-20,1.016439536705160407e-19,1.084202172485504434e-19,1.219727444046192488e-19,1.219727444046192488e-19,1.219727444046192488e-19,1.219727444046192488e-19,1.151964808265848461e-19,1.151964808265848461e-19,1.084202172485504434e-19,1.016439536705160407e-19,1.016439536705160407e-19,1.016439536705160407e-19,1.084202172485504434e-19,1.084202172485504434e-19,1.151964808265848461e-19,1.151964808265848461e-19,1.151964808265848461e-19,1.151964808265848461e-19,1.084202172485504434e-19,1.084202172485504434e-19,1.084202172485504434e-19,1.084202172485504434e-19
2.370000000000000000e+02,3.870672077280281644e-05,8.041178402038367612e-07,1.441769704795575389e-06,2.907183708500876490e-06,3.774618251722049493e-06,5.975492485641795549e-06,7.352728424156123959e-06,1.079871814892799386e-05,1.288853569233448803e-05,1.769388597527290444e-05,2.020050178934759141e-05,2.421793877506964599e-05,2.497658445260214535e-05,2.181711200913200895e-05,1.783997313210781017e-05,8.068790631044715019e-06,4.267574341112678683e-06,6.639945034203265290e-07,1.890124918565831442e-07,6.859834079471678354e-09,8.168513854689071763e-10,4.685135485409282208e-12,1.853777209319916464e-13,1.069294392613828748e-16,1.267161289092433307e-18,0.000000000000000000e+00,0.000000000000000000e+00,0.000000000000000000e+00,0.000000000000000000e+00,4.065758146820641628e-20,4.065758146820641628e-19,1.213628806825961526e-17,3.079811796216636033e-17,4.677654747917148192e-17,3.070325027207387869e-17,4.906014830496907564e-18,1.355252715606880543e-18,8.131516293641283255e-20,2.032879073410320814e-20,6.776263578034402713e-21,0.000000000000000000e+00,6.776263578034402713e-21,1.355252715606880543e-20,8.131516293641283255e-20,1.897353801849632760e-19,6.098637220230962441e-19,7.860465750519907147e-19,7.047314121155778821e-19,5.082197683525802034e-19,1.897353801849632760e-19,1.084202172485504434e-19,4.065758146820641628e-20,3.388131789017201356e-20,2.710505431213761085e-20,3.388131789017201356e-20,6.098637220230962441e-20,8.131516293641283255e-20,1.558540622947912624e-19,1.897353801849632760e-19,2.100641709190664841e-19,1.965116437629976787e-19,1.423015351387224570e-19,1.151964808265848461e-19,7.453889935837842984e-20,6.776263578034402713e-20,6.098637220230962441e-20,6.098637220230962441e-20,7.453889935837842984e-20,8.809142651444723526e-20,1.084202172485504434e-19,1.219727444046192488e-19,1.287490079826536515e-19,1.287490079826536515e-19,1.084202172485504434e-19,1.016439536705160407e-19,8.809142651444723526e-20,8.131516293641283255e-20,7.453889935837842984e-20,7.453889935837842984e-20,8.809142651444723526e-20,8.809142651444723526e-20,1.016439536705160407e-19,1.016439536705160407e-19,1.084202172485504434e-19,1.016439536705160407e-19,1.016439536705160407e-19,9.486769009248163798e-20,8.809142651444723526e-20,8.809142651444723526e-20,8.809142651444723526e-20,8.809142651444723526e-20,8.809142651444723526e-20,9.486769009248163798e-20,9.486769009248163798e-20,9.486769009248163798e-20,9.486769009248163798e-20,9.486769009248163798e-20,9.486769009248163798e-20,9.486769009248163798e-20,8.809142651444723526e-20,8.809142651444723526e-20
2.380000000000000000e+02,4.570096805645031509e-05,8.059521860425815929e-07,1.444538303640630528e-06,2.911792066703376616e-06,3.780051711667433464e-06,5.980984501033885124e-06,7.357259919060162880e-06,1.079764583863200962e-05,1.288156942808924265e-05,1.766475776476229359e-05,2.015139920491807525e-05,2.410605786416388218e-05,2.482519645984322627e-05,2.160030713817740253e-05,1.761610956500991924e-05,7.914402632647267216e-06,4.166941036977488794e-06,6.410820180459560723e-07,1.812148147490276473e-07,6.465707198010967223e-09,7.619323456195471918e-10,4.267013541006496602e-12,1.662823931282073064e-13,9.282803475549328276e-17,1.077425908907470031e-18,0.000000000000000000e+00,0.000000000000000000e+00,0.000000000000000000e+00,0.000000000000000000e+00,3.388131789017201356e-20,3.455894424797545383e-19,1.040834085586084257e-17,2.652907190800468662e-17,4.037297839792897136e-17,2.644775674506827379e-17,4.194507154803295279e-18,1.151964808265848461e-18,6.776263578034402713e-20,2.032879073410320814e-20,0.000000000000000000e+00,0.000000000000000000e+00,6.776263578034402713e-21,1.355252715606880543e-20,6.776263578034402713e-20,1.626303258728256651e-19,5.149960319306146062e-19,6.708500942254058685e-19,5.963111948670274387e-19,4.269046054161673709e-19,1.558540622947912624e-19,8.809142651444723526e-20,3.388131789017201356e-20,2.710505431213761085e-20,2.032879073410320814e-20,2.710505431213761085e-20,4.743384504624081899e-20,6.776263578034402713e-20,1.287490079826536515e-19,1.558540622947912624e-19,1.761828530288944705e-19,1.626303258728256651e-19,1.151964808265848461e-19,9.486769009248163798e-20,6.098637220230962441e-20,5.421010862427522170e-20,4.743384504624081899e-20,4.743384504624081899e-20,6.098637220230962441e-20,7.453889935837842984e-20,9.486769009248163798e-20,1.016439536705160407e-19,1.084202172485504434e-19,1.084202172485504434e-19,9.486769009248163798e-20,8.131516293641283255e-20,7.453889935837842984e-20,6.776263578034402713e-20,6.098637220230962441e-20,6.776263578034402713e-20,7.453889935837842984e-20,7.453889935837842984e-20,8.131516293641283255e-20,8.809142651444723526e-20,8.809142651444723526e-20,8.809142651444723526e-20,8.131516293641283255e-20,8.131516293641283255e-20,7.453889935837842984e-20,7.453889935837842984e-20,7.453889935837842984e-20,7.453889935837842984e-20,7.453889935837842984e-20,7.453889935837842984e-20,8.131516293641283255e-20,8.131516293641283255e-20,8.131516293641283255e-20,8.131516293641283255e-20,8.131516293641283255e-20,7.453889935837842984e-20,7.453889935837842984e-20,7.453889935837842984e-20
2.390000000000000000e+02,5.265993792671894223e-05,8.077851905643356790e-07,1.447304806788101013e-06,2.916396104929140924e-06,3.785479171985522355e-06,5.986465186456575228e-06,7.361776588118721580e-06,1.079655127695976029e-05,1.287458255437123715e-05,1.763564928627016500e-05,2.010238655506327299e-05,2.399466603198698240e-05,2.467470038631391525e-05,2.138563900726863439e-05,1.739504232017634008e-05,7.762964178479967315e-06,4.068678651111845047e-06,6.189599186088608337e-07,1.737387646351325502e-07,6.094222756868235020e-09,7.107054617668147334e-10,3.886205762846251660e-12,1.491539978006918565e-13,8.057655020640708265e-17,9.147955830346443662e-19,0.000000000000000000e+00,0.000000000000000000e+00,0.000000000000000000e+00,0.000000000000000000e+00,2.710505431213761085e-20,2.913793338554793166e-19,8.931115395849342775e-18,2.285633704871004035e-17,3.484354731825289875e-17,2.278857441292969632e-17,3.584643432780199035e-18,9.757819552369539906e-19,5.421010862427522170e-20,1.355252715606880543e-20,0.000000000000000000e+00,0.000000000000000000e+00,6.776263578034402713e-21,6.776263578034402713e-21,6.098637220230962441e-20,1.355252715606880543e-19,4.336808689942017736e-19,5.692061405548898279e-19,5.014435047745458007e-19,3.591419696358233438e-19,1.355252715606880543e-19,7.453889935837842984e-20,2.710505431213761085e-20,2.032879073410320814e-20,2.032879073410320814e-20,2.032879073410320814e-20,4.065758146820641628e-20,6.098637220230962441e-20,1.084202172485504434e-19,1.355252715606880543e-19,1.490777987167568597e-19,1.423015351387224570e-19,1.016439536705160407e-19,8.131516293641283255e-20,5.421010862427522170e-20,4.743384504624081899e-20,4.065758146820641628e-20,4.065758146820641628e-20,5.421010862427522170e-20,6.098637220230962441e-20,8.131516293641283255e-20,8.809142651444723526e-20,8.809142651444723526e-20,8.809142651444723526e-20,7.453889935837842984e-20,6.776263578034402713e-20,6.098637220230962441e-20,5.421010862427522170e-20,5.421010862427522170e-20,5.421010862427522170e-20,6.098637220230962441e-20,6.098637220230962441e-20,6.776263578034402713e-20,7.453889935837842984e-20,7.453889935837842984e-20,7.453889935837842984e-20,6.776263578034402713e-20,6.776263578034402713e-20,6.098637220230962441e-20,6.098637220230962441e-20,6.098637220230962441e-20,6.098637220230962441e-20,6.098637220230962441e-20,6.776263578034402713e-20,6.776263578034402713e-20,6.776263578034402713e-20,6.776263578034402713e-20,6.776263578034402713e-20,6.776263578034402713e-20,6.776263578034402713e-20,6.098637220230962441e-20,6.098637220230962441e-20
2.400000000000000000e+02,5.957776603814864721e-05,8.096168871011126555e-07,1.450069264607397365e-06,2.920995907904666068e-06,3.790900733710453547e-06,5.991934652992416083e-06,7.366278535123605667e-06,1.079543451480263197e-05,1.286757505064338523e-05,1.760656015326789354e-05,2.005346296413562125e-05,2.388375936314501120e-05,2.452508853075949181e-05,2.117308299786362276e-05,1.717673278524879394e-05,7.614416389536672819e-06,3.972729687777996270e-06,5.976005752108951886e-07,1.665709532030018266e-07,5.744074006589286463e-09,6.629217046046900416e-10,3.539376331894352606e-12,1.337896739467096807e-13,6.994459265247110480e-17,7.792703114739563119e-19,0.000000000000000000e+00,0.000000000000000000e+00,0.000000000000000000e+00,0.000000000000000000e+00,2.032879073410320814e-20,2.439454888092384977e-19,7.663954106756909468e-18,1.969182195776797428e-17,3.007305775931667924e-17,1.963083558556566466e-17,3.062871137271550026e-18,8.334804200982315336e-19,4.743384504624081899e-20,1.355252715606880543e-20,0.000000000000000000e+00,0.000000000000000000e+00,6.776263578034402713e-21,6.776263578034402713e-21,4.743384504624081899e-20,1.151964808265848461e-19,3.659182332138577465e-19,4.811147140404425926e-19,4.269046054161673709e-19,3.049318610115481221e-19,1.151964808265848461e-19,6.098637220230962441e-20,2.710505431213761085e-20,2.032879073410320814e-20,1.355252715606880543e-20,2.032879073410320814e-20,3.388131789017201356e-20,4.743384504624081899e-20,9.486769009248163798e-20,1.151964808265848461e-19,1.287490079826536515e-19,1.151964808265848461e-19,8.131516293641283255e-20,6.776263578034402713e-20,4.065758146820641628e-20,4.065758146820641628e-20,3.388131789017201356e-20,3.388131789017201356e-20,4.065758146820641628e-20,4.743384504624081899e-20,6.776263578034402713e-20,7.453889935837842984e-20,7.453889935837842984e-20,7.453889935837842984e-20,6.776263578034402713e-20,6.098637220230962441e-20,4.743384504624081899e-20,4.743384504624081899e-20,4.743384504624081899e-20,4.743384504624081899e-20,4.743384504624081899e-20,5.421010862427522170e-20,6.098637220230962441e-20,6.098637220230962441e-20,6.098637220230962441e-20,6.098637220230962441e-20,6.098637220230962441e-20,5.421010862427522170e-20,5.421010862427522170e-20,5.421010862427522170e-20,5.421010862427522170e-20,5.421010862427522170e-20,5.421010862427522170e-20,5.421010862427522170e-20,5.421010862427522170e-20,5.421010862427522170e-20,5.421010862427522170e-20,5.421010862427522170e-20,5.421010862427522170e-20,5.421010862427522170e-20,5.421010862427522170e-20,5.421010862427522170e-20
2.410000000000000000e+02,6.644861700180309519e-05,8.114472110658439187e-07,1.452831579685739428e-06,2.925591314467202234e-06,3.796316208065891439e-06,5.997392719388588132e-06,7.370765623273092034e-06,1.079429566279171309e-05,1.286054727088005759e-05,1.757749153335367643e-05,2.000463017020454558e-05,2.377333987373327388e-05,2.437636120961122436e-05,2.096262603752128203e-05,1.696115442388119619e-05,7.468709373654411907e-06,3.879043072230536969e-06,5.769784324671431690e-07,1.596989193409912482e-07,5.414047429667424860e-09,6.183512519294248611e-10,3.223504796423526386e-12,1.200082378307112951e-13,6.071532165918824830e-17,6.640738306473714658e-19,0.000000000000000000e+00,0.000000000000000000e+00,0.000000000000000000e+00,0.000000000000000000e+00,1.355252715606880543e-20,2.032879073410320814e-19,6.572975670693370631e-18,1.696776399939814439e-17,2.595308950387176239e-17,1.691355389077386917e-17,2.615637741121279447e-18,7.047314121155778821e-19,4.065758146820641628e-20,1.355252715606880543e-20,0.000000000000000000e+00,0.000000000000000000e+00,0.000000000000000000e+00,0.000000000000000000e+00,4.065758146820641628e-20,9.486769009248163798e-20,3.117081245895825248e-19,4.065758146820641628e-19,3.659182332138577465e-19,2.574980159653073031e-19,9.486769009248163798e-20,5.421010862427522170e-20,2.710505431213761085e-20,1.355252715606880543e-20,1.355252715606880543e-20,1.355252715606880543e-20,2.710505431213761085e-20,4.065758146820641628e-20,8.131516293641283255e-20,9.486769009248163798e-20,1.084202172485504434e-19,9.486769009248163798e-20,6.776263578034402713e-20,5.421010862427522170e-20,4.065758146820641628e-20,2.710505431213761085e-20,2.710505431213761085e-20,2.710505431213761085e-20,4.065758146820641628e-20,4.065758146820641628e-20,5.421010862427522170e-20,5.421010862427522170e-20,6.776263578034402713e-20,6.776263578034402713e-20,5.421010862427522170e-20,5.421010862427522170e-20,4.065758146820641628e-20,4.065758146820641628e-20,4.065758146820641628e-20,4.065758146820641628e-20,4.065758146820641628e-20,4.065758146820641628e-20,5.421010862427522170e-20,5.421010862427522170e-20,5.421010862427522170e-20,5.421010862427522170e-20,5.421010862427522170e-20,4.065758146820641628e-20,4.065758146820641628e-20,4.065758146820641628e-20,4.065758146820641628e-20,4.065758146820641628e-20,4.065758146820641628e-20,4.065758146820641628e-20,5.421010862427522170e-20,5.421010862427522170e-20,5.421010862427522170e-20,5.421010862427522170e-20,4.065758146820641628e-20,4.065758146820641628e-20,4.065758146820641628e-20,4.065758146820641628e-20
2.420000000000000000e+02,7.326668970837346164e-05,8.132761958137856885e-07,1.455591802428804287e-06,2.930182409417039584e-06,3.801725696186980400e-06,6.002839496901100393e-06,7.375237956560058358e-06,1.079313477188191723e-05,1.285349919425982914e-05,1.754844303778139015e-05,1.995588729371450298e-05,2.366340365224055948e-05,2.422851075914877366e-05,2.075424387014595856e-05,1.674826942777534724e-05,7.325786322569843487e-06,3.787563861623417989e-06,5.570676938983128981e-07,1.531103404899154807e-07,5.102981041199550205e-09,5.767772637944130684e-10,2.935822551318641171e-12,1.076698815825546940e-13,5.270577810995158430e-17,5.556536133988210224e-19,0.000000000000000000e+00,0.000000000000000000e+00,0.000000000000000000e+00,0.000000000000000000e+00,1.355252715606880543e-20,1.761828530288944705e-19,5.637851296924623057e-18,1.460962427424217225e-17,2.240232738898173537e-17,1.456896669277396583e-17,2.236166980751352895e-18,5.963111948670274387e-19,2.710505431213761085e-20,1.355252715606880543e-20,0.000000000000000000e+00,0.000000000000000000e+00,0.000000000000000000e+00,0.000000000000000000e+00,4.065758146820641628e-20,8.131516293641283255e-20,2.574980159653073031e-19,3.388131789017201356e-19,3.117081245895825248e-19,2.168404344971008868e-19,8.131516293641283255e-20,4.065758146820641628e-20,1.355252715606880543e-20,1.355252715606880543e-20,1.355252715606880543e-20,1.355252715606880543e-20,2.710505431213761085e-20,4.065758146820641628e-20,6.776263578034402713e-20,8.131516293641283255e-20,9.486769009248163798e-20,8.131516293641283255e-20,5.421010862427522170e-20,4.065758146820641628e-20,2.710505431213761085e-20,2.710505431213761085e-20,2.710505431213761085e-20,2.710505431213761085e-20,2.710505431213761085e-20,4.065758146820641628e-20,4.065758146820641628e-20,5.421010862427522170e-20,5.421010862427522170e-20,5.421010862427522170e-20,4.065758146820641628e-20,4.065758146820641628e-20,4.065758146820641628e-20,2.710505431213761085e-20,2.710505431213761085e-20,2.710505431213761085e-20,4.065758146820641628e-20,4.065758146820641628e-20,4.065758146820641628e-20,4.065758146820641628e-20,4.065758146820641628e-20,4.065758146820641628e-20,4.065758146820641628e-20,4.065758146820641628e-20,4.065758146820641628e-20,4.065758146820641628e-20,4.065758146820641628e-20,4.065758146820641628e-20,4.065758146820641628e-20,4.065758146820641628e-20,4.065758146820641628e-20,4.065758146820641628e-20,4.065758146820641628e-20,4.065758146820641628e-20,4.065758146820641628e-20,4.065758146820641628e-20,4.065758146820641628e-20,4.065758146820641628e-20
2.430000000000000000e+02,8.002622261228726943e-05,8.151038420443771151e-07,1.458356324272143054e-06,2.934769195539046267e-06,3.807129202532271470e-06,6.008274999197080191e-06,7.379695558582910313e-06,1.079206969410022342e-05,1.284643092433991802e-05,1.751941479546966613e-05,1.990723432666311919e-05,2.355394877427447343e-05,2.408153221630701104e-05,2.054791624364358323e-05,1.653804432239469569e-05,7.185594131734227919e-06,3.698240094838722261e-06,5.378438263329437825e-07,1.467935272209510214e-07,4.809785658811812845e-09,5.379982990409790805e-10,2.673813969712723893e-12,9.669389312676190951e-14,4.575333167888828712e-17,4.743384504624081899e-19,0.000000000000000000e+00,0.000000000000000000e+00,0.000000000000000000e+00,0.000000000000000000e+00,1.355252715606880543e-20,1.490777987167568597e-19,4.838252194716563537e-18,1.259029772798792024e-17,1.933945625171018534e-17,1.254964014651971382e-17,1.910906329005701565e-18,5.149960319306146062e-19,2.710505431213761085e-20,1.355252715606880543e-20,0.000000000000000000e+00,0.000000000000000000e+00,0.000000000000000000e+00,0.000000000000000000e+00,2.710505431213761085e-20,6.776263578034402713e-20,2.168404344971008868e-19,2.981555974335137194e-19,2.574980159653073031e-19,1.897353801849632760e-19,6.776263578034402713e-20,4.065758146820641628e-20,1.355252715606880543e-20,1.355252715606880543e-20,1.355252715606880543e-20,1.355252715606880543e-20,2.710505431213761085e-20,2.710505431213761085e-20,5.421010862427522170e-20,6.776263578034402713e-20,8.131516293641283255e-20,6.776263578034402713e-20,5.421010862427522170e-20,4.065758146820641628e-20,2.710505431213761085e-20,2.710505431213761085e-20,1.355252715606880543e-20,2.710505431213761085e-20,2.710505431213761085e-20,2.710505431213761085e-20,4.065758146820641628e-20,4.065758146820641628e-20,4.065758146820641628e-20,4.065758146820641628e-20,4.065758146820641628e-20,4.065758146820641628e-20,2.710505431213761085e-20,2.710505431213761085e-20,2.710505431213761085e-20,2.710505431213761085e-20,2.710505431213761085e-20,2.710505431213761085e-20,4.065758146820641628e-20,4.065758146820641628e-20,4.065758146820641628e-20,4.065758146820641628e-20,4.065758146820641628e-20,2.710505431213761085e-20,2.710505431213761085e-20,2.710505431213761085e-20,2.710505431213761085e-20,2.710505431213761085e-20,2.710505431213761085e-20,2.710505431213761085e-20,2.710505431213761085e-20,4.065758146820641628e-20,4.065758146820641628e-20,2.710505431213761085e-20,2.710505431213761085e-20,2.710505431213761085e-20,2.710505431213761085e-20,2.710505431213761085e-20
2.440000000000000000e+02,8.672149897256610409e-05,8.169301504566982069e-07,1.461126580664669867e-06,2.939351675616477680e-06,3.812526731557415449e-06,6.013699239929627986e-06,7.384138452908869206e-06,1.079115760716398576e-05,1.283934256435530392e-05,1.749040693441677010e-05,1.985867125991634327e-05,2.344497332169446970e-05,2.393542064435583464e-05,2.034362310119061732e-05,1.633044604672105788e-05,7.048080707765101054e-06,3.611021032672948072e-06,5.192831423460217378e-07,1.407372720642634158e-07,4.533434663854096075e-09,5.018264579380836421e-10,2.435187915574878181e-12,8.683677420791985346e-14,3.972245709443766870e-17,4.065758146820641628e-19,0.000000000000000000e+00,0.000000000000000000e+00,0.000000000000000000e+00,0.000000000000000000e+00,1.355252715606880543e-20,1.219727444046192488e-19,4.147073309757054460e-18,1.084202172485504434e-17,1.668316092912069948e-17,1.081491667054290673e-17,1.626303258728256651e-18,4.336808689942017736e-19,2.710505431213761085e-20,0.000000000000000000e+00,0.000000000000000000e+00,0.000000000000000000e+00,0.000000000000000000e+00,0.000000000000000000e+00,2.710505431213761085e-20,5.421010862427522170e-20,1.897353801849632760e-19,2.439454888092384977e-19,2.168404344971008868e-19,1.626303258728256651e-19,5.421010862427522170e-20,2.710505431213761085e-20,1.355252715606880543e-20,1.355252715606880543e-20,1.355252715606880543e-20,1.355252715606880543e-20,1.355252715606880543e-20,2.710505431213761085e-20,4.065758146820641628e-20,5.421010862427522170e-20,6.776263578034402713e-20,5.421010862427522170e-20,4.065758146820641628e-20,2.710505431213761085e-20,2.710505431213761085e-20,1.355252715606880543e-20,1.355252715606880543e-20,1.355252715606880543e-20,2.710505431213761085e-20,2.710505431213761085e-20,2.710505431213761085e-20,4.065758146820641628e-20,4.065758146820641628e-20,4.065758146820641628e-20,2.710505431213761085e-20,2.710505431213761085e-20,2.710505431213761085e-20,2.710505431213761085e-20,2.710505431213761085e-20,2.710505431213761085e-20,2.710505431213761085e-20,2.710505431213761085e-20,2.710505431213761085e-20,2.710505431213761085e-20,2.710505431213761085e-20,2.710505431213761085e-20,2.710505431213761085e-20,2.710505431213761085e-20,2.710505431213761085e-20,2.710505431213761085e-20,2.710505431213761085e-20,2.710505431213761085e-20,2.710505431213761085e-20,2.710505431213761085e-20,2.710505431213761085e-20,2.710505431213761085e-20,2.710505431213761085e-20,2.710505431213761085e-20,2.710505431213761085e-20,2.710505431213761085e-20,2.710505431213761085e-20,2.710505431213761085e-20
2.450000000000000000e+02,9.334685204620167065e-05,8.187551217495579216e-07,1.463894714505333677e-06,2.943929852431084889e-06,3.817918287715149346e-06,6.019112232737817373e-06,7.388566663074053295e-06,1.079022339613490715e-05,1.283223421721948706e-05,1.746141958170477630e-05,1.981019808321694505e-05,2.333647538260305522e-05,2.379017113277586565e-05,2.014134457938010752e-05,1.612544194818259821e-05,6.913194949230145984e-06,3.525857129133095355e-06,5.013627711135377031e-07,1.349308296420798732e-07,4.272960407866125548e-09,4.680864718997323343e-10,2.217857679193829812e-12,7.798450741506451900e-14,3.447762908503904100e-17,3.388131789017201356e-19,0.000000000000000000e+00,0.000000000000000000e+00,0.000000000000000000e+00,0.000000000000000000e+00,1.355252715606880543e-20,1.084202172485504434e-19,3.564314642046095827e-18,9.337691210531406938e-18,1.440633636690114017e-17,9.310586156219269327e-18,1.395910297075086959e-18,3.659182332138577465e-19,1.355252715606880543e-20,0.000000000000000000e+00,0.000000000000000000e+00,0.000000000000000000e+00,0.000000000000000000e+00,0.000000000000000000e+00,2.710505431213761085e-20,5.421010862427522170e-20,1.626303258728256651e-19,2.032879073410320814e-19,1.897353801849632760e-19,1.355252715606880543e-19,5.421010862427522170e-20,2.710505431213761085e-20,1.355252715606880543e-20,1.355252715606880543e-20,0.000000000000000000e+00,1.355252715606880543e-20,1.355252715606880543e-20,2.710505431213761085e-20,4.065758146820641628e-20,5.421010862427522170e-20,5.421010862427522170e-20,5.421010862427522170e-20,4.065758146820641628e-20,2.710505431213761085e-20,1.355252715606880543e-20,1.355252715606880543e-20,1.355252715606880543e-20,1.355252715606880543e-20,1.355252715606880543e-20,2.710505431213761085e-20,2.710505431213761085e-20,2.710505431213761085e-20,2.710505431213761085e-20,2.710505431213761085e-20,2.710505431213761085e-20,2.710505431213761085e-20,2.710505431213761085e-20,1.355252715606880543e-20,1.355252715606880543e-20,1.355252715606880543e-20,2.710505431213761085e-20,2.710505431213761085e-20,2.710505431213761085e-20,2.710505431213761085e-20,2.710505431213761085e-20,2.710505431213761085e-20,2.710505431213761085e-20,2.710505431213761085e-20,2.710505431213761085e-20,2.710505431213761085e-20,2.710505431213761085e-20,2.710505431213761085e-20,2.710505431213761085e-20,2.710505431213761085e-20,2.710505431213761085e-20,2.710505431213761085e-20,2.710505431213761085e-20,2.710505431213761085e-20,2.710505431213761085e-20,2.710505431213761085e-20,2.710505431213761085e-20,2.710505431213761085e-20
2.460000000000000000e+02,9.989667022984930183e-05,8.205787566213992986e-07,1.466660726942223270e-06,2.948503728763006209e-06,3.823303875455377689e-06,6.024513991246817054e-06,7.392980212583464238e-06,1.078926713032111291e-05,1.282510598552545037e-05,1.743245286350390431e-05,1.976181478519274150e-05,2.322845305133684518e-05,2.364577879713453752e-05,1.994106100638548106e-05,1.592299977764379860e-05,6.780886727795505794e-06,3.442700003406312594e-06,4.840606302711257872e-07,1.293638976204497179e-07,4.027450825611197591e-09,4.366148544733593553e-10,2.019922816791537568e-12,7.003462209036886987e-14,2.992397996059992238e-17,2.981555974335137194e-19,0.000000000000000000e+00,0.000000000000000000e+00,0.000000000000000000e+00,0.000000000000000000e+00,1.355252715606880543e-20,9.486769009248163798e-20,3.049318610115481221e-18,8.050201130704870423e-18,1.242766740211509457e-17,8.023096076392732812e-18,1.192622389734054877e-18,3.117081245895825248e-19,1.355252715606880543e-20,0.000000000000000000e+00,0.000000000000000000e+00,0.000000000000000000e+00,0.000000000000000000e+00,0.000000000000000000e+00,1.355252715606880543e-20,4.065758146820641628e-20,1.355252715606880543e-19,1.761828530288944705e-19,1.626303258728256651e-19,1.084202172485504434e-19,4.065758146820641628e-20,2.710505431213761085e-20,1.355252715606880543e-20,0.000000000000000000e+00,0.000000000000000000e+00,0.000000000000000000e+00,1.355252715606880543e-20,1.355252715606880543e-20,2.710505431213761085e-20,4.065758146820641628e-20,4.065758146820641628e-20,4.065758146820641628e-20,2.710505431213761085e-20,2.710505431213761085e-20,1.355252715606880543e-20,1.355252715606880543e-20,1.355252715606880543e-20,1.355252715606880543e-20,1.355252715606880543e-20,1.355252715606880543e-20,2.710505431213761085e-20,2.710505431213761085e-20,2.710505431213761085e-20,2.710505431213761085e-20,2.710505431213761085e-20,2.710505431213761085e-20,1.355252715606880543e-20,1.355252715606880543e-20,1.355252715606880543e-20,1.355252715606880543e-20,1.355252715606880543e-20,1.355252715606880543e-20,2.710505431213761085e-20,2.710505431213761085e-20,2.710505431213761085e-20,2.710505431213761085e-20,2.710505431213761085e-20,1.355252715606880543e-20,1.355252715606880543e-20,1.355252715606880543e-20,1.355252715606880543e-20,1.355252715606880543e-20,1.355252715606880543e-20,1.355252715606880543e-20,1.355252715606880543e-20,1.355252715606880543e-20,1.355252715606880543e-20,1.355252715606880543e-20,1.355252715606880543e-20,1.355252715606880543e-20,1.355252715606880543e-20,1.355252715606880543e-20
2.470000000000000000e+02,1.063654021456705395e-04,8.224010557703672220e-07,1.469424619122885328e-06,2.953073307390834969e-06,3.828683499225118319e-06,6.029904529067768863e-06,7.397379124911068402e-06,1.078828887887118800e-05,1.281815208231910778e-05,1.740350690507674739e-05,1.971352135336479599e-05,2.312090442845749644e-05,2.350223877896312041e-05,1.974275290014073953e-05,1.572308768445591302e-05,6.651106869731584874e-06,3.361502412487315616e-06,4.673553987421001296e-07,1.240265984460214247e-07,3.796046242561567155e-09,4.072591093165879930e-10,1.839652426704682653e-12,6.289516433707897924e-14,2.598019455818390000e-17,2.439454888092384977e-19,0.000000000000000000e+00,0.000000000000000000e+00,0.000000000000000000e+00,0.000000000000000000e+00,0.000000000000000000e+00,8.131516293641283255e-20,2.615637741121279447e-18,6.938893903907228378e-18,1.073360150760649390e-17,6.911788849595090767e-18,1.016439536705160407e-18,2.710505431213761085e-19,1.355252715606880543e-20,0.000000000000000000e+00,0.000000000000000000e+00,0.000000000000000000e+00,0.000000000000000000e+00,0.000000000000000000e+00,1.355252715606880543e-20,4.065758146820641628e-20,1.084202172485504434e-19,1.490777987167568597e-19,1.355252715606880543e-19,9.486769009248163798e-20,2.710505431213761085e-20,1.355252715606880543e-20,1.355252715606880543e-20,0.000000000000000000e+00,0.000000000000000000e+00,0.000000000000000000e+00,1.355252715606880543e-20,1.355252715606880543e-20,2.710505431213761085e-20,4.065758146820641628e-20,4.065758146820641628e-20,4.065758146820641628e-20,2.710505431213761085e-20,1.355252715606880543e-20,1.355252715606880543e-20,1.355252715606880543e-20,1.355252715606880543e-20,1.355252715606880543e-20,1.355252715606880543e-20,1.355252715606880543e-20,1.355252715606880543e-20,2.710505431213761085e-20,2.710505431213761085e-20,2.710505431213761085e-20,1.355252715606880543e-20,1.355252715606880543e-20,1.355252715606880543e-20,1.355252715606880543e-20,1.355252715606880543e-20,1.355252715606880543e-20,1.355252715606880543e-20,1.355252715606880543e-20,1.355252715606880543e-20,1.355252715606880543e-20,1.355252715606880543e-20,1.355252715606880543e-20,1.355252715606880543e-20,1.355252715606880543e-20,1.355252715606880543e-20,1.355252715606880543e-20,1.355252715606880543e-20,1.355252715606880543e-20,1.355252715606880543e-20,1.355252715606880543e-20,1.355252715606880543e-20,1.355252715606880543e-20,1.355252715606880543e-20,1.355252715606880543e-20,1.355252715606880543e-20,1.355252715606880543e-20,1.355252715606880543e-20,1.355252715606880543e-20
2.480000000000000000e+02,1.127475616671949279e-04,8.242220198942813150e-07,1.472186392194310884e-06,2.957638591091605955e-06,3.834057163468488835e-06,6.035283859797869088e-06,7.401763423499823974e-06,1.078728871077459719e-05,1.281149434337730531e-05,1.737458183078241958e-05,1.966558903593506799e-05,2.301382762074257306e-05,2.335954624563354217e-05,1.954640096653836574e-05,1.552567421156819140e-05,6.523807137769467666e-06,3.282218224448101322e-06,4.512264905015512606e-07,1.189094618355676690e-07,3.577936365722423143e-09,3.798769914489753471e-10,1.675470119632052612e-12,5.648349084459713954e-14,2.255140518769849223e-17,2.168404344971008868e-19,0.000000000000000000e+00,0.000000000000000000e+00,0.000000000000000000e+00,0.000000000000000000e+00,0.000000000000000000e+00,6.776263578034402713e-20,2.249719507907421701e-18,5.976664475826343192e-18,9.256376047594994105e-18,5.949559421514205582e-18,8.673617379884035472e-19,2.303929616531696922e-19,1.355252715606880543e-20,0.000000000000000000e+00,0.000000000000000000e+00,0.000000000000000000e+00,0.000000000000000000e+00,0.000000000000000000e+00,1.355252715606880543e-20,2.710505431213761085e-20,9.486769009248163798e-20,1.219727444046192488e-19,1.084202172485504434e-19,8.131516293641283255e-20,2.710505431213761085e-20,1.355252715606880543e-20,0.000000000000000000e+00,0.000000000000000000e+00,0.000000000000000000e+00,0.000000000000000000e+00,1.355252715606880543e-20,1.355252715606880543e-20,2.710505431213761085e-20,2.710505431213761085e-20,2.710505431213761085e-20,2.710505431213761085e-20,2.710505431213761085e-20,1.355252715606880543e-20,1.355252715606880543e-20,1.355252715606880543e-20,1.355252715606880543e-20,1.355252715606880543e-20,1.355252715606880543e-20,1.355252715606880543e-20,1.355252715606880543e-20,1.355252715606880543e-20,1.355252715606880543e-20,1.355252715606880543e-20,1.355252715606880543e-20,1.355252715606880543e-20,1.355252715606880543e-20,1.355252715606880543e-20,1.355252715606880543e-20,1.355252715606880543e-20,1.355252715606880543e-20,1.355252715606880543e-20,1.355252715606880543e-20,1.355252715606880543e-20,1.355252715606880543e-20,1.355252715606880543e-20,1.355252715606880543e-20,1.355252715606880543e-20,1.355252715606880543e-20,1.355252715606880543e-20,1.355252715606880543e-20,1.355252715606880543e-20,1.355252715606880543e-20,1.355252715606880543e-20,1.355252715606880543e-20,1.355252715606880543e-20,1.355252715606880543e-20,1.355252715606880543e-20,1.355252715606880543e-20,1.355252715606880543e-20,1.355252715606880543e-20,1.355252715606880543e-20
2.490000000000000000e+02,1.190377328811115980e-04,8.260416496906494927e-07,1.474946047302975972e-06,2.962199582640768309e-06,3.839424872626747256e-06,6.040651997020382016e-06,7.406133131761694511e-06,1.078626669486192893e-05,1.280481622972562189e-05,1.734567776408085186e-05,1.961794799229616619e-05,2.290722074117635776e-05,2.321769639023596845e-05,1.935198609764312780e-05,1.533072829069823334e-05,6.398940213301544493e-06,3.204802392334872357e-06,4.356540292442333913e-07,1.140034079870875811e-07,3.372357447264137491e-09,3.543358182008741336e-10,1.525940154399260673e-12,5.072544218432534224e-14,1.958340174051942384e-17,1.761828530288944705e-19,0.000000000000000000e+00,0.000000000000000000e+00,0.000000000000000000e+00,0.000000000000000000e+00,0.000000000000000000e+00,5.421010862427522170e-20,1.924458856161770370e-18,5.149960319306146062e-18,7.995991022080595201e-18,5.122855264994008451e-18,7.453889935837842984e-19,1.897353801849632760e-19,1.355252715606880543e-20,0.000000000000000000e+00,0.000000000000000000e+00,0.000000000000000000e+00,0.000000000000000000e+00,0.000000000000000000e+00,1.355252715606880543e-20,2.710505431213761085e-20,8.131516293641283255e-20,1.084202172485504434e-19,9.486769009248163798e-20,6.776263578034402713e-20,2.710505431213761085e-20,1.355252715606880543e-20,0.000000000000000000e+00,0.000000000000000000e+00,0.000000000000000000e+00,0.000000000000000000e+00,1.355252715606880543e-20,1.355252715606880543e-20,1.355252715606880543e-20,2.710505431213761085e-20,2.710505431213761085e-20,2.710505431213761085e-20,1.355252715606880543e-20,1.355252715606880543e-20,1.355252715606880543e-20,1.355252715606880543e-20,1.355252715606880543e-20,1.355252715606880543e-20,1.355252715606880543e-20,1.355252715606880543e-20,1.355252715606880543e-20,1.355252715606880543e-20,1.355252715606880543e-20,1.355252715606880543e-20,1.355252715606880543e-20,1.355252715606880543e-20,1.355252715606880543e-20,1.355252715606880543e-20,1.355252715606880543e-20,1.355252715606880543e-20,1.355252715606880543e-20,1.355252715606880543e-20,1.355252715606880543e-20,1.355252715606880543e-20,1.355252715606880543e-20,1.355252715606880543e-20,1.355252715606880543e-20,1.355252715606880543e-20,1.355252715606880543e-20,1.355252715606880543e-20,1.355252715606880543e-20,1.355252715606880543e-20,1.355252715606880543e-20,1.355252715606880543e-20,1.355252715606880543e-20,1.355252715606880543e-20,1.355252715606880543e-20,1.355252715606880543e-20,1.355252715606880543e-20,1.355252715606880543e-20,1.355252715606880543e-20,1.355252715606880543e-20
2.500000000000000000e+02,1.252305749809475303e-04,8.278599458566408571e-07,1.477703585594787421e-06,2.966756284812226184e-06,3.844786631138292013e-06,6.046008954304639936e-06,7.410488273077716704e-06,1.078522289980527490e-05,1.279811784169878285e-05,1.731679482753684433e-05,1.957039451088769355e-05,2.280108190894045996e-05,2.307668443145697895e-05,1.915948936992333874e-05,1.513821923756087512e-05,6.276459678919893469e-06,3.129210928677671547e-06,4.206188239251802425e-07,1.092997314829416942e-07,3.178589611137205839e-09,3.305118263493070363e-10,1.389754901871126380e-12,4.555435347518288491e-14,1.699486905371028200e-17,1.626303258728256651e-19,0.000000000000000000e+00,0.000000000000000000e+00,0.000000000000000000e+00,0.000000000000000000e+00,0.000000000000000000e+00,5.421010862427522170e-20,1.653408313040394262e-18,4.445228907190568179e-18,6.911788849595090767e-18,4.418123852878430569e-18,6.234162491791650496e-19,1.626303258728256651e-19,0.000000000000000000e+00,0.000000000000000000e+00,0.000000000000000000e+00,0.000000000000000000e+00,0.000000000000000000e+00,0.000000000000000000e+00,0.000000000000000000e+00,2.710505431213761085e-20,8.131516293641283255e-20,8.131516293641283255e-20,8.131516293641283255e-20,5.421010862427522170e-20,2.710505431213761085e-20,0.000000000000000000e+00,0.000000000000000000e+00,0.000000000000000000e+00,0.000000000000000000e+00,0.000000000000000000e+00,0.000000000000000000e+00,0.000000000000000000e+00,2.710505431213761085e-20,2.710505431213761085e-20,2.710505431213761085e-20,2.710505431213761085e-20,2.710505431213761085e-20,0.000000000000000000e+00,0.000000000000000000e+00,0.000000000000000000e+00,0.000000000000000000e+00,0.000000000000000000e+00,0.000000000000000000e+00,0.000000000000000000e+00,0.000000000000000000e+00,0.000000000000000000e+00,0.000000000000000000e+00,0.000000000000000000e+00,0.000000000000000000e+00,0.000000000000000000e+00,0.000000000000000000e+00,0.000000000000000000e+00,0.000000000000000000e+00,0.000000000000000000e+00,0.000000000000000000e+00,0.000000000000000000e+00,0.000000000000000000e+00,0.000000000000000000e+00,0.000000000000000000e+00,0.000000000000000000e+00,0.000000000000000000e+00,0.000000000000000000e+00,0.000000000000000000e+00,0.000000000000000000e+00,0.000000000000000000e+00,0.000000000000000000e+00,0.000000000000000000e+00,0.000000000000000000e+00,0.000000000000000000e+00,0.000000000000000000e+00,0.000000000000000000e+00,0.000000000000000000e+00,0.000000000000000000e+00,0.000000000000000000e+00,0.000000000000000000e+00,0.000000000000000000e+00
2.510000000000000000e+02,1.313208270886379037e-04,8.296769414588495758e-07,1.480459057302905418e-06,2.971308781472473516e-06,3.850142538835998364e-06,6.051354840378353386e-06,7.414828948025883751e-06,1.078415737493617277e-05,1.279139915940974209e-05,1.728793262864680822e-05,1.952292773566572238e-05,2.269540737026863380e-05,2.293650312261251304e-05,1.896888866252235202e-05,1.494811338045062398e-05,6.156317880770995109e-06,3.055399580792407966e-06,4.061020909481313865e-07,1.047900071671171648e-07,2.995951173614692237e-09,3.082891902102691956e-10,1.265721387292209621e-12,4.091036320472141163e-14,1.474514954580286030e-17,1.355252715606880543e-19,0.000000000000000000e+00,0.000000000000000000e+00,0.000000000000000000e+00,0.000000000000000000e+00,0.000000000000000000e+00,2.710505431213761085e-20,1.409462824231155764e-18,3.821812658011403130e-18,5.963111948670274387e-18,3.794707603699265519e-18,5.421010862427522170e-19,1.355252715606880543e-19,0.000000000000000000e+00,0.000000000000000000e+00,0.000000000000000000e+00,0.000000000000000000e+00,0.000000000000000000e+00,0.000000000000000000e+00,0.000000000000000000e+00,2.710505431213761085e-20,5.421010862427522170e-20,8.131516293641283255e-20,8.131516293641283255e-20,5.421010862427522170e-20,2.710505431213761085e-20,0.000000000000000000e+00,0.000000000000000000e+00,0.000000000000000000e+00,0.000000000000000000e+00,0.000000000000000000e+00,0.000000000000000000e+00,0.000000000000000000e+00,2.710505431213761085e-20,2.710505431213761085e-20,2.710505431213761085e-20,2.710505431213761085e-20,0.000000000000000000e+00,0.000000000000000000e+00,0.000000000000000000e+00,0.000000000000000000e+00,0.000000000000000000e+00,0.000000000000000000e+00,0.000000000000000000e+00,0.000000000000000000e+00,0.000000000000000000e+00,0.000000000000000000e+00,0.000000000000000000e+00,0.000000000000000000e+00,0.000000000000000000e+00,0.000000000000000000e+00,0.000000000000000000e+00,0.000000000000000000e+00,0.000000000000000000e+00,0.000000000000000000e+00,0.000000000000000000e+00,0.000000000000000000e+00,0.000000000000000000e+00,0.000000000000000000e+00,0.000000000000000000e+00,0.000000000000000000e+00,0.000000000000000000e+00,0.000000000000000000e+00,0.000000000000000000e+00,0.000000000000000000e+00,0.000000000000000000e+00,0.000000000000000000e+00,0.000000000000000000e+00,0.000000000000000000e+00,0.000000000000000000e+00,0.000000000000000000e+00,0.000000000000000000e+00,0.000000000000000000e+00,0.000000000000000000e+00,0.000000000000000000e+00,0.000000000000000000e+00,0.000000000000000000e+00
2.520000000000000000e+02,1.373033130000478601e-04,8.314925724306444169e-07,1.483212365358872091e-06,2.975856913127645793e-06,3.855492409251973316e-06,6.056689478239825645e-06,7.419155025211138059e-06,1.078307022659016293e-05,1.278466052205830500e-05,1.725909231693501271e-05,1.947554934652936530e-05,2.259019902323873845e-05,2.279715272962960803e-05,1.878017220878068928e-05,1.476038756449820906e-05,6.038474434337694338e-06,2.983329036327720188e-06,3.920864569118259063e-07,1.004663933504561669e-07,2.823809087791227454e-09,2.875610176681590163e-10,1.152759338722900151e-12,3.673984402298435814e-14,1.279358563532895232e-17,1.084202172485504434e-19,0.000000000000000000e+00,0.000000000000000000e+00,0.000000000000000000e+00,0.000000000000000000e+00,0.000000000000000000e+00,2.710505431213761085e-20,1.219727444046192488e-18,3.279711571768650913e-18,5.149960319306146062e-18,3.279711571768650913e-18,4.607859233063393845e-19,1.084202172485504434e-19,0.000000000000000000e+00,0.000000000000000000e+00,0.000000000000000000e+00,0.000000000000000000e+00,0.000000000000000000e+00,0.000000000000000000e+00,0.000000000000000000e+00,2.710505431213761085e-20,5.421010862427522170e-20,5.421010862427522170e-20,5.421010862427522170e-20,5.421010862427522170e-20,2.710505431213761085e-20,0.000000000000000000e+00,0.000000000000000000e+00,0.000000000000000000e+00,0.000000000000000000e+00,0.000000000000000000e+00,0.000000000000000000e+00,0.000000000000000000e+00,0.000000000000000000e+00,2.710505431213761085e-20,2.710505431213761085e-20,2.710505431213761085e-20,0.000000000000000000e+00,0.000000000000000000e+00,0.000000000000000000e+00,0.000000000000000000e+00,0.000000000000000000e+00,0.000000000000000000e+00,0.000000000000000000e+00,0.000000000000000000e+00,0.000000000000000000e+00,0.000000000000000000e+00,0.000000000000000000e+00,0.000000000000000000e+00,0.000000000000000000e+00,0.000000000000000000e+00,0.000000000000000000e+00,0.000000000000000000e+00,0.000000000000000000e+00,0.000000000000000000e+00,0.000000000000000000e+00,0.000000000000000000e+00,0.000000000000000000e+00,0.000000000000000000e+00,0.000000000000000000e+00,0.000000000000000000e+00,0.000000000000000000e+00,0.000000000000000000e+00,0.000000000000000000e+00,0.000000000000000000e+00,0.000000000000000000e+00,0.000000000000000000e+00,0.000000000000000000e+00,0.000000000000000000e+00,0.000000000000000000e+00,0.000000000000000000e+00,0.000000000000000000e+00,0.000000000000000000e+00,0.000000000000000000e+00,0.000000000000000000e+00,0.000000000000000000e+00,0.000000000000000000e+00
2.530000000000000000e+02,1.431729458505609639e-04,8.333068718616859494e-07,1.485963560032507215e-06,2.980400763717488358e-06,3.860836342319272406e-06,6.062012976787813697e-06,7.423466605408824727e-06,1.078196150416967634e-05,1.277790190950723226e-05,1.723027349774864151e-05,1.942825848375413994e-05,2.248583504507164956e-05,2.265862604160532798e-05,1.859331821426888948e-05,1.457500882004280187e-05,5.922883362503589960e-06,2.912957008074798732e-06,3.785543848107517529e-07,9.632113561630238283e-08,2.661557192576522596e-09,2.682264552611099417e-10,1.049878581424121271e-12,3.299446761813318307e-14,1.111307226797642045e-17,8.131516293641283255e-20,0.000000000000000000e+00,0.000000000000000000e+00,0.000000000000000000e+00,0.000000000000000000e+00,0.000000000000000000e+00,2.710505431213761085e-20,1.057097118173366823e-18,2.846030702774449139e-18,4.445228907190568179e-18,2.818925648462311528e-18,4.065758146820641628e-19,1.084202172485504434e-19,0.000000000000000000e+00,0.000000000000000000e+00,0.000000000000000000e+00,0.000000000000000000e+00,0.000000000000000000e+00,0.000000000000000000e+00,0.000000000000000000e+00,0.000000000000000000e+00,5.421010862427522170e-20,5.421010862427522170e-20,5.421010862427522170e-20,2.710505431213761085e-20,0.000000000000000000e+00,0.000000000000000000e+00,0.000000000000000000e+00,0.000000000000000000e+00,0.000000000000000000e+00,0.000000000000000000e+00,0.000000000000000000e+00,0.000000000000000000e+00,0.000000000000000000e+00,0.000000000000000000e+00,2.710505431213761085e-20,0.000000000000000000e+00,0.000000000000000000e+00,0.000000000000000000e+00,0.000000000000000000e+00,0.000000000000000000e+00,0.000000000000000000e+00,0.000000000000000000e+00,0.000000000000000000e+00,0.000000000000000000e+00,0.000000000000000000e+00,0.000000000000000000e+00,0.000000000000000000e+00,0.000000000000000000e+00,0.000000000000000000e+00,0.000000000000000000e+00,0.000000000000000000e+00,0.000000000000000000e+00,0.000000000000000000e+00,0.000000000000000000e+00,0.000000000000000000e+00,0.000000000000000000e+00,0.000000000000000000e+00,0.000000000000000000e+00,0.000000000000000000e+00,0.000000000000000000e+00,0.000000000000000000e+00,0.000000000000000000e+00,0.000000000000000000e+00,0.000000000000000000e+00,0.000000000000000000e+00,0.000000000000000000e+00,0.000000000000000000e+00,0.000000000000000000e+00,0.000000000000000000e+00,0.000000000000000000e+00,0.000000000000000000e+00,0.000000000000000000e+00,0.000000000000000000e+00,0.000000000000000000e+00,0.000000000000000000e+00,0.000000000000000000e+00
2.540000000000000000e+02,1.489247326969111041e-04,8.351198404478964426e-07,1.488712642467508555e-06,2.984940336009671204e-06,3.866174342464801525e-06,6.067325349536111575e-06,7.427763711876516923e-06,1.078083127571590740e-05,1.277112342087352755e-05,1.720147629011368594e-05,1.938105513327648046e-05,2.238229481704470908e-05,2.252091837840036726e-05,1.840830847570825162e-05,1.439194795223801933e-05,5.809501684586951264e-06,2.844243503366452458e-06,3.654891964810405135e-07,9.234687798557583011e-08,2.508627306699231369e-09,2.501918117125967456e-10,9.561794715381988219e-13,2.963092011337709053e-14,9.649399335120989463e-18,8.131516293641283255e-20,0.000000000000000000e+00,0.000000000000000000e+00,0.000000000000000000e+00,0.000000000000000000e+00,0.000000000000000000e+00,2.710505431213761085e-20,8.944667923005411581e-19,2.439454888092384977e-18,3.821812658011403130e-18,2.439454888092384977e-18,3.252606517456513302e-19,8.131516293641283255e-20,0.000000000000000000e+00,0.000000000000000000e+00,0.000000000000000000e+00,0.000000000000000000e+00,0.000000000000000000e+00,0.000000000000000000e+00,0.000000000000000000e+00,0.000000000000000000e+00,2.710505431213761085e-20,5.421010862427522170e-20,5.421010862427522170e-20,2.710505431213761085e-20,0.000000000000000000e+00,0.000000000000000000e+00,0.000000000000000000e+00,0.000000000000000000e+00,0.000000000000000000e+00,0.000000000000000000e+00,0.000000000000000000e+00,0.000000000000000000e+00,0.000000000000000000e+00,0.000000000000000000e+00,0.000000000000000000e+00,0.000000000000000000e+00,0.000000000000000000e+00,0.000000000000000000e+00,0.000000000000000000e+00,0.000000000000000000e+00,0.000000000000000000e+00,0.000000000000000000e+00,0.000000000000000000e+00,0.000000000000000000e+00,0.000000000000000000e+00,0.000000000000000000e+00,0.000000000000000000e+00,0.000000000000000000e+00,0.000000000000000000e+00,0.000000000000000000e+00,0.000000000000000000e+00,0.000000000000000000e+00,0.000000000000000000e+00,0.000000000000000000e+00,0.000000000000000000e+00,0.000000000000000000e+00,0.000000000000000000e+00,0.000000000000000000e+00,0.000000000000000000e+00,0.000000000000000000e+00,0.000000000000000000e+00,0.000000000000000000e+00,0.000000000000000000e+00,0.000000000000000000e+00,0.000000000000000000e+00,0.000000000000000000e+00,0.000000000000000000e+00,0.000000000000000000e+00,0.000000000000000000e+00,0.000000000000000000e+00,0.000000000000000000e+00,0.000000000000000000e+00,0.000000000000000000e+00,0.000000000000000000e+00,0.000000000000000000e+00,0.000000000000000000e+00
2.550000000000000000e+02,1.545537790114986823e-04,8.369314788848458003e-07,1.491459613807085988e-06,2.989475632770292228e-06,3.871506414112620533e-06,6.072626609984608419e-06,7.432046367841159103e-06,1.077967960911311229e-05,1.276432515497186474e-05,1.717270081218183670e-05,1.933393927999195981e-05,2.227945982245904785e-05,2.238402508486828611e-05,1.822512496562215590e-05,1.421117612723760788e-05,5.698287238640911516e-06,2.777149470263996604e-06,3.528747887959391392e-07,8.853656779993310938e-08,2.364483887628892819e-09,2.333696943373000932e-10,8.708425961682225713e-13,2.661022444061522663e-14,8.375461782450521753e-18,5.421010862427522170e-20,0.000000000000000000e+00,0.000000000000000000e+00,0.000000000000000000e+00,0.000000000000000000e+00,0.000000000000000000e+00,2.710505431213761085e-20,7.589415207398531038e-19,2.114194236346733646e-18,3.306816626080788524e-18,2.087089182034596035e-18,2.981555974335137194e-19,8.131516293641283255e-20,0.000000000000000000e+00,0.000000000000000000e+00,0.000000000000000000e+00,0.000000000000000000e+00,0.000000000000000000e+00,0.000000000000000000e+00,0.000000000000000000e+00,0.000000000000000000e+00,2.710505431213761085e-20,2.710505431213761085e-20,2.710505431213761085e-20,2.710505431213761085e-20,0.000000000000000000e+00,0.000000000000000000e+00,0.000000000000000000e+00,0.000000000000000000e+00,0.000000000000000000e+00,0.000000000000000000e+00,0.000000000000000000e+00,0.000000000000000000e+00,0.000000000000000000e+00,0.000000000000000000e+00,0.000000000000000000e+00,0.000000000000000000e+00,0.000000000000000000e+00,0.000000000000000000e+00,0.000000000000000000e+00,0.000000000000000000e+00,0.000000000000000000e+00,0.000000000000000000e+00,0.000000000000000000e+00,0.000000000000000000e+00,0.000000000000000000e+00,0.000000000000000000e+00,0.000000000000000000e+00,0.000000000000000000e+00,0.000000000000000000e+00,0.000000000000000000e+00,0.000000000000000000e+00,0.000000000000000000e+00,0.000000000000000000e+00,0.000000000000000000e+00,0.000000000000000000e+00,0.000000000000000000e+00,0.000000000000000000e+00,0.000000000000000000e+00,0.000000000000000000e+00,0.000000000000000000e+00,0.000000000000000000e+00,0.000000000000000000e+00,0.000000000000000000e+00,0.000000000000000000e+00,0.000000000000000000e+00,0.000000000000000000e+00,0.000000000000000000e+00,0.000000000000000000e+00,0.000000000000000000e+00,0.000000000000000000e+00,0.000000000000000000e+00,0.000000000000000000e+00,0.000000000000000000e+00,0.000000000000000000e+00,0.000000000000000000e+00,0.000000000000000000e+00
2.560000000000000000e+02,1.600552930854990514e-04,8.387417878678328758e-07,1.494204475193907289e-06,2.994006656763850130e-06,3.876832561683970363e-06,6.077916771619315582e-06,7.436314596498931487e-06,1.077850657208904257e-05,1.275750721031513007e-05,1.714394718123435986e-05,1.928691090776333997e-05,2.217793916776315908e-05,2.224794153073592312e-05,1.804374983066357350e-05,1.403266486776273713e-05,5.589198665887333420e-06,2.711636775451996793e-06,3.406956138462689711e-07,8.488344321704033302e-08,2.228622156800639728e-09,2.176785853891076428e-10,7.931216447487621224e-13,2.389749639494787026e-14,7.264154555652879708e-18,5.421010862427522170e-20,0.000000000000000000e+00,0.000000000000000000e+00,0.000000000000000000e+00,0.000000000000000000e+00,0.000000000000000000e+00,2.710505431213761085e-20,6.505213034913026604e-19,1.816038638913219927e-18,2.846030702774449139e-18,1.816038638913219927e-18,2.439454888092384977e-19,5.421010862427522170e-20,0.000000000000000000e+00,0.000000000000000000e+00,0.000000000000000000e+00,0.000000000000000000e+00,0.000000000000000000e+00,0.000000000000000000e+00,0.000000000000000000e+00,0.000000000000000000e+00,2.710505431213761085e-20,2.710505431213761085e-20,2.710505431213761085e-20,2.710505431213761085e-20,0.000000000000000000e+00,0.000000000000000000e+00,0.000000000000000000e+00,0.000000000000000000e+00,0.000000000000000000e+00,0.000000000000000000e+00,0.000000000000000000e+00,0.000000000000000000e+00,0.000000000000000000e+00,0.000000000000000000e+00,0.000000000000000000e+00,0.000000000000000000e+00,0.000000000000000000e+00,0.000000000000000000e+00,0.000000000000000000e+00,0.000000000000000000e+00,0.000000000000000000e+00,0.000000000000000000e+00,0.000000000000000000e+00,0.000000000000000000e+00,0.000000000000000000e+00,0.000000000000000000e+00,0.000000000000000000e+00,0.000000000000000000e+00,0.000000000000000000e+00,0.000000000000000000e+00,0.000000000000000000e+00,0.000000000000000000e+00,0.000000000000000000e+00,0.000000000000000000e+00,0.000000000000000000e+00,0.000000000000000000e+00,0.000000000000000000e+00,0.000000000000000000e+00,0.000000000000000000e+00,0.000000000000000000e+00,0.000000000000000000e+00,0.000000000000000000e+00,0.000000000000000000e+00,0.000000000000000000e+00,0.000000000000000000e+00,0.000000000000000000e+00,0.000000000000000000e+00,0.000000000000000000e+00,0.000000000000000000e+00,0.000000000000000000e+00,0.000000000000000000e+00,0.000000000000000000e+00,0.000000000000000000e+00,0.000000000000000000e+00,0.000000000000000000e+00,0.000000000000000000e+00
2.570000000000000000e+02,1.654245903371438949e-04,8.405507680917499464e-07,1.496947227770098129e-06,2.998533410753352830e-06,3.882152789597137499e-06,6.083195847912447945e-06,7.440568421015304268e-06,1.077731223221502655e-05,1.275066968511545207e-05,1.711521551368627107e-05,1.923996999942791737e-05,2.207685562612588274e-05,2.211266311048483771e-05,1.786416538995827009e-05,1.385638604872301569e-05,5.482195395446065470e-06,2.647668182651993513e-06,3.289366598040405557e-07,8.138102122138418659e-08,2.100566332582497892e-09,2.030424473302080979e-10,7.223370122530492488e-13,2.146129411337294179e-14,6.315477654728063328e-18,5.421010862427522170e-20,0.000000000000000000e+00,0.000000000000000000e+00,0.000000000000000000e+00,0.000000000000000000e+00,0.000000000000000000e+00,2.710505431213761085e-20,5.692061405548898279e-19,1.572093150103981429e-18,2.466559942404522587e-18,1.544988095791843818e-18,2.168404344971008868e-19,5.421010862427522170e-20,0.000000000000000000e+00,0.000000000000000000e+00,0.000000000000000000e+00,0.000000000000000000e+00,0.000000000000000000e+00,0.000000000000000000e+00,0.000000000000000000e+00,0.000000000000000000e+00,2.710505431213761085e-20,2.710505431213761085e-20,2.710505431213761085e-20,2.710505431213761085e-20,0.000000000000000000e+00,0.000000000000000000e+00,0.000000000000000000e+00,0.000000000000000000e+00,0.000000000000000000e+00,0.000000000000000000e+00,0.000000000000000000e+00,0.000000000000000000e+00,0.000000000000000000e+00,0.000000000000000000e+00,0.000000000000000000e+00,0.000000000000000000e+00,0.000000000000000000e+00,0.000000000000000000e+00,0.000000000000000000e+00,0.000000000000000000e+00,0.000000000000000000e+00,0.000000000000000000e+00,0.000000000000000000e+00,0.000000000000000000e+00,0.000000000000000000e+00,0.000000000000000000e+00,0.000000000000000000e+00,0.000000000000000000e+00,0.000000000000000000e+00,0.000000000000000000e+00,0.000000000000000000e+00,0.000000000000000000e+00,0.000000000000000000e+00,0.000000000000000000e+00,0.000000000000000000e+00,0.000000000000000000e+00,0.000000000000000000e+00,0.000000000000000000e+00,0.000000000000000000e+00,0.000000000000000000e+00,0.000000000000000000e+00,0.000000000000000000e+00,0.000000000000000000e+00,0.000000000000000000e+00,0.000000000000000000e+00,0.000000000000000000e+00,0.000000000000000000e+00,0.000000000000000000e+00,0.000000000000000000e+00,0.000000000000000000e+00,0.000000000000000000e+00,0.000000000000000000e+00,0.000000000000000000e+00,0.000000000000000000e+00,0.000000000000000000e+00,0.000000000000000000e+00
2.580000000000000000e+02,1.706570975216297446e-04,8.423584202512724491e-07,1.499687872677214978e-06,3.003055897500236156e-06,3.887467102267616603e-06,6.088463852322369705e-06,7.444807864525146033e-06,1.077609665690659269e-05,1.274381267728479789e-05,1.708650592509040130e-05,1.919311653680541054e-05,2.197620749253020476e-05,2.197818524323234607e-05,1.768635413346335088e-05,1.368231189289109370e-05,5.377237629353707376e-06,2.585207331542874274e-06,3.175834324452633806e-07,7.802308612934365575e-08,1.979867964615588533e-09,1.893903542294576164e-10,6.578696192405947274e-13,1.927345544446013026e-14,5.475220971051797392e-18,5.421010862427522170e-20,0.000000000000000000e+00,0.000000000000000000e+00,0.000000000000000000e+00,0.000000000000000000e+00,0.000000000000000000e+00,0.000000000000000000e+00,4.878909776184769953e-19,1.355252715606880543e-18,2.114194236346733646e-18,1.328147661294742932e-18,1.897353801849632760e-19,5.421010862427522170e-20,0.000000000000000000e+00,0.000000000000000000e+00,0.000000000000000000e+00,0.000000000000000000e+00,0.000000000000000000e+00,0.000000000000000000e+00,0.000000000000000000e+00,0.000000000000000000e+00,2.710505431213761085e-20,2.710505431213761085e-20,2.710505431213761085e-20,2.710505431213761085e-20,0.000000000000000000e+00,0.000000000000000000e+00,0.000000000000000000e+00,0.000000000000000000e+00,0.000000000000000000e+00,0.000000000000000000e+00,0.000000000000000000e+00,0.000000000000000000e+00,0.000000000000000000e+00,0.000000000000000000e+00,0.000000000000000000e+00,0.000000000000000000e+00,0.000000000000000000e+00,0.000000000000000000e+00,0.000000000000000000e+00,0.000000000000000000e+00,0.000000000000000000e+00,0.000000000000000000e+00,0.000000000000000000e+00,0.000000000000000000e+00,0.000000000000000000e+00,0.000000000000000000e+00,0.000000000000000000e+00,0.000000000000000000e+00,0.000000000000000000e+00,0.000000000000000000e+00,0.000000000000000000e+00,0.000000000000000000e+00,0.000000000000000000e+00,0.000000000000000000e+00,0.000000000000000000e+00,0.000000000000000000e+00,0.000000000000000000e+00,0.000000000000000000e+00,0.000000000000000000e+00,0.000000000000000000e+00,0.000000000000000000e+00,0.000000000000000000e+00,0.000000000000000000e+00,0.000000000000000000e+00,0.000000000000000000e+00,0.000000000000000000e+00,0.000000000000000000e+00,0.000000000000000000e+00,0.000000000000000000e+00,0.000000000000000000e+00,0.000000000000000000e+00,0.000000000000000000e+00,0.000000000000000000e+00,0.000000000000000000e+00,0.000000000000000000e+00,0.000000000000000000e+00
2.590000000000000000e+02,1.757483568391866023e-04,8.441647450406692451e-07,1.502426411056272202e-06,3.007574119764363845e-06,3.892775504108056308e-06,6.093720798293648586e-06,7.449032950132696658e-06,1.077485991342349669e-05,1.273693628443584068e-05,1.705781853014138130e-05,1.914635050070525126e-05,2.187599306730815801e-05,2.184450337261374967e-05,1.751029872034114707e-05,1.351041496662974076e-05,5.274286327866734621e-06,2.524218717176075636e-06,3.066219373094533369e-07,7.480367856781415699e-08,1.866104363970697705e-09,1.766561483955517847e-10,5.991556805817060960e-13,1.730863716242758699e-14,4.743384504624081899e-18,2.710505431213761085e-20,0.000000000000000000e+00,0.000000000000000000e+00,0.000000000000000000e+00,0.000000000000000000e+00,0.000000000000000000e+00,0.000000000000000000e+00,4.065758146820641628e-19,1.165517335421917267e-18,1.843143693225357538e-18,1.165517335421917267e-18,1.626303258728256651e-19,2.710505431213761085e-20,0.000000000000000000e+00,0.000000000000000000e+00,0.000000000000000000e+00,0.000000000000000000e+00,0.000000000000000000e+00,0.000000000000000000e+00,0.000000000000000000e+00,0.000000000000000000e+00,2.710505431213761085e-20,2.710505431213761085e-20,2.710505431213761085e-20,0.000000000000000000e+00,0.000000000000000000e+00,0.000000000000000000e+00,0.000000000000000000e+00,0.000000000000000000e+00,0.000000000000000000e+00,0.000000000000000000e+00,0.000000000000000000e+00,0.000000000000000000e+00,0.000000000000000000e+00,0.000000000000000000e+00,0.000000000000000000e+00,0.000000000000000000e+00,0.000000000000000000e+00,0.000000000000000000e+00,0.000000000000000000e+00,0.000000000000000000e+00,0.000000000000000000e+00,0.000000000000000000e+00,0.000000000000000000e+00,0.000000000000000000e+00,0.000000000000000000e+00,0.000000000000000000e+00,0.000000000000000000e+00,0.000000000000000000e+00,0.000000000000000000e+00,0.000000000000000000e+00,0.000000000000000000e+00,0.000000000000000000e+00,0.000000000000000000e+00,0.000000000000000000e+00,0.000000000000000000e+00,0.000000000000000000e+00,0.000000000000000000e+00,0.000000000000000000e+00,0.000000000000000000e+00,0.000000000000000000e+00,0.000000000000000000e+00,0.000000000000000000e+00,0.000000000000000000e+00,0.000000000000000000e+00,0.000000000000000000e+00,0.000000000000000000e+00,0.000000000000000000e+00,0.000000000000000000e+00,0.000000000000000000e+00,0.000000000000000000e+00,0.000000000000000000e+00,0.000000000000000000e+00,0.000000000000000000e+00,0.000000000000000000e+00,0.000000000000000000e+00,0.000000000000000000e+00
2.600000000000000000e+02,1.806940299379212707e-04,8.459697431539110399e-07,1.505162844047796275e-06,3.012088080304027539e-06,3.898077999528205004e-06,6.098966699257055840e-06,7.453243700911675726e-06,1.077360206887023652e-05,1.273004060388274565e-05,1.702915344267962603e-05,1.909967187093441804e-05,2.177621065613456102e-05,2.171161296666469938e-05,1.733598197734863354e-05,1.334066817567120954e-05,5.173303195043615346e-06,2.464667669874014144e-06,2.960386624736388670e-07,7.171708490727500898e-08,1.758877123347836122e-09,1.647781196158128875e-10,5.456817994426571561e-13,1.554412523176174066e-14,4.119968255444916849e-18,2.710505431213761085e-20,0.000000000000000000e+00,0.000000000000000000e+00,0.000000000000000000e+00,0.000000000000000000e+00,0.000000000000000000e+00,0.000000000000000000e+00,3.523657060577889411e-19,1.002887009549091601e-18,1.572093150103981429e-18,1.002887009549091601e-18,1.355252715606880543e-19,2.710505431213761085e-20,0.000000000000000000e+00,0.000000000000000000e+00,0.000000000000000000e+00,0.000000000000000000e+00,0.000000000000000000e+00,0.000000000000000000e+00,0.000000000000000000e+00,0.000000000000000000e+00,0.000000000000000000e+00,2.710505431213761085e-20,2.710505431213761085e-20,0.000000000000000000e+00,0.000000000000000000e+00,0.000000000000000000e+00,0.000000000000000000e+00,0.000000000000000000e+00,0.000000000000000000e+00,0.000000000000000000e+00,0.000000000000000000e+00,0.000000000000000000e+00,0.000000000000000000e+00,0.000000000000000000e+00,0.000000000000000000e+00,0.000000000000000000e+00,0.000000000000000000e+00,0.000000000000000000e+00,0.000000000000000000e+00,0.000000000000000000e+00,0.000000000000000000e+00,0.000000000000000000e+00,0.000000000000000000e+00,0.000000000000000000e+00,0.000000000000000000e+00,0.000000000000000000e+00,0.000000000000000000e+00,0.000000000000000000e+00,0.000000000000000000e+00,0.000000000000000000e+00,0.000000000000000000e+00,0.000000000000000000e+00,0.000000000000000000e+00,0.000000000000000000e+00,0.000000000000000000e+00,0.000000000000000000e+00,0.000000000000000000e+00,0.000000000000000000e+00,0.000000000000000000e+00,0.000000000000000000e+00,0.000000000000000000e+00,0.000000000000000000e+00,0.000000000000000000e+00,0.000000000000000000e+00,0.000000000000000000e+00,0.000000000000000000e+00,0.000000000000000000e+00,0.000000000000000000e+00,0.000000000000000000e+00,0.000000000000000000e+00,0.000000000000000000e+00,0.000000000000000000e+00,0.000000000000000000e+00,0.000000000000000000e+00,0.000000000000000000e+00,0.000000000000000000e+00
2.610000000000000000e+02,1.854899018081339725e-04,8.477734152847245935e-07,1.507897172791717363e-06,3.016597781875973890e-06,3.903374592934965052e-06,6.104201568629593353e-06,7.457440139905201215e-06,1.077232319019629631e-05,1.272312573264195606e-05,1.700051077569542752e-05,1.905308062630470018e-05,2.167685857002083806e-05,2.157950951770383052e-05,1.716338689724113088e-05,1.317304476094780072e-05,5.074250664600390114e-06,2.406520335600199423e-06,2.858205619202117478e-07,6.875782713040802172e-08,1.657810722385669525e-09,1.536987063229661166e-10,4.969802510062376610e-13,1.395948244151123951e-14,3.577867169202164632e-18,2.710505431213761085e-20,0.000000000000000000e+00,0.000000000000000000e+00,0.000000000000000000e+00,0.000000000000000000e+00,0.000000000000000000e+00,0.000000000000000000e+00,2.981555974335137194e-19,8.673617379884035472e-19,1.355252715606880543e-18,8.673617379884035472e-19,1.084202172485504434e-19,2.710505431213761085e-20,0.000000000000000000e+00,0.000000000000000000e+00,0.000000000000000000e+00,0.000000000000000000e+00,0.000000000000000000e+00,0.000000000000000000e+00,0.000000000000000000e+00,0.000000000000000000e+00,0.000000000000000000e+00,2.710505431213761085e-20,0.000000000000000000e+00,0.000000000000000000e+00,0.000000000000000000e+00,0.000000000000000000e+00,0.000000000000000000e+00,0.000000000000000000e+00,0.000000000000000000e+00,0.000000000000000000e+00,0.000000000000000000e+00,0.000000000000000000e+00,0.000000000000000000e+00,0.000000000000000000e+00,0.000000000000000000e+00,0.000000000000000000e+00,0.000000000000000000e+00,0.000000000000000000e+00,0.000000000000000000e+00,0.000000000000000000e+00,0.000000000000000000e+00,0.000000000000000000e+00,0.000000000000000000e+00,0.000000000000000000e+00,0.000000000000000000e+00,0.000000000000000000e+00,0.000000000000000000e+00,0.000000000000000000e+00,0.000000000000000000e+00,0.000000000000000000e+00,0.000000000000000000e+00,0.000000000000000000e+00,0.000000000000000000e+00,0.000000000000000000e+00,0.000000000000000000e+00,0.000000000000000000e+00,0.000000000000000000e+00,0.000000000000000000e+00,0.000000000000000000e+00,0.000000000000000000e+00,0.000000000000000000e+00,0.000000000000000000e+00,0.000000000000000000e+00,0.000000000000000000e+00,0.000000000000000000e+00,0.000000000000000000e+00,0.000000000000000000e+00,0.000000000000000000e+00,0.000000000000000000e+00,0.000000000000000000e+00,0.000000000000000000e+00,0.000000000000000000e+00,0.000000000000000000e+00,0.000000000000000000e+00,0.000000000000000000e+00,0.000000000000000000e+00
2.620000000000000000e+02,1.901318845648955740e-04,8.495757942357279498e-07,1.510629447101921119e-06,3.021103307492792756e-06,3.908665382969700626e-06,6.109425512814889436e-06,7.461622364532253561e-06,1.077102332084441030e-05,1.271619164368745594e-05,1.697189013147149916e-05,1.900657591663492546e-05,2.157793336612256379e-05,2.144818620878380009e-05,1.699249360670912522e-05,1.300751536302123968e-05,4.977090171148112379e-06,2.349742656947997020e-06,2.759548667250161062e-07,6.592060361224299884e-08,1.562549564997767204e-09,1.434031411413211332e-10,4.526244288226288770e-13,1.253635866990676639e-14,3.117081245895825248e-18,2.710505431213761085e-20,0.000000000000000000e+00,0.000000000000000000e+00,0.000000000000000000e+00,0.000000000000000000e+00,0.000000000000000000e+00,0.000000000000000000e+00,2.710505431213761085e-19,7.318364664277154930e-19,1.165517335421917267e-18,7.318364664277154930e-19,1.084202172485504434e-19,2.710505431213761085e-20,0.000000000000000000e+00,0.000000000000000000e+00,0.000000000000000000e+00,0.000000000000000000e+00,0.000000000000000000e+00,0.000000000000000000e+00,0.000000000000000000e+00,0.000000000000000000e+00,0.000000000000000000e+00,0.000000000000000000e+00,0.000000000000000000e+00,0.000000000000000000e+00,0.000000000000000000e+00,0.000000000000000000e+00,0.000000000000000000e+00,0.000000000000000000e+00,0.000000000000000000e+00,0.000000000000000000e+00,0.000000000000000000e+00,0.000000000000000000e+00,0.000000000000000000e+00,0.000000000000000000e+00,0.000000000000000000e+00,0.000000000000000000e+00,0.000000000000000000e+00,0.000000000000000000e+00,0.000000000000000000e+00,0.000000000000000000e+00,0.000000000000000000e+00,0.000000000000000000e+00,0.000000000000000000e+00,0.000000000000000000e+00,0.000000000000000000e+00,0.000000000000000000e+00,0.000000000000000000e+00,0.000000000000000000e+00,0.000000000000000000e+00,0.000000000000000000e+00,0.000000000000000000e+00,0.000000000000000000e+00,0.000000000000000000e+00,0.000000000000000000e+00,0.000000000000000000e+00,0.000000000000000000e+00,0.000000000000000000e+00,0.000000000000000000e+00,0.000000000000000000e+00,0.000000000000000000e+00,0.000000000000000000e+00,0.000000000000000000e+00,0.000000000000000000e+00,0.000000000000000000e+00,0.000000000000000000e+00,0.000000000000000000e+00,0.000000000000000000e+00,0.000000000000000000e+00,0.000000000000000000e+00,0.000000000000000000e+00,0.000000000000000000e+00,0.000000000000000000e+00,0.000000000000000000e+00,0.000000000000000000e+00,0.000000000000000000e+00,0.000000000000000000e+00
2.630000000000000000e+02,1.946160211157623723e-04,8.513768164577389160e-07,1.513359570730880453e-06,3.025604499317660016e-06,3.913950185454082671e-06,6.114638359005537685e-06,7.465790248708360040e-06,1.076970257378719801e-05,1.270923868059564959e-05,1.694329264143696560e-05,1.896015937633607068e-05,2.147943689207102553e-05,2.131764326113031512e-05,1.682329151668030009e-05,1.284405978049807124e-05,4.881789028914155235e-06,2.294304377360652540e-06,2.664297665227305899e-07,6.320047987292613627e-08,1.472763426702472164e-09,1.339160005488834043e-10,4.122280045527199066e-13,1.125835535908947804e-14,2.710505431213761085e-18,2.710505431213761085e-20,0.000000000000000000e+00,0.000000000000000000e+00,0.000000000000000000e+00,0.000000000000000000e+00,0.000000000000000000e+00,0.000000000000000000e+00,2.168404344971008868e-19,6.505213034913026604e-19,1.029992063861229212e-18,6.234162491791650496e-19,8.131516293641283255e-20,2.710505431213761085e-20,0.000000000000000000e+00,0.000000000000000000e+00,0.000000000000000000e+00,0.000000000000000000e+00,0.000000000000000000e+00,0.000000000000000000e+00,0.000000000000000000e+00,0.000000000000000000e+00,0.000000000000000000e+00,0.000000000000000000e+00,0.000000000000000000e+00,0.000000000000000000e+00,0.000000000000000000e+00,0.000000000000000000e+00,0.000000000000000000e+00,0.000000000000000000e+00,0.000000000000000000e+00,0.000000000000000000e+00,0.000000000000000000e+00,0.000000000000000000e+00,0.000000000000000000e+00,0.000000000000000000e+00,0.000000000000000000e+00,0.000000000000000000e+00,0.000000000000000000e+00,0.000000000000000000e+00,0.000000000000000000e+00,0.000000000000000000e+00,0.000000000000000000e+00,0.000000000000000000e+00,0.000000000000000000e+00,0.000000000000000000e+00,0.000000000000000000e+00,0.000000000000000000e+00,0.000000000000000000e+00,0.000000000000000000e+00,0.000000000000000000e+00,0.000000000000000000e+00,0.000000000000000000e+00,0.000000000000000000e+00,0.000000000000000000e+00,0.000000000000000000e+00,0.000000000000000000e+00,0.000000000000000000e+00,0.000000000000000000e+00,0.000000000000000000e+00,0.000000000000000000e+00,0.000000000000000000e+00,0.000000000000000000e+00,0.000000000000000000e+00,0.000000000000000000e+00,0.000000000000000000e+00,0.000000000000000000e+00,0.000000000000000000e+00,0.000000000000000000e+00,0.000000000000000000e+00,0.000000000000000000e+00,0.000000000000000000e+00,0.000000000000000000e+00,0.000000000000000000e+00,0.000000000000000000e+00,0.000000000000000000e+00,0.000000000000000000e+00,0.000000000000000000e+00
2.640000000000000000e+02,1.989384887106004018e-04,8.531765147763877271e-07,1.516087593528856001e-06,3.030101440435861281e-06,3.919229099128815385e-06,6.119840213773922481e-06,7.469943890046058278e-06,1.076836099253206634e-05,1.270226681608836272e-05,1.691471790579146257e-05,1.891383015171704883e-05,2.138136570803829233e-05,2.118787389187532584e-05,1.665576104776543879e-05,1.268264926681543958e-05,4.788310030079444626e-06,2.240505878423439731e-06,2.572333399312337100e-07,6.059257640111167381e-08,1.388136109585578343e-09,1.250564690322662764e-10,3.754368235568683598e-13,1.011061893929632305e-14,2.358139725155972144e-18,2.710505431213761085e-20,0.000000000000000000e+00,0.000000000000000000e+00,0.000000000000000000e+00,0.000000000000000000e+00,0.000000000000000000e+00,0.000000000000000000e+00,1.897353801849632760e-19,5.421010862427522170e-19,8.673617379884035472e-19,5.421010862427522170e-19,8.131516293641283255e-20,2.710505431213761085e-20,0.000000000000000000e+00,0.000000000000000000e+00,0.000000000000000000e+00,0.000000000000000000e+00,0.000000000000000000e+00,0.000000000000000000e+00,0.000000000000000000e+00,0.000000000000000000e+00,0.000000000000000000e+00,0.000000000000000000e+00,0.000000000000000000e+00,0.000000000000000000e+00,0.000000000000000000e+00,0.000000000000000000e+00,0.000000000000000000e+00,0.000000000000000000e+00,0.000000000000000000e+00,0.000000000000000000e+00,0.000000000000000000e+00,0.000000000000000000e+00,0.000000000000000000e+00,0.000000000000000000e+00,0.000000000000000000e+00,0.000000000000000000e+00,0.000000000000000000e+00,0.000000000000000000e+00,0.000000000000000000e+00,0.000000000000000000e+00,0.000000000000000000e+00,0.000000000000000000e+00,0.000000000000000000e+00,0.000000000000000000e+00,0.000000000000000000e+00,0.000000000000000000e+00,0.000000000000000000e+00,0.000000000000000000e+00,0.000000000000000000e+00,0.000000000000000000e+00,0.000000000000000000e+00,0.000000000000000000e+00,0.000000000000000000e+00,0.000000000000000000e+00,0.000000000000000000e+00,0.000000000000000000e+00,0.000000000000000000e+00,0.000000000000000000e+00,0.000000000000000000e+00,0.000000000000000000e+00,0.000000000000000000e+00,0.000000000000000000e+00,0.000000000000000000e+00,0.000000000000000000e+00,0.000000000000000000e+00,0.000000000000000000e+00,0.000000000000000000e+00,0.000000000000000000e+00,0.000000000000000000e+00,0.000000000000000000e+00,0.000000000000000000e+00,0.000000000000000000e+00,0.000000000000000000e+00,0.000000000000000000e+00,0.000000000000000000e+00,0.000000000000000000e+00
2.650000000000000000e+02,2.030956023705868209e-04,8.549748898841001005e-07,1.518813516633663735e-06,3.034594133597936149e-06,3.924502128389444110e-06,6.125031090481995342e-06,7.474083311466764561e-06,1.076699864341158839e-05,1.269527614599874035e-05,1.688616603416422828e-05,1.886758821768340431e-05,2.128371814631683395e-05,2.105887368930708654e-05,1.648988584105479040e-05,1.252325836302500004e-05,4.696618390850974259e-06,2.188300041256217637e-06,2.483542494074520487e-07,5.809226441544617509e-08,1.308371228226539243e-09,1.167830301863556630e-10,3.419292030504977875e-13,9.079895038968666121e-15,2.032879073410320814e-18,0.000000000000000000e+00,0.000000000000000000e+00,0.000000000000000000e+00,0.000000000000000000e+00,0.000000000000000000e+00,0.000000000000000000e+00,0.000000000000000000e+00,1.626303258728256651e-19,4.607859233063393845e-19,7.589415207398531038e-19,4.607859233063393845e-19,5.421010862427522170e-20,2.710505431213761085e-20,0.000000000000000000e+00,0.000000000000000000e+00,0.000000000000000000e+00,0.000000000000000000e+00,0.000000000000000000e+00,0.000000000000000000e+00,0.000000000000000000e+00,0.000000000000000000e+00,0.000000000000000000e+00,0.000000000000000000e+00,0.000000000000000000e+00,0.000000000000000000e+00,0.000000000000000000e+00,0.000000000000000000e+00,0.000000000000000000e+00,0.000000000000000000e+00,0.000000000000000000e+00,0.000000000000000000e+00,0.000000000000000000e+00,0.000000000000000000e+00,0.000000000000000000e+00,0.000000000000000000e+00,0.000000000000000000e+00,0.000000000000000000e+00,0.000000000000000000e+00,0.000000000000000000e+00,0.000000000000000000e+00,0.000000000000000000e+00,0.000000000000000000e+00,0.000000000000000000e+00,0.000000000000000000e+00,0.000000000000000000e+00,0.000000000000000000e+00,0.000000000000000000e+00,0.000000000000000000e+00,0.000000000000000000e+00,0.000000000000000000e+00,0.000000000000000000e+00,0.000000000000000000e+00,0.000000000000000000e+00,0.000000000000000000e+00,0.000000000000000000e+00,0.000000000000000000e+00,0.000000000000000000e+00,0.000000000000000000e+00,0.000000000000000000e+00,0.000000000000000000e+00,0.000000000000000000e+00,0.000000000000000000e+00,0.000000000000000000e+00,0.000000000000000000e+00,0.000000000000000000e+00,0.000000000000000000e+00,0.000000000000000000e+00,0.000000000000000000e+00,0.000000000000000000e+00,0.000000000000000000e+00,0.000000000000000000e+00,0.000000000000000000e+00,0.000000000000000000e+00,0.000000000000000000e+00,0.000000000000000000e+00,0.000000000000000000e+00,0.000000000000000000e+00
2.660000000000000000e+02,2.070838181935557361e-04,8.567719424729493879e-07,1.521537341182523312e-06,3.039082581552906333e-06,3.929769277628613949e-06,6.130211002478046841e-06,7.478208535861510407e-06,1.076561559260494978e-05,1.268826676586608162e-05,1.685763713535405627e-05,1.882143354818238234e-05,2.118649254450265772e-05,2.093063826541751967e-05,1.632564969587856161e-05,1.236586192528149478e-05,4.606679990297105195e-06,2.137309585601088668e-06,2.397815483632130193e-07,5.569510601972568753e-08,1.233189423949405950e-09,1.090569137546151118e-10,3.114120289762767335e-13,8.154230329154854573e-15,1.761828530288944705e-18,0.000000000000000000e+00,0.000000000000000000e+00,0.000000000000000000e+00,0.000000000000000000e+00,0.000000000000000000e+00,0.000000000000000000e+00,0.000000000000000000e+00,1.355252715606880543e-19,4.065758146820641628e-19,6.505213034913026604e-19,4.065758146820641628e-19,5.421010862427522170e-20,0.000000000000000000e+00,0.000000000000000000e+00,0.000000000000000000e+00,0.000000000000000000e+00,0.000000000000000000e+00,0.000000000000000000e+00,0.000000000000000000e+00,0.000000000000000000e+00,0.000000000000000000e+00,0.000000000000000000e+00,0.000000000000000000e+00,0.000000000000000000e+00,0.000000000000000000e+00,0.000000000000000000e+00,0.000000000000000000e+00,0.000000000000000000e+00,0.000000000000000000e+00,0.000000000000000000e+00,0.000000000000000000e+00,0.000000000000000000e+00,0.000000000000000000e+00,0.000000000000000000e+00,0.000000000000000000e+00,0.000000000000000000e+00,0.000000000000000000e+00,0.000000000000000000e+00,0.000000000000000000e+00,0.000000000000000000e+00,0.000000000000000000e+00,0.000000000000000000e+00,0.000000000000000000e+00,0.000000000000000000e+00,0.000000000000000000e+00,0.000000000000000000e+00,0.000000000000000000e+00,0.000000000000000000e+00,0.000000000000000000e+00,0.000000000000000000e+00,0.000000000000000000e+00,0.000000000000000000e+00,0.000000000000000000e+00,0.000000000000000000e+00,0.000000000000000000e+00,0.000000000000000000e+00,0.000000000000000000e+00,0.000000000000000000e+00,0.000000000000000000e+00,0.000000000000000000e+00,0.000000000000000000e+00,0.000000000000000000e+00,0.000000000000000000e+00,0.000000000000000000e+00,0.000000000000000000e+00,0.000000000000000000e+00,0.000000000000000000e+00,0.000000000000000000e+00,0.000000000000000000e+00,0.000000000000000000e+00,0.000000000000000000e+00,0.000000000000000000e+00,0.000000000000000000e+00,0.000000000000000000e+00,0.000000000000000000e+00,0.000000000000000000e+00,0.000000000000000000e+00
2.670000000000000000e+02,2.108997365329579835e-04,8.585676732346565754e-07,1.524259068312166501e-06,3.043566787048194349e-06,3.935030551236205288e-06,6.135379963096625287e-06,7.482319586091023883e-06,1.076421190613819257e-05,1.268127952957243143e-05,1.682913131733327987e-05,1.877536611621030151e-05,2.108968724548831541e-05,2.080316325578769696e-05,1.616303656829900831e-05,1.221043512096927795e-05,4.518461357739460109e-06,2.087506242923051940e-06,2.315046676885576526e-07,5.339684633275348750e-08,1.162327386438786678e-09,1.018419139710118049e-10,2.836184520745022031e-13,7.322945418455906186e-15,1.544988095791843818e-18,0.000000000000000000e+00,0.000000000000000000e+00,0.000000000000000000e+00,0.000000000000000000e+00,0.000000000000000000e+00,0.000000000000000000e+00,0.000000000000000000e+00,1.355252715606880543e-19,3.523657060577889411e-19,5.692061405548898279e-19,3.523657060577889411e-19,5.421010862427522170e-20,0.000000000000000000e+00,0.000000000000000000e+00,0.000000000000000000e+00,0.000000000000000000e+00,0.000000000000000000e+00,0.000000000000000000e+00,0.000000000000000000e+00,0.000000000000000000e+00,0.000000000000000000e+00,0.000000000000000000e+00,0.000000000000000000e+00,0.000000000000000000e+00,0.000000000000000000e+00,0.000000000000000000e+00,0.000000000000000000e+00,0.000000000000000000e+00,0.000000000000000000e+00,0.000000000000000000e+00,0.000000000000000000e+00,0.000000000000000000e+00,0.000000000000000000e+00,0.000000000000000000e+00,0.000000000000000000e+00,0.000000000000000000e+00,0.000000000000000000e+00,0.000000000000000000e+00,0.000000000000000000e+00,0.000000000000000000e+00,0.000000000000000000e+00,0.000000000000000000e+00,0.000000000000000000e+00,0.000000000000000000e+00,0.000000000000000000e+00,0.000000000000000000e+00,0.000000000000000000e+00,0.000000000000000000e+00,0.000000000000000000e+00,0.000000000000000000e+00,0.000000000000000000e+00,0.000000000000000000e+00,0.000000000000000000e+00,0.000000000000000000e+00,0.000000000000000000e+00,0.000000000000000000e+00,0.000000000000000000e+00,0.000000000000000000e+00,0.000000000000000000e+00,0.000000000000000000e+00,0.000000000000000000e+00,0.000000000000000000e+00,0.000000000000000000e+00,0.000000000000000000e+00,0.000000000000000000e+00,0.000000000000000000e+00,0.000000000000000000e+00,0.000000000000000000e+00,0.000000000000000000e+00,0.000000000000000000e+00,0.000000000000000000e+00,0.000000000000000000e+00,0.000000000000000000e+00,0.000000000000000000e+00,0.000000000000000000e+00,0.000000000000000000e+00,0.000000000000000000e+00
2.680000000000000000e+02,2.145401050478090634e-04,8.603620828606987035e-07,1.526978699158755863e-06,3.048056536466252223e-06,3.940285953599171167e-06,6.140537985658536726e-06,7.486416484985783815e-06,1.076278764988456761e-05,1.267458931252456828e-05,1.680064868725151270e-05,1.872938589381968242e-05,2.099330059745604569e-05,2.067644431947353745e-05,1.600203056961553767e-05,1.205695342487600355e-05,4.431929660383938322e-06,2.038862401535841045e-06,2.235134027395526985e-07,5.119340594256401034e-08,1.095536932168000160e-09,9.510422004500689031e-11,2.583054213231572582e-13,6.576418012591012108e-15,1.328147661294742932e-18,0.000000000000000000e+00,0.000000000000000000e+00,0.000000000000000000e+00,0.000000000000000000e+00,0.000000000000000000e+00,0.000000000000000000e+00,0.000000000000000000e+00,1.084202172485504434e-19,2.981555974335137194e-19,4.878909776184769953e-19,2.981555974335137194e-19,2.710505431213761085e-20,0.000000000000000000e+00,0.000000000000000000e+00,0.000000000000000000e+00,0.000000000000000000e+00,0.000000000000000000e+00,0.000000000000000000e+00,0.000000000000000000e+00,0.000000000000000000e+00,0.000000000000000000e+00,0.000000000000000000e+00,0.000000000000000000e+00,0.000000000000000000e+00,0.000000000000000000e+00,0.000000000000000000e+00,0.000000000000000000e+00,0.000000000000000000e+00,0.000000000000000000e+00,0.000000000000000000e+00,0.000000000000000000e+00,0.000000000000000000e+00,0.000000000000000000e+00,0.000000000000000000e+00,0.000000000000000000e+00,0.000000000000000000e+00,0.000000000000000000e+00,0.000000000000000000e+00,0.000000000000000000e+00,0.000000000000000000e+00,0.000000000000000000e+00,0.000000000000000000e+00,0.000000000000000000e+00,0.000000000000000000e+00,0.000000000000000000e+00,0.000000000000000000e+00,0.000000000000000000e+00,0.000000000000000000e+00,0.000000000000000000e+00,0.000000000000000000e+00,0.000000000000000000e+00,0.000000000000000000e+00,0.000000000000000000e+00,0.000000000000000000e+00,0.000000000000000000e+00,0.000000000000000000e+00,0.000000000000000000e+00,0.000000000000000000e+00,0.000000000000000000e+00,0.000000000000000000e+00,0.000000000000000000e+00,0.000000000000000000e+00,0.000000000000000000e+00,0.000000000000000000e+00,0.000000000000000000e+00,0.000000000000000000e+00,0.000000000000000000e+00,0.000000000000000000e+00,0.000000000000000000e+00,0.000000000000000000e+00,0.000000000000000000e+00,0.000000000000000000e+00,0.000000000000000000e+00,0.000000000000000000e+00,0.000000000000000000e+00,0.000000000000000000e+00,0.000000000000000000e+00
2.690000000000000000e+02,2.180018216211056529e-04,8.621551720421733421e-07,1.529696234857911858e-06,3.052546863828822007e-06,3.945535489101699910e-06,6.145685083471034678e-06,7.490499255345992686e-06,1.076134288956480563e-05,1.266788005489032326e-05,1.677218935143971442e-05,1.868349285212637630e-05,2.089733095387059122e-05,2.055047713889231859e-05,1.584261596488482633e-05,1.190539261541287983e-05,4.347052691186731668e-06,1.991351091355493628e-06,2.157979007742848003e-07,4.908087367170438364e-08,1.032584135275509130e-09,8.881225762409281077e-11,2.352515155335660468e-13,5.905974494180288303e-15,1.165517335421917267e-18,0.000000000000000000e+00,0.000000000000000000e+00,0.000000000000000000e+00,0.000000000000000000e+00,0.000000000000000000e+00,0.000000000000000000e+00,0.000000000000000000e+00,8.131516293641283255e-20,2.710505431213761085e-19,4.336808689942017736e-19,2.710505431213761085e-19,2.710505431213761085e-20,0.000000000000000000e+00,0.000000000000000000e+00,0.000000000000000000e+00,0.000000000000000000e+00,0.000000000000000000e+00,0.000000000000000000e+00,0.000000000000000000e+00,0.000000000000000000e+00,0.000000000000000000e+00,0.000000000000000000e+00,0.000000000000000000e+00,0.000000000000000000e+00,0.000000000000000000e+00,0.000000000000000000e+00,0.000000000000000000e+00,0.000000000000000000e+00,0.000000000000000000e+00,0.000000000000000000e+00,0.000000000000000000e+00,0.000000000000000000e+00,0.000000000000000000e+00,0.000000000000000000e+00,0.000000000000000000e+00,0.000000000000000000e+00,0.000000000000000000e+00,0.000000000000000000e+00,0.000000000000000000e+00,0.000000000000000000e+00,0.000000000000000000e+00,0.000000000000000000e+00,0.000000000000000000e+00,0.000000000000000000e+00,0.000000000000000000e+00,0.000000000000000000e+00,0.000000000000000000e+00,0.000000000000000000e+00,0.000000000000000000e+00,0.000000000000000000e+00,0.000000000000000000e+00,0.000000000000000000e+00,0.000000000000000000e+00,0.000000000000000000e+00,0.000000000000000000e+00,0.000000000000000000e+00,0.000000000000000000e+00,0.000000000000000000e+00,0.000000000000000000e+00,0.000000000000000000e+00,0.000000000000000000e+00,0.000000000000000000e+00,0.000000000000000000e+00,0.000000000000000000e+00,0.000000000000000000e+00,0.000000000000000000e+00,0.000000000000000000e+00,0.000000000000000000e+00,0.000000000000000000e+00,0.000000000000000000e+00,0.000000000000000000e+00,0.000000000000000000e+00,0.000000000000000000e+00,0.000000000000000000e+00,0.000000000000000000e+00,0.000000000000000000e+00,0.000000000000000000e+00
2.700000000000000000e+02,2.212819371443020585e-04,8.639469414699341154e-07,1.532411676544767056e-06,3.057032990074533968e-06,3.950779162125079604e-06,6.150821269827576191e-06,7.494567919941712156e-06,1.075987769074749668e-05,1.266115185075052671e-05,1.674375341541387702e-05,1.863768696131685629e-05,2.080177667347217854e-05,2.042525741970929580e-05,1.568477717145430150e-05,1.175572877088121911e-05,4.263798856950462264e-06,1.944945969007154038e-06,2.083486488219663327e-07,4.705549964067155810e-08,9.732485086128093293e-10,8.293654096282708499e-11,2.142551544168092015e-13,5.303889922744775554e-15,1.002887009549091601e-18,0.000000000000000000e+00,0.000000000000000000e+00,0.000000000000000000e+00,0.000000000000000000e+00,0.000000000000000000e+00,0.000000000000000000e+00,0.000000000000000000e+00,8.131516293641283255e-20,2.168404344971008868e-19,3.523657060577889411e-19,2.168404344971008868e-19,2.710505431213761085e-20,0.000000000000000000e+00,0.000000000000000000e+00,0.000000000000000000e+00,0.000000000000000000e+00,0.000000000000000000e+00,0.000000000000000000e+00,0.000000000000000000e+00,0.000000000000000000e+00,0.000000000000000000e+00,0.000000000000000000e+00,0.000000000000000000e+00,0.000000000000000000e+00,0.000000000000000000e+00,0.000000000000000000e+00,0.000000000000000000e+00,0.000000000000000000e+00,0.000000000000000000e+00,0.000000000000000000e+00,0.000000000000000000e+00,0.000000000000000000e+00,0.000000000000000000e+00,0.000000000000000000e+00,0.000000000000000000e+00,0.000000000000000000e+00,0.000000000000000000e+00,0.000000000000000000e+00,0.000000000000000000e+00,0.000000000000000000e+00,0.000000000000000000e+00,0.000000000000000000e+00,0.000000000000000000e+00,0.000000000000000000e+00,0.000000000000000000e+00,0.000000000000000000e+00,0.000000000000000000e+00,0.000000000000000000e+00,0.000000000000000000e+00,0.000000000000000000e+00,0.000000000000000000e+00,0.000000000000000000e+00,0.000000000000000000e+00,0.000000000000000000e+00,0.000000000000000000e+00,0.000000000000000000e+00,0.000000000000000000e+00,0.000000000000000000e+00,0.000000000000000000e+00,0.000000000000000000e+00,0.000000000000000000e+00,0.000000000000000000e+00,0.000000000000000000e+00,0.000000000000000000e+00,0.000000000000000000e+00,0.000000000000000000e+00,0.000000000000000000e+00,0.000000000000000000e+00,0.000000000000000000e+00,0.000000000000000000e+00,0.000000000000000000e+00,0.000000000000000000e+00,0.000000000000000000e+00,0.000000000000000000e+00,0.000000000000000000e+00,0.000000000000000000e+00,0.000000000000000000e+00
2.710000000000000000e+02,2.243776581655486423e-04,8.657373918344280720e-07,1.535125025353803506e-06,3.061514917896193937e-06,3.956016977047833614e-06,6.155946558008011573e-06,7.498622501512754645e-06,1.075839211884933411e-05,1.265440479390170410e-05,1.671534098387900927e-05,1.859196819065512922e-05,2.070663612026914539e-05,2.030078089072475571e-05,1.552849875750903896e-05,1.160793826578414463e-05,4.182137166646539067e-06,1.899621303277546731e-06,2.011564619700553867e-07,4.511368861744328648e-08,9.173222317653776520e-10,7.744953468705531585e-11,1.951326741248676777e-13,4.763171194271942355e-15,8.673617379884035472e-19,0.000000000000000000e+00,0.000000000000000000e+00,0.000000000000000000e+00,0.000000000000000000e+00,0.000000000000000000e+00,0.000000000000000000e+00,0.000000000000000000e+00,5.421010862427522170e-20,1.897353801849632760e-19,3.252606517456513302e-19,1.897353801849632760e-19,2.710505431213761085e-20,0.000000000000000000e+00,0.000000000000000000e+00,0.000000000000000000e+00,0.000000000000000000e+00,0.000000000000000000e+00,0.000000000000000000e+00,0.000000000000000000e+00,0.000000000000000000e+00,0.000000000000000000e+00,0.000000000000000000e+00,0.000000000000000000e+00,0.000000000000000000e+00,0.000000000000000000e+00,0.000000000000000000e+00,0.000000000000000000e+00,0.000000000000000000e+00,0.000000000000000000e+00,0.000000000000000000e+00,0.000000000000000000e+00,0.000000000000000000e+00,0.000000000000000000e+00,0.000000000000000000e+00,0.000000000000000000e+00,0.000000000000000000e+00,0.000000000000000000e+00,0.000000000000000000e+00,0.000000000000000000e+00,0.000000000000000000e+00,0.000000000000000000e+00,0.000000000000000000e+00,0.000000000000000000e+00,0.000000000000000000e+00,0.000000000000000000e+00,0.000000000000000000e+00,0.000000000000000000e+00,0.000000000000000000e+00,0.000000000000000000e+00,0.000000000000000000e+00,0.000000000000000000e+00,0.000000000000000000e+00,0.000000000000000000e+00,0.000000000000000000e+00,0.000000000000000000e+00,0.000000000000000000e+00,0.000000000000000000e+00,0.000000000000000000e+00,0.000000000000000000e+00,0.000000000000000000e+00,0.000000000000000000e+00,0.000000000000000000e+00,0.000000000000000000e+00,0.000000000000000000e+00,0.000000000000000000e+00,0.000000000000000000e+00,0.000000000000000000e+00,0.000000000000000000e+00,0.000000000000000000e+00,0.000000000000000000e+00,0.000000000000000000e+00,0.000000000000000000e+00,0.000000000000000000e+00,0.000000000000000000e+00,0.000000000000000000e+00,0.000000000000000000e+00,0.000000000000000000e+00
2.720000000000000000e+02,2.272863493995078805e-04,8.675265238258312098e-07,1.537836282419123785e-06,3.065992649985171178e-06,3.961248938245612175e-06,6.161060961278584398e-06,7.502663022768900174e-06,1.075688623913541265e-05,1.264763897785678068e-05,1.668695216073276880e-05,1.854633650848991843e-05,2.061190766353070375e-05,2.017704330376177417e-05,1.537376544063299966e-05,1.146199776718394227e-05,4.102037219958989825e-06,1.855351960904555236e-06,1.942124720549429084e-07,4.325199364098699165e-08,8.646094234988042915e-10,7.232552488227288190e-11,1.777168635776898986e-13,4.277584146269997056e-15,7.589415207398531038e-19,0.000000000000000000e+00,0.000000000000000000e+00,0.000000000000000000e+00,0.000000000000000000e+00,0.000000000000000000e+00,0.000000000000000000e+00,0.000000000000000000e+00,5.421010862427522170e-20,1.626303258728256651e-19,2.710505431213761085e-19,1.626303258728256651e-19,2.710505431213761085e-20,0.000000000000000000e+00,0.000000000000000000e+00,0.000000000000000000e+00,0.000000000000000000e+00,0.000000000000000000e+00,0.000000000000000000e+00,0.000000000000000000e+00,0.000000000000000000e+00,0.000000000000000000e+00,0.000000000000000000e+00,0.000000000000000000e+00,0.000000000000000000e+00,0.000000000000000000e+00,0.000000000000000000e+00,0.000000000000000000e+00,0.000000000000000000e+00,0.000000000000000000e+00,0.000000000000000000e+00,0.000000000000000000e+00,0.000000000000000000e+00,0.000000000000000000e+00,0.000000000000000000e+00,0.000000000000000000e+00,0.000000000000000000e+00,0.000000000000000000e+00,0.000000000000000000e+00,0.000000000000000000e+00,0.000000000000000000e+00,0.000000000000000000e+00,0.000000000000000000e+00,0.000000000000000000e+00,0.000000000000000000e+00,0.000000000000000000e+00,0.000000000000000000e+00,0.000000000000000000e+00,0.000000000000000000e+00,0.000000000000000000e+00,0.000000000000000000e+00,0.000000000000000000e+00,0.000000000000000000e+00,0.000000000000000000e+00,0.000000000000000000e+00,0.000000000000000000e+00,0.000000000000000000e+00,0.000000000000000000e+00,0.000000000000000000e+00,0.000000000000000000e+00,0.000000000000000000e+00,0.000000000000000000e+00,0.000000000000000000e+00,0.000000000000000000e+00,0.000000000000000000e+00,0.000000000000000000e+00,0.000000000000000000e+00,0.000000000000000000e+00,0.000000000000000000e+00,0.000000000000000000e+00,0.000000000000000000e+00,0.000000000000000000e+00,0.000000000000000000e+00,0.000000000000000000e+00,0.000000000000000000e+00,0.000000000000000000e+00,0.000000000000000000e+00,0.000000000000000000e+00
2.730000000000000000e+02,2.300055360966818082e-04,8.693143699843575416e-07,1.540545497137792022e-06,3.070466268720502007e-06,3.966475143177917778e-06,6.166164583749266176e-06,7.506689578024055469e-06,1.075536008934138894e-05,1.264085437476834893e-05,1.665858654376357992e-05,1.850079107134914897e-05,2.051758800050959065e-05,2.005403824794176862e-05,1.522055936956521398e-05,1.131788167888254514e-05,4.023467809297510273e-06,1.812112631148347398e-06,1.875079993445113915e-07,4.146707876332973546e-08,8.149245962828059742e-10,6.754041618518835666e-11,1.618551484245528416e-13,3.841490927442015035e-15,6.505213034913026604e-19,0.000000000000000000e+00,0.000000000000000000e+00,0.000000000000000000e+00,0.000000000000000000e+00,0.000000000000000000e+00,0.000000000000000000e+00,0.000000000000000000e+00,5.421010862427522170e-20,1.355252715606880543e-19,2.439454888092384977e-19,1.355252715606880543e-19,2.710505431213761085e-20,0.000000000000000000e+00,0.000000000000000000e+00,0.000000000000000000e+00,0.000000000000000000e+00,0.000000000000000000e+00,0.000000000000000000e+00,0.000000000000000000e+00,0.000000000000000000e+00,0.000000000000000000e+00,0.000000000000000000e+00,0.000000000000000000e+00,0.000000000000000000e+00,0.000000000000000000e+00,0.000000000000000000e+00,0.000000000000000000e+00,0.000000000000000000e+00,0.000000000000000000e+00,0.000000000000000000e+00,0.000000000000000000e+00,0.000000000000000000e+00,0.000000000000000000e+00,0.000000000000000000e+00,0.000000000000000000e+00,0.000000000000000000e+00,0.000000000000000000e+00,0.000000000000000000e+00,0.000000000000000000e+00,0.000000000000000000e+00,0.000000000000000000e+00,0.000000000000000000e+00,0.000000000000000000e+00,0.000000000000000000e+00,0.000000000000000000e+00,0.000000000000000000e+00,0.000000000000000000e+00,0.000000000000000000e+00,0.000000000000000000e+00,0.000000000000000000e+00,0.000000000000000000e+00,0.000000000000000000e+00,0.000000000000000000e+00,0.000000000000000000e+00,0.000000000000000000e+00,0.000000000000000000e+00,0.000000000000000000e+00,0.000000000000000000e+00,0.000000000000000000e+00,0.000000000000000000e+00,0.000000000000000000e+00,0.000000000000000000e+00,0.000000000000000000e+00,0.000000000000000000e+00,0.000000000000000000e+00,0.000000000000000000e+00,0.000000000000000000e+00,0.000000000000000000e+00,0.000000000000000000e+00,0.000000000000000000e+00,0.000000000000000000e+00,0.000000000000000000e+00,0.000000000000000000e+00,0.000000000000000000e+00,0.000000000000000000e+00,0.000000000000000000e+00,0.000000000000000000e+00
2.740000000000000000e+02,2.325329062702988800e-04,8.711008672754143312e-07,1.543252574078251681e-06,3.074935617337367201e-06,3.971695409937201502e-06,6.171257256750779146e-06,7.510702046409627620e-06,1.075381378882764934e-05,1.263405131940938965e-05,1.663024524630333568e-05,1.845533346914740862e-05,2.042367887278607476e-05,1.993176590500453480e-05,1.506887101692601003e-05,1.117557237870252717e-05,3.946402482289229066e-06,1.769880876156538748e-06,1.810350156380166695e-07,3.975583905068097272e-08,7.680954973345987397e-10,6.307195418069413972e-11,1.474093199935189169e-13,3.449849997685938696e-15,5.692061405548898279e-19,0.000000000000000000e+00,0.000000000000000000e+00,0.000000000000000000e+00,0.000000000000000000e+00,0.000000000000000000e+00,0.000000000000000000e+00,0.000000000000000000e+00,5.421010862427522170e-20,1.355252715606880543e-19,1.897353801849632760e-19,1.355252715606880543e-19,2.710505431213761085e-20,0.000000000000000000e+00,0.000000000000000000e+00,0.000000000000000000e+00,0.000000000000000000e+00,0.000000000000000000e+00,0.000000000000000000e+00,0.000000000000000000e+00,0.000000000000000000e+00,0.000000000000000000e+00,0.000000000000000000e+00,0.000000000000000000e+00,0.000000000000000000e+00,0.000000000000000000e+00,0.000000000000000000e+00,0.000000000000000000e+00,0.000000000000000000e+00,0.000000000000000000e+00,0.000000000000000000e+00,0.000000000000000000e+00,0.000000000000000000e+00,0.000000000000000000e+00,0.000000000000000000e+00,0.000000000000000000e+00,0.000000000000000000e+00,0.000000000000000000e+00,0.000000000000000000e+00,0.000000000000000000e+00,0.000000000000000000e+00,0.000000000000000000e+00,0.000000000000000000e+00,0.000000000000000000e+00,0.000000000000000000e+00,0.000000000000000000e+00,0.000000000000000000e+00,0.000000000000000000e+00,0.000000000000000000e+00,0.000000000000000000e+00,0.000000000000000000e+00,0.000000000000000000e+00,0.000000000000000000e+00,0.000000000000000000e+00,0.000000000000000000e+00,0.000000000000000000e+00,0.000000000000000000e+00,0.000000000000000000e+00,0.000000000000000000e+00,0.000000000000000000e+00,0.000000000000000000e+00,0.000000000000000000e+00,0.000000000000000000e+00,0.000000000000000000e+00,0.000000000000000000e+00,0.000000000000000000e+00,0.000000000000000000e+00,0.000000000000000000e+00,0.000000000000000000e+00,0.000000000000000000e+00,0.000000000000000000e+00,0.000000000000000000e+00,0.000000000000000000e+00,0.000000000000000000e+00,0.000000000000000000e+00,0.000000000000000000e+00,0.000000000000000000e+00,0.000000000000000000e+00
2.750000000000000000e+02,2.348663127789323089e-04,8.728860482619838369e-07,1.545957562673779245e-06,3.079400778286577262e-06,3.976909836081519815e-06,6.176339084559601166e-06,7.514700522429475574e-06,1.075224737538847870e-05,1.262722978370069290e-05,1.660192786412143201e-05,1.840996285506566322e-05,2.033017698079651729e-05,1.981021989650276894e-05,1.491868279604666712e-05,1.103504480539488678e-05,3.870811130396467105e-06,1.728632494822109197e-06,1.747854174045102623e-07,3.811520418899104305e-08,7.239571912873860038e-10,5.889910952082237638e-11,1.342527976809504420e-13,3.098161917985953195e-15,4.878909776184769953e-19,0.000000000000000000e+00,0.000000000000000000e+00,0.000000000000000000e+00,0.000000000000000000e+00,0.000000000000000000e+00,0.000000000000000000e+00,0.000000000000000000e+00,2.710505431213761085e-20,1.084202172485504434e-19,1.626303258728256651e-19,1.084202172485504434e-19,0.000000000000000000e+00,0.000000000000000000e+00,0.000000000000000000e+00,0.000000000000000000e+00,0.000000000000000000e+00,0.000000000000000000e+00,0.000000000000000000e+00,0.000000000000000000e+00,0.000000000000000000e+00,0.000000000000000000e+00,0.000000000000000000e+00,0.000000000000000000e+00,0.000000000000000000e+00,0.000000000000000000e+00,0.000000000000000000e+00,0.000000000000000000e+00,0.000000000000000000e+00,0.000000000000000000e+00,0.000000000000000000e+00,0.000000000000000000e+00,0.000000000000000000e+00,0.000000000000000000e+00,0.000000000000000000e+00,0.000000000000000000e+00,0.000000000000000000e+00,0.000000000000000000e+00,0.000000000000000000e+00,0.000000000000000000e+00,0.000000000000000000e+00,0.000000000000000000e+00,0.000000000000000000e+00,0.000000000000000000e+00,0.000000000000000000e+00,0.000000000000000000e+00,0.000000000000000000e+00,0.000000000000000000e+00,0.000000000000000000e+00,0.000000000000000000e+00,0.000000000000000000e+00,0.000000000000000000e+00,0.000000000000000000e+00,0.000000000000000000e+00,0.000000000000000000e+00,0.000000000000000000e+00,0.000000000000000000e+00,0.000000000000000000e+00,0.000000000000000000e+00,0.000000000000000000e+00,0.000000000000000000e+00,0.000000000000000000e+00,0.000000000000000000e+00,0.000000000000000000e+00,0.000000000000000000e+00,0.000000000000000000e+00,0.000000000000000000e+00,0.000000000000000000e+00,0.000000000000000000e+00,0.000000000000000000e+00,0.000000000000000000e+00,0.000000000000000000e+00,0.000000000000000000e+00,0.000000000000000000e+00,0.000000000000000000e+00,0.000000000000000000e+00,0.000000000000000000e+00,0.000000000000000000e+00
2.760000000000000000e+02,2.370037752631399066e-04,8.746699136330223293e-07,1.548660464056254675e-06,3.083861754253402815e-06,3.982118425975247249e-06,6.181410080387440440e-06,7.518702225736603175e-06,1.075066091368574880e-05,1.262038986002831840e-05,1.657363449792458401e-05,1.836467919386105380e-05,2.023708071477862730e-05,1.968939606523546619e-05,1.476998000798454710e-05,1.089627676071320910e-05,3.796665605891802941e-06,1.688344610069743247e-06,1.687514979841918308e-07,3.654226163668700990e-08,6.823550778773702918e-10,5.500232623414751110e-11,1.222704663211837683e-13,2.782306720086613616e-15,4.336808689942017736e-19,0.000000000000000000e+00,0.000000000000000000e+00,0.000000000000000000e+00,0.000000000000000000e+00,0.000000000000000000e+00,0.000000000000000000e+00,0.000000000000000000e+00,2.710505431213761085e-20,8.131516293641283255e-20,1.626303258728256651e-19,8.131516293641283255e-20,0.000000000000000000e+00,0.000000000000000000e+00,0.000000000000000000e+00,0.000000000000000000e+00,0.000000000000000000e+00,0.000000000000000000e+00,0.000000000000000000e+00,0.000000000000000000e+00,0.000000000000000000e+00,0.000000000000000000e+00,0.000000000000000000e+00,0.000000000000000000e+00,0.000000000000000000e+00,0.000000000000000000e+00,0.000000000000000000e+00,0.000000000000000000e+00,0.000000000000000000e+00,0.000000000000000000e+00,0.000000000000000000e+00,0.000000000000000000e+00,0.000000000000000000e+00,0.000000000000000000e+00,0.000000000000000000e+00,0.000000000000000000e+00,0.000000000000000000e+00,0.000000000000000000e+00,0.000000000000000000e+00,0.000000000000000000e+00,0.000000000000000000e+00,0.000000000000000000e+00,0.000000000000000000e+00,0.000000000000000000e+00,0.000000000000000000e+00,0.000000000000000000e+00,0.000000000000000000e+00,0.000000000000000000e+00,0.000000000000000000e+00,0.000000000000000000e+00,0.000000000000000000e+00,0.000000000000000000e+00,0.000000000000000000e+00,0.000000000000000000e+00,0.000000000000000000e+00,0.000000000000000000e+00,0.000000000000000000e+00,0.000000000000000000e+00,0.000000000000000000e+00,0.000000000000000000e+00,0.000000000000000000e+00,0.000000000000000000e+00,0.000000000000000000e+00,0.000000000000000000e+00,0.000000000000000000e+00,0.000000000000000000e+00,0.000000000000000000e+00,0.000000000000000000e+00,0.000000000000000000e+00,0.000000000000000000e+00,0.000000000000000000e+00,0.000000000000000000e+00,0.000000000000000000e+00,0.000000000000000000e+00,0.000000000000000000e+00,0.000000000000000000e+00,0.000000000000000000e+00,0.000000000000000000e+00
2.770000000000000000e+02,2.389434819345406748e-04,8.764524640771066081e-07,1.551361279357015835e-06,3.088318547921732127e-06,3.987321183979885197e-06,6.186470257432506855e-06,7.523334271930911176e-06,1.074982048994034133e-05,1.261353164049827647e-05,1.654536524763118338e-05,1.831948244941007816e-05,2.014438847019304102e-05,1.956929027646867590e-05,1.462274809619986565e-05,1.075924632141099144e-05,3.723938297661483123e-06,1.648994876515651057e-06,1.629258165039212947e-07,3.503421897374644697e-08,6.431434387333713476e-10,5.136334199217114371e-11,1.113575648793024842e-13,2.498652326710093519e-15,3.794707603699265519e-19,0.000000000000000000e+00,0.000000000000000000e+00,0.000000000000000000e+00,0.000000000000000000e+00,0.000000000000000000e+00,0.000000000000000000e+00,0.000000000000000000e+00,2.710505431213761085e-20,8.131516293641283255e-20,1.355252715606880543e-19,8.131516293641283255e-20,0.000000000000000000e+00,0.000000000000000000e+00,0.000000000000000000e+00,0.000000000000000000e+00,0.000000000000000000e+00,0.000000000000000000e+00,0.000000000000000000e+00,0.000000000000000000e+00,0.000000000000000000e+00,0.000000000000000000e+00,0.000000000000000000e+00,0.000000000000000000e+00,0.000000000000000000e+00,0.000000000000000000e+00,0.000000000000000000e+00,0.000000000000000000e+00,0.000000000000000000e+00,0.000000000000000000e+00,0.000000000000000000e+00,0.000000000000000000e+00,0.000000000000000000e+00,0.000000000000000000e+00,0.000000000000000000e+00,0.000000000000000000e+00,0.000000000000000000e+00,0.000000000000000000e+00,0.000000000000000000e+00,0.000000000000000000e+00,0.000000000000000000e+00,0.000000000000000000e+00,0.000000000000000000e+00,0.000000000000000000e+00,0.000000000000000000e+00,0.000000000000000000e+00,0.000000000000000000e+00,0.000000000000000000e+00,0.000000000000000000e+00,0.000000000000000000e+00,0.000000000000000000e+00,0.000000000000000000e+00,0.000000000000000000e+00,0.000000000000000000e+00,0.000000000000000000e+00,0.000000000000000000e+00,0.000000000000000000e+00,0.000000000000000000e+00,0.000000000000000000e+00,0.000000000000000000e+00,0.000000000000000000e+00,0.000000000000000000e+00,0.000000000000000000e+00,0.000000000000000000e+00,0.000000000000000000e+00,0.000000000000000000e+00,0.000000000000000000e+00,0.000000000000000000e+00,0.000000000000000000e+00,0.000000000000000000e+00,0.000000000000000000e+00,0.000000000000000000e+00,0.000000000000000000e+00,0.000000000000000000e+00,0.000000000000000000e+00,0.000000000000000000e+00,0.000000000000000000e+00,0.000000000000000000e+00
2.780000000000000000e+02,2.406837912158674272e-04,8.782337002825153175e-07,1.554060009706858484e-06,3.092778025453392669e-06,3.992518114454061918e-06,6.191519628879457770e-06,7.527952152699171314e-06,1.074923964192493081e-05,1.260665521693734117e-05,1.651712021237520156e-05,1.827437258471536715e-05,2.005209864771562395e-05,1.944989841782615993e-05,1.447697264519523541e-05,1.062393183585733330e-05,3.652602120993864035e-06,1.610561468123221981e-06,1.573011887139486465e-07,3.358839894865533852e-08,6.061849270970736531e-10,4.796510251156051174e-11,1.014186564590735529e-13,2.243919026284624252e-15,3.252606517456513302e-19,0.000000000000000000e+00,0.000000000000000000e+00,0.000000000000000000e+00,0.000000000000000000e+00,0.000000000000000000e+00,0.000000000000000000e+00,0.000000000000000000e+00,2.710505431213761085e-20,8.131516293641283255e-20,1.084202172485504434e-19,8.131516293641283255e-20,0.000000000000000000e+00,0.000000000000000000e+00,0.000000000000000000e+00,0.000000000000000000e+00,0.000000000000000000e+00,0.000000000000000000e+00,0.000000000000000000e+00,0.000000000000000000e+00,0.000000000000000000e+00,0.000000000000000000e+00,0.000000000000000000e+00,0.000000000000000000e+00,0.000000000000000000e+00,0.000000000000000000e+00,0.000000000000000000e+00,0.000000000000000000e+00,0.000000000000000000e+00,0.000000000000000000e+00,0.000000000000000000e+00,0.000000000000000000e+00,0.000000000000000000e+00,0.000000000000000000e+00,0.000000000000000000e+00,0.000000000000000000e+00,0.000000000000000000e+00,0.000000000000000000e+00,0.000000000000000000e+00,0.000000000000000000e+00,0.000000000000000000e+00,0.000000000000000000e+00,0.000000000000000000e+00,0.000000000000000000e+00,0.000000000000000000e+00,0.000000000000000000e+00,0.000000000000000000e+00,0.000000000000000000e+00,0.000000000000000000e+00,0.000000000000000000e+00,0.000000000000000000e+00,0.000000000000000000e+00,0.000000000000000000e+00,0.000000000000000000e+00,0.000000000000000000e+00,0.000000000000000000e+00,0.000000000000000000e+00,0.000000000000000000e+00,0.000000000000000000e+00,0.000000000000000000e+00,0.000000000000000000e+00,0.000000000000000000e+00,0.000000000000000000e+00,0.000000000000000000e+00,0.000000000000000000e+00,0.000000000000000000e+00,0.000000000000000000e+00,0.000000000000000000e+00,0.000000000000000000e+00,0.000000000000000000e+00,0.000000000000000000e+00,0.000000000000000000e+00,0.000000000000000000e+00,0.000000000000000000e+00,0.000000000000000000e+00,0.000000000000000000e+00,0.000000000000000000e+00,0.000000000000000000e+00
2.790000000000000000e+02,2.422232332306606839e-04,8.800136229372018410e-07,1.556756656236009178e-06,3.097249868201271778e-06,3.997709221753722271e-06,6.196558207899289595e-06,7.532555889555478347e-06,1.074863870618382087e-05,1.259976068089391763e-05,1.648889949050938810e-05,1.822934956191267779e-05,1.996020965322944777e-05,1.933121639917929186e-05,1.433263937916827370e-05,1.049031192069393450e-05,3.582630507562332501e-06,1.573023066144853266e-06,1.518706781404176483e-07,3.220223472952124869e-08,5.713500870064679854e-10,4.479168162134332387e-11,9.236678804626363704e-14,2.015179472944494954e-15,2.710505431213761085e-19,0.000000000000000000e+00,0.000000000000000000e+00,0.000000000000000000e+00,0.000000000000000000e+00,0.000000000000000000e+00,0.000000000000000000e+00,0.000000000000000000e+00,2.710505431213761085e-20,5.421010862427522170e-20,1.084202172485504434e-19,5.421010862427522170e-20,0.000000000000000000e+00,0.000000000000000000e+00,0.000000000000000000e+00,0.000000000000000000e+00,0.000000000000000000e+00,0.000000000000000000e+00,0.000000000000000000e+00,0.000000000000000000e+00,0.000000000000000000e+00,0.000000000000000000e+00,0.000000000000000000e+00,0.000000000000000000e+00,0.000000000000000000e+00,0.000000000000000000e+00,0.000000000000000000e+00,0.000000000000000000e+00,0.000000000000000000e+00,0.000000000000000000e+00,0.000000000000000000e+00,0.000000000000000000e+00,0.000000000000000000e+00,0.000000000000000000e+00,0.000000000000000000e+00,0.000000000000000000e+00,0.000000000000000000e+00,0.000000000000000000e+00,0.000000000000000000e+00,0.000000000000000000e+00,0.000000000000000000e+00,0.000000000000000000e+00,0.000000000000000000e+00,0.000000000000000000e+00,0.000000000000000000e+00,0.000000000000000000e+00,0.000000000000000000e+00,0.000000000000000000e+00,0.000000000000000000e+00,0.000000000000000000e+00,0.000000000000000000e+00,0.000000000000000000e+00,0.000000000000000000e+00,0.000000000000000000e+00,0.000000000000000000e+00,0.000000000000000000e+00,0.000000000000000000e+00,0.000000000000000000e+00,0.000000000000000000e+00,0.000000000000000000e+00,0.000000000000000000e+00,0.000000000000000000e+00,0.000000000000000000e+00,0.000000000000000000e+00,0.000000000000000000e+00,0.000000000000000000e+00,0.000000000000000000e+00,0.000000000000000000e+00,0.000000000000000000e+00,0.000000000000000000e+00,0.000000000000000000e+00,0.000000000000000000e+00,0.000000000000000000e+00,0.000000000000000000e+00,0.000000000000000000e+00,0.000000000000000000e+00,0.000000000000000000e+00,0.000000000000000000e+00
2.800000000000000000e+02,2.435605111413967382e-04,8.817922327287671964e-07,1.559451220074179476e-06,3.101717530388359680e-06,4.002894510231829557e-06,6.201586007649663055e-06,7.537145503987093030e-06,1.074801774102464541e-05,1.259284812363847578e-05,1.646070317960971591e-05,1.818441334227723582e-05,1.986871989781687571e-05,1.921324015253869102e-05,1.418973416067732915e-05,1.035836545753299480e-05,3.513997395597907554e-06,1.536358847343692645e-06,1.466275875428827043e-07,3.087326535083077285e-08,5.385168999096079379e-10,4.182820672400840156e-11,8.412281288228129483e-14,1.809723161258491864e-15,2.439454888092384977e-19,0.000000000000000000e+00,0.000000000000000000e+00,0.000000000000000000e+00,0.000000000000000000e+00,0.000000000000000000e+00,0.000000000000000000e+00,0.000000000000000000e+00,2.710505431213761085e-20,5.421010862427522170e-20,8.131516293641283255e-20,5.421010862427522170e-20,0.000000000000000000e+00,0.000000000000000000e+00,0.000000000000000000e+00,0.000000000000000000e+00,0.000000000000000000e+00,0.000000000000000000e+00,0.000000000000000000e+00,0.000000000000000000e+00,0.000000000000000000e+00,0.000000000000000000e+00,0.000000000000000000e+00,0.000000000000000000e+00,0.000000000000000000e+00,0.000000000000000000e+00,0.000000000000000000e+00,0.000000000000000000e+00,0.000000000000000000e+00,0.000000000000000000e+00,0.000000000000000000e+00,0.000000000000000000e+00,0.000000000000000000e+00,0.000000000000000000e+00,0.000000000000000000e+00,0.000000000000000000e+00,0.000000000000000000e+00,0.000000000000000000e+00,0.000000000000000000e+00,0.000000000000000000e+00,0.000000000000000000e+00,0.000000000000000000e+00,0.000000000000000000e+00,0.000000000000000000e+00,0.000000000000000000e+00,0.000000000000000000e+00,0.000000000000000000e+00,0.000000000000000000e+00,0.000000000000000000e+00,0.000000000000000000e+00,0.000000000000000000e+00,0.000000000000000000e+00,0.000000000000000000e+00,0.000000000000000000e+00,0.000000000000000000e+00,0.000000000000000000e+00,0.000000000000000000e+00,0.000000000000000000e+00,0.000000000000000000e+00,0.000000000000000000e+00,0.000000000000000000e+00,0.000000000000000000e+00,0.000000000000000000e+00,0.000000000000000000e+00,0.000000000000000000e+00,0.000000000000000000e+00,0.000000000000000000e+00,0.000000000000000000e+00,0.000000000000000000e+00,0.000000000000000000e+00,0.000000000000000000e+00,0.000000000000000000e+00,0.000000000000000000e+00,0.000000000000000000e+00,0.000000000000000000e+00,0.000000000000000000e+00,0.000000000000000000e+00,0.000000000000000000e+00
2.810000000000000000e+02,2.446945023349710361e-04,8.835695303446226660e-07,1.562143702350620150e-06,3.106181014688488666e-06,4.008073984238663678e-06,6.206603041274496614e-06,7.541721017454143961e-06,1.074737680463005692e-05,1.258591763616449897e-05,1.643253137647833571e-05,1.813956388623091855e-05,1.977762779775156651e-05,1.909596563194534144e-05,1.404824298931861950e-05,1.022807158969552726e-05,3.446677220249002617e-06,1.500548472488166200e-06,1.415654506661053087e-07,2.959913134796370027e-08,5.075703574347438518e-10,3.906078899999082532e-11,7.661460441760192808e-14,1.625219056555771147e-15,2.168404344971008868e-19,0.000000000000000000e+00,0.000000000000000000e+00,0.000000000000000000e+00,0.000000000000000000e+00,0.000000000000000000e+00,0.000000000000000000e+00,0.000000000000000000e+00,0.000000000000000000e+00,5.421010862427522170e-20,5.421010862427522170e-20,5.421010862427522170e-20,0.000000000000000000e+00,0.000000000000000000e+00,0.000000000000000000e+00,0.000000000000000000e+00,0.000000000000000000e+00,0.000000000000000000e+00,0.000000000000000000e+00,0.000000000000000000e+00,0.000000000000000000e+00,0.000000000000000000e+00,0.000000000000000000e+00,0.000000000000000000e+00,0.000000000000000000e+00,0.000000000000000000e+00,0.000000000000000000e+00,0.000000000000000000e+00,0.000000000000000000e+00,0.000000000000000000e+00,0.000000000000000000e+00,0.000000000000000000e+00,0.000000000000000000e+00,0.000000000000000000e+00,0.000000000000000000e+00,0.000000000000000000e+00,0.000000000000000000e+00,0.000000000000000000e+00,0.000000000000000000e+00,0.000000000000000000e+00,0.000000000000000000e+00,0.000000000000000000e+00,0.000000000000000000e+00,0.000000000000000000e+00,0.000000000000000000e+00,0.000000000000000000e+00,0.000000000000000000e+00,0.000000000000000000e+00,0.000000000000000000e+00,0.000000000000000000e+00,0.000000000000000000e+00,0.000000000000000000e+00,0.000000000000000000e+00,0.000000000000000000e+00,0.000000000000000000e+00,0.000000000000000000e+00,0.000000000000000000e+00,0.000000000000000000e+00,0.000000000000000000e+00,0.000000000000000000e+00,0.000000000000000000e+00,0.000000000000000000e+00,0.000000000000000000e+00,0.000000000000000000e+00,0.000000000000000000e+00,0.000000000000000000e+00,0.000000000000000000e+00,0.000000000000000000e+00,0.000000000000000000e+00,0.000000000000000000e+00,0.000000000000000000e+00,0.000000000000000000e+00,0.000000000000000000e+00,0.000000000000000000e+00,0.000000000000000000e+00,0.000000000000000000e+00,0.000000000000000000e+00,0.000000000000000000e+00
2.820000000000000000e+02,2.456242594545875939e-04,8.853455164717187464e-07,1.564834104193931451e-06,3.110640323773891831e-06,4.013247648121658507e-06,6.211609321904345941e-06,7.546282451389627575e-06,1.074671595505750964e-05,1.257896930918924296e-05,1.640438417714780439e-05,1.809480115334848906e-05,1.968693177449023449e-05,1.897938881336255117e-05,1.390815200041700325e-05,1.009940971898916351e-05,3.380644904123957049e-06,1.465572075113762054e-06,1.366780242762367231e-07,2.837757057198289287e-08,4.784020586905309014e-10,3.647645840975169418e-11,6.977654131573585161e-14,1.459552964599986069e-15,1.626303258728256651e-19,0.000000000000000000e+00,0.000000000000000000e+00,0.000000000000000000e+00,0.000000000000000000e+00,0.000000000000000000e+00,0.000000000000000000e+00,0.000000000000000000e+00,0.000000000000000000e+00,5.421010862427522170e-20,5.421010862427522170e-20,5.421010862427522170e-20,0.000000000000000000e+00,0.000000000000000000e+00,0.000000000000000000e+00,0.000000000000000000e+00,0.000000000000000000e+00,0.000000000000000000e+00,0.000000000000000000e+00,0.000000000000000000e+00,0.000000000000000000e+00,0.000000000000000000e+00,0.000000000000000000e+00,0.000000000000000000e+00,0.000000000000000000e+00,0.000000000000000000e+00,0.000000000000000000e+00,0.000000000000000000e+00,0.000000000000000000e+00,0.000000000000000000e+00,0.000000000000000000e+00,0.000000000000000000e+00,0.000000000000000000e+00,0.000000000000000000e+00,0.000000000000000000e+00,0.000000000000000000e+00,0.000000000000000000e+00,0.000000000000000000e+00,0.000000000000000000e+00,0.000000000000000000e+00,0.000000000000000000e+00,0.000000000000000000e+00,0.000000000000000000e+00,0.000000000000000000e+00,0.000000000000000000e+00,0.000000000000000000e+00,0.000000000000000000e+00,0.000000000000000000e+00,0.000000000000000000e+00,0.000000000000000000e+00,0.000000000000000000e+00,0.000000000000000000e+00,0.000000000000000000e+00,0.000000000000000000e+00,0.000000000000000000e+00,0.000000000000000000e+00,0.000000000000000000e+00,0.000000000000000000e+00,0.000000000000000000e+00,0.000000000000000000e+00,0.000000000000000000e+00,0.000000000000000000e+00,0.000000000000000000e+00,0.000000000000000000e+00,0.000000000000000000e+00,0.000000000000000000e+00,0.000000000000000000e+00,0.000000000000000000e+00,0.000000000000000000e+00,0.000000000000000000e+00,0.000000000000000000e+00,0.000000000000000000e+00,0.000000000000000000e+00,0.000000000000000000e+00,0.000000000000000000e+00,0.000000000000000000e+00,0.000000000000000000e+00,0.000000000000000000e+00
2.830000000000000000e+02,2.463490112772368304e-04,8.871201917967619886e-07,1.567522426732198635e-06,3.115095460315365702e-06,4.018415506225293463e-06,6.216604862656187076e-06,7.550829827199841832e-06,1.074603525023985588e-05,1.257200323315422379e-05,1.637626167688444609e-05,1.805012510236464343e-05,1.959663025466451807e-05,1.886350569456856198e-05,1.376944746372824394e-05,9.972359502525912026e-06,3.315875848013192899e-06,1.431410250545320749e-06,1.319592804714122235e-07,2.720641417637862866e-08,4.509098306326383976e-10,3.406310292424635788e-11,6.354872140665324132e-14,1.310746216426350585e-15,1.626303258728256651e-19,0.000000000000000000e+00,0.000000000000000000e+00,0.000000000000000000e+00,0.000000000000000000e+00,0.000000000000000000e+00,0.000000000000000000e+00,0.000000000000000000e+00,0.000000000000000000e+00,5.421010862427522170e-20,5.421010862427522170e-20,5.421010862427522170e-20,0.000000000000000000e+00,0.000000000000000000e+00,0.000000000000000000e+00,0.000000000000000000e+00,0.000000000000000000e+00,0.000000000000000000e+00,0.000000000000000000e+00,0.000000000000000000e+00,0.000000000000000000e+00,0.000000000000000000e+00,0.000000000000000000e+00,0.000000000000000000e+00,0.000000000000000000e+00,0.000000000000000000e+00,0.000000000000000000e+00,0.000000000000000000e+00,0.000000000000000000e+00,0.000000000000000000e+00,0.000000000000000000e+00,0.000000000000000000e+00,0.000000000000000000e+00,0.000000000000000000e+00,0.000000000000000000e+00,0.000000000000000000e+00,0.000000000000000000e+00,0.000000000000000000e+00,0.000000000000000000e+00,0.000000000000000000e+00,0.000000000000000000e+00,0.000000000000000000e+00,0.000000000000000000e+00,0.000000000000000000e+00,0.000000000000000000e+00,0.000000000000000000e+00,0.000000000000000000e+00,0.000000000000000000e+00,0.000000000000000000e+00,0.000000000000000000e+00,0.000000000000000000e+00,0.000000000000000000e+00,0.000000000000000000e+00,0.000000000000000000e+00,0.000000000000000000e+00,0.000000000000000000e+00,0.000000000000000000e+00,0.000000000000000000e+00,0.000000000000000000e+00,0.000000000000000000e+00,0.000000000000000000e+00,0.000000000000000000e+00,0.000000000000000000e+00,0.000000000000000000e+00,0.000000000000000000e+00,0.000000000000000000e+00,0.000000000000000000e+00,0.000000000000000000e+00,0.000000000000000000e+00,0.000000000000000000e+00,0.000000000000000000e+00,0.000000000000000000e+00,0.000000000000000000e+00,0.000000000000000000e+00,0.000000000000000000e+00,0.000000000000000000e+00,0.000000000000000000e+00,0.000000000000000000e+00
2.840000000000000000e+02,2.468681634360729116e-04,8.888935885990531527e-07,1.570208718948266392e-06,3.119546506269487221e-06,4.023577654837021383e-06,6.221589765376448443e-06,7.555363246931413087e-06,1.074533473532511725e-05,1.256501937360631534e-05,1.634816346966143190e-05,1.800553489728773252e-05,1.950672007123069578e-05,1.874831024821559068e-05,1.363211334680689652e-05,9.846898627741216409e-06,3.252344800469834842e-06,1.398043457506421925e-06,1.274033194808882503e-07,2.608356317762051957e-08,4.249969221491699256e-10,3.180937278987258643e-11,5.787671774129532487e-14,1.177118298667512164e-15,1.626303258728256651e-19,0.000000000000000000e+00,0.000000000000000000e+00,0.000000000000000000e+00,0.000000000000000000e+00,0.000000000000000000e+00,0.000000000000000000e+00,0.000000000000000000e+00,0.000000000000000000e+00,5.421010862427522170e-20,5.421010862427522170e-20,5.421010862427522170e-20,0.000000000000000000e+00,0.000000000000000000e+00,0.000000000000000000e+00,0.000000000000000000e+00,0.000000000000000000e+00,0.000000000000000000e+00,0.000000000000000000e+00,0.000000000000000000e+00,0.000000000000000000e+00,0.000000000000000000e+00,0.000000000000000000e+00,0.000000000000000000e+00,0.000000000000000000e+00,0.000000000000000000e+00,0.000000000000000000e+00,0.000000000000000000e+00,0.000000000000000000e+00,0.000000000000000000e+00,0.000000000000000000e+00,0.000000000000000000e+00,0.000000000000000000e+00,0.000000000000000000e+00,0.000000000000000000e+00,0.000000000000000000e+00,0.000000000000000000e+00,0.000000000000000000e+00,0.000000000000000000e+00,0.000000000000000000e+00,0.000000000000000000e+00,0.000000000000000000e+00,0.000000000000000000e+00,0.000000000000000000e+00,0.000000000000000000e+00,0.000000000000000000e+00,0.000000000000000000e+00,0.000000000000000000e+00,0.000000000000000000e+00,0.000000000000000000e+00,0.000000000000000000e+00,0.000000000000000000e+00,0.000000000000000000e+00,0.000000000000000000e+00,0.000000000000000000e+00,0.000000000000000000e+00,0.000000000000000000e+00,0.000000000000000000e+00,0.000000000000000000e+00,0.000000000000000000e+00,0.000000000000000000e+00,0.000000000000000000e+00,0.000000000000000000e+00,0.000000000000000000e+00,0.000000000000000000e+00,0.000000000000000000e+00,0.000000000000000000e+00,0.000000000000000000e+00,0.000000000000000000e+00,0.000000000000000000e+00,0.000000000000000000e+00,0.000000000000000000e+00,0.000000000000000000e+00,0.000000000000000000e+00,0.000000000000000000e+00,0.000000000000000000e+00,0.000000000000000000e+00,0.000000000000000000e+00
2.850000000000000000e+02,2.471812989871365529e-04,8.906822080167217486e-07,1.572892886221696936e-06,3.123993305655450858e-06,4.028733914301343890e-06,6.226563865478469770e-06,7.559882570352385520e-06,1.074482298253886517e-05,1.255801806936498489e-05,1.632009065072944232e-05,1.796103208451954331e-05,1.941720286579087795e-05,1.863380262124257614e-05,1.349614107922766709e-05,9.723011724472089244e-06,3.190030355606674698e-06,1.365454372001257809e-06,1.230046843560240154e-07,2.500706394346560724e-08,4.005734854603017203e-10,2.970478572318635546e-11,5.271098228037951472e-14,1.057585009150985300e-15,1.084202172485504434e-19,0.000000000000000000e+00,0.000000000000000000e+00,0.000000000000000000e+00,0.000000000000000000e+00,0.000000000000000000e+00,0.000000000000000000e+00,0.000000000000000000e+00,0.000000000000000000e+00,0.000000000000000000e+00,5.421010862427522170e-20,0.000000000000000000e+00,0.000000000000000000e+00,0.000000000000000000e+00,0.000000000000000000e+00,0.000000000000000000e+00,0.000000000000000000e+00,0.000000000000000000e+00,0.000000000000000000e+00,0.000000000000000000e+00,0.000000000000000000e+00,0.000000000000000000e+00,0.000000000000000000e+00,0.000000000000000000e+00,0.000000000000000000e+00,0.000000000000000000e+00,0.000000000000000000e+00,0.000000000000000000e+00,0.000000000000000000e+00,0.000000000000000000e+00,0.000000000000000000e+00,0.000000000000000000e+00,0.000000000000000000e+00,0.000000000000000000e+00,0.000000000000000000e+00,0.000000000000000000e+00,0.000000000000000000e+00,0.000000000000000000e+00,0.000000000000000000e+00,0.000000000000000000e+00,0.000000000000000000e+00,0.000000000000000000e+00,0.000000000000000000e+00,0.000000000000000000e+00,0.000000000000000000e+00,0.000000000000000000e+00,0.000000000000000000e+00,0.000000000000000000e+00,0.000000000000000000e+00,0.000000000000000000e+00,0.000000000000000000e+00,0.000000000000000000e+00,0.000000000000000000e+00,0.000000000000000000e+00,0.000000000000000000e+00,0.000000000000000000e+00,0.000000000000000000e+00,0.000000000000000000e+00,0.000000000000000000e+00,0.000000000000000000e+00,0.000000000000000000e+00,0.000000000000000000e+00,0.000000000000000000e+00,0.000000000000000000e+00,0.000000000000000000e+00,0.000000000000000000e+00,0.000000000000000000e+00,0.000000000000000000e+00,0.000000000000000000e+00,0.000000000000000000e+00,0.000000000000000000e+00,0.000000000000000000e+00,0.000000000000000000e+00,0.000000000000000000e+00,0.000000000000000000e+00,0.000000000000000000e+00,0.000000000000000000e+00,0.000000000000000000e+00
2.860000000000000000e+02,2.472881788200011460e-04,8.924700793422639042e-07,1.575574977571276257e-06,3.128435940501065639e-06,4.033884381003346228e-06,6.231527264972827693e-06,7.564387899705517660e-06,1.074431688392305006e-05,1.255099928574346076e-05,1.629204281210477195e-05,1.791661582487718597e-05,1.932807547462073649e-05,1.851997681714034807e-05,1.336151486668447994e-05,9.600676947014356952e-06,3.128908151658557363e-06,1.333624309700028911e-06,1.187578670346057207e-07,2.397498464443452090e-08,3.775534901536391208e-10,2.773943618208929429e-11,4.800630379331316533e-14,9.504658345094174621e-16,1.084202172485504434e-19,0.000000000000000000e+00,0.000000000000000000e+00,0.000000000000000000e+00,0.000000000000000000e+00,0.000000000000000000e+00,0.000000000000000000e+00,0.000000000000000000e+00,0.000000000000000000e+00,0.000000000000000000e+00,5.421010862427522170e-20,0.000000000000000000e+00,0.000000000000000000e+00,0.000000000000000000e+00,0.000000000000000000e+00,0.000000000000000000e+00,0.000000000000000000e+00,0.000000000000000000e+00,0.000000000000000000e+00,0.000000000000000000e+00,0.000000000000000000e+00,0.000000000000000000e+00,0.000000000000000000e+00,0.000000000000000000e+00,0.000000000000000000e+00,0.000000000000000000e+00,0.000000000000000000e+00,0.000000000000000000e+00,0.000000000000000000e+00,0.000000000000000000e+00,0.000000000000000000e+00,0.000000000000000000e+00,0.000000000000000000e+00,0.000000000000000000e+00,0.000000000000000000e+00,0.000000000000000000e+00,0.000000000000000000e+00,0.000000000000000000e+00,0.000000000000000000e+00,0.000000000000000000e+00,0.000000000000000000e+00,0.000000000000000000e+00,0.000000000000000000e+00,0.000000000000000000e+00,0.000000000000000000e+00,0.000000000000000000e+00,0.000000000000000000e+00,0.000000000000000000e+00,0.000000000000000000e+00,0.000000000000000000e+00,0.000000000000000000e+00,0.000000000000000000e+00,0.000000000000000000e+00,0.000000000000000000e+00,0.000000000000000000e+00,0.000000000000000000e+00,0.000000000000000000e+00,0.000000000000000000e+00,0.000000000000000000e+00,0.000000000000000000e+00,0.000000000000000000e+00,0.000000000000000000e+00,0.000000000000000000e+00,0.000000000000000000e+00,0.000000000000000000e+00,0.000000000000000000e+00,0.000000000000000000e+00,0.000000000000000000e+00,0.000000000000000000e+00,0.000000000000000000e+00,0.000000000000000000e+00,0.000000000000000000e+00,0.000000000000000000e+00,0.000000000000000000e+00,0.000000000000000000e+00,0.000000000000000000e+00,0.000000000000000000e+00,0.000000000000000000e+00
2.870000000000000000e+02,2.471887419120512904e-04,8.942566158359841616e-07,1.578254994122894102e-06,3.132874413471192082e-06,4.039029059276367638e-06,6.236479976922694717e-06,7.568879256289581716e-06,1.074379135647385557e-05,1.254396311208775400e-05,1.626402004602548693e-05,1.787228607379973437e-05,1.923933634496842069e-05,1.840682891987783284e-05,1.322822150392598956e-05,9.479874942645686881e-06,3.068955412849968135e-06,1.302535608319369768e-06,1.146576292175810301e-07,2.298549272471877084e-08,3.558562966326193899e-10,2.590411283913407470e-11,4.372159101775907608e-14,8.541886815927046683e-16,1.084202172485504434e-19,0.000000000000000000e+00,0.000000000000000000e+00,0.000000000000000000e+00,0.000000000000000000e+00,0.000000000000000000e+00,0.000000000000000000e+00,0.000000000000000000e+00,0.000000000000000000e+00,0.000000000000000000e+00,5.421010862427522170e-20,0.000000000000000000e+00,0.000000000000000000e+00,0.000000000000000000e+00,0.000000000000000000e+00,0.000000000000000000e+00,0.000000000000000000e+00,0.000000000000000000e+00,0.000000000000000000e+00,0.000000000000000000e+00,0.000000000000000000e+00,0.000000000000000000e+00,0.000000000000000000e+00,0.000000000000000000e+00,0.000000000000000000e+00,0.000000000000000000e+00,0.000000000000000000e+00,0.000000000000000000e+00,0.000000000000000000e+00,0.000000000000000000e+00,0.000000000000000000e+00,0.000000000000000000e+00,0.000000000000000000e+00,0.000000000000000000e+00,0.000000000000000000e+00,0.000000000000000000e+00,0.000000000000000000e+00,0.000000000000000000e+00,0.000000000000000000e+00,0.000000000000000000e+00,0.000000000000000000e+00,0.000000000000000000e+00,0.000000000000000000e+00,0.000000000000000000e+00,0.000000000000000000e+00,0.000000000000000000e+00,0.000000000000000000e+00,0.000000000000000000e+00,0.000000000000000000e+00,0.000000000000000000e+00,0.000000000000000000e+00,0.000000000000000000e+00,0.000000000000000000e+00,0.000000000000000000e+00,0.000000000000000000e+00,0.000000000000000000e+00,0.000000000000000000e+00,0.000000000000000000e+00,0.000000000000000000e+00,0.000000000000000000e+00,0.000000000000000000e+00,0.000000000000000000e+00,0.000000000000000000e+00,0.000000000000000000e+00,0.000000000000000000e+00,0.000000000000000000e+00,0.000000000000000000e+00,0.000000000000000000e+00,0.000000000000000000e+00,0.000000000000000000e+00,0.000000000000000000e+00,0.000000000000000000e+00,0.000000000000000000e+00,0.000000000000000000e+00,0.000000000000000000e+00,0.000000000000000000e+00,0.000000000000000000e+00,0.000000000000000000e+00
2.880000000000000000e+02,2.468831054262390153e-04,8.960418182044570766e-07,1.580932937002060747e-06,3.137308727229227035e-06,4.044167953450982650e-06,6.241422014377636610e-06,7.573356661376407471e-06,1.074324645528685826e-05,1.253690963747201197e-05,1.623602244398155391e-05,1.782804278591864017e-05,1.915098392921507240e-05,1.829435503470673704e-05,1.309624791382470741e-05,9.360586598608803752e-06,3.010149797776410195e-06,1.272171016179757513e-06,1.106989132881354421e-07,2.203683121615798712e-08,3.354058986386639074e-10,2.419021374270441394e-11,3.981922213833199997e-14,7.676693482283614145e-16,5.421010862427522170e-20,0.000000000000000000e+00,0.000000000000000000e+00,0.000000000000000000e+00,0.000000000000000000e+00,0.000000000000000000e+00,0.000000000000000000e+00,0.000000000000000000e+00,0.000000000000000000e+00,0.000000000000000000e+00,0.000000000000000000e+00,0.000000000000000000e+00,0.000000000000000000e+00,0.000000000000000000e+00,0.000000000000000000e+00,0.000000000000000000e+00,0.000000000000000000e+00,0.000000000000000000e+00,0.000000000000000000e+00,0.000000000000000000e+00,0.000000000000000000e+00,0.000000000000000000e+00,0.000000000000000000e+00,0.000000000000000000e+00,0.000000000000000000e+00,0.000000000000000000e+00,0.000000000000000000e+00,0.000000000000000000e+00,0.000000000000000000e+00,0.000000000000000000e+00,0.000000000000000000e+00,0.000000000000000000e+00,0.000000000000000000e+00,0.000000000000000000e+00,0.000000000000000000e+00,0.000000000000000000e+00,0.000000000000000000e+00,0.000000000000000000e+00,0.000000000000000000e+00,0.000000000000000000e+00,0.000000000000000000e+00,0.000000000000000000e+00,0.000000000000000000e+00,0.000000000000000000e+00,0.000000000000000000e+00,0.000000000000000000e+00,0.000000000000000000e+00,0.000000000000000000e+00,0.000000000000000000e+00,0.000000000000000000e+00,0.000000000000000000e+00,0.000000000000000000e+00,0.000000000000000000e+00,0.000000000000000000e+00,0.000000000000000000e+00,0.000000000000000000e+00,0.000000000000000000e+00,0.000000000000000000e+00,0.000000000000000000e+00,0.000000000000000000e+00,0.000000000000000000e+00,0.000000000000000000e+00,0.000000000000000000e+00,0.000000000000000000e+00,0.000000000000000000e+00,0.000000000000000000e+00,0.000000000000000000e+00,0.000000000000000000e+00,0.000000000000000000e+00,0.000000000000000000e+00,0.000000000000000000e+00,0.000000000000000000e+00,0.000000000000000000e+00,0.000000000000000000e+00,0.000000000000000000e+00,0.000000000000000000e+00,0.000000000000000000e+00,0.000000000000000000e+00
2.890000000000000000e+02,2.463715646522948136e-04,8.978256871538777342e-07,1.583608807333690156e-06,3.141738884437103672e-06,4.049301067854946864e-06,6.246353390374046084e-06,7.577820136211099126e-06,1.074268223534173344e-05,1.252983895069878940e-05,1.620805009671841788e-05,1.778388591506423807e-05,1.906301668486609820e-05,1.818316468548433719e-05,1.296558114615093196e-05,9.242793039155304015e-06,2.952469391135032015e-06,1.242513682669628503e-06,1.068768360817581864e-07,2.112731562056236259e-08,3.161306564832336297e-10,2.258970587627404103e-11,3.626520741692451644e-14,6.899320524611507466e-16,5.421010862427522170e-20,0.000000000000000000e+00,0.000000000000000000e+00,0.000000000000000000e+00,0.000000000000000000e+00,0.000000000000000000e+00,0.000000000000000000e+00,0.000000000000000000e+00,0.000000000000000000e+00,0.000000000000000000e+00,0.000000000000000000e+00,0.000000000000000000e+00,0.000000000000000000e+00,0.000000000000000000e+00,0.000000000000000000e+00,0.000000000000000000e+00,0.000000000000000000e+00,0.000000000000000000e+00,0.000000000000000000e+00,0.000000000000000000e+00,0.000000000000000000e+00,0.000000000000000000e+00,0.000000000000000000e+00,0.000000000000000000e+00,0.000000000000000000e+00,0.000000000000000000e+00,0.000000000000000000e+00,0.000000000000000000e+00,0.000000000000000000e+00,0.000000000000000000e+00,0.000000000000000000e+00,0.000000000000000000e+00,0.000000000000000000e+00,0.000000000000000000e+00,0.000000000000000000e+00,0.000000000000000000e+00,0.000000000000000000e+00,0.000000000000000000e+00,0.000000000000000000e+00,0.000000000000000000e+00,0.000000000000000000e+00,0.000000000000000000e+00,0.000000000000000000e+00,0.000000000000000000e+00,0.000000000000000000e+00,0.000000000000000000e+00,0.000000000000000000e+00,0.000000000000000000e+00,0.000000000000000000e+00,0.000000000000000000e+00,0.000000000000000000e+00,0.000000000000000000e+00,0.000000000000000000e+00,0.000000000000000000e+00,0.000000000000000000e+00,0.000000000000000000e+00,0.000000000000000000e+00,0.000000000000000000e+00,0.000000000000000000e+00,0.000000000000000000e+00,0.000000000000000000e+00,0.000000000000000000e+00,0.000000000000000000e+00,0.000000000000000000e+00,0.000000000000000000e+00,0.000000000000000000e+00,0.000000000000000000e+00,0.000000000000000000e+00,0.000000000000000000e+00,0.000000000000000000e+00,0.000000000000000000e+00,0.000000000000000000e+00,0.000000000000000000e+00,0.000000000000000000e+00,0.000000000000000000e+00,0.000000000000000000e+00,0.000000000000000000e+00,0.000000000000000000e+00
2.900000000000000000e+02,2.456545927915054881e-04,8.996082233902243791e-07,1.586282606242099980e-06,3.146144745744781923e-06,4.054428406813088536e-06,6.251274117934654904e-06,7.582269702012089507e-06,1.074209875150268891e-05,1.252275114030013256e-05,1.618010309424063433e-05,1.773981541427192572e-05,1.897543307454260418e-05,1.807312782540435600e-05,1.283620837635838802e-05,9.126568603977250425e-06,2.895892695612464068e-06,1.213547148930943249e-06,1.031866828709259408e-07,2.025533092154304521e-08,2.979630467055474630e-10,2.109508775343174602e-11,3.302837604107766722e-14,6.200552224444599858e-16,5.421010862427522170e-20,0.000000000000000000e+00,0.000000000000000000e+00,0.000000000000000000e+00,0.000000000000000000e+00,0.000000000000000000e+00,0.000000000000000000e+00,0.000000000000000000e+00,0.000000000000000000e+00,0.000000000000000000e+00,0.000000000000000000e+00,0.000000000000000000e+00,0.000000000000000000e+00,0.000000000000000000e+00,0.000000000000000000e+00,0.000000000000000000e+00,0.000000000000000000e+00,0.000000000000000000e+00,0.000000000000000000e+00,0.000000000000000000e+00,0.000000000000000000e+00,0.000000000000000000e+00,0.000000000000000000e+00,0.000000000000000000e+00,0.000000000000000000e+00,0.000000000000000000e+00,0.000000000000000000e+00,0.000000000000000000e+00,0.000000000000000000e+00,0.000000000000000000e+00,0.000000000000000000e+00,0.000000000000000000e+00,0.000000000000000000e+00,0.000000000000000000e+00,0.000000000000000000e+00,0.000000000000000000e+00,0.000000000000000000e+00,0.000000000000000000e+00,0.000000000000000000e+00,0.000000000000000000e+00,0.000000000000000000e+00,0.000000000000000000e+00,0.000000000000000000e+00,0.000000000000000000e+00,0.000000000000000000e+00,0.000000000000000000e+00,0.000000000000000000e+00,0.000000000000000000e+00,0.000000000000000000e+00,0.000000000000000000e+00,0.000000000000000000e+00,0.000000000000000000e+00,0.000000000000000000e+00,0.000000000000000000e+00,0.000000000000000000e+00,0.000000000000000000e+00,0.000000000000000000e+00,0.000000000000000000e+00,0.000000000000000000e+00,0.000000000000000000e+00,0.000000000000000000e+00,0.000000000000000000e+00,0.000000000000000000e+00,0.000000000000000000e+00,0.000000000000000000e+00,0.000000000000000000e+00,0.000000000000000000e+00,0.000000000000000000e+00,0.000000000000000000e+00,0.000000000000000000e+00,0.000000000000000000e+00,0.000000000000000000e+00,0.000000000000000000e+00,0.000000000000000000e+00,0.000000000000000000e+00,0.000000000000000000e+00,0.000000000000000000e+00,0.000000000000000000e+00
2.910000000000000000e+02,2.447328405853028618e-04,9.013894276190957851e-07,1.588954334851174193e-06,3.150524735987404300e-06,4.059549974647633837e-06,6.256184210069021777e-06,7.586705379970977436e-06,1.074149605851868177e-05,1.251564629453801297e-05,1.615218152581528437e-05,1.769583123578866895e-05,1.888823156597261394e-05,1.796373965802787768e-05,1.270811690438076232e-05,9.012408756611702942e-06,2.840398623927316984e-06,1.185255338760615989e-06,9.962390155697758293e-08,1.941932871891158610e-08,2.808394252286176840e-10,1.969935401868044833e-11,3.008043033408958067e-14,5.572257065489250039e-16,5.421010862427522170e-20,0.000000000000000000e+00,0.000000000000000000e+00,0.000000000000000000e+00,0.000000000000000000e+00,0.000000000000000000e+00,0.000000000000000000e+00,0.000000000000000000e+00,0.000000000000000000e+00,0.000000000000000000e+00,0.000000000000000000e+00,0.000000000000000000e+00,0.000000000000000000e+00,0.000000000000000000e+00,0.000000000000000000e+00,0.000000000000000000e+00,0.000000000000000000e+00,0.000000000000000000e+00,0.000000000000000000e+00,0.000000000000000000e+00,0.000000000000000000e+00,0.000000000000000000e+00,0.000000000000000000e+00,0.000000000000000000e+00,0.000000000000000000e+00,0.000000000000000000e+00,0.000000000000000000e+00,0.000000000000000000e+00,0.000000000000000000e+00,0.000000000000000000e+00,0.000000000000000000e+00,0.000000000000000000e+00,0.000000000000000000e+00,0.000000000000000000e+00,0.000000000000000000e+00,0.000000000000000000e+00,0.000000000000000000e+00,0.000000000000000000e+00,0.000000000000000000e+00,0.000000000000000000e+00,0.000000000000000000e+00,0.000000000000000000e+00,0.000000000000000000e+00,0.000000000000000000e+00,0.000000000000000000e+00,0.000000000000000000e+00,0.000000000000000000e+00,0.000000000000000000e+00,0.000000000000000000e+00,0.000000000000000000e+00,0.000000000000000000e+00,0.000000000000000000e+00,0.000000000000000000e+00,0.000000000000000000e+00,0.000000000000000000e+00,0.000000000000000000e+00,0.000000000000000000e+00,0.000000000000000000e+00,0.000000000000000000e+00,0.000000000000000000e+00,0.000000000000000000e+00,0.000000000000000000e+00,0.000000000000000000e+00,0.000000000000000000e+00,0.000000000000000000e+00,0.000000000000000000e+00,0.000000000000000000e+00,0.000000000000000000e+00,0.000000000000000000e+00,0.000000000000000000e+00,0.000000000000000000e+00,0.000000000000000000e+00,0.000000000000000000e+00,0.000000000000000000e+00,0.000000000000000000e+00,0.000000000000000000e+00,0.000000000000000000e+00,0.000000000000000000e+00
2.920000000000000000e+02,2.436071357880437193e-04,9.031693005457383603e-07,1.591623994284173350e-06,3.154900625898597035e-06,4.064665775677908698e-06,6.261083679773125779e-06,7.591127191252825890e-06,1.074087421102333712e-05,1.250862339656263881e-05,1.612428547997568824e-05,1.765193333107915462e-05,1.880141063198215103e-05,1.785499649943197097e-05,1.258129415344030086e-05,8.899670877373413438e-06,2.785966491022706182e-06,1.157622549723119751e-06,9.618409706232239863e-08,1.861782448169110524e-08,2.646998047996489828e-10,1.839596275874169629e-11,2.739559338930941390e-14,5.007929834710544981e-16,5.421010862427522170e-20,0.000000000000000000e+00,0.000000000000000000e+00,0.000000000000000000e+00,0.000000000000000000e+00,0.000000000000000000e+00,0.000000000000000000e+00,0.000000000000000000e+00,0.000000000000000000e+00,0.000000000000000000e+00,2.710505431213761085e-20,0.000000000000000000e+00,0.000000000000000000e+00,0.000000000000000000e+00,0.000000000000000000e+00,0.000000000000000000e+00,0.000000000000000000e+00,0.000000000000000000e+00,0.000000000000000000e+00,0.000000000000000000e+00,0.000000000000000000e+00,0.000000000000000000e+00,0.000000000000000000e+00,0.000000000000000000e+00,0.000000000000000000e+00,0.000000000000000000e+00,0.000000000000000000e+00,0.000000000000000000e+00,0.000000000000000000e+00,0.000000000000000000e+00,0.000000000000000000e+00,0.000000000000000000e+00,0.000000000000000000e+00,0.000000000000000000e+00,0.000000000000000000e+00,0.000000000000000000e+00,0.000000000000000000e+00,0.000000000000000000e+00,0.000000000000000000e+00,0.000000000000000000e+00,0.000000000000000000e+00,0.000000000000000000e+00,0.000000000000000000e+00,0.000000000000000000e+00,0.000000000000000000e+00,0.000000000000000000e+00,0.000000000000000000e+00,0.000000000000000000e+00,0.000000000000000000e+00,0.000000000000000000e+00,0.000000000000000000e+00,0.000000000000000000e+00,0.000000000000000000e+00,0.000000000000000000e+00,0.000000000000000000e+00,0.000000000000000000e+00,0.000000000000000000e+00,0.000000000000000000e+00,0.000000000000000000e+00,0.000000000000000000e+00,0.000000000000000000e+00,0.000000000000000000e+00,0.000000000000000000e+00,0.000000000000000000e+00,0.000000000000000000e+00,0.000000000000000000e+00,0.000000000000000000e+00,0.000000000000000000e+00,0.000000000000000000e+00,0.000000000000000000e+00,0.000000000000000000e+00,0.000000000000000000e+00,0.000000000000000000e+00,0.000000000000000000e+00,0.000000000000000000e+00,0.000000000000000000e+00,0.000000000000000000e+00,0.000000000000000000e+00
2.930000000000000000e+02,2.422784824844926937e-04,9.049478428750732523e-07,1.594291585663870116e-06,3.159272418096139168e-06,4.069775814220420122e-06,6.265972540029718721e-06,7.595535156995863839e-06,1.074023326353546305e-05,1.250280434588271501e-05,1.609641504452468492e-05,1.760812165083221453e-05,1.871496875048664658e-05,1.774689468544082089e-05,1.245572766886681457e-05,8.788337339445627654e-06,2.732576006408613239e-06,1.130633444469415078e-06,9.286302591612416793e-08,1.784939491383027294e-08,2.494876446277119464e-10,1.717880492805440307e-11,2.495039222970285575e-14,4.500523217987328906e-16,2.710505431213761085e-20,0.000000000000000000e+00,0.000000000000000000e+00,0.000000000000000000e+00,0.000000000000000000e+00,0.000000000000000000e+00,0.000000000000000000e+00,0.000000000000000000e+00,0.000000000000000000e+00,0.000000000000000000e+00,0.000000000000000000e+00,0.000000000000000000e+00,0.000000000000000000e+00,0.000000000000000000e+00,0.000000000000000000e+00,0.000000000000000000e+00,0.000000000000000000e+00,0.000000000000000000e+00,0.000000000000000000e+00,0.000000000000000000e+00,0.000000000000000000e+00,0.000000000000000000e+00,0.000000000000000000e+00,0.000000000000000000e+00,0.000000000000000000e+00,0.000000000000000000e+00,0.000000000000000000e+00,0.000000000000000000e+00,0.000000000000000000e+00,0.000000000000000000e+00,0.000000000000000000e+00,0.000000000000000000e+00,0.000000000000000000e+00,0.000000000000000000e+00,0.000000000000000000e+00,0.000000000000000000e+00,0.000000000000000000e+00,0.000000000000000000e+00,0.000000000000000000e+00,0.000000000000000000e+00,0.000000000000000000e+00,0.000000000000000000e+00,0.000000000000000000e+00,0.000000000000000000e+00,0.000000000000000000e+00,0.000000000000000000e+00,0.000000000000000000e+00,0.000000000000000000e+00,0.000000000000000000e+00,0.000000000000000000e+00,0.000000000000000000e+00,0.000000000000000000e+00,0.000000000000000000e+00,0.000000000000000000e+00,0.000000000000000000e+00,0.000000000000000000e+00,0.000000000000000000e+00,0.000000000000000000e+00,0.000000000000000000e+00,0.000000000000000000e+00,0.000000000000000000e+00,0.000000000000000000e+00,0.000000000000000000e+00,0.000000000000000000e+00,0.000000000000000000e+00,0.000000000000000000e+00,0.000000000000000000e+00,0.000000000000000000e+00,0.000000000000000000e+00,0.000000000000000000e+00,0.000000000000000000e+00,0.000000000000000000e+00,0.000000000000000000e+00,0.000000000000000000e+00,0.000000000000000000e+00,0.000000000000000000e+00,0.000000000000000000e+00,0.000000000000000000e+00
2.940000000000000000e+02,2.407480602526526593e-04,9.067250553117505579e-07,1.596957110112495054e-06,3.163640115196400277e-06,4.074880094588883292e-06,6.270850803808081199e-06,7.599929298311892826e-06,1.073957327045924038e-05,1.249696711875009796e-05,1.606857030653839982e-05,1.756439614496708664e-05,1.862890440448164236e-05,1.763943057152996658e-05,1.233140511692855704e-05,8.678390733302484726e-06,2.680207266648364835e-06,1.104273042256971159e-06,8.965659102622407922e-08,1.711267542909645015e-08,2.351496525439516344e-10,1.604217550899705858e-11,2.272344096741762964e-14,4.044616204457174291e-16,2.710505431213761085e-20,0.000000000000000000e+00,0.000000000000000000e+00,0.000000000000000000e+00,0.000000000000000000e+00,0.000000000000000000e+00,0.000000000000000000e+00,0.000000000000000000e+00,0.000000000000000000e+00,0.000000000000000000e+00,0.000000000000000000e+00,0.000000000000000000e+00,0.000000000000000000e+00,0.000000000000000000e+00,0.000000000000000000e+00,0.000000000000000000e+00,0.000000000000000000e+00,0.000000000000000000e+00,0.000000000000000000e+00,0.000000000000000000e+00,0.000000000000000000e+00,0.000000000000000000e+00,0.000000000000000000e+00,0.000000000000000000e+00,0.000000000000000000e+00,0.000000000000000000e+00,0.000000000000000000e+00,0.000000000000000000e+00,0.000000000000000000e+00,0.000000000000000000e+00,0.000000000000000000e+00,0.000000000000000000e+00,0.000000000000000000e+00,0.000000000000000000e+00,0.000000000000000000e+00,0.000000000000000000e+00,0.000000000000000000e+00,0.000000000000000000e+00,0.000000000000000000e+00,0.000000000000000000e+00,0.000000000000000000e+00,0.000000000000000000e+00,0.000000000000000000e+00,0.000000000000000000e+00,0.000000000000000000e+00,0.000000000000000000e+00,0.000000000000000000e+00,0.000000000000000000e+00,0.000000000000000000e+00,0.000000000000000000e+00,0.000000000000000000e+00,0.000000000000000000e+00,0.000000000000000000e+00,0.000000000000000000e+00,0.000000000000000000e+00,0.000000000000000000e+00,0.000000000000000000e+00,0.000000000000000000e+00,0.000000000000000000e+00,0.000000000000000000e+00,0.000000000000000000e+00,0.000000000000000000e+00,0.000000000000000000e+00,0.000000000000000000e+00,0.000000000000000000e+00,0.000000000000000000e+00,0.000000000000000000e+00,0.000000000000000000e+00,0.000000000000000000e+00,0.000000000000000000e+00,0.000000000000000000e+00,0.000000000000000000e+00,0.000000000000000000e+00,0.000000000000000000e+00,0.000000000000000000e+00,0.000000000000000000e+00,0.000000000000000000e+00,0.000000000000000000e+00
2.950000000000000000e+02,2.390172231727216820e-04,9.085009701976837129e-07,1.599620616201058660e-06,3.168003797545103925e-06,4.079978711908079743e-06,6.275718570720914113e-06,7.604309714228740889e-06,1.073889427381460480e-05,1.249111169250452860e-05,1.604075085681540584e-05,1.752075598567345719e-05,1.854321455825439814e-05,1.753259863445429806e-05,1.220831210087497225e-05,8.569811941114920031e-06,2.628839841360751470e-06,1.078526257207007002e-06,8.656078242312808917e-08,1.640634540535693651e-08,2.216353644937749806e-10,1.498072865302284284e-11,2.069519685829468436e-14,3.635058833800774991e-16,2.710505431213761085e-20,0.000000000000000000e+00,0.000000000000000000e+00,0.000000000000000000e+00,0.000000000000000000e+00,0.000000000000000000e+00,0.000000000000000000e+00,0.000000000000000000e+00,0.000000000000000000e+00,0.000000000000000000e+00,0.000000000000000000e+00,0.000000000000000000e+00,0.000000000000000000e+00,0.000000000000000000e+00,0.000000000000000000e+00,0.000000000000000000e+00,0.000000000000000000e+00,0.000000000000000000e+00,0.000000000000000000e+00,0.000000000000000000e+00,0.000000000000000000e+00,0.000000000000000000e+00,0.000000000000000000e+00,0.000000000000000000e+00,0.000000000000000000e+00,0.000000000000000000e+00,0.000000000000000000e+00,0.000000000000000000e+00,0.000000000000000000e+00,0.000000000000000000e+00,0.000000000000000000e+00,0.000000000000000000e+00,0.000000000000000000e+00,0.000000000000000000e+00,0.000000000000000000e+00,0.000000000000000000e+00,0.000000000000000000e+00,0.000000000000000000e+00,0.000000000000000000e+00,0.000000000000000000e+00,0.000000000000000000e+00,0.000000000000000000e+00,0.000000000000000000e+00,0.000000000000000000e+00,0.000000000000000000e+00,0.000000000000000000e+00,0.000000000000000000e+00,0.000000000000000000e+00,0.000000000000000000e+00,0.000000000000000000e+00,0.000000000000000000e+00,0.000000000000000000e+00,0.000000000000000000e+00,0.000000000000000000e+00,0.000000000000000000e+00,0.000000000000000000e+00,0.000000000000000000e+00,0.000000000000000000e+00,0.000000000000000000e+00,0.000000000000000000e+00,0.000000000000000000e+00,0.000000000000000000e+00,0.000000000000000000e+00,0.000000000000000000e+00,0.000000000000000000e+00,0.000000000000000000e+00,0.000000000000000000e+00,0.000000000000000000e+00,0.000000000000000000e+00,0.000000000000000000e+00,0.000000000000000000e+00,0.000000000000000000e+00,0.000000000000000000e+00,0.000000000000000000e+00,0.000000000000000000e+00,0.000000000000000000e+00,0.000000000000000000e+00,0.000000000000000000e+00
2.960000000000000000e+02,2.370874986830856588e-04,9.102755249378697514e-07,1.602282010115362986e-06,3.172363312221063115e-06,4.085071488756103096e-06,6.280575680209178526e-06,7.608676269674224555e-06,1.073819635197923610e-05,1.248523835747382730e-05,1.601295777255837467e-05,1.747720267681514565e-05,1.845822485621625270e-05,1.742639907646387014e-05,1.208644091261202301e-05,8.462587849810510954e-06,2.578456409854179912e-06,1.053379714616647445e-06,8.357189109169907600e-08,1.572917566957125410e-08,2.088979173290542862e-10,1.398952703896352845e-11,1.884804161703113046e-14,3.266972196241946236e-16,2.710505431213761085e-20,0.000000000000000000e+00,0.000000000000000000e+00,0.000000000000000000e+00,0.000000000000000000e+00,0.000000000000000000e+00,0.000000000000000000e+00,0.000000000000000000e+00,0.000000000000000000e+00,0.000000000000000000e+00,0.000000000000000000e+00,0.000000000000000000e+00,0.000000000000000000e+00,0.000000000000000000e+00,0.000000000000000000e+00,0.000000000000000000e+00,0.000000000000000000e+00,0.000000000000000000e+00,0.000000000000000000e+00,0.000000000000000000e+00,0.000000000000000000e+00,0.000000000000000000e+00,0.000000000000000000e+00,0.000000000000000000e+00,0.000000000000000000e+00,0.000000000000000000e+00,0.000000000000000000e+00,0.000000000000000000e+00,0.000000000000000000e+00,0.000000000000000000e+00,0.000000000000000000e+00,0.000000000000000000e+00,0.000000000000000000e+00,0.000000000000000000e+00,0.000000000000000000e+00,0.000000000000000000e+00,0.000000000000000000e+00,0.000000000000000000e+00,0.000000000000000000e+00,0.000000000000000000e+00,0.000000000000000000e+00,0.000000000000000000e+00,0.000000000000000000e+00,0.000000000000000000e+00,0.000000000000000000e+00,0.000000000000000000e+00,0.000000000000000000e+00,0.000000000000000000e+00,0.000000000000000000e+00,0.000000000000000000e+00,0.000000000000000000e+00,0.000000000000000000e+00,0.000000000000000000e+00,0.000000000000000000e+00,0.000000000000000000e+00,0.000000000000000000e+00,0.000000000000000000e+00,0.000000000000000000e+00,0.000000000000000000e+00,0.000000000000000000e+00,0.000000000000000000e+00,0.000000000000000000e+00,0.000000000000000000e+00,0.000000000000000000e+00,0.000000000000000000e+00,0.000000000000000000e+00,0.000000000000000000e+00,0.000000000000000000e+00,0.000000000000000000e+00,0.000000000000000000e+00,0.000000000000000000e+00,0.000000000000000000e+00,0.000000000000000000e+00,0.000000000000000000e+00,0.000000000000000000e+00,0.000000000000000000e+00,0.000000000000000000e+00,0.000000000000000000e+00
2.970000000000000000e+02,2.349605862843875070e-04,9.120487518972885104e-07,1.604941340462142990e-06,3.176718739640095081e-06,4.090158520354662559e-06,6.285422232047419618e-06,7.613029063868780380e-06,1.073747954708273705e-05,1.247934709085689710e-05,1.598519064266939278e-05,1.743373538753902486e-05,1.837373206872732921e-05,1.732082640187350420e-05,1.196577736967569536e-05,8.356699738708923877e-06,2.529037261878562277e-06,1.028818990359773710e-06,8.069138102351691363e-08,1.508150681422959494e-08,1.968924390660566764e-10,1.306390504671531283e-11,1.716573931609399750e-14,2.936019483090746007e-16,2.710505431213761085e-20,0.000000000000000000e+00,0.000000000000000000e+00,0.000000000000000000e+00,0.000000000000000000e+00,0.000000000000000000e+00,0.000000000000000000e+00,0.000000000000000000e+00,0.000000000000000000e+00,0.000000000000000000e+00,0.000000000000000000e+00,0.000000000000000000e+00,0.000000000000000000e+00,0.000000000000000000e+00,0.000000000000000000e+00,0.000000000000000000e+00,0.000000000000000000e+00,0.000000000000000000e+00,0.000000000000000000e+00,0.000000000000000000e+00,0.000000000000000000e+00,0.000000000000000000e+00,0.000000000000000000e+00,0.000000000000000000e+00,0.000000000000000000e+00,0.000000000000000000e+00,0.000000000000000000e+00,0.000000000000000000e+00,0.000000000000000000e+00,0.000000000000000000e+00,0.000000000000000000e+00,0.000000000000000000e+00,0.000000000000000000e+00,0.000000000000000000e+00,0.000000000000000000e+00,0.000000000000000000e+00,0.000000000000000000e+00,0.000000000000000000e+00,0.000000000000000000e+00,0.000000000000000000e+00,0.000000000000000000e+00,0.000000000000000000e+00,0.000000000000000000e+00,0.000000000000000000e+00,0.000000000000000000e+00,0.000000000000000000e+00,0.000000000000000000e+00,0.000000000000000000e+00,0.000000000000000000e+00,0.000000000000000000e+00,0.000000000000000000e+00,0.000000000000000000e+00,0.000000000000000000e+00,0.000000000000000000e+00,0.000000000000000000e+00,0.000000000000000000e+00,0.000000000000000000e+00,0.000000000000000000e+00,0.000000000000000000e+00,0.000000000000000000e+00,0.000000000000000000e+00,0.000000000000000000e+00,0.000000000000000000e+00,0.000000000000000000e+00,0.000000000000000000e+00,0.000000000000000000e+00,0.000000000000000000e+00,0.000000000000000000e+00,0.000000000000000000e+00,0.000000000000000000e+00,0.000000000000000000e+00,0.000000000000000000e+00,0.000000000000000000e+00,0.000000000000000000e+00,0.000000000000000000e+00,0.000000000000000000e+00,0.000000000000000000e+00,0.000000000000000000e+00
2.980000000000000000e+02,2.326383560928445737e-04,9.138206517792348341e-07,1.607598608361487935e-06,3.181070082412687603e-06,4.095239811006278928e-06,6.290258239151656555e-06,7.617368117818093618e-06,1.073674391307248696e-05,1.247343797381399557e-05,1.595744955135169375e-05,1.739035406474718787e-05,1.828960669096737568e-05,1.721587704381523495e-05,1.184630961061300738e-05,8.252131041159844853e-06,2.480563969904458045e-06,1.004830449195174939e-06,7.793389890782499371e-08,1.446135183008775103e-08,1.855768697078038348e-10,1.219952407865466937e-11,1.563359901604610691e-14,2.638677037286596416e-16,2.710505431213761085e-20,0.000000000000000000e+00,0.000000000000000000e+00,0.000000000000000000e+00,0.000000000000000000e+00,0.000000000000000000e+00,0.000000000000000000e+00,0.000000000000000000e+00,0.000000000000000000e+00,0.000000000000000000e+00,0.000000000000000000e+00,0.000000000000000000e+00,0.000000000000000000e+00,0.000000000000000000e+00,0.000000000000000000e+00,0.000000000000000000e+00,0.000000000000000000e+00,0.000000000000000000e+00,0.000000000000000000e+00,0.000000000000000000e+00,0.000000000000000000e+00,0.000000000000000000e+00,0.000000000000000000e+00,0.000000000000000000e+00,0.000000000000000000e+00,0.000000000000000000e+00,0.000000000000000000e+00,0.000000000000000000e+00,0.000000000000000000e+00,0.000000000000000000e+00,0.000000000000000000e+00,0.000000000000000000e+00,0.000000000000000000e+00,0.000000000000000000e+00,0.000000000000000000e+00,0.000000000000000000e+00,0.000000000000000000e+00,0.000000000000000000e+00,0.000000000000000000e+00,0.000000000000000000e+00,0.000000000000000000e+00,0.000000000000000000e+00,0.000000000000000000e+00,0.000000000000000000e+00,0.000000000000000000e+00,0.000000000000000000e+00,0.000000000000000000e+00,0.000000000000000000e+00,0.000000000000000000e+00,0.000000000000000000e+00,0.000000000000000000e+00,0.000000000000000000e+00,0.000000000000000000e+00,0.000000000000000000e+00,0.000000000000000000e+00,0.000000000000000000e+00,0.000000000000000000e+00,0.000000000000000000e+00,0.000000000000000000e+00,0.000000000000000000e+00,0.000000000000000000e+00,0.000000000000000000e+00,0.000000000000000000e+00,0.000000000000000000e+00,0.000000000000000000e+00,0.000000000000000000e+00,0.000000000000000000e+00,0.000000000000000000e+00,0.000000000000000000e+00,0.000000000000000000e+00,0.000000000000000000e+00,0.000000000000000000e+00,0.000000000000000000e+00,0.000000000000000000e+00,0.000000000000000000e+00,0.000000000000000000e+00,0.000000000000000000e+00,0.000000000000000000e+00
2.990000000000000000e+02,2.301228472441149025e-04,9.155912252867054110e-07,1.610253814932999196e-06,3.185417343147919000e-06,4.100315365010762493e-06,6.295083714424572815e-06,7.621693452501232362e-06,1.073598950378234921e-05,1.246751108727531254e-05,1.592973458209911769e-05,1.734705865460278978e-05,1.820584725797507472e-05,1.711154745459960358e-05,1.172802588922505621e-05,8.148865394816764713e-06,2.433018457979863568e-06,9.814007729508464513e-07,7.527061998289976547e-08,1.386669297554041398e-08,1.749115658897498066e-10,1.139233247126301973e-11,1.423820371500295057e-14,2.371150151225798197e-16,2.710505431213761085e-20,0.000000000000000000e+00,0.000000000000000000e+00,0.000000000000000000e+00,0.000000000000000000e+00,0.000000000000000000e+00,0.000000000000000000e+00,0.000000000000000000e+00,0.000000000000000000e+00,0.000000000000000000e+00,0.000000000000000000e+00,0.000000000000000000e+00,0.000000000000000000e+00,0.000000000000000000e+00,0.000000000000000000e+00,0.000000000000000000e+00,0.000000000000000000e+00,0.000000000000000000e+00,0.000000000000000000e+00,0.000000000000000000e+00,0.000000000000000000e+00,0.000000000000000000e+00,0.000000000000000000e+00,0.000000000000000000e+00,0.000000000000000000e+00,0.000000000000000000e+00,0.000000000000000000e+00,0.000000000000000000e+00,0.000000000000000000e+00,0.000000000000000000e+00,0.000000000000000000e+00,0.000000000000000000e+00,0.000000000000000000e+00,0.000000000000000000e+00,0.000000000000000000e+00,0.000000000000000000e+00,0.000000000000000000e+00,0.000000000000000000e+00,0.000000000000000000e+00,0.000000000000000000e+00,0.000000000000000000e+00,0.000000000000000000e+00,0.000000000000000000e+00,0.000000000000000000e+00,0.000000000000000000e+00,0.000000000000000000e+00,0.000000000000000000e+00,0.000000000000000000e+00,0.000000000000000000e+00,0.000000000000000000e+00,0.000000000000000000e+00,0.000000000000000000e+00,0.000000000000000000e+00,0.000000000000000000e+00,0.000000000000000000e+00,0.000000000000000000e+00,0.000000000000000000e+00,0.000000000000000000e+00,0.000000000000000000e+00,0.000000000000000000e+00,0.000000000000000000e+00,0.000000000000000000e+00,0.000000000000000000e+00,0.000000000000000000e+00,0.000000000000000000e+00,0.000000000000000000e+00,0.000000000000000000e+00,0.000000000000000000e+00,0.000000000000000000e+00,0.000000000000000000e+00,0.000000000000000000e+00,0.000000000000000000e+00,0.000000000000000000e+00,0.000000000000000000e+00,0.000000000000000000e+00,0.000000000000000000e+00,0.000000000000000000e+00,0.000000000000000000e+00
