lag_index,original_kernel,snapshot_step_0,snapshot_step_1,snapshot_step_3,snapshot_step_4,snapshot_step_6,snapshot_step_7,snapshot_step_9,snapshot_step_10,snapshot_step_12,snapshot_step_13,snapshot_step_15,snapshot_step_16,snapshot_step_18,snapshot_step_19,snapshot_step_21,snapshot_step_22,snapshot_step_24,snapshot_step_25,snapshot_step_27,snapshot_step_28,snapshot_step_30,snapshot_step_31,snapshot_step_33,snapshot_step_34,snapshot_step_36,snapshot_step_37,snapshot_step_39,snapshot_step_40,snapshot_step_42,snapshot_step_43,snapshot_step_45,snapshot_step_46,snapshot_step_48,snapshot_step_49,snapshot_step_51,snapshot_step_52,snapshot_step_54,snapshot_step_55,snapshot_step_57,snapshot_step_58,snapshot_step_60,snapshot_step_61,snapshot_step_63,snapshot_step_64,snapshot_step_66,snapshot_step_67,snapshot_step_69,snapshot_step_70,snapshot_step_72,snapshot_step_73,snapshot_step_75,snapshot_step_76,snapshot_step_78,snapshot_step_79,snapshot_step_81,snapshot_step_82,snapshot_step_84,snapshot_step_85,snapshot_step_87,snapshot_step_88,snapshot_step_90,snapshot_step_91,snapshot_step_93,snapshot_step_94,snapshot_step_96,snapshot_step_97,snapshot_step_99,snapshot_step_100,snapshot_step_102,snapshot_step_103,snapshot_step_105,snapshot_step_106,snapshot_step_108,snapshot_step_109,snapshot_step_111,snapshot_step_112,snapshot_step_114,snapshot_step_115,snapshot_step_117,snapshot_step_118,snapshot_step_120,snapshot_step_121,snapshot_step_123,snapshot_step_124,snapshot_step_126,snapshot_step_127,snapshot_step_129,snapshot_step_130,snapshot_step_132,snapshot_step_133,snapshot_step_135,snapshot_step_136,snapshot_step_138,snapshot_step_139,snapshot_step_141,snapshot_step_142,snapshot_step_144,snapshot_step_145,snapshot_step_147,snapshot_step_149
0.000000000000000000e+00,1.548772747380789960e-01,1.184299371850827676e-05,2.802129213655413231e-05,9.159541463402143258e-05,1.542624319983976200e-04,4.165796434069113374e-04,6.768415817225148512e-04,1.741331146684094167e-03,2.766002056565158851e-03,6.654855515422636314e-03,1.009647445770678331e-02,2.226444838702518192e-02,3.244637276611539445e-02,6.689558605662984658e-02,9.487767341472075344e-02,1.862404784822973003e-01,2.562860670086918868e-01,4.508439371047064936e-01,5.664059789391668875e-01,7.856888448518365431e-01,8.754671564599237898e-01,9.886362355207362063e-01,1.015723187961351304e+00,1.006947128537985847e+00,9.756112529947763568e-01,8.739585533803188033e-01,8.101121657291052713e-01,6.720249352047679148e-01,6.034040073864096465e-01,4.786116982197053948e-01,4.258387140469404031e-01,3.445667218903906703e-01,3.166604691023137130e-01,2.850495260503901895e-01,2.801921601994092903e-01,2.891526086205174484e-01,3.016387250706827894e-01,3.387189324874267382e-01,3.612770843685032540e-01,4.080386170762788645e-01,4.294443467620007171e-01,4.621896819010856694e-01,4.718914096076419762e-01,4.765883418388167092e-01,4.721319010532710747e-01,4.529379031097239272e-01,4.400067532746952947e-01,4.121920285130457051e-01,3.990056454883272874e-01,3.773805152561454657e-01,3.697810182698956227e-01,3.619540483096076455e-01,3.616904558806687264e-01,3.674812190525823530e-01,3.728504676114993144e-01,3.863310021289690921e-01,3.934627283830075539e-01,4.061863898956185048e-01,4.110254825948190804e-01,4.164678189779179585e-01,4.169516359007213735e-01,4.139275576629545261e-01,4.108627816731226234e-01,4.030810439800008860e-01,3.990058829139836449e-01,3.918533563593588065e-01,3.891778335723569127e-01,3.862339713129619989e-01,3.860124814327888787e-01,3.877822264394749086e-01,3.895207570441024947e-01,3.938696472977453178e-01,3.961160626159198062e-01,3.999541357467069069e-01,4.013155311656851909e-01,4.026029970812278203e-01,4.025189396895781924e-01,4.011433542585435275e-01,4.000297635550585928e-01,3.974717585356130067e-01,3.962317889712099195e-01,3.942578279289359333e-01,3.936415531235556431e-01,3.932609870117044215e-01,3.934731749729327710e-01,3.945040242063884151e-01,3.952089660193783827e-01,3.966731281375071028e-01,3.973141723577059414e-01,3.982060551307963214e-01,3.984130721118516183e-01,3.983390885452887664e-01,3.980953869864121142e-01,3.973459267687062813e-01,3.969170305394620346e-01,3.961266317131161285e-01,3.958242210420105378e-01,3.954992620214164978e-01,3.954860407213184326e-01,3.957179614012754643e-01,3.961712211093851854e-01
1.000000000000000000e+00,1.434161129260415335e-01,1.186192679672459782e-05,2.806339202282570611e-05,9.162429363349100520e-05,1.541957344350641801e-04,4.155781840905481417e-04,6.743316096838869456e-04,1.728431893175119693e-03,2.739401662265772419e-03,6.554120208429214944e-03,9.909250489101045778e-03,2.166462137237090690e-02,3.140564842288981473e-02,6.390861495794716851e-02,8.991572342638989856e-02,1.730611388272305928e-01,2.353844266550013387e-01,4.036803946193990855e-01,5.009423288480745473e-01,6.814280495443287844e-01,7.536078934900292126e-01,8.448058248963316030e-01,8.662260700592777640e-01,8.592630423630104319e-01,8.344199400640058828e-01,7.532286357588878767e-01,7.017376486100455057e-01,5.889642194126877284e-01,5.321524599974368774e-01,4.273834595591746721e-01,3.824613649895862721e-01,3.124804790655835163e-01,2.882100032225877184e-01,2.605603854514141338e-01,2.562996165118616165e-01,2.641774734327220209e-01,2.751216048501583522e-01,3.074600025878384546e-01,3.270218856879928415e-01,3.673216131245673477e-01,3.856627386230163657e-01,4.136010392418379977e-01,4.218554059593104810e-01,4.258650714818863481e-01,4.220945214075711993e-01,4.057950890791166554e-01,3.947801464691085283e-01,3.710018208486091096e-01,3.596883465018384518e-01,3.410774888580105912e-01,3.345204519320208458e-01,3.277594870002041860e-01,3.275335739940794522e-01,3.325443674457145837e-01,3.371839555186543214e-01,3.488117390340941260e-01,3.549518469524043374e-01,3.658874731948255077e-01,3.700404366575982262e-01,3.747078602751610088e-01,3.751233865749576957e-01,3.725336531936309648e-01,3.699066642558392903e-01,3.632296211318382095e-01,3.597292345629446997e-01,3.535794456430946253e-01,3.512770652056685927e-01,3.487427415084487503e-01,3.485522445683028048e-01,3.500769035029039911e-01,3.515739382802925972e-01,3.553165666038243797e-01,3.572486702934326575e-01,3.605479872192245416e-01,3.617177772858078955e-01,3.628238956780673874e-01,3.627518023495441835e-01,3.615703739731165323e-01,3.606136872397248672e-01,3.584153555630683607e-01,3.573493732316430638e-01,3.556519189653498669e-01,3.551218608528510234e-01,3.547945528691317518e-01,3.549771194067843361e-01,3.558638696147266023e-01,3.564701643994724334e-01,3.577291900010989290e-01,3.582803190525762904e-01,3.590470066690782946e-01,3.592249535095111135e-01,3.591613879036594792e-01,3.589519304323108839e-01,3.583077123020773636e-01,3.579390029024264175e-01,3.572594470443517523e-01,3.569994212198872585e-01,3.567199957180147152e-01,3.567086305176461192e-01,3.569080708088829823e-01,3.572978199636646091e-01
2.000000000000000000e+00,1.249148641315298291e-01,1.188255276417249373e-05,2.810541941807020994e-05,9.165295896673697484e-05,1.541287787575895685e-04,4.145786443438825852e-04,6.718303010412873810e-04,1.715627015317078286e-03,2.713055517400864147e-03,6.454907032151319113e-03,9.725494761466141336e-03,2.108094835563803504e-02,3.039829789195655496e-02,6.105500346398579081e-02,8.521325985581537643e-02,1.608144130948091777e-01,2.161874084184217948e-01,3.614506667870474033e-01,4.430447386668353582e-01,5.910025871997822700e-01,6.487105744927162965e-01,7.219003215195813894e-01,7.387323095586676436e-01,7.332390042454677292e-01,7.136618933115553842e-01,6.491764671672742848e-01,6.078611123080663869e-01,5.161695654594263827e-01,4.693144390540614497e-01,3.816384007015527491e-01,3.435025417165661343e-01,2.833820945618217291e-01,2.623156505709192121e-01,2.381751267879004541e-01,2.344444118547699685e-01,2.413595029257350755e-01,2.509355829586424891e-01,2.790857972065553527e-01,2.960146306605810906e-01,3.306676091323768052e-01,3.463446063447974677e-01,3.701203417202085788e-01,3.771248271844788169e-01,3.805402391952863450e-01,3.773601558850361304e-01,3.635589716574493258e-01,3.542021744393278881e-01,3.339277033339669298e-01,3.242452710901195800e-01,3.082666882793697605e-01,3.026221355025391357e-01,2.967953277155306324e-01,2.966023278530661722e-01,3.009289709890176079e-01,3.049292363670593753e-01,3.149361982688982931e-01,3.202102562157129739e-01,3.295866948931881479e-01,3.331421456989600571e-01,3.371352126067111987e-01,3.374912799368890992e-01,3.352792209182293703e-01,3.330331507856876261e-01,3.273181573071142214e-01,3.243188004450159312e-01,3.190438715419494642e-01,3.170672981552330461e-01,3.148907051168856608e-01,3.147272714259594650e-01,3.160377597006083228e-01,3.173238382773204691e-01,3.205371390513428453e-01,3.221949619066272197e-01,3.250243628912176108e-01,3.260270964814119266e-01,3.269751272417599219e-01,3.269134544018161836e-01,3.259012543801637074e-01,3.250813572826319886e-01,3.231966839157964788e-01,3.222824755020933241e-01,3.208262864657607238e-01,3.203714711243592639e-01,3.200906429521824803e-01,3.202473529090639204e-01,3.210083377968658835e-01,3.215285491016108832e-01,3.226085952156199088e-01,3.230812872167840855e-01,3.237387741914464767e-01,3.238913665513271090e-01,3.238368852787022467e-01,3.236572935652141103e-01,3.231048697337540743e-01,3.227886615517313595e-01,3.222058038100907851e-01,3.219827571733575589e-01,3.217430596662976816e-01,3.217333136914211078e-01,3.219044135854263189e-01,3.222387508869737349e-01
3.000000000000000000e+00,1.041195478148135428e-01,1.190316075605490909e-05,2.814737124030852744e-05,9.168141111877414762e-05,1.540615661131533587e-04,4.135810230238429197e-04,6.693376298786551937e-04,1.702915834277618501e-03,2.686961211121871584e-03,6.357193038211250702e-03,9.545143109652209912e-03,2.051299449765121852e-02,2.942325126568455518e-02,5.832879820327639686e-02,8.075671392631376955e-02,1.494343089235964928e-01,1.985559963901666891e-01,3.236386304394691660e-01,3.918387587065731981e-01,5.125765320244135559e-01,5.584142319523466291e-01,6.168755195146645720e-01,6.300034144871465847e-01,6.256982654468493665e-01,6.103800177998301990e-01,5.594981810011917522e-01,5.265430781657781667e-01,4.523721283347710842e-01,4.138964673955389251e-01,3.407896400444554996e-01,3.085121680209981232e-01,2.569933447724503939e-01,2.387477629843205440e-01,2.177130074813776739e-01,2.144528240110511463e-01,2.205123810766762560e-01,2.288757383042346327e-01,2.533301044983178318e-01,2.679473667706369633e-01,2.976711787934971376e-01,3.110349104334252379e-01,3.312106162373041340e-01,3.371371342199435128e-01,3.400393000230791385e-01,3.373667919887439748e-01,3.257188605114045288e-01,3.177950313960442030e-01,3.005583653404260147e-01,2.922946687384939124e-01,2.786121784257234446e-01,2.737654685342958416e-01,2.687563951534103768e-01,2.685921063784961760e-01,2.723192629296151135e-01,2.757599492159152343e-01,2.843505210510702819e-01,2.888690383309663323e-01,2.968873968810839536e-01,2.999231113141113125e-01,3.033300158731743745e-01,3.036343712958365915e-01,3.017503109873227451e-01,2.998352830116660650e-01,2.949571290720921501e-01,2.923940133597875968e-01,2.878815038229134426e-01,2.861890859996184533e-01,2.843246185270438819e-01,2.841847892408825293e-01,2.853083287540854607e-01,2.864103337241055147e-01,2.891619970979389387e-01,2.905807425352380235e-01,2.930007390933281330e-01,2.938579868737677958e-01,2.946683646507661791e-01,2.946157569469206039e-01,2.937508863234270517e-01,2.930501055578469405e-01,2.914386485622186274e-01,2.906566855798951021e-01,2.894107723723124970e-01,2.890215481612150028e-01,2.887812380164701542e-01,2.889154031172799231e-01,2.895667478509836301e-01,2.900119242853159141e-01,2.909359901327340792e-01,2.913403359327725872e-01,2.919026820886448381e-01,2.920331859505320149e-01,2.919866169404682910e-01,2.918330426127028199e-01,2.913605920871897292e-01,2.910901286468239313e-01,2.905915330546881559e-01,2.904007126399784644e-01,2.901956383595847289e-01,2.901873033426167203e-01,2.903337032202290002e-01,2.906197496197560071e-01
4.000000000000000000e+00,8.374459548739297821e-02,1.192375078758189932e-05,2.818830083536894016e-05,9.170965058162561245e-05,1.539940976268694417e-04,4.125853186949801632e-04,6.668535696413846470e-04,1.690297672493470960e-03,2.661116348046527191e-03,6.260955596678455248e-03,9.368132504936746430e-03,1.996033650582058894e-02,2.847947266467459881e-02,5.572431082070623820e-02,7.653322516427420175e-02,1.388595005437566199e-01,1.823625070184705099e-01,2.897821438082555656e-01,3.465509907765760289e-01,4.445575625122784036e-01,4.806865033146459076e-01,5.271300649499331969e-01,5.372775123541193576e-01,5.339299647949835581e-01,5.220451423099865540e-01,4.822081444167407582e-01,4.561035021333437189e-01,3.964598709510846475e-01,3.650223643165619869e-01,3.043131011144215581e-01,2.770860038540796100e-01,2.330619068014163631e-01,2.172973183052716584e-01,1.990088069756293376e-01,1.961659386280082962e-01,2.014658786194093998e-01,2.087551580835002030e-01,2.299512727534574474e-01,2.425413325423942390e-01,2.679673426382092605e-01,2.793249922620522629e-01,2.963913289212993241e-01,3.013894241549554542e-01,3.038488461697704812e-01,3.016119688256058695e-01,2.918172082603713302e-01,2.851300129172479325e-01,2.705235887791450078e-01,2.634923967573581938e-01,2.518103317592660373e-01,2.476604132208164444e-01,2.433663365000834911e-01,2.432270569239063929e-01,2.464294885860945361e-01,2.493809441060909626e-01,2.567352054683254559e-01,2.605953749545040776e-01,2.674322652422533864e-01,2.700164589012088445e-01,2.729145003732882935e-01,2.731739350652083731e-01,2.715743600537133262e-01,2.699466600470226685e-01,2.657955147170705801e-01,2.636117585466257740e-01,2.597628670515794158e-01,2.583179787651219694e-01,2.567255182405369651e-01,2.566062509876576581e-01,2.575667959245880323e-01,2.585083753667044570e-01,2.608579189296926226e-01,2.620685246373564148e-01,2.641322717372935336e-01,2.648629747638966969e-01,2.655536400778605866e-01,2.655089082570082359e-01,2.647721426080621443e-01,2.641749601202146858e-01,2.628011994884429936e-01,2.621343252274578872e-01,2.610714556475792203e-01,2.607393395068688946e-01,2.605343072580642572e-01,2.606488387273600549e-01,2.612047166111166052e-01,2.615845680841801801e-01,2.623728628713599131e-01,2.627177278104855795e-01,2.631972840540898750e-01,2.633085682279288631e-01,2.632688820900057625e-01,2.631379448502667029e-01,2.627350835795542738e-01,2.625044291766150950e-01,2.620791694776020697e-01,2.619163989842224205e-01,2.617414623174740274e-01,2.617343552653281780e-01,2.618592540651006328e-01,2.621032666467971728e-01
5.000000000000000000e+00,6.521138079489896544e-02,1.194432286107105501e-05,2.822918621372960679e-05,9.173767782880148935e-05,1.539263744629176811e-04,4.115915305306916405e-04,6.643780953847211457e-04,1.677771865060573298e-03,2.635518571446712754e-03,6.166172478036011095e-03,9.194401193457296673e-03,1.942256282016036062e-02,2.756595999426664223e-02,5.323610847836945936e-02,7.253060813560130438e-02,1.290330079768974292e-01,1.674896793057574773e-01,2.594674294796408542e-01,3.064974490527271334e-01,3.855646953211205874e-01,4.137779599990591972e-01,4.504411073184738656e-01,4.581992817071268709e-01,4.556208801560005517e-01,4.464941677868580205e-01,4.155950652869392359e-01,3.950871305548127044e-01,3.474582324898953800e-01,3.219194381366121127e-01,2.717408225390143262e-01,2.488610041700564657e-01,2.113589678245889059e-01,1.977740862876034011e-01,1.819115098373013661e-01,1.794384027784355906e-01,1.840644805035305254e-01,1.904033725484438611e-01,2.087299646067944936e-01,2.195442122842418131e-01,2.412275583036825877e-01,2.508478736816017185e-01,2.652324826929951529e-01,2.694321385127084190e-01,2.715101322400572115e-01,2.696464974016883898e-01,2.614441092826287338e-01,2.558224979629791784e-01,2.434901683735772870e-01,2.375282400228990731e-01,2.275867441782328804e-01,2.240446032547552258e-01,2.203749210448272544e-01,2.202573919353404408e-01,2.230010750443055523e-01,2.255253198570991158e-01,2.318017943470489506e-01,2.350890390181832323e-01,2.408994529278784547e-01,2.430919134171817264e-01,2.455487932973026144e-01,2.457692563875011338e-01,2.444160792674733296e-01,2.430374219881014652e-01,2.395170135709340786e-01,2.376627125368522830e-01,2.343906829879860432e-01,2.331611394614237498e-01,2.318054178321126702e-01,2.317040384420230859e-01,2.325226533433746301e-01,2.333245958735068459e-01,2.353243155230694827e-01,2.363539515686767234e-01,2.381081094790702402e-01,2.387288881148211250e-01,2.393155807322657758e-01,2.392776820451964492e-01,2.386521567661633592e-01,2.381449565054998274e-01,2.369777169803020112e-01,2.364108689479592629e-01,2.355071290683244944e-01,2.352246701902115378e-01,2.350503131978984861e-01,2.351477684364115528e-01,2.356206285829250957e-01,2.359436826052381253e-01,2.366139516626624140e-01,2.369071189911804431e-01,2.373147274669573648e-01,2.374093101335735811e-01,2.373756034252434977e-01,2.372643361936592754e-01,2.369219487593372531e-01,2.367258923864784537e-01,2.363643754332977465e-01,2.362259878087509257e-01,2.360772499366854404e-01,2.360712101760125692e-01,2.361774169769909060e-01,2.363848899422723582e-01
6.000000000000000000e+00,4.914074712096036524e-02,1.196487699886561451e-05,2.827002743045758937e-05,9.176549336023520631e-05,1.538583977162347183e-04,4.105996567207864656e-04,6.619111798038951333e-04,1.665337739577589515e-03,2.610165521871238292e-03,6.072821695237311246e-03,9.023888394127245471e-03,1.889927243487965480e-02,2.668174239562913497e-02,5.085899845224603477e-02,6.873731071380710655e-02,1.199018737021198822e-01,1.538298008479599133e-01,2.323239660182674082e-01,2.710731613575877441e-01,3.344001452646206962e-01,3.561826164880366186e-01,3.849091091501135597e-01,3.907599865227564528e-01,3.887969816439407200e-01,3.818769665684926817e-01,3.581839864627003323e-01,3.422333295532669073e-01,3.045130574122733025e-01,2.839061962800202288e-01,2.426548991822886914e-01,2.235110771270833740e-01,1.916770008322769281e-01,1.800049087677368653e-01,1.662830578230184708e-01,1.641372416039153237e-01,1.681660869397137437e-01,1.736648799229290885e-01,1.894670635321119290e-01,1.987275914980048408e-01,2.171560414414246687e-01,2.252739617686163320e-01,2.373492541860048599e-01,2.408633553969893593e-01,2.426132053149045176e-01,2.410687631685011489e-01,2.342322920296985578e-01,2.295273704173091678e-01,2.191581693682852217e-01,2.141225259331467623e-01,2.056933847323423048e-01,2.026806671223605194e-01,1.995555352974026919e-01,1.994568904107282825e-01,2.018000091768918092e-01,2.039516833459455170e-01,2.092898200693782129e-01,2.120791636573931271e-01,2.169990181837266052e-01,2.188521064471966870e-01,2.209270745877069120e-01,2.211137737141245785e-01,2.199736829070300936e-01,2.188105639794764301e-01,2.158365708438362007e-01,2.142679750069075018e-01,2.114966848310260439e-01,2.104542248195394316e-01,2.093042608523662806e-01,2.092184205590111035e-01,2.099136155497164646e-01,2.105941827865591975e-01,2.122899952688324376e-01,2.131625052596724246e-01,2.146480025470063613e-01,2.151734298532112233e-01,2.156699483785256277e-01,2.156379692461116993e-01,2.151089010851337247e-01,2.146797448865575830e-01,2.136916850373876964e-01,2.132116491978997275e-01,2.124460546380843307e-01,2.122067137090904720e-01,2.120589922737613209e-01,2.121416162083697710e-01,2.125423852085566445e-01,2.128161253269754971e-01,2.133839389234814810e-01,2.136322367891325402e-01,2.139774080836309433e-01,2.140574979983738413e-01,2.140289784135020745e-01,2.139347787649638899e-01,2.136448693716613556e-01,2.134788396529664622e-01,2.131726490305098920e-01,2.130554267696384285e-01,2.129294315856602726e-01,2.129243181462121826e-01,2.130142978495611905e-01,2.131900519439577091e-01
7.000000000000000000e+00,3.567705621413261308e-02,1.198541320614199268e-05,2.831103317598587799e-05,9.179309765158794043e-05,1.537901685350895331e-04,4.096096962710252254e-04,6.594527977178549216e-04,1.652994638817559259e-03,2.585054883356627253e-03,5.980881670736098998e-03,8.856534593129114508e-03,1.839007557880156796e-02,2.582588087993924891e-02,4.858802184887003883e-02,6.514238808051665830e-02,1.114168953851248367e-01,1.412839553025961314e-01,2.080200159174326047e-01,2.397431067996877163e-01,2.900251172055435811e-01,3.066041603935963922e-01,3.289109416206790204e-01,3.332466011628184566e-01,3.317738190317952585e-01,3.266112193177214129e-01,3.087037533471936879e-01,2.964501550469422764e-01,2.668757988109432544e-01,2.503816512886852808e-01,2.166821812850317219e-01,2.007433693105073469e-01,1.738278205746691674e-01,1.638322001203726119e-01,1.519972667813101752e-01,1.501408322461492695e-01,1.536408852844647621e-01,1.583978628291176083e-01,1.719818450019962863e-01,1.798847309793860372e-01,1.954865437167525311e-01,2.023072872575295278e-01,2.123972992383181824e-01,2.153237942991768350e-01,2.167917684807807721e-01,2.155197398641930662e-01,2.098527346894499546e-01,2.059350098021949516e-01,1.972576501562012807e-01,1.930231602898921650e-01,1.859061010641782086e-01,1.833538861343179394e-01,1.807029921519874571e-01,1.806207126454139056e-01,1.826145438078352057e-01,1.844417512634874412e-01,1.889641300161576387e-01,1.913214132220166785e-01,1.954698056071194900e-01,1.970293421005458456e-01,1.987742103249659775e-01,1.989317005557164342e-01,1.979755855293424405e-01,1.969987082425214142e-01,1.944973344724126030e-01,1.931761194995229025e-01,1.908388280154114935e-01,1.899586544695449075e-01,1.889872533799497600e-01,1.889148908340825828e-01,1.895029192282057240e-01,1.900781408630511371e-01,1.915103312114707357e-01,1.922466234737217894e-01,1.934993332630495499e-01,1.939421772229023566e-01,1.943606090560896227e-01,1.943337497190292251e-01,1.938881901078364223e-01,1.935266191279394754e-01,1.926937785638933032e-01,1.922889714828600327e-01,1.916431227422013828e-01,1.914411648526205822e-01,1.913165360972420015e-01,1.913862978551536809e-01,1.917245586254855694e-01,1.919555471762497134e-01,1.924345565765110400e-01,1.926439705923390089e-01,1.929350407996216765e-01,1.930025738107640498e-01,1.929785470531137637e-01,1.928991341767252177e-01,1.926546945774280928e-01,1.925146843644928440e-01,1.922564417611184739e-01,1.921575639772542810e-01,1.920512812715803874e-01,1.920469705663578885e-01,1.921228843980075929e-01,1.922711461953256207e-01
8.000000000000000000e+00,2.469777900530012796e-02,1.200593149379772240e-05,2.835208154166810046e-05,9.182049118546670163e-05,1.537216880456750145e-04,4.086216478957523102e-04,6.570029233095783794e-04,1.640741906718090615e-03,2.560184354641149851e-03,5.890331125556418079e-03,8.692281328800909729e-03,1.789459282227047129e-02,2.499746630604508454e-02,4.641844045961857068e-02,6.173546663198872797e-02,1.035323496195939830e-01,1.297612891939298740e-01,1.862585365411782434e-01,2.120340892557678880e-01,2.515386472768821324e-01,2.639266986379768531e-01,2.810595931740707543e-01,2.841982060558808088e-01,2.831139704538437329e-01,2.793435802434069970e-01,2.660587918432079646e-01,2.567917230123772376e-01,2.338904145933944911e-01,2.208157696919420820e-01,1.934894499264649126e-01,1.802948502754770366e-01,1.576407595023385233e-01,1.491125274578683213e-01,1.389387883730682227e-01,1.373379180709901337e-01,1.403702702835997185e-01,1.444729658259451821e-01,1.561102567205553959e-01,1.628284873428100521e-01,1.759793773369466019e-01,1.816820466799707323e-01,1.900684647276892902e-01,1.924922611845579501e-01,1.937185006066969584e-01,1.926784423965525461e-01,1.880106521651375706e-01,1.847676120106377939e-01,1.775456366081780146e-01,1.740028824097982207e-01,1.680222967861170202e-01,1.658700094238989564e-01,1.636314824021055103e-01,1.635633567842379177e-01,1.652530561212544324e-01,1.667981142677403550e-01,1.706124017540211757e-01,1.725953595943151841e-01,1.760765622197942026e-01,1.773826098858725386e-01,1.788426469650487849e-01,1.789749093033561333e-01,1.781773532623232015e-01,1.773611224142375986e-01,1.752678391116355983e-01,1.741604616502591407e-01,1.721987022263300471e-01,1.714590754447264664e-01,1.706423855348140062e-01,1.705816931426086258e-01,1.710768151937258064e-01,1.715607504231556057e-01,1.727646339056478075e-01,1.733830277611349280e-01,1.744343661181578242e-01,1.748058038897272182e-01,1.751567285955669684e-01,1.751342895431680646e-01,1.747609064559578484e-01,1.744577655414427941e-01,1.737591643144102693e-01,1.734194403632308146e-01,1.728772177326556581e-01,1.727076175667624502e-01,1.726029768983291246e-01,1.726616022796426397e-01,1.729457524023342296e-01,1.731397391754385395e-01,1.735419032747956003e-01,1.737176761375543721e-01,1.739619458419313924e-01,1.740186172024216493e-01,1.739984753722048638e-01,1.739318519887303460e-01,1.737267446161826212e-01,1.736092442599803942e-01,1.733924867790378188e-01,1.733094823574664323e-01,1.732202575286933000e-01,1.732166413005839511e-01,1.732803826615489928e-01,1.734048547375099114e-01
9.000000000000000000e+00,1.594607042718605705e-02,1.202643187270605041e-05,2.839308452620356582e-05,9.184767444359726030e-05,1.536529573709401186e-04,4.076355102950214582e-04,6.545615308166698176e-04,1.628605810455055480e-03,2.535551656123558734e-03,5.801149101005244335e-03,8.531071220142159156e-03,1.741245494668759719e-02,2.419561867424761814e-02,4.434572758761912148e-02,5.850671519736556914e-02,9.620574840147264051e-02,1.191783583490539228e-01,1.667735587311868217e-01,1.875276024785484941e-01,2.181593282441992021e-01,2.271896618560630965e-01,2.401698384002208253e-01,2.423689026732601115e-01,2.415908324312134869e-01,2.389165596295878546e-01,2.293048708979812944e-01,2.224386860375059949e-01,2.049819470550399148e-01,1.947411049928388649e-01,1.727791516967255303e-01,1.619292822117321395e-01,1.429610423210591619e-01,1.357153443087985578e-01,1.270021837391757669e-01,1.256267292142739245e-01,1.282458807233959885e-01,1.317722048027694104e-01,1.417033856983758167e-01,1.473894611584550818e-01,1.584187717897292957e-01,1.631595345741555514e-01,1.700869922128153133e-01,1.720816185820219224e-01,1.731009167618662858e-01,1.722579036823789767e-01,1.684419407323717310e-01,1.657759268373591444e-01,1.598034344383252314e-01,1.568568250093260730e-01,1.518588643283541595e-01,1.500533085486295826e-01,1.481727502211892533e-01,1.481168387632160743e-01,1.495421406827421307e-01,1.508422465799548751e-01,1.540429325023334739e-01,1.557021490100073957e-01,1.586073746984655308e-01,1.596949309875461687e-01,1.609096531102374161e-01,1.610201638258657031e-01,1.603589958212923161e-01,1.596810706303795069e-01,1.579395032429274370e-01,1.570166305991493316e-01,1.553792297250764509e-01,1.547611068623707675e-01,1.540782265208603952e-01,1.540276206048255547e-01,1.544423373455983128e-01,1.548473065916229907e-01,1.558538151661127968e-01,1.563703475733910220e-01,1.572478031657300601e-01,1.575576106601114246e-01,1.578502798850943134e-01,1.578316498531056045e-01,1.575205348279324902e-01,1.572678171142654069e-01,1.566851011714500697e-01,1.564015818478474706e-01,1.559488752574148540e-01,1.558072331250945353e-01,1.557198623875042931e-01,1.557688626278363464e-01,1.560062545872459849e-01,1.561682730543821895e-01,1.565040590447273061e-01,1.566507787253919037e-01,1.568546360271453333e-01,1.569019289944967865e-01,1.568851403097760167e-01,1.568295589641148791e-01,1.566584134806456863e-01,1.565603517599501449e-01,1.563794232993049871e-01,1.563101294191585056e-01,1.562356389467779438e-01,1.562326224505660721e-01,1.562858486608734165e-01,1.563897717258150299e-01
1.000000000000000000e+01,9.112119415962535371e-03,1.204691434235523328e-05,2.843404214065460567e-05,9.187464789187083092e-05,1.535839776691146075e-04,4.066512827023260196e-04,6.521285958840435798e-04,1.616663641425175948e-03,2.511154543183687082e-03,5.713315002408706975e-03,8.372848034160546363e-03,1.694330292756083406e-02,2.341948661768376155e-02,4.236555968470260419e-02,5.544681833558496448e-02,8.939761385125924442e-02,1.094585288498911707e-01,1.493269454444618727e-01,1.658535206738495638e-01,1.892094595808086754e-01,1.957201889884024881e-01,2.052288997112700075e-01,2.066961847297017485e-01,2.061577186578507637e-01,2.043401974428912526e-01,1.976282123519898515e-01,1.926813212328600533e-01,1.796465143955325028e-01,1.717454193844377974e-01,1.542855910553478094e-01,1.454344995338260615e-01,1.296483132066343635e-01,1.235218393552405119e-01,1.160910780039973306e-01,1.149141793666810379e-01,1.171687205494917478e-01,1.201879735237679075e-01,1.286260680961600067e-01,1.334143219811985692e-01,1.426104956232694676e-01,1.465253897065708633e-01,1.522061218735758503e-01,1.538351841568069700e-01,1.546776703809549791e-01,1.540015790515315564e-01,1.509099939682084501e-01,1.487363320926178845e-01,1.438342114289626050e-01,1.414003158327843956e-01,1.372503179549000585e-01,1.357448189121362447e-01,1.341744423277218268e-01,1.341290454500559393e-01,1.353248850771960610e-01,1.364127072973400356e-01,1.390826445906830078e-01,1.404623985492728377e-01,1.428713621603562578e-01,1.437709704459187721e-01,1.447748391369026444e-01,1.448666309746097225e-01,1.443225306189578061e-01,1.437634299521202974e-01,1.423243750349524606e-01,1.415603807661044156e-01,1.402025897967489887e-01,1.396893055527242411e-01,1.391219350128631849e-01,1.390800293700105716e-01,1.394252898645378103e-01,1.397620800906811123e-01,1.405982818033738591e-01,1.410269788075017017e-01,1.417545815760936634e-01,1.420113011444509854e-01,1.422537977308374890e-01,1.422384430905423713e-01,1.419809405704966776e-01,1.417716500281993031e-01,1.412887775291141179e-01,1.410537004083958212e-01,1.406781702918036281e-01,1.405606377872277435e-01,1.404881593561667086e-01,1.405288565949055490e-01,1.407259219377528792e-01,1.408603744382889433e-01,1.411389354197708224e-01,1.412606132103220169e-01,1.414296425890649855e-01,1.414688537310665184e-01,1.414549534337616044e-01,1.414088866701486424e-01,1.412670084268531634e-01,1.411857002725352417e-01,1.410356553920389666e-01,1.409781808140602166e-01,1.409163928453819326e-01,1.409138932385041731e-01,1.409580536356203895e-01,1.410442615288074186e-01
1.100000000000000000e+01,3.880913405823443151e-03,1.206737894781902479e-05,2.847495448723372929e-05,9.190141205516703243e-05,1.535147499412562247e-04,4.056689621466389242e-04,6.497040888008382906e-04,1.604807944900608040e-03,2.486990738370847658e-03,5.626808351644607166e-03,8.217556229798878703e-03,1.648678637853639301e-02,2.266824437215562288e-02,4.047380194275931875e-02,5.254694116237479395e-02,8.307124720938675877e-02,1.005313961424233321e-01,1.337054352859658735e-01,1.466844515245591674e-01,1.641012127623626138e-01,1.688009918716245061e-01,1.753712720022290728e-01,1.762738572763882516e-01,1.759213842711539744e-01,1.747677321374229709e-01,1.703273906239847757e-01,1.669047901517893562e-01,1.574424616675370869e-01,1.514651059969738534e-01,1.377714729036339791e-01,1.306199142468695007e-01,1.175752584702755843e-01,1.124238503244385096e-01,1.061173530645063978e-01,1.051150973074125583e-01,1.070483210341673375e-01,1.096221010879806085e-01,1.167555863767192892e-01,1.207642484787616738e-01,1.283796662695583235e-01,1.315870702751140986e-01,1.362049979542275246e-01,1.375234545405201736e-01,1.382151918456154815e-01,1.376800750738651768e-01,1.352027956121036323e-01,1.334481554628910716e-01,1.294607714943298016e-01,1.274668476842372444e-01,1.240470607264394232e-01,1.228007041338002037e-01,1.214985693081470919e-01,1.214621995406442723e-01,1.224592650179176789e-01,1.233634686560610150e-01,1.255752379000141805e-01,1.267142509459661948e-01,1.286965487864718261e-01,1.294348378015742207e-01,1.302578752623645697e-01,1.303335914035718968e-01,1.298897404956370627e-01,1.294324947782263813e-01,1.282530523613590323e-01,1.276255708044678749e-01,1.265082985491379208e-01,1.260852827497926099e-01,1.256174159633882959e-01,1.255829984683240752e-01,1.258683832276692172e-01,1.261464295911057243e-01,1.268359879110863286e-01,1.271891045912519058e-01,1.277878398558796591e-01,1.279989284002273631e-01,1.281983069008788834e-01,1.281857622916062200e-01,1.279743189202149078e-01,1.278023489503975485e-01,1.274053131380895598e-01,1.272118983910663359e-01,1.269027643134611194e-01,1.268059785929568639e-01,1.267463147910358745e-01,1.267798645893664089e-01,1.269422236915525859e-01,1.270529567336918797e-01,1.272822886931073982e-01,1.273824281762241106e-01,1.275215066831055233e-01,1.275537682364813741e-01,1.275423505581317341e-01,1.275044645687574696e-01,1.273877537199659127e-01,1.273208540203451533e-01,1.271973729846904710e-01,1.271500656042887645e-01,1.270992051191100203e-01,1.270971500394989795e-01,1.271335108136435466e-01,1.272044791085984172e-01
1.200000000000000000e+01,-4.161949516301785687e-05,1.208782565438043787e-05,2.851582150860981998e-05,9.192796735298154761e-05,1.534452754548981137e-04,4.046885494741690173e-04,6.472879893700026702e-04,1.593038130768741067e-03,2.463058079693941724e-03,5.541609315025355920e-03,8.065141895785547799e-03,1.604256611267413507e-02,2.194109555201110770e-02,3.866651143872109481e-02,4.979872195429378007e-02,7.719257085261674312e-02,9.233233157150172454e-02,1.197181357157452580e-01,1.297309143499138229e-01,1.423248587625932093e-01,1.455842495308995455e-01,1.498574794666237275e-01,1.503292163505566548e-01,1.501197062037784580e-01,1.494750576485019133e-01,1.467979790598700207e-01,1.445766029897039007e-01,1.379828054038817475e-01,1.335795703861615835e-01,1.230249636773035199e-01,1.173144085299707845e-01,1.066264658622817219e-01,1.023229750577015901e-01,9.700049920103115397e-02,9.615161186715548425e-02,9.780206610256803046e-02,9.998508705086973924e-02,1.059805932443484144e-01,1.093136300410716827e-01,1.155689062541093298e-01,1.181717207332959041e-01,1.218860433429981849e-01,1.229413231632877634e-01,1.235048328028583858e-01,1.230883717780903858e-01,1.211304561667744251e-01,1.197314090215497728e-01,1.165236802990024384e-01,1.149063736369085736e-01,1.121139367387528479e-01,1.110908926096730170e-01,1.100202261087821071e-01,1.099915831511487085e-01,1.108168075517374090e-01,1.115625213836054230e-01,1.133796430371383501e-01,1.143117432615327195e-01,1.159280748324544585e-01,1.165282358262828555e-01,1.171965688368180741e-01,1.172585105944962541e-01,1.169002853345878917e-01,1.165301288530758150e-01,1.155729348506229354e-01,1.150624666576459121e-01,1.141515992547462027e-01,1.138061263665274686e-01,1.134237776036205875e-01,1.133957894482797574e-01,1.136296732150113842e-01,1.138572202365968483e-01,1.144208014036240673e-01,1.147090345558186564e-01,1.151972098959345020e-01,1.153691700380891361e-01,1.155315811358305494e-01,1.155214411738841873e-01,1.153494723597998928e-01,1.152094982798485961e-01,1.148860819892964374e-01,1.147284141039821570e-01,1.144762674194977348e-01,1.143972929396075283e-01,1.143486300566554925e-01,1.143760413623937239e-01,1.145086007380124032e-01,1.145989717447648826e-01,1.147860526755264954e-01,1.148677108383292927e-01,1.149810933215845432e-01,1.150073930000687639e-01,1.149981040447303204e-01,1.149672353246940226e-01,1.148721151645075850e-01,1.148175778337951619e-01,1.147168913277849256e-01,1.146783094197605379e-01,1.146368273570852747e-01,1.146351536626984552e-01,1.146648198680249725e-01,1.147227089482852902e-01
1.300000000000000000e+01,-2.916057912866935366e-03,1.210825451845040993e-05,2.855664332960562712e-05,9.195431432271975597e-05,1.533755551653840157e-04,4.037100411448633908e-04,6.448802666657528666e-04,1.581353560589969596e-03,2.439354318877473386e-03,5.457697977793365442e-03,7.915551438321743322e-03,1.561031009179562890e-02,2.123726605870155174e-02,3.693991320532868244e-02,4.719422396979675721e-02,7.172989228117040983e-02,8.480194050716616250e-02,1.071940608727817712e-01,1.147368095409655453e-01,1.234382113756234273e-01,1.255606851624748166e-01,1.280555128320708946e-01,1.282031697580829632e-01,1.281022218989956996e-01,1.278427470853773229e-01,1.265189413278982322e-01,1.252354043184405741e-01,1.209283047940142714e-01,1.178059942778623831e-01,1.098568371450198561e-01,1.053642354071923498e-01,9.669722122203519565e-02,9.312960702683382996e-02,8.866688252083849975e-02,8.795245188254406654e-02,8.935443402805667845e-02,9.119525571706996181e-02,9.619996879752859553e-02,9.894871465914077679e-02,1.040364848053256519e-01,1.061240477904646373e-01,1.090723872853518184e-01,1.099053659641589520e-01,1.103600852236476526e-01,1.100431120017787978e-01,1.085227870393501853e-01,1.074245434854732423e-01,1.048793776161376784e-01,1.035835757062662649e-01,1.013287381497972872e-01,1.004976631687809346e-01,9.962625618311025943e-02,9.960420485163160031e-02,1.002812015179340571e-01,1.008904310966201451e-01,1.023684360618070249e-01,1.031231432467111658e-01,1.044263872849225533e-01,1.049085937903072169e-01,1.054449318837091254e-01,1.054951006296361155e-01,1.052098011314675369e-01,1.049139014975937895e-01,1.041464523257482622e-01,1.037360171075510928e-01,1.030018186718067164e-01,1.027227869180055153e-01,1.024137495879944015e-01,1.023912669671466491e-01,1.025809623424664280e-01,1.027652060724508903e-01,1.032208382633702237e-01,1.034535138435723478e-01,1.038470823093962658e-01,1.039855779072948599e-01,1.041163779692488855e-01,1.041082899495422015e-01,1.039700623773336524e-01,1.038574467382460675e-01,1.035970061501322037e-01,1.034699297173971855e-01,1.032665684671856404e-01,1.032028456306461062e-01,1.031636022083466664e-01,1.031857549555639381e-01,1.032927930298084690e-01,1.033657291648933108e-01,1.035166416615193596e-01,1.035824827422679034e-01,1.036738769309356878e-01,1.036950753750017357e-01,1.036876068499956449e-01,1.036627416318034178e-01,1.035860954588429250e-01,1.035421373736461620e-01,1.034609601658228739e-01,1.034298470452077040e-01,1.033963930964091060e-01,1.033950457545445289e-01,1.034189807066765165e-01,1.034656737246223424e-01
1.400000000000000000e+01,-4.965195867449044391e-03,1.212866550537664012e-05,2.859741989304394327e-05,9.198045338306998914e-05,1.533055903349522103e-04,4.027334379688848540e-04,6.424809005633642933e-04,1.569753652451292766e-03,2.415877334439941321e-03,5.375055098895691226e-03,7.768732920987135061e-03,1.518969714029866705e-02,2.055600974453159965e-02,3.529040849035835342e-02,4.472593709993945288e-02,6.665378597156065843e-02,7.788570575434174137e-02,9.598016775894532837e-02,1.014757035970248189e-01,1.070578467931807554e-01,1.082911565223082379e-01,1.094254074130025511e-01,1.093337314753730638e-01,1.093139675700616070e-01,1.093411143666056795e-01,1.090413084890234641e-01,1.084816439612273781e-01,1.059817245126987578e-01,1.038950256822765567e-01,9.809817958508272595e-02,9.463136229668614452e-02,8.769260561494793271e-02,8.476223133406012022e-02,8.104923222532932348e-02,8.045246009323482606e-02,8.163646374074115530e-02,8.317815062211468546e-02,8.732196858689493524e-02,8.956658208081264005e-02,9.365486541319886782e-02,9.530464387797651926e-02,9.760581001670207146e-02,9.825166594600387437e-02,9.861434968818091895e-02,9.838042922581159699e-02,9.722736942079883427e-02,9.638266942186847486e-02,9.439870099806213499e-02,9.337652031623493165e-02,9.158106120955905594e-02,9.091456713040092785e-02,9.021423938883620097e-02,9.019778999642605322e-02,9.074724048798912812e-02,9.123923589783675125e-02,9.242661707470341270e-02,9.302966200400616947e-02,9.406582980282328366e-02,9.444760902442607409e-02,9.487166723240397781e-02,9.491180146439721910e-02,9.468841274489947502e-02,9.445563170861362434e-02,9.384968664498762048e-02,9.352451530759363363e-02,9.294109658984080202e-02,9.271883197795889597e-02,9.247246455777594076e-02,9.245468241323240299e-02,9.260656737550636286e-02,9.275378157370732513e-02,9.311717352396502168e-02,9.330241284354097442e-02,9.361525939055996559e-02,9.372521786890972151e-02,9.382906597765426626e-02,9.382272341264581705e-02,9.371325099011415527e-02,9.362395970419597202e-02,9.341723273207080958e-02,9.331626007454131566e-02,9.315454261029675054e-02,9.310384222712909941e-02,9.307264093376151071e-02,9.309030165181657324e-02,9.317554482297614460e-02,9.323359514944939974e-02,9.335363508792884901e-02,9.340597830322758255e-02,9.347861134998275423e-02,9.349545759038875581e-02,9.348954125120823022e-02,9.346979728034247870e-02,9.340891244469391730e-02,9.337398148011449850e-02,9.330945362152759381e-02,9.328471518064805623e-02,9.325811366992449447e-02,9.325704477257025504e-02,9.327608724541598673e-02,9.331322377281116298e-02
1.500000000000000000e+01,-6.374531451003994688e-03,1.214905867148036167e-05,2.863815132350244069e-05,9.200638506877845818e-05,1.532353819114788337e-04,4.017587363873359810e-04,6.400898602841407353e-04,1.558237776814211557e-03,2.392624920268386114e-03,5.293661358698483095e-03,7.624634713305722573e-03,1.478041285201134314e-02,1.989660134347627160e-02,3.371455183842417269e-02,4.238673293750324506e-02,6.193688592779854341e-02,7.153352526938018541e-02,8.593937305760089573e-02,8.974727393443586443e-02,9.285114773062971838e-02,9.339684245258712825e-02,9.350567059266275127e-02,9.324154517494137595e-02,9.328128861448731213e-02,9.351704666902696528e-02,9.397805411979168189e-02,9.396914701095908373e-02,9.288249959571497072e-02,9.162669420742199089e-02,8.759810414189075911e-02,8.499176887446452389e-02,7.952649859526877973e-02,7.714661926872631859e-02,7.408602270405494072e-02,7.359200168521935759e-02,7.458511596022676660e-02,7.586582481668432965e-02,7.926327502812120784e-02,8.107402853152950728e-02,8.430919146101084616e-02,8.558826536816518948e-02,8.734467345275553907e-02,8.783363436045982242e-02,8.811870518713189881e-02,8.795377141490209882e-02,8.710759787544619659e-02,8.647574044500039303e-02,8.496534810315946318e-02,8.417524318595240307e-02,8.277107897119577451e-02,8.224526324579246872e-02,8.169138919055617121e-02,8.167968021364736819e-02,8.211967733803010594e-02,8.251125810355264267e-02,8.345030998357172436e-02,8.392409200788709944e-02,8.473316626032749432e-02,8.502972548455148272e-02,8.535859564089846863e-02,8.539020353679975528e-02,8.521918567292956215e-02,8.503986902496013522e-02,8.457092486113131080e-02,8.431818893927457703e-02,8.386303952435791853e-02,8.368912319253121734e-02,8.349616055742141441e-02,8.348237825055558614e-02,8.360200856435477668e-02,8.371765589986943090e-02,8.400247757943646310e-02,8.414734364200730787e-02,8.439153723594063072e-02,8.447723962120527730e-02,8.455818293291191001e-02,8.455331987060596410e-02,8.446827219696574629e-02,8.439880074497786711e-02,8.423773840702909743e-02,8.415896826725986768e-02,8.403268437169653104e-02,8.399306755686972159e-02,8.396871041843199934e-02,8.398254597916912645e-02,8.404923560136409733e-02,8.409461700844562959e-02,8.418838922788894619e-02,8.422925078550043410e-02,8.428592783622282369e-02,8.429907290378634011e-02,8.429447566536252268e-02,8.427908616071484726e-02,8.423160481548544465e-02,8.420435170898137034e-02,8.415398676927852983e-02,8.413467170178713650e-02,8.411390035074629845e-02,8.411306824774518465e-02,8.412794761427856705e-02,8.415695326795807896e-02
1.600000000000000000e+01,-7.295304897408831125e-03,1.216943398217509159e-05,2.867883756396162609e-05,9.203210979773050748e-05,1.531649311519297715e-04,4.007859371747959573e-04,6.377071257760965131e-04,1.546805359854629656e-03,2.369594994639640656e-03,5.213498091115559979e-03,7.483206781454211295e-03,1.438215310662190917e-02,1.925834177742576092e-02,3.220905862887150917e-02,4.016986625898649743e-02,5.755378366143226038e-02,6.569941135724875758e-02,7.694897868917770223e-02,7.937440300917016078e-02,8.052969867757549249e-02,8.055109084569840594e-02,7.990202070337647233e-02,7.951787971132590060e-02,7.960007091083631803e-02,7.998307693846158639e-02,8.099568360484933616e-02,8.139811376581859714e-02,8.140232880478658062e-02,8.080705890500422539e-02,7.822192095246262300e-02,7.633411088885884432e-02,7.212083565713171829e-02,7.021524512073561153e-02,6.772104511235159385e-02,6.731655755059814950e-02,6.814282771135138361e-02,6.919633712593722952e-02,7.194829544185865622e-02,7.338672535565399224e-02,7.589610918201904199e-02,7.686248044843163596e-02,7.816227524501855040e-02,7.852027213000409289e-02,7.874012715811599950e-02,7.863216486224958168e-02,7.804113028040410294e-02,7.758712129040684635e-02,7.647468067297348571e-02,7.588065670803009755e-02,7.480860682081000301e-02,7.440263552164977368e-02,7.397372274757009480e-02,7.396600542374676124e-02,7.431235861871596238e-02,7.461820265486521220e-02,7.534576680254861936e-02,7.570975942729778196e-02,7.632643659171692296e-02,7.655095165723721506e-02,7.679943029435158663e-02,7.682381846139585413e-02,7.669692137916521435e-02,7.656271340843943951e-02,7.620954009144603747e-02,7.601811227465879450e-02,7.567168631456433481e-02,7.553880151458594594e-02,7.539118765361628449e-02,7.538079626235620612e-02,7.547300517442169510e-02,7.556183581659484116e-02,7.577996715420094731e-02,7.589059426403188535e-02,7.607661105706306492e-02,7.614177164812326037e-02,7.620332091072788694e-02,7.619970691012058206e-02,7.613532830144743857e-02,7.608263643670343246e-02,7.596025359977068292e-02,7.590029914738558037e-02,7.580405589581341863e-02,7.577383854649101524e-02,7.575528500538893095e-02,7.576587480231664062e-02,7.581682652061078054e-02,7.585146440111603661e-02,7.592296743380354263e-02,7.595409773045569413e-02,7.599725377491968470e-02,7.600726274805377769e-02,7.600378235765313517e-02,7.599208181331977563e-02,7.595595731625262581e-02,7.593521075700855605e-02,7.589684999025486656e-02,7.588213227899041902e-02,7.586630340130935679e-02,7.586567193272233944e-02,7.587702157350749432e-02,7.589913425000210934e-02
1.700000000000000000e+01,-7.848693368480529411e-03,1.218979147102686178e-05,2.871947869351187954e-05,9.205762807371325324e-05,1.530942390756302729e-04,3.998150378343471797e-04,6.353326690477917316e-04,1.535455793410323358e-03,2.346785418105283572e-03,5.134546641165397066e-03,7.344399539613696327e-03,1.399462061982912654e-02,1.864055221009130320e-02,3.077078572393693312e-02,3.806893694769179770e-02,5.348085343413822718e-02,6.034110643103177130e-02,6.889909032328708771e-02,7.020040702095745044e-02,6.984331246346164868e-02,6.947213040962238462e-02,6.827748832198615725e-02,6.781411241709081605e-02,6.792542020816941251e-02,6.840776367442945316e-02,6.980672490883489678e-02,7.050880561432985860e-02,7.134108728480868800e-02,7.126504124912520777e-02,6.984932340259382422e-02,6.855835532851367597e-02,6.540479560264556014e-02,6.390662566232105379e-02,6.190289726526601588e-02,6.157623550870323925e-02,6.225698531322061691e-02,6.311316819558497604e-02,6.530838750785557256e-02,6.642831256997329403e-02,6.832254843320208215e-02,6.902628877270425289e-02,6.994520032672667254e-02,7.019443734239848298e-02,7.035971555354718354e-02,7.029848361589575989e-02,6.991832602666506191e-02,6.961213370265684208e-02,6.883248688642336355e-02,6.840340787693383051e-02,6.761210756588788284e-02,6.730784726396368822e-02,6.698516403941549846e-02,6.698078876639028401e-02,6.724729404540548405e-02,6.748019286072520773e-02,6.802831543854805096e-02,6.829942353975293479e-02,6.875376676254815744e-02,6.891763546983746547e-02,6.909851166828527569e-02,6.911681037976606656e-02,6.902691133264678147e-02,6.893059193372275129e-02,6.867482457999592171e-02,6.853506813465820580e-02,6.828041978206535190e-02,6.818221712715501204e-02,6.807295777025096362e-02,6.806542889773616045e-02,6.813441498510924843e-02,6.820055345385236945e-02,6.836230334719056723e-02,6.844401118090391589e-02,6.858093085137709211e-02,6.862876728494422818e-02,6.867396324042168709e-02,6.867139895505279534e-02,6.862443724713362947e-02,6.858589157324324059e-02,6.849613566056760028e-02,6.845206114724335100e-02,6.838118245694886632e-02,6.835890398412987345e-02,6.834525158477636197e-02,6.835309825495987368e-02,6.839075423507025298e-02,6.841631828718638952e-02,6.846901892151384394e-02,6.849193527228959744e-02,6.852368076148654397e-02,6.853104336464903301e-02,6.852850459560763663e-02,6.851991629052511801e-02,6.849337484709651369e-02,6.847811955840051035e-02,6.844989157234304678e-02,6.843905507873206118e-02,6.842739903087521891e-02,6.842693685149579819e-02,6.843530595484273449e-02,6.845159891698630872e-02
1.800000000000000000e+01,-8.130324106828731162e-03,1.221002165902387859e-05,2.876007479102153652e-05,9.208294039873658743e-05,1.530233066976693923e-04,3.988460358642659936e-04,6.329664621997233703e-04,1.524188473849020023e-03,2.324194072108586376e-03,5.056788638767142040e-03,7.208164327431762670e-03,1.361752614391595687e-02,1.804257563341538431e-02,2.939673051965881190e-02,3.607787993495498169e-02,4.969614230250318787e-02,5.541980067833009171e-02,6.169131270361179198e-02,6.208671489191316950e-02,6.057500670071380711e-02,5.991694958225765588e-02,5.834413360851270491e-02,5.783293809752300396e-02,5.796303236089495048e-02,5.850763786049986703e-02,6.016342328134206829e-02,6.107623617712447384e-02,6.252338947580693418e-02,6.284976801667573054e-02,6.237288496117883441e-02,6.157466156017774028e-02,5.931415423619754157e-02,5.816480353559579097e-02,5.658459469281990062e-02,5.632539940557623748e-02,5.687952120182697413e-02,5.756476907765215034e-02,5.928124566491729808e-02,6.012967263011291530e-02,6.150472883082996889e-02,6.198898963345204904e-02,6.259195956694783847e-02,6.275141199089080690e-02,6.287122789562958614e-02,6.284801795388905710e-02,6.264095902800227711e-02,6.245686168773134650e-02,6.195397206220221165e-02,6.166295086095094358e-02,6.110789001188332570e-02,6.088958154840283521e-02,6.065682632603594526e-02,6.065523060780858566e-02,6.085391021621518182e-02,6.102499525466410779e-02,6.142150928498346651e-02,6.161438491603403456e-02,6.193240036576200258e-02,6.204546586006819131e-02,6.216977480181688775e-02,6.218296022768307618e-02,6.212392071521030679e-02,6.205926189892911615e-02,6.188504109495221450e-02,6.178862403466936493e-02,6.161108543715350383e-02,6.154206378861093452e-02,6.146509608156248972e-02,6.145997195975197447e-02,6.150937683690499425e-02,6.155639880257141039e-02,6.167069868854301029e-02,6.172809306354526404e-02,6.182377217528656210e-02,6.185706726562657798e-02,6.188853924599289902e-02,6.188685252857381580e-02,6.185449625387899608e-02,6.182781954572144634e-02,6.176545462862503832e-02,6.173471944854334870e-02,6.168515734916150961e-02,6.166955305230563400e-02,6.166002037619726373e-02,6.166555927436406792e-02,6.169203434852890688e-02,6.170997020276973444e-02,6.174686934008578876e-02,6.176288488153514056e-02,6.178504600721153317e-02,6.179018596848209754e-02,6.178843725993249381e-02,6.178246223008186655e-02,6.176396902516219367e-02,6.175332640980021881e-02,6.173361154787421201e-02,6.172603640102297673e-02,6.171788696484477310e-02,6.171756694755456407e-02,6.172343093245889756e-02,6.173483320024822363e-02
1.900000000000000000e+01,-8.214628481377645938e-03,1.222972509672820562e-05,2.880062584484886778e-05,9.210804721732947231e-05,1.529521351877390772e-04,3.978789309104380917e-04,6.305945442008405871e-04,1.513002826861527435e-03,2.301818908382040341e-03,4.980206163647965881e-03,7.074453687706080095e-03,1.325058905597494008e-02,1.746377743224286627e-02,2.808402751159294608e-02,3.419095173401966170e-02,4.617925916405853787e-02,5.089986029364001324e-02,5.523755973175310113e-02,5.491078906368226931e-02,5.253661292058036530e-02,5.167598121311143405e-02,4.985592910659671084e-02,4.932083175660405966e-02,4.946178930311839750e-02,5.004027613707629635e-02,5.185227039154269996e-02,5.290553787217745774e-02,5.479554647504895903e-02,5.542820002472495511e-02,5.569669397415025203e-02,5.530235580504264115e-02,5.379068138091806089e-02,5.293886154970400826e-02,5.172320117754006241e-02,5.152231615319907004e-02,5.196653143821458598e-02,5.250413473796837482e-02,5.381032755613433111e-02,5.442825539405472118e-02,5.536724522323598074e-02,5.566914471910815870e-02,5.601174929319996387e-02,5.609759802195325717e-02,5.617974558923734957e-02,5.618717189542449253e-02,5.612104283253944309e-02,5.603705828672666395e-02,5.576283018464121832e-02,5.558669152875895386e-02,5.522936620570779997e-02,5.508333604553194984e-02,5.492634469593569296e-02,5.492704247714119692e-02,5.506835731795324540e-02,5.518730038533412041e-02,5.545634055695293496e-02,5.558366171440486114e-02,5.578780653193905759e-02,5.585855391814956855e-02,5.593579989175736372e-02,5.594471365175984062e-02,5.591125364361107519e-02,5.587289333140184333e-02,5.576654848903148110e-02,5.570627983590369786e-02,5.559317715999477494e-02,5.554857850068938702e-02,5.549865593485820564e-02,5.549554068684670050e-02,5.552851763568740495e-02,5.555951772618653722e-02,5.563409240195523603e-02,5.567115415597036904e-02,5.573237899181537891e-02,5.575353522700030734e-02,5.577355278257044302e-02,5.577259525442002097e-02,5.575241829311668867e-02,5.573564483762458166e-02,5.569614946551471046e-02,5.567655883150464391e-02,5.564481520942329146e-02,5.563479190729302137e-02,5.562870351887350823e-02,5.563231107609866583e-02,5.564943345083945420e-02,5.566099056602788475e-02,5.568468129842396586e-02,5.569493047341571301e-02,5.570908467974326067e-02,5.571236798014282676e-02,5.571127847507383740e-02,5.570748579191792810e-02,5.569571513073721253e-02,5.568892620589161596e-02,5.567632513970290770e-02,5.567147573333609128e-02,5.566625722497327983e-02,5.566605593462591040e-02,5.566982564302416087e-02,5.567713997585554270e-02
2.000000000000000000e+01,-8.158789567979270879e-03,1.224941311491617446e-05,2.884113179843841857e-05,9.213294894645784883e-05,1.528807257931193847e-04,3.969137236712935030e-04,6.281680653481011914e-04,1.501898294203179822e-03,2.279657921801098164e-03,4.904781644838717564e-03,6.943221177150539318e-03,1.289353664485835306e-02,1.690354388594428325e-02,2.682994028145486640e-02,3.240271079482610200e-02,4.291125847409676952e-02,4.674856068176469481e-02,4.945896375441063975e-02,4.856425814193460200e-02,4.556493591447197122e-02,4.456848486842925061e-02,4.260264328746277140e-02,4.206158583823650654e-02,4.220740615350088154e-02,4.279834184686039100e-02,4.468925547616704741e-02,4.582791529754673410e-02,4.802286854466551735e-02,4.888301135652819984e-02,4.973510836206711250e-02,4.966898559449597905e-02,4.878157271630527425e-02,4.818246052022780168e-02,4.727947243434162117e-02,4.712881450606858091e-02,4.747790744622423786e-02,4.788839564508129421e-02,4.884431230138001900e-02,4.926744502740586229e-02,4.984222052453125829e-02,4.999362194591609743e-02,5.012331543569346903e-02,5.014932554237136464e-02,5.020045591665664442e-02,5.023227262372913227e-02,5.027975250127438012e-02,5.027713963081534287e-02,5.019038410142719064e-02,5.010919265023543179e-02,4.991635734268072555e-02,4.983076260423874304e-02,4.973724950394416144e-02,4.973982174756153007e-02,4.983285934847148102e-02,4.990804979160058663e-02,5.007050687488608098e-02,5.014322317012051555e-02,5.025285243823146564e-02,5.028858156461712969e-02,5.032693379816315093e-02,5.033230013305214912e-02,5.031988767577409705e-02,5.030321886779039187e-02,5.025298991688681438e-02,5.022267565548582668e-02,5.016307904883669788e-02,5.013879585048194865e-02,5.011138682603880068e-02,5.010993876385361201e-02,5.012921324836118464e-02,5.014686481951528829e-02,5.018838294519986643e-02,5.020854620415161895e-02,5.024116728958034905e-02,5.025225478013013725e-02,5.026277309670215687e-02,5.026241713131304745e-02,5.025233002406651051e-02,5.024376632808397192e-02,5.022324361144588079e-02,5.021290513370019193e-02,5.019596282435237478e-02,5.019057739267179796e-02,5.018735058026034535e-02,5.018935166665901282e-02,5.019869877580106221e-02,5.020495500476494788e-02,5.021767375093727503e-02,5.022313474373538145e-02,5.023064198568633065e-02,5.023238411986279128e-02,5.023184105845539260e-02,5.022985927255682603e-02,5.022366829811443500e-02,5.022007867299406458e-02,5.021338475165537663e-02,5.021079917601900533e-02,5.020801509528503848e-02,5.020791232547230920e-02,5.020994211620921632e-02,5.021386084565465646e-02
2.100000000000000000e+01,-8.006178596939032138e-03,1.226908580968626150e-05,2.888159286587067831e-05,9.215764616842328505e-05,1.528090792804522730e-04,3.959504083837737942e-04,6.257503116906051877e-04,1.490874247583194936e-03,2.257708978734165525e-03,4.830497275696832120e-03,6.814420342335480996e-03,1.254610118568017137e-02,1.636127726446965844e-02,2.563184637896889079e-02,3.070798848332910447e-02,3.987451426488657080e-02,4.293581948270507043e-02,4.428487100385443409e-02,4.295123608180499708e-02,3.951839307546486935e-02,3.843853475910456730e-02,3.640458511686585352e-02,3.587077010590124237e-02,3.601698143440067862e-02,3.660445956648725185e-02,3.851574287804300500e-02,3.969711001863979183e-02,4.208727090392636039e-02,4.311068915362137322e-02,4.441161506600301012e-02,4.460944298824802423e-02,4.423890916260597717e-02,4.385339424873106740e-02,4.321750728749267079e-02,4.310995002719214542e-02,4.337697624935291096e-02,4.367842142930898619e-02,4.433658354048305994e-02,4.459596097845196228e-02,4.486851583344095284e-02,4.489670902032769084e-02,4.485390866276761646e-02,4.483175879685011300e-02,4.485753496428590559e-02,4.490847745165207905e-02,4.504643038746677930e-02,4.510925432637080679e-02,4.517478417176717942e-02,4.517143026369292713e-02,4.511443986291638342e-02,4.507904344460576807e-02,4.503837286610441748e-02,4.504245924084804287e-02,4.509509980606303536e-02,4.513380089130147876e-02,4.520772222742529267e-02,4.523527106974850609e-02,4.526703055231852402e-02,4.527400763617944746e-02,4.528047202715612674e-02,4.528291285644889252e-02,4.528766731437526560e-02,4.528874089405238168e-02,4.528453401628058927e-02,4.527885055397164182e-02,4.526335431092222417e-02,4.525584803116597388e-02,4.524704657181397027e-02,4.524697141686648272e-02,4.525489436132333620e-02,4.526150210420078202e-02,4.527570860746482628e-02,4.528192960751732665e-02,4.529097994564360019e-02,4.529377855132370179e-02,4.529647834583802601e-02,4.529661442026711171e-02,4.529482160240941302e-02,4.529301187243670035e-02,4.528811046393324546e-02,4.528539598061201432e-02,4.528065818077231519e-02,4.527909867768044327e-02,4.527823179260197228e-02,4.527890619319255294e-02,4.528183622859764668e-02,4.528371941946994494e-02,4.528739088253420919e-02,4.528890534026124015e-02,4.529093555808066940e-02,4.529140791562745461e-02,4.529131434449561178e-02,4.529082396549004297e-02,4.528922955782112292e-02,4.528827622869539826e-02,4.528645117115646934e-02,4.528573192180743168e-02,4.528495497267041869e-02,4.528493333845816371e-02,4.528552820375934818e-02,4.528664715344278557e-02
2.200000000000000000e+01,-7.789260611232048589e-03,1.229015559891990378e-05,2.892200899044881229e-05,9.218213929802505230e-05,1.527371968902228871e-04,3.949889857247429123e-04,6.233412609042135108e-04,1.479930137062216572e-03,2.235970113067026546e-03,4.757336017986823866e-03,6.688006457677884119e-03,1.220802451337072748e-02,1.583640268284984554e-02,2.448724861736273350e-02,2.910189807726350220e-02,3.705266887018577454e-02,3.943403425216578106e-02,3.965205539412802738e-02,3.798695890852912121e-02,3.427423313457420018e-02,3.315169493774892256e-02,3.110825045378007303e-02,3.059114408647001238e-02,3.073448370995254808e-02,3.130696853250408696e-02,3.319505550836920199e-02,3.438647362217560344e-02,3.688530609555931011e-02,3.801998465135932731e-02,3.965792819442057193e-02,4.006528777361659244e-02,4.011926570936193842e-02,3.991327883289512435e-02,3.950451723497964973e-02,3.943378608700794791e-02,3.963026106187990394e-02,3.983855108180369559e-02,4.024485849876148491e-02,4.036741771553215008e-02,4.039112809624458705e-02,4.031942886277357224e-02,4.013846473164321693e-02,4.007803460540175500e-02,4.008326646598108639e-02,4.014891322117636330e-02,4.035780994290281282e-02,4.047256156471055327e-02,4.066039663797958725e-02,4.072023121727612327e-02,4.077445930696979581e-02,4.078043056701794594e-02,4.078341377605491230e-02,4.078870529354294838e-02,4.080776920125311208e-02,4.081625685841588913e-02,4.081720106557107375e-02,4.080769877771019821e-02,4.077587151383293973e-02,4.075946275111103079e-02,4.074003306842358119e-02,4.074008125101571953e-02,4.075868817264245020e-02,4.077412733230858372e-02,4.080729969082212000e-02,4.082168222203349378e-02,4.084221064928336697e-02,4.084843969460557472e-02,4.085488649491556684e-02,4.085593138390573170e-02,4.085452630235564264e-02,4.085207276167276275e-02,4.084390585243074384e-02,4.083872372680986268e-02,4.082852317336211484e-02,4.082455967506071204e-02,4.082088239186182355e-02,4.082141675167158534e-02,4.082637882883299180e-02,4.083007451276166738e-02,4.083791886359848522e-02,4.084143074039778970e-02,4.084666749922252066e-02,4.084823649223116165e-02,4.084929864764780955e-02,4.084888678395875994e-02,4.084656654975704626e-02,4.084487362549048955e-02,4.084115049462069824e-02,4.083944093978807838e-02,4.083699831360709104e-02,4.083643381204963424e-02,4.083670656249061004e-02,4.083743342117198555e-02,4.083959180413518353e-02,4.084079149587592494e-02,4.084294392774875937e-02,4.084374970084801021e-02,4.084461297840037697e-02,4.084465755670797088e-02,4.084407940700034156e-02,4.084291018498301812e-02
2.300000000000000000e+01,-7.531997277698086225e-03,1.231391401750915604e-05,2.896238020573711769e-05,9.220642880490570459e-05,1.526650797009842728e-04,3.940294542059998018e-04,6.209408853138365103e-04,1.469065391894148510e-03,2.214439328077698159e-03,4.685280923293112972e-03,6.563935334977511783e-03,1.187905462697691136e-02,1.532836245767381540e-02,2.339375855997924414e-02,2.757980451447809150e-02,3.443051511439726431e-02,3.621784477750124298e-02,3.550389281099234490e-02,3.359644612051816692e-02,2.972597945017837681e-02,2.859200486929169838e-02,2.658245260883678254e-02,2.608859553585045343e-02,2.622675104258819639e-02,2.677614158266453104e-02,2.860938226599602993e-02,2.978628570591851030e-02,3.232629840096340468e-02,3.353041027773491500e-02,3.541305826561228637e-02,3.598402072854350875e-02,3.638325044424771393e-02,3.632716883912810724e-02,3.611052119452693582e-02,3.607109995764516686e-02,3.620716701169202772e-02,3.633624870299637794e-02,3.653074592341404997e-02,3.653981687000585482e-02,3.636053114718632712e-02,3.620880506255185621e-02,3.591874697666344596e-02,3.582836692910428694e-02,3.581712857762282820e-02,3.589378154204682370e-02,3.615719720231941325e-02,3.631246194792377840e-02,3.659713539653574460e-02,3.670765032851011633e-02,3.685197846128974997e-02,3.689171783169140767e-02,3.693043434647378526e-02,3.693666688066007953e-02,3.692804468187092098e-02,3.691172967651232262e-02,3.685307854118862608e-02,3.681348814666896702e-02,3.673029828986214274e-02,3.669508683269822463e-02,3.665487700207214344e-02,3.665298793795188081e-02,3.668262461014134418e-02,3.670954997936097530e-02,3.677272121647704589e-02,3.680326588101299340e-02,3.685290300801949415e-02,3.687025949824455223e-02,3.688907258948161821e-02,3.689102081060771643e-02,3.688202520475331730e-02,3.687221162790044887e-02,3.684590550423938460e-02,3.683149561057521421e-02,3.680574239890538335e-02,3.679632308172704064e-02,3.678750173847916000e-02,3.678835435219688504e-02,3.679875504060885205e-02,3.680688813031957052e-02,3.682501734123856674e-02,3.683355891554063871e-02,3.684686019497876441e-02,3.685096013216213745e-02,3.685358216445339119e-02,3.685229011531924309e-02,3.684571946765849426e-02,3.684113316440907476e-02,3.683143093928832601e-02,3.682711604086419399e-02,3.682106026001959187e-02,3.681965828410548036e-02,3.682022619948024239e-02,3.682193562735699977e-02,3.682712448566229785e-02,3.683006342740380301e-02,3.683543005625766059e-02,3.683746855189735242e-02,3.683965781175764509e-02,3.683975582592515646e-02,3.683822900289982633e-02,3.683520978395486700e-02
2.400000000000000000e+01,-7.251798652674071310e-03,1.233765509687633627e-05,2.900270645549412468e-05,9.223051510442482892e-05,1.525927289496107481e-04,3.930718144579741988e-04,6.185491626272358184e-04,1.458279469267513562e-03,2.193114693142862032e-03,4.614315455325525457e-03,6.442163871879609191e-03,1.155894701186769603e-02,1.483661786134478008e-02,2.234909667082384671e-02,2.613731823951361000e-02,3.199392715096364276e-02,3.326396538251268076e-02,3.178969047934638442e-02,2.971339137077379927e-02,2.578129300477459071e-02,2.465946118169666523e-02,2.271509840319205567e-02,2.224875917345642273e-02,2.238015965994614997e-02,2.290103379229496347e-02,2.465719483607499082e-02,2.580151222188272961e-02,2.833078773304330278e-02,2.957099091431764082e-02,3.162255176339319462e-02,3.231849808364339882e-02,3.299514680367784947e-02,3.306326541855476170e-02,3.300812038639681228e-02,3.299516730886842969e-02,3.307974843743114596e-02,3.314184539102879579e-02,3.315940464750110478e-02,3.307514954037209243e-02,3.273214853190652140e-02,3.251726988679615876e-02,3.214264891107946470e-02,3.202931698918815712e-02,3.200504879202813180e-02,3.208962954932384481e-02,3.239380694468600025e-02,3.257997598694695879e-02,3.293992712877192447e-02,3.309047446530940378e-02,3.330684233152106377e-02,3.337382645164976847e-02,3.344146601256808848e-02,3.344841458017930313e-02,3.341718201847732050e-02,3.338071792886725120e-02,3.327395160039773453e-02,3.321023060749963424e-02,3.308611059363120166e-02,3.303599926066715792e-02,3.297935942420628097e-02,3.297592123493470195e-02,3.301419141138579177e-02,3.305015537016362664e-02,3.313704207401609036e-02,3.318041995040479919e-02,3.325325969539742049e-02,3.327951377785662995e-02,3.330822744400083885e-02,3.331089380003507405e-02,3.329579564330575892e-02,3.328007796775168253e-02,3.323925325029828542e-02,3.321747409977179877e-02,3.317932534344180534e-02,3.316556464344012217e-02,3.315265094542889368e-02,3.315375370756839385e-02,3.316847077659137999e-02,3.318013033710821846e-02,3.320644438262507214e-02,3.321899396296862372e-02,3.323872833350135364e-02,3.324484866816199147e-02,3.324871518146089999e-02,3.324671910278660658e-02,3.323675246086218310e-02,3.322985605831476480e-02,3.321538369005194724e-02,3.320899169760101188e-02,3.320005666910903763e-02,3.319798741505555068e-02,3.319878979198562230e-02,3.320128150217766666e-02,3.320888425176228564e-02,3.321320918278937440e-02,3.322113823681135253e-02,3.322415982701770742e-02,3.322740668326614605e-02,3.322754722552064693e-02,3.322526335318398694e-02,3.322076836572392111e-02
2.500000000000000000e+01,-6.961084946626231590e-03,1.236137895171181972e-05,2.904298795291214430e-05,9.225548344625814079e-05,1.525201453860770481e-04,3.921160607006030432e-04,6.161660546418982337e-04,1.447571758341617727e-03,2.171994154000251795e-03,4.544422856150204769e-03,6.322648956826590338e-03,1.124746162460863244e-02,1.436064420366580004e-02,2.135107835549645422e-02,2.477026985450195631e-02,2.972976302163660503e-02,3.055099052529509918e-02,2.846403518242284630e-02,2.627912742014893929e-02,2.236006364285974754e-02,2.126779043655211213e-02,1.941037855484887067e-02,1.897407870444169434e-02,1.909772675920315063e-02,1.958673239408818822e-02,2.125096570240065513e-02,2.234980776380069561e-02,2.482911011059768178e-02,2.607910753608523938e-02,2.823775966598992063e-02,2.902635506521648867e-02,2.992254258926138263e-02,3.009260587043798701e-02,3.017225006649770433e-02,3.018152296434593179e-02,3.022245344411715606e-02,3.022826003381399312e-02,3.009918736317136745e-02,2.993898866853767285e-02,2.946582893431567637e-02,2.920208171776204897e-02,2.876351797214312875e-02,2.863308826473386429e-02,2.859868544985346914e-02,2.868864536534269580e-02,2.902211597855534203e-02,2.923113497098309144e-02,2.964817947827090225e-02,2.982972567564599539e-02,3.010273619103250725e-02,3.019138163135790670e-02,3.028210497553059100e-02,3.028957870235278460e-02,3.024009810334678597e-02,3.018747640982358954e-02,3.004241538283509289e-02,2.995964552208677661e-02,2.980347024929265454e-02,2.974177143264397985e-02,2.967238946514734119e-02,2.966773189909372235e-02,2.971260873905522820e-02,2.975553796045633109e-02,2.986080874390059647e-02,2.991419048154912025e-02,3.000520523554442778e-02,3.003845620659309143e-02,3.007496734493294785e-02,3.007819408154750393e-02,3.005826386525295782e-02,3.003788431844496218e-02,2.998562742042068519e-02,2.995806184385652396e-02,2.991020411967160869e-02,2.989304973066041898e-02,2.987693783015661284e-02,2.987823298736246719e-02,2.989631279905112168e-02,2.991072439879031639e-02,2.994343698452647112e-02,2.995912505039819915e-02,2.998390346159630210e-02,2.999160935663956404e-02,2.999645174307107726e-02,2.999390174592918290e-02,2.998126696436010860e-02,2.997255720729536180e-02,2.995434397232445839e-02,2.994632449658344436e-02,2.993513474893277210e-02,2.993254303323486867e-02,2.993352825506314166e-02,2.993663185423988196e-02,2.994612385048361913e-02,2.995153413345135601e-02,2.996147083766938571e-02,2.996526301298071959e-02,2.996933897216120038e-02,2.996951276020803565e-02,2.996663499977800585e-02,2.996098284642380663e-02
2.600000000000000000e+01,-6.668519961625365630e-03,1.238508553801521278e-05,2.908322464160659204e-05,9.228632182286655022e-05,1.524473302405337030e-04,3.911621935435887279e-04,6.137915392136006690e-04,1.436941724386228691e-03,2.151075817600859100e-03,4.475587090907249231e-03,6.205349081744724465e-03,1.094436699325192913e-02,1.389993684829964049e-02,2.039762337006221712e-02,2.347471737493313226e-02,2.762582642363319019e-02,2.805927929487984224e-02,2.548628791842511704e-02,2.324179201710853404e-02,1.939283636903851166e-02,1.834260951188149136e-02,1.658644637498847552e-02,1.618138017253202554e-02,1.629671730299870475e-02,1.675208444509560315e-02,1.831528305663764414e-02,1.935986764929050266e-02,2.176023684772046204e-02,2.299956017505497968e-02,2.521526401915153565e-02,2.606956550685958496e-02,2.713606537846570410e-02,2.738885043806557618e-02,2.758001864318376795e-02,2.760780757302196131e-02,2.761195709261420050e-02,2.757081258425587988e-02,2.732138879555402744e-02,2.710019346746456170e-02,2.652545060425932216e-02,2.622487977603053105e-02,2.573962989345637137e-02,2.559697622049806470e-02,2.555486595212288353e-02,2.564810831633095034e-02,2.600136305295503575e-02,2.622651316774853025e-02,2.668537963103920219e-02,2.689028975030197111e-02,2.720686119231320588e-02,2.731240408187470686e-02,2.742121979624637801e-02,2.742905747646581099e-02,2.736506751154168388e-02,2.729970167863338820e-02,2.712472037299967775e-02,2.702722188480950055e-02,2.684651462920196324e-02,2.677602922573308480e-02,2.669701978282687516e-02,2.669142202942911130e-02,2.674119808519585806e-02,2.678934313912238740e-02,2.690849139745155744e-02,2.696948096967936859e-02,2.707440596396995525e-02,2.711303922195808930e-02,2.715556008012022515e-02,2.715921329908719400e-02,2.713553228067846351e-02,2.711154722364452624e-02,2.705048024518174471e-02,2.701847162211709619e-02,2.696318305333601090e-02,2.694343799994438488e-02,2.692488538047200369e-02,2.692632414922745826e-02,2.694695928185673189e-02,2.696346690973291244e-02,2.700106401492238795e-02,2.701915315900062231e-02,2.704779705845408722e-02,2.705671944418319708e-02,2.706230974024877861e-02,2.705933330503555029e-02,2.704464828583867664e-02,2.703454675612667474e-02,2.701346590252654001e-02,2.700420027912082965e-02,2.699128539115704106e-02,2.698829400050985206e-02,2.698941833567686244e-02,2.699298937679613791e-02,2.700392578347478312e-02,2.701016646650006292e-02,2.702164026497995419e-02,2.702602274813647315e-02,2.703073395966142795e-02,2.703093312254339908e-02,2.702759991657152638e-02,2.702106089535034200e-02
2.700000000000000000e+01,-6.379973770244851995e-03,1.240877481193704279e-05,2.912341646557018576e-05,9.231696119735201961e-05,1.523742847421051538e-04,3.902102135675119751e-04,6.114255941859726359e-04,1.426388835891744498e-03,2.130357807393032897e-03,4.407792359219654676e-03,6.090223491476668034e-03,1.064943782105501856e-02,1.345400723640604972e-02,1.948674404819106254e-02,2.224692448887405014e-02,2.567078306636604718e-02,2.577079116655595428e-02,2.282005878319736877e-02,2.055551450531335755e-02,1.681937003944422582e-02,1.581976293113791093e-02,1.417335957992211203e-02,1.379972845489685872e-02,1.390652765175215411e-02,1.432767858121601970e-02,1.578514968163780355e-02,1.676992327154928561e-02,1.907067955369901729e-02,2.028366442910010947e-02,2.251629181108350322e-02,2.341397457332950599e-02,2.460907608300079083e-02,2.492802414528334787e-02,2.521049960492141584e-02,2.525356685380015717e-02,2.522694750229605154e-02,2.514699096607136281e-02,2.479995093843753370e-02,2.453057391455694750e-02,2.387849419318497507e-02,2.355121198500977411e-02,2.303364449776289236e-02,2.288280211651973900e-02,2.283501025312802482e-02,2.292982304996377466e-02,2.329502720618344819e-02,2.353073506987544278e-02,2.401866138290467689e-02,2.424051051410804070e-02,2.458957167424925816e-02,2.470796195915389223e-02,2.483061817003690344e-02,2.483868436566301005e-02,2.476337904980103685e-02,2.468817844931697758e-02,2.449039269133793453e-02,2.438182447954638163e-02,2.418293705624017381e-02,2.410602343028962757e-02,2.402000569061518362e-02,2.401370320325802235e-02,2.406694678368125756e-02,2.411883813886499597e-02,2.424807086141262183e-02,2.431464762035914426e-02,2.442987969217885053e-02,2.447252902042510239e-02,2.451954576743409914e-02,2.452351228275870265e-02,2.449699725448315282e-02,2.447030158750221340e-02,2.440264354897254961e-02,2.436732753025432074e-02,2.430653212069900510e-02,2.428487406829864942e-02,2.426451981119033541e-02,2.426606116946029845e-02,2.428857084733918037e-02,2.430662109422182526e-02,2.434782469445489692e-02,2.436769206570942037e-02,2.439920548570514644e-02,2.440903235318888503e-02,2.441517785940931773e-02,2.441188282618773561e-02,2.439567006677915290e-02,2.438453314097585936e-02,2.436132259007053533e-02,2.435113295105512110e-02,2.433694018032184908e-02,2.433365280333338668e-02,2.433487935387884660e-02,2.433879588185676110e-02,2.435080105400094438e-02,2.435765679802506106e-02,2.437027016851380651e-02,2.437509063672929632e-02,2.438027329691589210e-02,2.438049118753409655e-02,2.437681953794970657e-02,2.436962205175118718e-02
2.800000000000000000e+01,-6.099265813654213865e-03,1.243244688792222163e-05,2.916356363733170476e-05,9.234740213008227339e-05,1.523010096283984247e-04,3.892601149805942698e-04,6.090681816646173127e-04,1.415912494794377419e-03,2.109838126716528928e-03,4.341022649038732417e-03,5.977231422312470101e-03,1.036245293138536583e-02,1.302237953984295218e-02,1.861653551027462467e-02,2.108334228080592510e-02,2.385408811612519178e-02,2.366894225247883482e-02,2.043274782521755165e-02,1.817970896830200384e-02,1.458740152551097485e-02,1.364390344109084330e-02,1.211133649333060412e-02,1.176861422701542571e-02,1.186689456235329697e-02,1.225413378168413794e-02,1.360453152000234804e-02,1.452645318514181674e-02,1.671354407936247871e-02,1.788846765552242618e-02,2.010620306533329391e-02,2.102888973766113556e-02,2.231740017300423359e-02,2.268829035794782747e-02,2.304454912544955103e-02,2.310007564424179302e-02,2.304793832976064979e-02,2.293624666475529636e-02,2.251120450764968958e-02,2.220459653733480518e-02,2.149566858174284043e-02,2.115012170758557436e-02,2.061212996962526189e-02,2.045641827110890321e-02,2.040462720425237353e-02,2.049962505552775302e-02,2.087037154733615771e-02,2.111204422134752359e-02,2.161842593105546551e-02,2.185183432046788887e-02,2.222405717989018800e-02,2.235186566442034714e-02,2.248475469949504091e-02,2.249293631209861935e-02,2.240903458655084737e-02,2.232646954137449888e-02,2.211190125610178886e-02,2.199534871322775947e-02,2.178361919680672429e-02,2.170225346525624793e-02,2.161141903611618967e-02,2.160460949263614053e-02,2.166012657252834941e-02,2.171453616577882773e-02,2.185067672474663367e-02,2.192114468895278029e-02,2.204365359852360554e-02,2.208916809709999401e-02,2.213940448431694907e-02,2.214358906488521003e-02,2.211501408626922668e-02,2.208636265538120938e-02,2.201398317745537764e-02,2.197631547914349198e-02,2.191163069386241682e-02,2.188862885107344114e-02,2.186700962160127715e-02,2.186861925194932138e-02,2.189243221994256750e-02,2.191156043290772015e-02,2.195529673719355881e-02,2.197641866376882913e-02,2.200996376691855688e-02,2.202043253864238367e-02,2.202697110471828895e-02,2.202344829403586265e-02,2.200614763563741097e-02,2.199427520948613393e-02,2.196955569054301338e-02,2.195871290971277909e-02,2.194361825154389836e-02,2.194012204588544762e-02,2.194141982686103817e-02,2.194557935379256447e-02,2.195833754001599511e-02,2.196562730028907284e-02,2.197904595691281202e-02,2.198417629465638373e-02,2.198969262051392315e-02,2.198992365141426431e-02,2.198601199127890593e-02,2.197834816253252041e-02
2.900000000000000000e+01,-5.828732417154330707e-03,1.245610172207443911e-05,2.920366610073988484e-05,9.237764497571979150e-05,1.522275061218670775e-04,3.883118983433082871e-04,6.067192796411118375e-04,1.405512177501554508e-03,2.089514935551340605e-03,4.275262639150479230e-03,5.866333626657531039e-03,1.008319904547430763e-02,1.260459611703408297e-02,1.778518386715705057e-02,1.998061540704937009e-02,2.216595551780591034e-02,2.173851581425616589e-02,1.829518228123363718e-02,1.607849718269342698e-02,1.265161904068123552e-02,1.176731183191949415e-02,1.034930762780280136e-02,1.003644882858872184e-02,1.012640809207315459e-02,1.048067770638540577e-02,1.172515085707113124e-02,1.258311201643618794e-02,1.464774911639641838e-02,1.577610622074688412e-02,1.795408253621519692e-02,1.888676172535233913e-02,2.023913033222967187e-02,2.064979003558271159e-02,2.106468318381213289e-02,2.113022054452788970e-02,2.105714155467117502e-02,2.091985304373370977e-02,2.043368059657263425e-02,2.009916519487512168e-02,1.935062230047953497e-02,1.899382524157898836e-02,1.844518618165533197e-02,1.828731492272278603e-02,1.823291372344125125e-02,1.832698780763402854e-02,1.869808362716095240e-02,1.894196534632901219e-02,1.945804916795172007e-02,1.969853794969511629e-02,2.008610296477510854e-02,2.022043945675907825e-02,2.036051377612885585e-02,2.036871703358467470e-02,2.027852418847217453e-02,2.019068331335096070e-02,1.996440543470194909e-02,1.984245756094384083e-02,1.962234851417788903e-02,1.953817729400242689e-02,1.944434957459190150e-02,1.943719809052890657e-02,1.949399904264126349e-02,1.954990668723563529e-02,1.969030977452639747e-02,1.976325320214209966e-02,1.989050385674577884e-02,1.993791891374083192e-02,1.999030435876500075e-02,1.999462730734793622e-02,1.996464280145794981e-02,1.993466920007295681e-02,1.985913562262042395e-02,1.981991640692647508e-02,1.975269488563792183e-02,1.972882481533324434e-02,1.970638886785412366e-02,1.970803823242111077e-02,1.973267775505834279e-02,1.975249590602672425e-02,1.979786751652084717e-02,1.981980602264678953e-02,1.985468165298220206e-02,1.986557248953755433e-02,1.987236837786691274e-02,1.986869389056850413e-02,1.985067370325620598e-02,1.983831684490901248e-02,1.981260779965616017e-02,1.980133845932158590e-02,1.978565634254838418e-02,1.978202418545420976e-02,1.978336731807732798e-02,1.978768417171832342e-02,1.980093136300793352e-02,1.980850372584721034e-02,1.982244802785761498e-02,1.982778104056764912e-02,1.983351573866906289e-02,1.983375523802861917e-02,1.982968595030183689e-02,1.982171654513108922e-02
3.000000000000000000e+01,-5.569655625228809442e-03,1.247973932328588775e-05,2.924372388920896959e-05,9.240769015668188341e-05,1.521537752794295539e-04,3.873655620812745115e-04,6.043788608912983862e-04,1.395187340659418199e-03,2.069386365292500123e-03,4.210497089229163666e-03,5.757491328672037501e-03,9.811467977482347599e-03,1.220021302077726674e-02,1.699095422551076193e-02,1.893556132426193334e-02,2.059728751293461030e-02,1.996553122983994039e-02,1.638123558536769969e-02,1.422014202088666204e-02,1.097271836020844230e-02,1.014882692991340464e-02,8.843628345228640025e-03,8.559231713910993300e-03,8.641193471302967277e-03,8.963880879400636104e-03,1.010539393624325377e-02,1.089974900768558332e-02,1.283728532470702031e-02,1.391318186591809607e-02,1.603231831987434602e-02,1.696284191959434098e-02,1.835439390157864517e-02,1.879444314446766448e-02,1.925491478975056847e-02,1.932834242459811891e-02,1.923830048522220948e-02,1.908072456554006299e-02,1.854788621738589702e-02,1.819336820416243145e-02,1.741962782459104131e-02,1.705736577664068027e-02,1.650605062262080688e-02,1.634821163766575838e-02,1.629233937864388651e-02,1.638461431762764514e-02,1.675189620196430862e-02,1.699494434917930147e-02,1.751356188983071993e-02,1.775742729818494473e-02,1.815381813606966807e-02,1.829225968183008366e-02,1.843695807776230336e-02,1.844510589289277344e-02,1.835056752281020997e-02,1.825920804113248530e-02,1.802547146286538962e-02,1.790028830824026349e-02,1.767550746229345007e-02,1.758989385391615534e-02,1.749457974420789291e-02,1.748722341457352447e-02,1.754449405028324013e-02,1.760105817595400760e-02,1.774353563765425010e-02,1.781778025143529107e-02,1.794766475831447577e-02,1.799617666828117954e-02,1.804981833606125741e-02,1.805421337172603835e-02,1.802336283507518372e-02,1.799259585025583461e-02,1.791521442656669391e-02,1.787510960506258698e-02,1.780647559103774175e-02,1.778213213931904152e-02,1.775925154044593821e-02,1.776091707410689877e-02,1.778598784457436494e-02,1.780617394097086179e-02,1.785243554374436534e-02,1.787482657290347110e-02,1.791044951612663985e-02,1.792157946705039834e-02,1.792851973778721020e-02,1.792475696513302214e-02,1.790632392258871206e-02,1.789369155981678644e-02,1.786742503684935618e-02,1.785591751301666280e-02,1.783990926763753468e-02,1.783620172118887889e-02,1.783756872835595697e-02,1.784197173668325073e-02,1.785548854769385477e-02,1.786321765749966650e-02,1.787745510470143545e-02,1.788290164790995798e-02,1.788875882945359722e-02,1.788900291528274650e-02,1.788484453338048952e-02,1.787670326339199645e-02
3.100000000000000000e+01,-5.322583715168228979e-03,1.250335964784413806e-05,2.928373694704219238e-05,9.243753802839777683e-05,1.520798183199476711e-04,3.864211067101169447e-04,6.020469034410695294e-04,1.384937467472181771e-03,2.049450609158497919e-03,4.146711129534012830e-03,5.650666705406798447e-03,9.547057726602347152e-03,1.180880139447044140e-02,1.623219079672194587e-02,1.794516606366615419e-02,1.913963326176581353e-02,1.833715154369151487e-02,1.466751793191166560e-02,1.257657790160861787e-02,9.516613971089696658e-03,8.752951715264254209e-03,7.557006271509528195e-03,7.299441092083190294e-03,7.373813472756063359e-03,7.666601681040306933e-03,8.709398501230850367e-03,9.441587704275901036e-03,1.125059736130015926e-02,1.227024353772217073e-02,1.431625757207620822e-02,1.523490632931930044e-02,1.664517239654978234e-02,1.710579764022632579e-02,1.760063394073387369e-02,1.768012094301687001e-02,1.757656610825717586e-02,1.740328124745594077e-02,1.683613093552461734e-02,1.646828031756719657e-02,1.568132900487788015e-02,1.531833450760269021e-02,1.477077790567630708e-02,1.461472426037875236e-02,1.455830745602240510e-02,1.464810424202342767e-02,1.500827966216014726e-02,1.524805742967451708e-02,1.576339382603120232e-02,1.600759746766012084e-02,1.640742134416003570e-02,1.654794923641564677e-02,1.669513196407804503e-02,1.670316161963664170e-02,1.660591109597841022e-02,1.651250305460978673e-02,1.627484797735835251e-02,1.614821967622607699e-02,1.592182536682056754e-02,1.583588906312524691e-02,1.574032402750193821e-02,1.573287588662723377e-02,1.578995224083901486e-02,1.584648439703873271e-02,1.598924053677048748e-02,1.606381966053722909e-02,1.619459792215332053e-02,1.624354167471897190e-02,1.629770003353844116e-02,1.630211243812837441e-02,1.627084707727959739e-02,1.623972508932249384e-02,1.616157703199039980e-02,1.612113689449127737e-02,1.605201807179583093e-02,1.602752666187262295e-02,1.600450796561151898e-02,1.600617037195729495e-02,1.603134708073677278e-02,1.605163591614639992e-02,1.609817304040075253e-02,1.612071616123535861e-02,1.615660475935500398e-02,1.616782264762760268e-02,1.617481399706040268e-02,1.617101537913291642e-02,1.615242300787731941e-02,1.613968777582978562e-02,1.611322057828457749e-02,1.610163035976834578e-02,1.608551161758001169e-02,1.608177864618030861e-02,1.608315183695428058e-02,1.608758230476989293e-02,1.610118775233951999e-02,1.610896975155072866e-02,1.612330842404927078e-02,1.612879489349852008e-02,1.613469537713899116e-02,1.613494084730867847e-02,1.613074997914948697e-02,1.612254726238490990e-02
3.200000000000000000e+01,-5.087567975617018901e-03,1.252696280987144334e-05,2.932370548588622561e-05,9.246718914483666868e-05,1.520056359647142460e-04,3.854785264237924405e-04,5.997233698053720113e-04,1.374761976507618642e-03,2.029705744811007712e-03,4.083889691255142805e-03,5.545821926158911105e-03,9.289769986507538657e-03,1.142994355712028710e-02,1.550730675763279179e-02,1.700656682577786002e-02,1.778513054806174845e-02,1.684157629472916168e-02,1.313307553752759635e-02,1.112297267902910038e-02,8.253734475477707971e-03,7.549062741700712613e-03,6.457566556372116434e-03,6.225070006452138385e-03,6.292313824164681713e-03,6.557065681733623488e-03,7.506247736132636364e-03,8.178494911874308396e-03,9.860020150116706114e-03,1.082130755303920347e-02,1.278387534411244524e-02,1.368298383898290498e-02,1.509511434904283605e-02,1.556886885246131121e-02,1.608847523545596514e-02,1.617244634551033219e-02,1.605836135631307296e-02,1.587330203957551533e-02,1.528234599495346784e-02,1.490675975786383452e-02,1.411648974686733303e-02,1.375659619037399028e-02,1.321792899390306433e-02,1.306504321679779861e-02,1.300882812725298078e-02,1.309563226908303478e-02,1.344614239562341718e-02,1.368072598924651925e-02,1.418811912718841335e-02,1.443019239503516050e-02,1.482902306372574364e-02,1.496996764334744025e-02,1.511785950105904233e-02,1.512572062205421418e-02,1.502712077874844045e-02,1.493288582925945962e-02,1.469423925350712284e-02,1.456763761659399942e-02,1.434213076236930291e-02,1.425678298334940100e-02,1.416197026709633926e-02,1.415452273548777409e-02,1.421086913962305541e-02,1.426681180788577467e-02,1.440838702887614620e-02,1.448251205623568051e-02,1.461275991198171011e-02,1.466158978474340138e-02,1.471565723804540808e-02,1.472004223609609148e-02,1.468873376707330140e-02,1.465761733684504096e-02,1.457959030920413616e-02,1.453926578899572726e-02,1.447042106486147103e-02,1.444604754794594562e-02,1.442314110498602205e-02,1.442478474281008553e-02,1.444980211000211796e-02,1.446997719706736088e-02,1.451628768300094498e-02,1.453873710480714336e-02,1.457449695110535175e-02,1.458567890608432685e-02,1.459264490567546181e-02,1.458885346717829143e-02,1.457030961241856208e-02,1.455761295948200008e-02,1.453123724943620500e-02,1.451969158031531093e-02,1.450363873320128713e-02,1.449992120224418736e-02,1.450128613485097626e-02,1.450569607822993316e-02,1.451924215216974547e-02,1.452699207423216107e-02,1.454127490634041578e-02,1.454674104701298744e-02,1.455262000428770609e-02,1.455286424053175119e-02,1.454868724825899434e-02,1.454051349233108359e-02
3.300000000000000000e+01,-4.864335397890779365e-03,1.255054876560853655e-05,2.936362944990118795e-05,9.249664385955341794e-05,1.519312294259913404e-04,3.845378217186209979e-04,5.974082381579133225e-04,1.364660358672998165e-03,2.010150000654269218e-03,4.022018355651962342e-03,5.442920567201134548e-03,9.039413532162464751e-03,1.106323779213582402e-02,1.481479108401485487e-02,1.611705696133593560e-02,1.652648290437386258e-02,1.546797783908864660e-02,1.175915747022985430e-02,9.837374578736091460e-03,7.158441677375570328e-03,6.510757143385375451e-03,5.518079590796219625e-03,5.308830176505204175e-03,5.369434679566331345e-03,5.608104915170033546e-03,6.469304400182685974e-03,7.084377657296285317e-03,8.641317893914172640e-03,9.543468772224464325e-03,1.141551497053515038e-02,1.228914860232149971e-02,1.368940182325194960e-02,1.417002917506501522e-02,1.470623208302722709e-02,1.479333730107226796e-02,1.467129247014088353e-02,1.447782676804396790e-02,1.387195645213613882e-02,1.349330104527030061e-02,1.270780449288998540e-02,1.235407937216754896e-02,1.182832964625366544e-02,1.167968242131168545e-02,1.162426289797967478e-02,1.170769714841969102e-02,1.204659908506540075e-02,1.227449768411621213e-02,1.277026425888727265e-02,1.300822516201878207e-02,1.340246578905497643e-02,1.354245808747154764e-02,1.368959847574851424e-02,1.369725125806125696e-02,1.359843101311413935e-02,1.350437643230337215e-02,1.326713750572939762e-02,1.314176108510709332e-02,1.291916536244829689e-02,1.283513925191109850e-02,1.274188397149456087e-02,1.273451185437919284e-02,1.278970189734190271e-02,1.284460920845346618e-02,1.298383097497954677e-02,1.305686564056370361e-02,1.318542963201715934e-02,1.323370224472014342e-02,1.328718446287698376e-02,1.329150580691121700e-02,1.326045764367806898e-02,1.322964051029907120e-02,1.315245612231984509e-02,1.311261298768812145e-02,1.304465671731548301e-02,1.302061595751445242e-02,1.299802402642227100e-02,1.299963637581274048e-02,1.302428046816308041e-02,1.304416700906173981e-02,1.308984485282554261e-02,1.311200159029643139e-02,1.314731304990499061e-02,1.315835860935021806e-02,1.316523729647400831e-02,1.316148798727485164e-02,1.314316132818550351e-02,1.313061797088966448e-02,1.310457051960084093e-02,1.309317244796274690e-02,1.307732827936350720e-02,1.307365926189673483e-02,1.307500427566280626e-02,1.307935488267791477e-02,1.309272181182509140e-02,1.310037087169600711e-02,1.311447065781793861e-02,1.311986765283548045e-02,1.312567255422578821e-02,1.312591343842308897e-02,1.312178790373378159e-02,1.311371636968199084e-02
3.400000000000000000e+01,-4.652412799302834724e-03,1.257411747144620423e-05,2.940350878362450043e-05,9.252590252714024827e-05,1.518565999150045184e-04,3.835989930626197350e-04,5.951014866620489910e-04,1.354632107947124908e-03,1.990781620543276113e-03,3.961082914887286040e-03,5.341926865606776674e-03,8.795802240435812019e-03,1.070829518217864505e-02,1.415319999924606262e-02,1.527407104356060322e-02,1.535690957137999385e-02,1.420641080374825116e-02,1.052897335571751324e-02,8.700367908434921554e-03,6.208498541673572110e-03,5.615262451773710660e-03,4.715276262140791728e-03,4.527448736602971216e-03,4.581913305297012455e-03,4.796482215142831851e-03,5.575609947989638646e-03,6.136632578283016462e-03,7.573249222135181556e-03,8.416525693087472185e-03,1.019362270897464055e-02,1.103729976190111900e-02,1.241459581856658133e-02,1.289687449639821334e-02,1.344274575007048042e-02,1.353183332510481465e-02,1.340403534234128891e-02,1.320503372924060337e-02,1.259173150917554385e-02,1.221386794143671829e-02,1.143969356965062432e-02,1.109455396973825676e-02,1.058482032623969324e-02,1.044122092116057596e-02,1.038706236149389110e-02,1.046686337259835307e-02,1.079272901626178970e-02,1.101281580024220282e-02,1.149410081546591890e-02,1.172638172633329139e-02,1.211314536067870443e-02,1.225107482840361896e-02,1.239627403318831547e-02,1.240368769645996960e-02,1.230557413641104360e-02,1.221252259598371893e-02,1.197863715958429574e-02,1.185545053240745668e-02,1.163738213277593775e-02,1.155525916173153096e-02,1.146419789002544112e-02,1.145696098054190329e-02,1.151066099970401296e-02,1.156418200041333874e-02,1.170012223656411408e-02,1.177156023875955415e-02,1.189751822453674265e-02,1.194487777075728917e-02,1.199737741347401722e-02,1.200160615069432307e-02,1.197106316477490780e-02,1.194078183489847948e-02,1.186501960340820457e-02,1.182595081638680365e-02,1.175937388694983134e-02,1.173583722946731564e-02,1.171372103129961553e-02,1.171529222966543465e-02,1.173939290963491033e-02,1.175885168137848560e-02,1.180357297736902254e-02,1.182527803004531849e-02,1.185988537333606402e-02,1.187071408837717286e-02,1.187745586784433316e-02,1.187377673079569561e-02,1.185580245545251460e-02,1.184350425807378752e-02,1.181797449999622690e-02,1.180680640236972043e-02,1.179128498879160498e-02,1.178769090272112179e-02,1.178900671080178840e-02,1.179326700194111184e-02,1.180635913391420676e-02,1.181385236954220555e-02,1.182766741647786612e-02,1.183295622318870748e-02,1.183864504976285710e-02,1.183888089104243556e-02,1.183483689111262775e-02,1.182692618688770125e-02
3.500000000000000000e+01,-4.451214508213519223e-03,1.259766904126470577e-05,2.944334369804103846e-05,9.255496569679846908e-05,1.517817481409364927e-04,3.826620346400405950e-04,5.928030781385791939e-04,1.344676655074830262e-03,1.971598736077211957e-03,3.901068971012410826e-03,5.242805051247300362e-03,8.558753392554359352e-03,1.036473694515378796e-02,1.352114986260623264e-02,1.447517231927320305e-02,1.427010209069316804e-02,1.304773283894796951e-02,9.427481523972231631e-03,7.694773863369299902e-03,5.384613000974801736e-03,4.842932756584546194e-03,4.029267805050282085e-03,3.861073398720514960e-03,3.909893970036327528e-03,4.102318332731841842e-03,4.805371845523310342e-03,5.315674259149782629e-03,6.637191489338133132e-03,7.422655208486381162e-03,9.102515981237251433e-03,9.912968630133453529e-03,1.125850067456081113e-02,1.173810704343693744e-02,1.228780810012887817e-02,1.237790049404051754e-02,1.224623587615347037e-02,1.204413234752471987e-02,1.142965323654487365e-02,1.105574695377041852e-02,1.029812392401342931e-02,9.963436582168546871e-03,9.472037580751914432e-03,9.334077145463836808e-03,9.281537091527307728e-03,9.357535453215107962e-03,9.669364702689966715e-03,9.880817449813826883e-03,1.034546404433296651e-02,1.057084893969052232e-02,1.094785431774879421e-02,1.108283186656648829e-02,1.122513278171278356e-02,1.123228421824964095e-02,1.113563071680277912e-02,1.104424633990674746e-02,1.081527204985984099e-02,1.069504006418812471e-02,1.048276838454630967e-02,1.040300128279338793e-02,1.031462772006403600e-02,1.030757305899722420e-02,1.035952782869562633e-02,1.041139196385878173e-02,1.054333004995326381e-02,1.061277559013255010e-02,1.073540245478785994e-02,1.078156783101330389e-02,1.083277035352738643e-02,1.083688375065429595e-02,1.080704078511769521e-02,1.077748289462654094e-02,1.070360112305034778e-02,1.066553760201216679e-02,1.060072578237468942e-02,1.057782754984785967e-02,1.055631340339444231e-02,1.055783584231053708e-02,1.058126020219608485e-02,1.060018223808360284e-02,1.064369294694181983e-02,1.066482136216120348e-02,1.069852330267152471e-02,1.070907178084126894e-02,1.071563759713320581e-02,1.071205078545065317e-02,1.069453553379442687e-02,1.068255488694187100e-02,1.065769193205052916e-02,1.064681858135570376e-02,1.063170955837700049e-02,1.062821115612737517e-02,1.062949049115444709e-02,1.063363615357732113e-02,1.064637836882665299e-02,1.065367258823193657e-02,1.066712293033479642e-02,1.067227283165344230e-02,1.067781251795842969e-02,1.067804198924862148e-02,1.067410320771331432e-02,1.066639945914659229e-02
3.600000000000000000e+01,-4.260102998835910669e-03,1.262120343140799017e-05,2.948313413754597573e-05,9.258383372125547628e-05,1.517066753084616443e-04,3.817269469001886677e-04,5.905129908985408058e-04,1.334793501581163673e-03,1.952599625319670351e-03,3.841962747157307793e-03,5.145520684296818643e-03,8.328090794483964526e-03,1.003219877677690060e-02,1.291732312745551975e-02,1.371805694817863561e-02,1.326020595010547407e-02,1.198355528375004593e-02,8.441221626190714353e-03,6.805406276183449329e-03,4.670058972180510942e-03,4.176829788331236186e-03,3.443063923025176370e-03,3.292778634298488410e-03,3.336437967473451869e-03,3.508615995960896305e-03,4.141537290392485922e-03,4.604543276971457058e-03,5.816830461255357958e-03,6.546145895266857785e-03,8.128198518596236807e-03,8.903168281487286104e-03,1.021006451166366069e-02,1.068345221237868709e-02,1.123209606819905622e-02,1.132236855814576851e-02,1.118844238830713454e-02,1.098528877146696080e-02,1.037482094039264904e-02,1.000743818120188727e-02,9.270470865530405433e-03,8.947638559395660815e-03,8.476240938638510136e-03,8.344329513899479550e-03,8.293675308787169798e-03,8.365778586454142990e-03,8.662925261529792753e-03,8.865175435894873460e-03,9.311612766732663832e-03,9.529182913304163824e-03,9.894663916683959365e-03,1.002598969617695714e-02,1.016463439580427529e-02,1.017150699713221390e-02,1.007691780825009827e-02,9.987728922642900853e-03,9.764891988137194834e-03,9.648209528202464011e-03,9.442709801539836759e-03,9.365642404803246890e-03,9.280329574280349325e-03,9.273493405873741574e-03,9.323513780471094289e-03,9.373518344912266237e-03,9.500909091774594958e-03,9.568060007893978633e-03,9.686797903502145091e-03,9.731551527003275831e-03,9.781212841546257225e-03,9.785193450778485041e-03,9.756202726320399934e-03,9.727514309959488237e-03,9.655868227718291882e-03,9.618988190223391049e-03,9.556238048980614588e-03,9.534081173680897595e-03,9.513265813400223828e-03,9.514733789693951768e-03,9.537380461937892268e-03,9.555682441175853900e-03,9.597787781801710161e-03,9.618243503604833461e-03,9.650884985568710175e-03,9.661104323635144944e-03,9.667464074076939640e-03,9.663986734899101053e-03,9.647012890566955198e-03,9.635405644072570983e-03,9.611324363589147587e-03,9.600795591045029401e-03,9.586167854096126761e-03,9.582781081063848627e-03,9.584018387889562188e-03,9.588030764316583104e-03,9.600365365446977828e-03,9.607427365631474731e-03,9.620451480673789316e-03,9.625438827913465265e-03,9.630803910617961525e-03,9.631025993586847869e-03,9.627210684795538612e-03,9.619749419667464330e-03
3.700000000000000000e+01,-4.078429674019236860e-03,1.264472065074049439e-05,2.952288013540003281e-05,9.261250701792910628e-05,1.516313824532359092e-04,3.807937281875388436e-04,5.882311981693756978e-04,1.324982130223412938e-03,1.933782539639022913e-03,3.783750539293580066e-03,5.050039739060768404e-03,8.103642460013212728e-03,9.710327274876740661e-03,1.234045962893350404e-02,1.300053974079601327e-02,1.232177841707658011e-02,1.100617092915257694e-02,7.558138842796251894e-03,6.018831790621539252e-03,4.050327972648782096e-03,3.602343108395129282e-03,2.942144500315739195e-03,2.808128479708560648e-03,2.847089312361336146e-03,3.000836143768829956e-03,3.569407353215908480e-03,3.988547048842290728e-03,5.097866096230712143e-03,5.773139236089505633e-03,7.258169584130392572e-03,7.996232048986135280e-03,9.259261908797444818e-03,9.723555823110640456e-03,1.026708486274469090e-02,1.035684654757709940e-02,1.022201687517663646e-02,1.001953094091994831e-02,9.417337193716637800e-03,9.058529403250107845e-03,8.345366813899033134e-03,8.035402982625930793e-03,7.585131814751566726e-03,7.459529994370118697e-03,7.410953913275311784e-03,7.479132201742686240e-03,7.761240706163668318e-03,7.953929760868205454e-03,8.381076337252659283e-03,8.590163253816019903e-03,8.942790204654924024e-03,9.069925505655518708e-03,9.204326053487230791e-03,9.210908688325211355e-03,9.118860442351217621e-03,9.032279442181871676e-03,8.816524054556041171e-03,8.703841915800607579e-03,8.505840868469500063e-03,8.431725304682698499e-03,8.349744753633642561e-03,8.343154218294823385e-03,8.391106452845931499e-03,8.439105737398006069e-03,8.561551651126469292e-03,8.626184792254069922e-03,8.740617303054087905e-03,8.783795393913034627e-03,8.831731140860551305e-03,8.835565987891808373e-03,8.807543545651920491e-03,8.779835358268952422e-03,8.710692883367170125e-03,8.675129959148087516e-03,8.614662678456161404e-03,8.593323587343992820e-03,8.573278774807530783e-03,8.574688188276601356e-03,8.596482412450123442e-03,8.614102661695164156e-03,8.654657907582991028e-03,8.674369305745225495e-03,8.705834373546175731e-03,8.715687927956104059e-03,8.721819084523211793e-03,8.718464126466925895e-03,8.702093544424797933e-03,8.690901554175577831e-03,8.667687864019703314e-03,8.657540869621128607e-03,8.643445785678223470e-03,8.640182525160978663e-03,8.641373694298791139e-03,8.645238905658509526e-03,8.657122917914759561e-03,8.663927939002512985e-03,8.676479897401731881e-03,8.681287018871025607e-03,8.686458463525649487e-03,8.686672400787288223e-03,8.682994227002919368e-03,8.675802010728667774e-03
3.800000000000000000e+01,-3.905561264480697861e-03,1.266822070812058387e-05,2.956258172484528199e-05,9.264098600352552518e-05,1.515558706079085140e-04,3.798623768353714091e-04,5.859576732430583218e-04,1.315242027387853157e-03,1.915145746908125668e-03,3.726418849867704428e-03,4.956328819227048474e-03,7.885241032863300054e-03,9.398780367859568136e-03,1.178935546283679803e-02,1.232054978199458722e-02,1.144976191123729149e-02,1.010850113524324086e-02,6.767439440636402459e-03,5.323169656459515210e-03,3.512836812575965799e-03,3.106871792400241108e-03,2.514101880473440607e-03,2.394811718492930244e-03,2.429512228649590572e-03,2.566543840030368305e-03,3.076313655054069372e-03,3.454958542290192079e-03,4.467765820632454629e-03,5.091413178857329483e-03,6.481266469185042664e-03,7.181681680117628537e-03,8.397001022908820098e-03,8.849904128892192509e-03,9.384982075418856970e-03,9.473659009273688314e-03,9.339067430605219391e-03,9.138675534427010208e-03,8.548217965824332285e-03,8.199595660518069554e-03,7.512578534937117830e-03,7.216171552986865891e-03,6.787704547943777464e-03,6.668550465651445006e-03,6.622182648187501831e-03,6.686456332163843649e-03,6.953407739548018301e-03,7.136349758419287606e-03,7.543530376035182707e-03,7.743675212613768816e-03,8.082486623533875411e-03,8.205029430500304644e-03,8.334742438620607735e-03,8.341028566356567878e-03,8.251889030775129072e-03,8.168229683975963482e-03,7.960260991823640830e-03,7.851908322894826653e-03,7.661923683033507529e-03,7.590935214128268979e-03,7.512473578137274580e-03,7.506148174015190092e-03,7.551944723727972188e-03,7.597840654501523093e-03,7.715067984297571332e-03,7.777026561984230237e-03,7.886856331337567874e-03,7.928340487213232299e-03,7.974416727930689480e-03,7.978096607932779263e-03,7.951127902083979238e-03,7.924480902713719119e-03,7.858036306644245253e-03,7.823886565413835925e-03,7.765859898619829546e-03,7.745392739481183134e-03,7.726169251863012830e-03,7.727517344198047387e-03,7.748406701425259238e-03,7.765301736131764547e-03,7.804204250668204425e-03,7.823120249840257237e-03,7.853325872248741527e-03,7.862787327552371933e-03,7.868673742866727841e-03,7.865450501207836911e-03,7.849727737482522019e-03,7.838981071603454143e-03,7.816696507956048465e-03,7.806957860893297407e-03,7.793432048693933745e-03,7.790300766674061912e-03,7.791442903655939126e-03,7.795151089727587503e-03,7.806553924257764870e-03,7.813084311174528507e-03,7.825131307608014508e-03,7.829745563485941001e-03,7.834709748457230685e-03,7.834915002189029795e-03,7.831383758682277513e-03,7.824479610823664721e-03
3.900000000000000000e+01,-3.740895960223501130e-03,1.269170356011078277e-05,2.960223885080425291e-05,9.266927103124570839e-05,1.514801409710736339e-04,3.789328932344306587e-04,5.836923945133679591e-04,1.305572704527124209e-03,1.896687572272223081e-03,3.669954509528027854e-03,4.864355349218871596e-03,7.672724129092780426e-03,9.097227612408553821e-03,1.126286162037127767e-02,1.167612585277523138e-02,1.063945848970635107e-02,9.284046328161862927e-03,6.059460340199796305e-03,4.707913571092151202e-03,3.046673073755327543e-03,2.679548926678687257e-03,2.148334288588096136e-03,2.042329877265765519e-03,2.073180919212270958e-03,2.195104525376831688e-03,2.651338740680255022e-03,2.992754285562994939e-03,3.915547223781298304e-03,4.490190154817861462e-03,5.787522736879473911e-03,6.450107824805082803e-03,7.615038312305600840e-03,8.054749997135539005e-03,8.578666478007370214e-03,8.665786714714407424e-03,8.532385520508263196e-03,8.335260340277261815e-03,7.759310003031176170e-03,7.422107293099680647e-03,6.762895531405735926e-03,6.480463945365555478e-03,6.074111982717162947e-03,5.961444251931884847e-03,5.917363728791324301e-03,5.977793146338779111e-03,6.229659439545326589e-03,6.402809282399188860e-03,6.789683815494390248e-03,6.980602351034963932e-03,7.304945861513667885e-03,7.422609620887334753e-03,7.547314118042427675e-03,7.553301021482124351e-03,7.467345444861453463e-03,7.386837946618992658e-03,7.187159347404657381e-03,7.083363075396594856e-03,6.901737688900765229e-03,6.833987500123439758e-03,6.759160761175077997e-03,6.753113603504648857e-03,6.796705215419201682e-03,6.840439298969122270e-03,6.952277397220985033e-03,7.011460069807264744e-03,7.116489465768882812e-03,7.156199372332824535e-03,7.200324531643555702e-03,7.203843400138605114e-03,7.177988142819472124e-03,7.152458242924705084e-03,7.088843972950044370e-03,7.056171999620847006e-03,7.000690600494794032e-03,6.981130890328072873e-03,6.962761962796870478e-03,6.964047092583764559e-03,6.983997824990328257e-03,7.000139364029198119e-03,7.037321722455954463e-03,7.055408457865018461e-03,7.084299190295788307e-03,7.093350889186235061e-03,7.098981764214153632e-03,7.095896576177400036e-03,7.080851680457275581e-03,7.070570526443377586e-03,7.049256200046603686e-03,7.039943567075121131e-03,7.027011298790963000e-03,7.024017600874014194e-03,7.025108827107557317e-03,7.028653490676805768e-03,7.039554926037239896e-03,7.045798972297995406e-03,7.057319192858949562e-03,7.061732158437802193e-03,7.066479996795231935e-03,7.066676212984536291e-03,7.063298454724649400e-03,7.056695073153957699e-03
4.000000000000000000e+01,-3.583872341780539299e-03,1.271516926793251831e-05,2.964185163496823108e-05,9.269736258003553192e-05,1.514041944014037772e-04,3.780052736190447904e-04,5.814353303275512745e-04,1.295973633437189163e-03,1.878406274445376146e-03,3.614344295797821370e-03,4.774086946313043853e-03,7.465932789713057745e-03,8.805347816879723413e-03,1.075987804744573707e-02,1.106540642879097133e-02,9.886499055919003784e-03,8.526833352110534461e-03,5.425546204864310253e-03,4.163768810540003154e-03,2.642370369831976464e-03,2.311000342555496676e-03,1.835780736429962331e-03,1.741728139297360868e-03,1.769111798178214356e-03,1.877421059327297626e-03,2.285071446287680053e-03,2.592383468128762070e-03,3.431582865729173974e-03,3.959962590053212050e-03,5.168035643650518811e-03,5.793056364833003638e-03,6.905894413461771859e-03,7.331038813341217084e-03,7.841625062709431035e-03,7.926805393968864785e-03,7.795381658376888262e-03,7.602475587682903241e-03,7.043208984321796401e-03,6.718339953432892787e-03,6.088023077472709370e-03,5.819763094021057799e-03,5.435539011628757501e-03,5.329316226871444982e-03,5.287560319214473607e-03,5.344237029476474159e-03,5.581242247527203743e-03,5.744668377000133018e-03,6.111170705123853374e-03,6.292723169993987703e-03,6.602204403775359907e-03,6.714799574886698603e-03,6.834277742473756669e-03,6.839965862688757170e-03,6.757391218610249439e-03,6.680195290351237727e-03,6.489140805719782572e-03,6.390042458452020561e-03,6.216973762897738676e-03,6.152519988692508462e-03,6.081385753587714715e-03,6.075624660033147016e-03,6.116993571613399232e-03,6.158539960137350902e-03,6.264903487270358229e-03,6.321254934660668415e-03,6.421369332451684793e-03,6.459256452981363382e-03,6.501374339606837312e-03,6.504728785054321449e-03,6.480025145626732395e-03,6.455647322318561719e-03,6.394944234826453050e-03,6.363788383960695266e-03,6.310912733850584586e-03,6.292280510067681590e-03,6.274784808329072344e-03,6.276006257019134914e-03,6.295000090262608400e-03,6.310372477685411048e-03,6.345796524334765612e-03,6.363034450886672667e-03,6.390577819528122164e-03,6.399209318281578497e-03,6.404578309350401379e-03,6.401635011899837156e-03,6.387285943402768590e-03,6.377482257612528821e-03,6.357162272939891577e-03,6.348285912460545008e-03,6.335961189449314072e-03,6.333108302166093849e-03,6.334147582893226783e-03,6.337525023011100073e-03,6.347913460665289068e-03,6.353864408953350217e-03,6.364845187269880210e-03,6.369051946763386145e-03,6.373578126982665237e-03,6.373765104512141115e-03,6.370544688102588483e-03,6.364249507490048023e-03
4.100000000000000000e+01,-3.433973374027685446e-03,1.273861794486973870e-05,2.968142028670966645e-05,9.272526118834492279e-05,1.513280315827460198e-04,3.770795121689884261e-04,5.791864441698083357e-04,1.286444268943672323e-03,1.860300089622152642e-03,3.559575070029603362e-03,4.685491642591820861e-03,7.264711930697402044e-03,8.522829532180468959e-03,1.027935291042241135e-02,1.048662629921140801e-02,9.186822559207627123e-03,7.831375146460515385e-03,4.857946430578340483e-03,3.682514362070665129e-03,2.291718175420997487e-03,1.993140900755671456e-03,1.568698254891641745e-03,1.485369491340541226e-03,1.509638661989506610e-03,1.605712634379355495e-03,1.969400405920611417e-03,2.245572639837843231e-03,3.007434791768234545e-03,3.492345070380202966e-03,4.614854666772570148e-03,5.202933581918762172e-03,6.262785550901091985e-03,6.672348848215586131e-03,7.167903378234727167e-03,7.250837591369976853e-03,7.122034530521803748e-03,6.934109187688083757e-03,6.393192992049850053e-03,6.081300818641948054e-03,5.480493352838540846e-03,5.226419474621476179e-03,4.864096513373630977e-03,4.764213733454382947e-03,4.724786029396847720e-03,4.777825491207613080e-03,5.000312956363904549e-03,5.154174394784503781e-03,5.500460296273690028e-03,5.672625475677799817e-03,5.967063942359667611e-03,6.074482027493382542e-03,6.188602493710782838e-03,6.193994856877333387e-03,6.114932217442426918e-03,6.041148465253965219e-03,5.858910742330631152e-03,5.764580957551547653e-03,5.600146336183259473e-03,5.539003522843834876e-03,5.471571548178753852e-03,5.466099970394977352e-03,5.505254089329549190e-03,5.544613638812492806e-03,5.645487291734613278e-03,5.698990113372225802e-03,5.794143502754531445e-03,5.830185638192402452e-03,5.870269423934647811e-03,5.873458213116632652e-03,5.849926443451561146e-03,5.826718288214135545e-03,5.768964470111832832e-03,5.739341391298034140e-03,5.689095481340751027e-03,5.671398011676523701e-03,5.654782187573632532e-03,5.655939992970981933e-03,5.673971405360369279e-03,5.688569393620225047e-03,5.722221129657011247e-03,5.738602533741960984e-03,5.764785060967038410e-03,5.772991885172887999e-03,5.778096334798867376e-03,5.775296693588634518e-03,5.761651402241871334e-03,5.752330330502522862e-03,5.733014729610348519e-03,5.724578777687853483e-03,5.712867116820190619e-03,5.710156301774680851e-03,5.711143298103457840e-03,5.714352122466323340e-03,5.724223085611528788e-03,5.729878267612837153e-03,5.740314497629072331e-03,5.744313036186161729e-03,5.748615368401085134e-03,5.748793032445392165e-03,5.745731582760299667e-03,5.739747685898359715e-03
4.200000000000000000e+01,-3.290727112534026604e-03,1.276204939081775416e-05,2.972094448659224133e-05,9.275296702144792543e-05,1.512516542144662704e-04,3.761556154230905058e-04,5.769457296298653552e-04,1.276984196618832865e-03,1.842367511511715499e-03,3.505634618069904378e-03,4.598539234670578554e-03,7.068913296150143057e-03,8.249375010038658904e-03,9.820287613280017508e-03,9.938120096080190619e-03,8.536664341829636876e-03,7.192641060990913326e-03,4.349728401215658541e-03,3.256885431440672846e-03,1.987599873353935662e-03,1.719001431406507905e-03,1.340473657573679330e-03,1.266744129631213085e-03,1.288222882997569919e-03,1.373327853928037797e-03,1.697338693662876980e-03,1.945159470572535272e-03,2.635713272433374502e-03,3.079948229099464981e-03,4.120887259681794458e-03,4.672926757814127412e-03,5.679567845629266212e-03,6.072843735203987611e-03,6.552067141072896381e-03,6.632515674860259974e-03,6.506851508232147467e-03,6.324503689588753703e-03,5.803168724756386024e-03,5.504668207051196388e-03,4.933591436926213283e-03,4.693570946281653937e-03,4.352731955839466912e-03,4.259034503176873515e-03,4.221911574785366938e-03,4.271447082211611915e-03,4.479852050984119149e-03,4.624379032509954440e-03,4.950782132458345433e-03,5.113635330427593328e-03,5.393026700671895921e-03,5.495226524606328621e-03,5.603929983922925455e-03,5.609031712731151441e-03,5.533556924779557858e-03,5.463236619077710757e-03,5.289890970501805872e-03,5.200341914078139387e-03,5.044520332247621162e-03,4.986667492376702093e-03,4.922908631800855701e-03,4.917726448965202557e-03,4.954694416621864550e-03,4.991889639364839940e-03,5.087315155199256464e-03,5.137982962342287595e-03,5.228185655640373367e-03,5.262382291900122473e-03,5.300429358456202819e-03,5.303453047839605181e-03,5.281098588454435916e-03,5.259063345355253528e-03,5.204261659149297600e-03,5.176170163744471878e-03,5.128548053042824607e-03,5.111782147228096512e-03,5.096043018220261858e-03,5.097137832834582397e-03,5.114211727482912903e-03,5.128038586917773624e-03,5.159923807944611675e-03,5.175450682983064911e-03,5.200274492169747187e-03,5.208057073462582683e-03,5.212897353103750422e-03,5.210241429214030641e-03,5.197299634409412866e-03,5.188460725838954686e-03,5.170148002865147634e-03,5.162151571336459285e-03,5.151051529974044925e-03,5.148482437362101628e-03,5.149417380042606643e-03,5.152458088827255832e-03,5.161812940949566525e-03,5.167173042961025961e-03,5.177065823539126442e-03,5.180856507983479242e-03,5.184935365590878642e-03,5.185103744898696479e-03,5.182201053710617546e-03,5.176527949906096701e-03
4.300000000000000000e+01,-3.153705309961797251e-03,1.278546371912773344e-05,2.976042444414279606e-05,9.278048061724325848e-05,1.511750629754234077e-04,3.752335775313205002e-04,5.747131502845566342e-04,1.267592878015992271e-03,1.824606807174819273e-03,3.452510183297874923e-03,4.513198904728521650e-03,6.878389968436025327e-03,7.984692333739192363e-03,9.381721866391221770e-03,9.418302012781230859e-03,7.932517139092628081e-03,6.606001821576452070e-03,3.894677566739917617e-03,2.880450833951767996e-03,1.723838869909689745e-03,1.482567360490119699e-03,1.145452581579745228e-03,1.080297230788661213e-03,1.099281631454128265e-03,1.174574571417422338e-03,1.462860663946693486e-03,1.684935485543029212e-03,2.309936637584122498e-03,2.716249398863486084e-03,3.679793051509702099e-03,4.196909675673341465e-03,5.150661362322331814e-03,5.527203085929533952e-03,5.989140333671127622e-03,6.066921085575585106e-03,5.944805784117494080e-03,5.768490465087366438e-03,5.267596936070948442e-03,4.982711747144955190e-03,4.441264777003480976e-03,4.215047454083758853e-03,3.895127004319176925e-03,3.807422210877340306e-03,3.772559340629252651e-03,3.818736889851114761e-03,4.013563284516211312e-03,4.149040710710927282e-03,4.456034592053470696e-03,4.609728574441065464e-03,4.874211909477645793e-03,4.971207658090907346e-03,5.074494311547833245e-03,5.079312198663069391e-03,5.007455213857716324e-03,4.940608824317417255e-03,4.776134161303940279e-03,4.691330313367827846e-03,4.544021065458722294e-03,4.489408641459628757e-03,4.429262571511319822e-03,4.424366775594034198e-03,4.459193708336451310e-03,4.494264414346351051e-03,4.584329331567748786e-03,4.632200764501951708e-03,4.717508735351400029e-03,4.749877002939027065e-03,4.785904463890626112e-03,4.788765061900591806e-03,4.767581242123426245e-03,4.746710447665659222e-03,4.694835082276996481e-03,4.668259497840139029e-03,4.623230998437208653e-03,4.607385010784766609e-03,4.592511447452885150e-03,4.593544415916800752e-03,4.609674104936382737e-03,4.622739986111514335e-03,4.652880501479469792e-03,4.667562705867408894e-03,4.691042576349726059e-03,4.698405329822803733e-03,4.702984269540366920e-03,4.700470737768186816e-03,4.688225471830848555e-03,4.679863731865752281e-03,4.662543013844063812e-03,4.654981142451708291e-03,4.644485640458747081e-03,4.642056615490918088e-03,4.642940195525610374e-03,4.645814820663918612e-03,4.654659654667579055e-03,4.659728080861309102e-03,4.669083540445855690e-03,4.672668668927189295e-03,4.676526504271315970e-03,4.676685711465447190e-03,4.673940083198623897e-03,4.668574383365418391e-03
4.400000000000000000e+01,-3.022520764155498321e-03,1.280886104284336552e-05,2.979986036807848876e-05,9.280780250949969765e-05,1.510982585377004805e-04,3.743133926661650242e-04,5.724886699202211965e-04,1.258269779396423279e-03,1.807016262335381547e-03,3.400189212171166996e-03,4.429440426430944142e-03,6.692999054839088822e-03,7.728499061669181699e-03,8.962738521759909191e-03,8.925669547479272645e-03,7.371122472302071502e-03,6.067206370602040710e-03,3.487230174975318540e-03,2.547523314358369085e-03,1.495078719509931398e-03,1.278651828526431063e-03,9.788037032601231910e-04,9.212919552146056276e-04,9.380512966467280909e-04,1.004584839871707110e-03,1.260773540883106288e-03,1.459523274062718380e-03,2.024424923123781771e-03,2.395496748931319302e-03,3.285910991322231293e-03,3.769380848457713068e-03,4.671006470631547738e-03,5.030585217094495770e-03,5.474575118676853688e-03,5.549555358864556413e-03,5.431305417970903535e-03,5.261355950696226282e-03,4.781450273228958145e-03,4.510245106484732022e-03,3.998065487751016091e-03,3.785308673673426320e-03,3.485628241229014792e-03,3.403695197374682121e-03,3.371031167245192549e-03,3.414005254093426325e-03,3.595806432474465096e-03,3.722560096399848799e-03,4.010726491383092250e-03,4.155475364973158087e-03,4.405305223614993694e-03,4.497156212782334704e-03,4.595075001665680295e-03,4.599617148422328536e-03,4.531370043334451321e-03,4.467974557680623460e-03,4.312271281554217774e-03,4.232138622856340161e-03,4.093177244774474054e-03,4.041733001957810260e-03,3.985114750739020967e-03,3.980500027076263637e-03,4.013243927424962887e-03,4.046243544624985450e-03,4.131071694488213514e-03,4.176205349900055652e-03,4.256711176036735364e-03,4.287282411850719226e-03,4.321323298960243892e-03,4.324023978783149771e-03,4.303994319259449829e-03,4.284270051437738362e-03,4.235272097064039960e-03,4.210185118737152024e-03,4.167700622981667866e-03,4.152756151407099167e-03,4.138730678375738582e-03,4.139703333795537871e-03,4.154908829563611940e-03,4.167229374308889164e-03,4.195659798391180445e-03,4.209513491069085366e-03,4.231674355579656370e-03,4.238624895486068841e-03,4.242947299134920344e-03,4.240573718739156818e-03,4.229012639328811121e-03,4.221119424805149997e-03,4.204772324654546152e-03,4.197636789760749235e-03,4.187734232096002387e-03,4.185442575169907517e-03,4.186275851008385007e-03,4.188987649970933765e-03,4.197332344973741212e-03,4.202114676648027389e-03,4.210942974895340307e-03,4.214326394282165954e-03,4.217967327149056526e-03,4.218117541995886934e-03,4.215526087546995516e-03,4.210462077801604454e-03
4.500000000000000000e+01,-2.896823993341897212e-03,1.283224116230491721e-05,2.983925194008146473e-05,9.283493286651881352e-05,1.510212425974936240e-04,3.733950672849218819e-04,5.702722821026638515e-04,1.249014494942372357e-03,1.789594412909039462e-03,3.348660034367175603e-03,4.347235241747380435e-03,6.512603953978223295e-03,7.480525177037624165e-03,8.562466852409614596e-03,8.458805182669601463e-03,6.849459681818811062e-03,5.572357252415545067e-03,3.122409666099134219e-03,2.253077126191060237e-03,1.296676630186912932e-03,1.102783905161071505e-03,8.364006423098109717e-04,7.856906134298628080e-04,8.004689198666628015e-04,8.591973126140287596e-04,1.086604399575308300e-03,1.264267610149295146e-03,1.774203773560519915e-03,2.112621671652719409e-03,2.934190938783066190e-03,3.385404608488800423e-03,4.236020803833776514e-03,4.578589782883090049e-03,5.004220949127949174e-03,5.076310238230712611e-03,4.962161653646095238e-03,4.798807428620070412e-03,4.340171529751429662e-03,4.082579716016282098e-03,3.599094936759159123e-03,3.399384560689562140e-03,3.119181758004963001e-03,3.042779352526758449e-03,3.012240427248499830e-03,3.052170634404434684e-03,3.221533607066130820e-03,3.339918793891106380e-03,3.609921029190505358e-03,3.745986674244093911e-03,3.981509485518941287e-03,4.068311450352158146e-03,4.160950869139387262e-03,4.165226381152811741e-03,4.100550220878385575e-03,4.040555392625134155e-03,3.893460616250693767e-03,3.817894414810736169e-03,3.687066124317444488e-03,3.638700112936729767e-03,3.585505548842781234e-03,3.581164765596861910e-03,3.611893514051464724e-03,3.642885997809835845e-03,3.722629500679245761e-03,3.765099652145798784e-03,3.840924858492098925e-03,3.869741694117695939e-03,3.901841724890853583e-03,3.904386581450042335e-03,3.885486748323922854e-03,3.866883533648952063e-03,3.820695703328065313e-03,3.797060805852440005e-03,3.757055365470192768e-03,3.742988685844553503e-03,3.729788832914569720e-03,3.730703009683022323e-03,3.745009583636171174e-03,3.756604752850483536e-03,3.783369795168570280e-03,3.796416113480203473e-03,3.817290941949288627e-03,3.823839418205948488e-03,3.827911653326903675e-03,3.825674697226142101e-03,3.814781197864313203e-03,3.807344974149918983e-03,3.791947157458486727e-03,3.785227155583037722e-03,3.775902380887632016e-03,3.773744567398561178e-03,3.774528886597283521e-03,3.777082083729328341e-03,3.784939508146224502e-03,3.789443046742232458e-03,3.797757530615549892e-03,3.800944313020419157e-03,3.804373782701430361e-03,3.804515237972455177e-03,3.802074123178231409e-03,3.797304249822725485e-03
4.600000000000000000e+01,-2.776299636028713505e-03,1.285560429467851734e-05,2.987859954423424669e-05,9.286187234112128555e-05,1.509440154773807399e-04,3.724785914516947835e-04,5.680639408899581209e-04,1.239826456718410132e-03,1.772339498119881226e-03,3.297910237002484295e-03,4.266553855741166482e-03,6.337068526354581836e-03,7.240504899785631457e-03,8.180067868198340544e-03,8.016357203428671474e-03,6.364712553127632039e-03,5.117866035766469208e-03,2.795753567237282532e-03,1.992662120704198452e-03,1.125116384121866700e-03,9.511044358288631585e-04,7.147147886373619863e-04,6.700473657643892661e-04,6.830649723231540030e-04,7.348502725042674148e-04,9.364950930774065384e-04,1.095132535707821599e-03,1.554909175738720603e-03,1.863149014902367893e-03,2.620117008624345527e-03,3.040541189507355892e-03,3.841540936708900175e-03,4.167203714110902756e-03,4.574275458661712819e-03,4.643419334242255593e-03,4.533539153456378305e-03,4.376921292818382152e-03,3.939616181042797892e-03,3.695463921701107757e-03,3.239936182391613649e-03,3.052804866749963576e-03,2.791258398548932158e-03,2.720132137181819395e-03,2.691635449073036084e-03,2.728683573036114196e-03,2.886215626528769104e-03,2.996607390281433563e-03,3.249167574460424830e-03,3.376847913133015043e-03,3.598481439466231797e-03,3.680358931709229627e-03,3.767838992864981987e-03,3.771857713653410660e-03,3.710688557916542573e-03,3.654022365379306497e-03,3.515323179170564121e-03,3.444194757102528922e-03,3.321246100723539239e-03,3.275854944823539203e-03,3.225965513674851261e-03,3.221890144264639121e-03,3.250678905705399902e-03,3.279736071267677199e-03,3.354568416385450905e-03,3.394461307531062341e-03,3.465749722873869444e-03,3.492863554730081879e-03,3.523078321689197216e-03,3.525472160287325494e-03,3.507671665064930611e-03,3.490158136521390696e-03,3.446698867444537850e-03,3.424472398329271930e-03,3.386869261153418152e-03,3.373652570012453458e-03,3.361252042350178389e-03,3.362109800690581390e-03,3.375546735225564993e-03,3.386439793347737967e-03,3.411591909582632146e-03,3.423855822567426020e-03,3.443483785862939180e-03,3.449642308112931596e-03,3.453471949905146353e-03,3.451367603675159663e-03,3.441121777752778523e-03,3.434128775816160280e-03,3.419651320122299009e-03,3.413334060777230543e-03,3.404569163900131833e-03,3.402541034816340161e-03,3.403277966126999274e-03,3.405677528393397362e-03,3.413062848931061859e-03,3.417296219715115248e-03,3.425112691476871977e-03,3.428108853627698498e-03,3.431333317043350727e-03,3.431466286249489159e-03,3.429170947471573468e-03,3.424686237744647022e-03
4.700000000000000000e+01,-2.660662837088158175e-03,1.287895024060193780e-05,2.991790286296360998e-05,9.288862110361402469e-05,1.508665788714346617e-04,3.715639715699786509e-04,5.658636398330903726e-04,1.230705264549969294e-03,1.755250081368600959e-03,3.247928498818128049e-03,4.187368757240794714e-03,6.166263426914815951e-03,7.008185250882299419e-03,7.814746857377102493e-03,7.597052477627782782e-03,5.914272817829473346e-03,4.700445070971673127e-03,2.503272086097285513e-03,1.762347158626655476e-03,9.775922532328340086e-04,8.202877784532448466e-04,6.107330810906008364e-04,5.714256268379287566e-04,5.828809012730301956e-04,6.284996985675855331e-04,8.071231471125325276e-04,9.486250546375646873e-04,1.362720437478380118e-03,1.643136542045663898e-03,2.339662302585276445e-03,2.730809251445177888e-03,3.483798203035642308e-03,3.792781855671791946e-03,4.181270636831408739e-03,4.247445164648315681e-03,4.141941515544132237e-03,3.992126407035443900e-03,3.576029349551172829e-03,3.345056126340930670e-03,2.916619468024091340e-03,2.741561290126774599e-03,2.497811019040146151e-03,2.431698452182204373e-03,2.405154740470795416e-03,2.439482568371083467e-03,2.585800723827890932e-03,2.688586127303047631e-03,2.924466705871923543e-03,3.044086106973318759e-03,3.252302495336570690e-03,3.329402565417089420e-03,3.411868103165038770e-03,3.415640397730367907e-03,3.357894332250666806e-03,3.304467534616717383e-03,3.173912026390275469e-03,3.107074352531844028e-03,2.991722784674153823e-03,2.949193194356319360e-03,2.902479791061338740e-03,2.898660261363907899e-03,2.925589376466843951e-03,2.952788723441107828e-03,3.022899106933411243e-03,3.060309908835301060e-03,3.127222197257314030e-03,3.152691099128191766e-03,3.181083748075061012e-03,3.183331910388031635e-03,3.166595517374985215e-03,3.150135785174307604e-03,3.109312624009824208e-03,3.088445528375491789e-03,3.053159048339404262e-03,3.040761484112123984e-03,3.029131123568320517e-03,3.029934687924388213e-03,3.042534252311343210e-03,3.052750933324882131e-03,3.076348394296239339e-03,3.087857759095155065e-03,3.106282716814551866e-03,3.112064879852766489e-03,3.115660417875578455e-03,3.113684143911281139e-03,3.104063579388807118e-03,3.097498337194950959e-03,3.083908851348250799e-03,3.077980044971384815e-03,3.069755053714406153e-03,3.067851972348227454e-03,3.068543249943852472e-03,3.070794702519864718e-03,3.077724815765242247e-03,3.081697641716866273e-03,3.089033756408972927e-03,3.091846028601808512e-03,3.094872711731195061e-03,3.094997499035152984e-03,3.092842820724720550e-03,3.088633229269175176e-03
4.800000000000000000e+01,-2.549655784216908923e-03,1.290227911302519251e-05,2.995705033052679933e-05,9.291517968411031059e-05,1.507889334390203132e-04,3.706512017790162920e-04,5.636713430123381149e-04,1.221650398692840150e-03,1.738324510080858920e-03,3.198702995980658072e-03,4.109651875688253436e-03,6.000060478601866240e-03,6.783318206596638221e-03,7.465739594546541222e-03,7.199678697105830680e-03,5.495710539151418828e-03,4.317069019356459779e-03,2.241388686988961352e-03,1.558652187008967771e-03,8.494112561937422218e-04,7.074638191992823830e-04,5.218793132252576294e-04,4.873196059403273744e-04,4.973906278800521025e-04,5.375405731179263603e-04,6.956232037840419727e-04,8.217173578407180150e-04,1.194286359689362411e-03,1.449104403355647381e-03,2.089226983118070476e-03,2.452628646264978264e-03,3.159369862502743685e-03,3.452001313106141823e-03,3.822030927733050670e-03,3.885237839697029943e-03,3.784168864261677496e-03,3.641160194773136911e-03,3.245997585134225826e-03,3.027874065450503801e-03,2.625566620421435331e-03,2.462049790941910066e-03,2.235213801646231385e-03,2.173849102686917396e-03,2.149165030803617225e-03,2.180932483719052236e-03,2.316654614728171600e-03,2.412226139192587531e-03,2.632214095800358873e-03,2.744115093687799802e-03,2.939426161181817650e-03,3.011912847856714360e-03,3.089527664209744395e-03,3.093064229662901947e-03,3.038641766911796566e-03,2.988351882767283953e-03,2.865658733548453845e-03,2.802951277698963357e-03,2.694893448399392558e-03,2.655105249662868989e-03,2.611431552477903699e-03,2.607857539845311566e-03,2.633010711377839746e-03,2.658433549986765308e-03,2.724021988658543569e-03,2.759052168750215309e-03,2.821761091728655375e-03,2.845648003300095541e-03,2.872287216776753943e-03,2.874395429690193658e-03,2.858684378916775352e-03,2.843239220836833205e-03,2.804951760591597055e-03,2.785391075911907311e-03,2.752329232320667451e-03,2.740717758682623389e-03,2.729826374985992211e-03,2.730578080797113789e-03,2.742374645799033287e-03,2.751942431871834144e-03,2.774047652272129075e-03,2.784832396942810758e-03,2.802101587099413340e-03,2.807522059486331021e-03,2.810892643381741277e-03,2.809039523236263498e-03,2.800019991557373914e-03,2.793865823257129979e-03,2.781129417140539798e-03,2.775573697659153901e-03,2.767867158704197597e-03,2.766084146422877112e-03,2.766731621621088509e-03,2.768840888260788984e-03,2.775333928553158462e-03,2.779056547965750266e-03,2.785931291543643131e-03,2.788566917485814454e-03,2.791403600011357032e-03,2.791520531486207934e-03,2.789501000030168362e-03,2.785555709040586983e-03
4.900000000000000000e+01,-2.443044490523886385e-03,1.292559102459168302e-05,2.999581857836405505e-05,9.294154860863511336e-05,1.507110798328534229e-04,3.697402762408807768e-04,5.614870147150931301e-04,1.212661343949892516e-03,1.721561149486193747e-03,3.150222092913801484e-03,4.033375679339139264e-03,5.838335016050867285e-03,6.565663793923004823e-03,7.132316188376004555e-03,6.823087239110365437e-03,5.106768148322974807e-03,3.964959717469389994e-03,2.006901376773086859e-03,1.378499710885804910e-03,7.380367001199386601e-04,6.101574251546480927e-04,4.459522677289248609e-04,4.155925072533688674e-04,4.244387486225793642e-04,4.597450753774830201e-04,5.995259584236382541e-04,7.117869387977364404e-04,1.046670248406371406e-03,1.277983992693162594e-03,1.865596908026431354e-03,2.202784318331713152e-03,2.865152332255470249e-03,3.141838172962915354e-03,3.493654029730295166e-03,3.553916503354753991e-03,3.457298145553074076e-03,3.321047330204003178e-03,2.946422883483640603e-03,2.740766080886261613e-03,2.363556937734917658e-03,2.211034167835300521e-03,2.000222497151777929e-03,1.943340101363115382e-03,1.920420130514376806e-03,1.949783835034799191e-03,2.075521682118434529e-03,2.164271965045523691e-03,2.369166013887892813e-03,2.473702507742035848e-03,2.656647537752081841e-03,2.724697263716045412e-03,2.797639221628603259e-03,2.800950931950783439e-03,2.749740717045907109e-03,2.702475362402823652e-03,2.587341857955725508e-03,2.528594621765731243e-03,2.427513222338726056e-03,2.390341847818447212e-03,2.349567052995479854e-03,2.346227732766789729e-03,2.369690545828938288e-03,2.393420463123259196e-03,2.454693780564604251e-03,2.487448933636796089e-03,2.546135431938999043e-03,2.568506656864070863e-03,2.593464980138356513e-03,2.595439230623539963e-03,2.580712255289776928e-03,2.566240105563988988e-03,2.530382421178406244e-03,2.512072514642823325e-03,2.481138994216550153e-03,2.470279129137039308e-03,2.460094185610107488e-03,2.460796435654662856e-03,2.471825743927712812e-03,2.480773270421388760e-03,2.501451428816442880e-03,2.511542876846800752e-03,2.527705831817492373e-03,2.532780015314113359e-03,2.535935244338703796e-03,2.534200096689974945e-03,2.525756123333284652e-03,2.519995507634579038e-03,2.508075594363041658e-03,2.502876868551905110e-03,2.495666331695425583e-03,2.493998180058095045e-03,2.494603781492003673e-03,2.496577052672328996e-03,2.502651985469585109e-03,2.506135218527191615e-03,2.512568476357158326e-03,2.515035047622256933e-03,2.517689884789099230e-03,2.517799301195912647e-03,2.515909132210602910e-03,2.512216799715626895e-03
5.000000000000000000e+01,-2.340615871807606458e-03,1.294888577638240307e-05,3.003454225350898552e-05,9.296772805048427249e-05,1.506330197438118974e-04,3.688312012791778068e-04,5.593106484717649297e-04,1.203737708468621955e-03,1.704958603257833352e-03,3.102474972517282013e-03,3.958514155879742924e-03,5.680967862668821235e-03,6.354992596532306470e-03,6.813783691167746639e-03,6.466194449987344023e-03,4.745352846003049289e-03,3.641570090513415563e-03,1.796946098829376760e-03,1.219170193253871996e-03,6.412658829996781707e-04,5.262351007588080953e-04,3.810719099887520736e-04,3.544229234880491228e-04,3.621868866475505370e-04,3.932087617339215246e-04,5.167044158259903857e-04,6.165634938793964574e-04,9.173002294532005968e-04,1.127071205241675757e-03,1.665904789701803251e-03,1.978391876906647907e-03,2.598334784923241308e-03,2.859544164205001914e-03,3.193491182111327879e-03,3.250850193679298734e-03,3.158662958350097211e-03,3.029078137820395873e-03,2.674496959831499168e-03,2.480882999429382361e-03,2.127694428974646890e-03,1.985611331461422085e-03,1.789936889730047451e-03,1.737274347070985906e-03,1.716022235773888684e-03,1.743134449421504051e-03,1.859488215355093420e-03,1.941805903193623197e-03,2.132406213772912885e-03,2.229937930179521494e-03,2.401073625305073442e-03,2.464871375352571496e-03,2.533328312006445041e-03,2.536426091991145215e-03,2.488308004957850376e-03,2.443947676427194772e-03,2.336056351477689818e-03,2.281093191544934524e-03,2.186662565115458576e-03,2.151981084570237825e-03,2.113962129900665357e-03,2.110846377039804316e-03,2.132705103140542912e-03,2.154826718711371110e-03,2.211995275904565274e-03,2.242583350412966688e-03,2.297433328796644192e-03,2.318357298594993839e-03,2.341709760085510569e-03,2.343556192426939511e-03,2.329770359463668138e-03,2.316228124433296169e-03,2.282690777830095885e-03,2.265574362919492869e-03,2.236670267200028660e-03,2.226526679899120450e-03,2.217014854676712440e-03,2.217670083580770488e-03,2.227968653303109402e-03,2.236325221919195205e-03,2.255643130188246352e-03,2.265073446442278805e-03,2.280181102938560068e-03,2.284924852695853405e-03,2.287874602836375507e-03,2.286252080525919602e-03,2.278357413993565075e-03,2.272972313206499204e-03,2.261831267681859055e-03,2.256973001784412253e-03,2.250235417034836087e-03,2.248676779729993479e-03,2.249242480747914389e-03,2.251086105605442592e-03,2.256762394097508798e-03,2.260017351425856313e-03,2.266029554240810932e-03,2.268334874393272953e-03,2.270816250776712918e-03,2.270918501642627853e-03,2.269151744496835342e-03,2.265700708172939826e-03
5.100000000000000000e+01,-2.242175135381044813e-03,1.297216348110797474e-05,3.007322156261746371e-05,9.299371853513458547e-05,1.505547538197056674e-04,3.679239710277395874e-04,5.571422086631436753e-04,1.194878983420525481e-03,1.688515265256653689e-03,3.055450337631832568e-03,3.885040764244993873e-03,5.527840918277655315e-03,6.151079692163188145e-03,6.509475738275328702e-03,6.127968448373461753e-03,4.409514921945699266e-03,3.344556287616216265e-03,1.608955452073811999e-03,1.078256156545560028e-03,5.571835288903867218e-04,4.538555855175532491e-04,3.256307864150194062e-04,3.022566467309726907e-04,3.090653948909863075e-04,3.363018444785678077e-04,4.453242199212096956e-04,5.340790723927864476e-04,8.039204655255808261e-04,9.939791026853997662e-04,1.487587422972330405e-03,1.776857586604288757e-03,2.356364399840872766e-03,2.602613985603142652e-03,2.919116992854076977e-03,2.973628065569067398e-03,2.885823037106452060e-03,2.762777069204548890e-03,2.427666884863271396e-03,2.245642152703923675e-03,1.915368769307021707e-03,1.783170987650970494e-03,1.601758689913470972e-03,1.553059019999022917e-03,1.533379072152123764e-03,1.558386816624660618e-03,1.665940725202399303e-03,1.742207018460026433e-03,1.919306539202852687e-03,2.010194303996874418e-03,2.170086135929864910e-03,2.229822146055071477e-03,2.293988321876493184e-03,2.296883037849922846e-03,2.251730892482707927e-03,2.210151383021212446e-03,2.109175766519676750e-03,2.057817255315484012e-03,1.969708205711878223e-03,1.937389059232477511e-03,1.901982517667889002e-03,1.899079078665220520e-03,1.919419659711054348e-03,1.940017566322622738e-03,1.993292470112600998e-03,2.021822249303370424e-03,2.073023815870581824e-03,2.092570026277557581e-03,2.114392949050965080e-03,2.116117776329350456e-03,2.103229211131703129e-03,2.090572971871636730e-03,2.059244736808106720e-03,2.043263746508555082e-03,2.016289056451730979e-03,2.006826078856108024e-03,1.997953745472130001e-03,1.998564389378231030e-03,2.008169003721816011e-03,2.015964165450494314e-03,2.033989299461707971e-03,2.042791014722940279e-03,2.056894949459326348e-03,2.061324333589729853e-03,2.064078608992229481e-03,2.062563282448446472e-03,2.055191297293497161e-03,2.050163431389711959e-03,2.039763155719831987e-03,2.035228621411747617e-03,2.028940679646241974e-03,2.027486151345677095e-03,2.028013942063293211e-03,2.029734335718695517e-03,2.035031654839883353e-03,2.038069573230748017e-03,2.043681393249461090e-03,2.045833361196815452e-03,2.048149765143283778e-03,2.048245203677735021e-03,2.046595831249157192e-03,2.043374283404428542e-03
5.200000000000000000e+01,-2.147543476748355225e-03,1.299542425117154038e-05,3.011185671153221097e-05,9.301952058399839268e-05,1.504762827017709290e-04,3.670185796434044436e-04,5.549816598756991855e-04,1.186084664430241522e-03,1.672229546650786606e-03,3.009137070985865893e-03,3.812929472856271557e-03,5.378839318415880311e-03,5.953707459587646508e-03,6.218755902957875427e-03,5.807431560606263719e-03,4.097442969767270578e-03,3.071765955321205995e-03,1.440630900020993749e-03,9.536286108374819256e-04,4.841256470246419440e-04,3.914310109976340372e-04,2.782554225639298495e-04,2.577683372119005632e-04,2.637349557246750249e-04,2.876305234923671669e-04,3.838045619741718012e-04,4.626291540215476776e-04,7.045541412323379216e-04,8.766028322148920315e-04,1.328356231386486515e-03,1.595852213845488010e-03,2.136926397849601717e-03,2.368767753836707821e-03,2.668314773872984547e-03,2.720045186173173160e-03,2.636549224633653443e-03,2.519886534136321805e-03,2.203615652842283185e-03,2.032706071697040675e-03,1.724230414713813844e-03,1.601369256937959463e-03,1.433363043964145473e-03,1.388376506300471359e-03,1.370174541395883898e-03,1.393218997626797899e-03,1.492538030487404336e-03,1.563124066658971682e-03,1.727501770195514130e-03,1.812103747927005072e-03,1.961318971924679282e-03,2.017186026127696166e-03,2.077259212808709159e-03,2.079961586210161972e-03,2.037645358646488197e-03,1.998719741899553006e-03,1.904329043188853062e-03,1.856394784070478175e-03,1.774278436076975538e-03,1.744194815136149894e-03,1.711258398227223556e-03,1.708556028791613371e-03,1.727463277621401174e-03,1.746621203007568505e-03,1.796212084710301429e-03,1.822791971255249876e-03,1.870533217724536061e-03,1.888771370072280355e-03,1.909141410713723931e-03,1.910750843565967418e-03,1.898715318109054110e-03,1.886900899342906085e-03,1.857670154375507237e-03,1.842766444435105710e-03,1.817621196989632022e-03,1.808803233752715421e-03,1.800536846179876969e-03,1.801105318680945675e-03,1.810052617544771975e-03,1.817315838661618570e-03,1.834115560658244534e-03,1.842321189579046968e-03,1.855473004287404477e-03,1.859604110228184164e-03,1.862172923580909930e-03,1.860759348121544202e-03,1.853883369756104387e-03,1.849194437059072278e-03,1.839496815443827623e-03,1.835269287543365687e-03,1.829407694164886071e-03,1.828051873850642696e-03,1.828543738760736795e-03,1.830147307933296550e-03,1.835085314696358137e-03,1.837917425113328980e-03,1.843149531751370673e-03,1.845156047925404887e-03,1.847315970551105394e-03,1.847404949562779508e-03,1.845866930469212356e-03,1.842863058809997593e-03
5.300000000000000000e+01,-2.056556067799855756e-03,1.301866788809818293e-05,3.015044738976374594e-05,9.304513437333921180e-05,1.504059733172112730e-04,3.661150333708620367e-04,5.528289956211952967e-04,1.177354367799016534e-03,1.656100090267882338e-03,2.963524837234173415e-03,3.742155686689827877e-03,5.233853255855284124e-03,5.762667851018028579e-03,5.941019971646231863e-03,5.503661413220817776e-03,3.807457789907385797e-03,2.821225774498543545e-03,1.289916493113811178e-03,8.434061996804012237e-04,4.206473345659386600e-04,3.375926792660835420e-04,2.377727498856080628e-04,2.198282740388560978e-04,2.250532448196873245e-04,2.460033146743270237e-04,3.307837745695520193e-04,4.007381360971876486e-04,6.174700176006136295e-04,7.730875643884352853e-04,1.186169611127457172e-03,1.433286084759276399e-03,1.937924349461970152e-03,2.155933407172331943e-03,2.439061484422656682e-03,2.488087885761434189e-03,2.408808091120356182e-03,2.298350510722942889e-03,2.000242940686269063e-03,1.839961629974964973e-03,1.552166702597986307e-03,1.438103523078189091e-03,1.282671635683235419e-03,1.241157019895132961e-03,1.224341112824314879e-03,1.245557227332329394e-03,1.337184822598681821e-03,1.402449749519724771e-03,1.554865477787558325e-03,1.633534224469456982e-03,1.772636303887442297e-03,1.824827549002226061e-03,1.881006663733364665e-03,1.883527203923744935e-03,1.843914857661690465e-03,1.807515103314292441e-03,1.719377996271509749e-03,1.674688475657159191e-03,1.598239334439737619e-03,1.570266266775635286e-03,1.539660000559127601e-03,1.537147574489955600e-03,1.554704556538707115e-03,1.572504710628173886e-03,1.618617983926403823e-03,1.643355040403629000e-03,1.687822279486933660e-03,1.704821595719802291e-03,1.723814975950468172e-03,1.725315165945332180e-03,1.714088570889217089e-03,1.703071996494519291e-03,1.675827836846893607e-03,1.661943745297982979e-03,1.638528966732922003e-03,1.630320819677742988e-03,1.622627216786023778e-03,1.623155890121792721e-03,1.631482048039856669e-03,1.638242446134407669e-03,1.653883388930199767e-03,1.661525126887125441e-03,1.673775959579102334e-03,1.677624740030793545e-03,1.680018017429598266e-03,1.678700786920732987e-03,1.672294350250744374e-03,1.667926202991197766e-03,1.658893463182480694e-03,1.654956376588569101e-03,1.649498068597275973e-03,1.648235609778590533e-03,1.648693510048331165e-03,1.650186594113476398e-03,1.654784745504661982e-03,1.657422168357547930e-03,1.662295034284452062e-03,1.664163926120454167e-03,1.666175781065227244e-03,1.666258649724727467e-03,1.664826005742093976e-03,1.662028105214749529e-03
5.400000000000000000e+01,-1.969060313078177873e-03,1.304189450435913264e-05,3.018899380330744564e-05,9.307056042402142744e-05,1.503404652994080534e-04,3.652133263392805512e-04,5.506841805797352621e-04,1.168687595390284452e-03,1.640125335111205585e-03,2.918602842481032595e-03,3.672694310929366240e-03,5.092773915379286351e-03,5.577756894423697986e-03,5.675686910236082787e-03,5.215779700338912979e-03,3.537994993965982472e-03,2.591119872373352177e-03,1.154969235233709946e-03,7.459234476883845263e-04,3.654922314579320611e-04,2.911593698134526832e-04,2.031797800705556229e-04,1.874724659675002045e-04,1.920449205046711235e-04,2.104005681834815109e-04,2.850875333802198233e-04,3.471269330993539785e-04,5.411495940810225405e-04,6.817960245882842378e-04,1.059202475707475988e-03,1.287280099089095024e-03,1.757454257715879110e-03,1.962222071835717507e-03,2.229504686417116497e-03,2.275910966924202077e-03,2.200738661070295553e-03,2.096290626425633807e-03,1.815639406894563150e-03,1.665493358494624489e-03,1.397273368068362772e-03,1.291483232725013260e-03,1.147822512089950037e-03,1.109548164015021531e-03,1.094029246001489413e-03,1.113545439709551178e-03,1.198001688799854580e-03,1.258291107734812531e-03,1.399481299229261323e-03,1.472561274488232543e-03,1.602105115889805934e-03,1.650812177861509140e-03,1.703295235747538531e-03,1.705644182136816563e-03,1.668603250453004746e-03,1.634601620555903821e-03,1.552389497834131714e-03,1.510767668246864627e-03,1.439666217455352589e-03,1.413681482661623958e-03,1.385268696581976175e-03,1.382935297558132281e-03,1.399222813149384945e-03,1.415745339525873066e-03,1.458582729874981785e-03,1.481581865169312104e-03,1.522958130135537800e-03,1.538786767847862653e-03,1.556478617255945820e-03,1.557875608489997770e-03,1.547414357542297413e-03,1.537152240182733257e-03,1.511785426954095424e-03,1.498864250751253020e-03,1.477082750110551585e-03,1.469449893568709102e-03,1.462296557312456032e-03,1.462787746482500711e-03,1.470528199648298787e-03,1.476814319678109192e-03,1.491361863530136361e-03,1.498471328763887776e-03,1.509871437555319971e-03,1.513453579186642981e-03,1.515681079049654902e-03,1.514454871670238090e-03,1.508491941555421345e-03,1.504426735425803702e-03,1.496021756425874568e-03,1.492358839619594606e-03,1.487281170174025715e-03,1.486106823569350362e-03,1.486532682006569970e-03,1.487921502903646800e-03,1.492198901065802403e-03,1.494652557140803938e-03,1.499186293261928421e-03,1.500925251769487162e-03,1.502797306880895856e-03,1.502874407966286584e-03,1.501541262916952215e-03,1.498937830913351895e-03
5.500000000000000000e+01,-1.884914347327861688e-03,1.306510421211662214e-05,3.022749615734770384e-05,9.309579925287315635e-05,1.502747390475945438e-04,3.643134527010094981e-04,5.485471796356662915e-04,1.160083853428538680e-03,1.624303737008340543e-03,2.874360464720122910e-03,3.604520732512155479e-03,4.955495463191536207e-03,5.398777238910445683e-03,5.422201789205568709e-03,4.942954256478426442e-03,3.287601165022775197e-03,2.379780737378484837e-03,1.034139133955567884e-03,6.597075356751804735e-04,3.175688130410193356e-04,2.511124205681800579e-04,1.736195188966822064e-04,1.598788765233474102e-04,1.638777626073700377e-04,1.799502761584011699e-04,2.457038311478227689e-04,3.006876785189148849e-04,4.742621920777005673e-04,6.012844297588208677e-04,9.458252838166747705e-04,1.156146782427762594e-03,1.593789667183147674e-03,1.785914828607624129e-03,2.037951343818534058e-03,2.081826832620148771e-03,2.010640953275885049e-03,1.911993889450475364e-03,1.648072158270149148e-03,1.507567643985064732e-03,1.257836389636082320e-03,1.159810788755570024e-03,1.027149666699472309e-03,9.918941586669091474e-04,9.775864476179885881e-04,9.955244802279836994e-04,1.073305039050972184e-03,1.128949965661445306e-03,1.259624596521838205e-03,1.327450299386323876e-03,1.447978578194661792e-03,1.493390081746093657e-03,1.542372575127361721e-03,1.544559854428813328e-03,1.509958707437409264e-03,1.478228865021838498e-03,1.401618391886005508e-03,1.362890897312226107e-03,1.296825581197936714e-03,1.272710399480262268e-03,1.246358465084954634e-03,1.244193456474031092e-03,1.259289661384595986e-03,1.274612230517238815e-03,1.314369671994378456e-03,1.335733024412768871e-03,1.374196921075898333e-03,1.388921522733977624e-03,1.405385370666475692e-03,1.406685062685330201e-03,1.396946407169987869e-03,1.387396250214768985e-03,1.363799942490758572e-03,1.351786303309850980e-03,1.331543278564613787e-03,1.324452068903479111e-03,1.317807320580251631e-03,1.318263271501755396e-03,1.325452511028917067e-03,1.331292155234938381e-03,1.344810029272561257e-03,1.351418065822737732e-03,1.362016510104612377e-03,1.365347332790972125e-03,1.367418583669777676e-03,1.366278197146426204e-03,1.360733337805970300e-03,1.356953646707283363e-03,1.349140194452858738e-03,1.345735571589970047e-03,1.341016450989757905e-03,1.339925097115129363e-03,1.340320786743884112e-03,1.341611410774259591e-03,1.345586684818953025e-03,1.347867227215200419e-03,1.352081456452862689e-03,1.353697987658998266e-03,1.355438312678749254e-03,1.355509980472343256e-03,1.354270597693928505e-03,1.351850406962052309e-03
5.600000000000000000e+01,-1.803985746704357337e-03,1.308829681334047410e-05,3.026595414251133376e-05,9.312085103910000723e-05,1.502087960881003711e-04,3.634154186227781143e-04,5.464179862839880705e-04,1.151542766203753195e-03,1.608633976853938172e-03,2.830787828950955161e-03,3.537611696570159159e-03,4.821916725106614385e-03,5.225540215345629222e-03,5.180037767403199329e-03,4.684399986329059774e-03,3.054928965423933229e-03,2.185679563373311811e-03,9.259503371215590042e-04,5.834569558463504127e-04,2.759292695973939499e-04,2.165737737193521115e-04,1.483600177614929558e-04,1.363468012120616201e-04,1.398419581000512595e-04,1.539070065844794916e-04,2.117609514457243630e-04,2.604612929464041396e-04,4.156424412590823628e-04,5.302804958943825760e-04,8.445843471668814002e-04,1.038372216137984977e-03,1.445366976886397524e-03,1.625449445948488154e-03,1.862856322769537200e-03,1.904294274004397899e-03,1.836964250986467461e-03,1.743900252489712565e-03,1.495970359476675535e-03,1.364617260134862696e-03,1.132314554191980868e-03,1.041563333738399020e-03,9.191637639760202177e-04,8.867162806264911870e-04,8.735375731475678940e-04,8.900125288382080635e-04,9.615880955960561189e-04,1.012904336939780131e-03,1.133744850404235643e-03,1.196639469083644967e-03,1.308679862752496923e-03,1.350980289277034941e-03,1.396653926163041745e-03,1.398689122113202848e-03,1.366397967271797045e-03,1.336815842721533277e-03,1.265490924148018502e-03,1.229489027401050889e-03,1.168157722438325921e-03,1.145797256256350823e-03,1.121378119945285173e-03,1.119371196434925048e-03,1.133351335723431583e-03,1.147548854678453198e-03,1.184415689750410077e-03,1.204242172861224583e-03,1.239967023993918203e-03,1.253652377787246646e-03,1.268959769480031835e-03,1.270167889604736011e-03,1.261110158080590684e-03,1.252230584413049647e-03,1.230300890736369572e-03,1.219141008719844699e-03,1.200344497604141809e-03,1.193762328255196367e-03,1.187595473503422075e-03,1.188018354498655144e-03,1.194689774453327720e-03,1.200109876853273352e-03,1.212659863702303300e-03,1.218796394764250657e-03,1.228640797180272342e-03,1.231735178606786990e-03,1.233659432689377614e-03,1.232599810776056556e-03,1.227448312769932257e-03,1.223937214651315197e-03,1.216680117927053254e-03,1.213518384874884152e-03,1.209136385407245809e-03,1.208123058795196976e-03,1.208490394420315634e-03,1.209688703898987704e-03,1.213379922087050485e-03,1.215497685575894944e-03,1.219411448836473085e-03,1.220912837573649105e-03,1.222529265103310808e-03,1.222595823829310908e-03,1.221444634161243182e-03,1.219196787212728896e-03
5.700000000000000000e+01,-1.726150426778704471e-03,1.311147242026122588e-05,3.030436796413560167e-05,9.314571629898214106e-05,1.501426370666340653e-04,3.625192182298260860e-04,5.442965655028898439e-04,1.143063846051943283e-03,1.593114537536414761e-03,2.787874622168917162e-03,3.471943475816842862e-03,4.691937441162398470e-03,5.057860850969477136e-03,4.948688215299770765e-03,4.439369304008226012e-03,2.838723179032985079e-03,2.007409524559297404e-03,8.290798605080265237e-04,5.160195456351244787e-04,2.397494696435857782e-04,1.867856436560864052e-04,1.267754516080690612e-04,1.162783287963625733e-04,1.193314531468400112e-04,1.316328328351155583e-04,1.825071119235957637e-04,2.256164250459017848e-04,3.642681748332473289e-04,4.676611667939903697e-04,7.541801452415011374e-04,9.325950375427768686e-04,1.310766110185321255e-03,1.479401807404187108e-03,1.702804790748525723e-03,1.741901026908775464e-03,1.678289353551174791e-03,1.590584463668475281e-03,1.357906011094559169e-03,1.235221576121572212e-03,1.019318677714304341e-03,9.353716009988833095e-04,8.225305161299695201e-04,7.926911171274950846e-04,7.805630104157371347e-04,7.956833239188648666e-04,8.614993360587944529e-04,9.087870409315868805e-04,1.020444715131787463e-03,1.078719016041973424e-03,1.182781873934711210e-03,1.222150585853854768e-03,1.264702205677582314e-03,1.266594533344841825e-03,1.236486278018520063e-03,1.208930812519611259e-03,1.142584267722706725e-03,1.109144631875000732e-03,1.052255872677508803e-03,1.031539639669409609e-03,1.008930258183742294e-03,1.007071488303122988e-03,1.020007681267010111e-03,1.033152057098452991e-03,1.067310378021956970e-03,1.085695303560638668e-03,1.118848433285586858e-03,1.131557187848780850e-03,1.145777360627672639e-03,1.146899440660248794e-03,1.138482241563668063e-03,1.130233186633939225e-03,1.109869628711153107e-03,1.099511551766035704e-03,1.082072808030868673e-03,1.075968238454019397e-03,1.070249687715859850e-03,1.070641582505128548e-03,1.076827353843060791e-03,1.081853875909033046e-03,1.093495565557485276e-03,1.099189470988206317e-03,1.108325818221442272e-03,1.111198130685701500e-03,1.112984324821518880e-03,1.112000579528783827e-03,1.107218566240673364e-03,1.103959715002536405e-03,1.097225012598685616e-03,1.094291300461933602e-03,1.090225743917647757e-03,1.089285653322127467e-03,1.089626384504934625e-03,1.090738054121377469e-03,1.094162650577524447e-03,1.096127609308741608e-03,1.099759286893588379e-03,1.101152566512781988e-03,1.102652659358214268e-03,1.102714421877333496e-03,1.101646047082842578e-03,1.099560021704778460e-03
5.800000000000000000e+01,-1.651291702191318156e-03,1.313463114480301931e-05,3.034273782674765801e-05,9.317039554478773709e-05,1.500762626224733196e-04,3.616248456707424775e-04,5.421828824733673780e-04,1.134646609579967021e-03,1.577743918298872431e-03,2.745610695615263632e-03,3.407492798494048906e-03,4.565460098498065090e-03,4.895560177561987004e-03,4.727669265409924389e-03,4.207153897250598407e-03,2.637817630267523267e-03,1.843678736744379333e-03,7.423432669020168899e-04,4.563764208278247182e-04,2.083134085838662941e-04,1.610945306837383538e-04,1.083310900629823846e-04,9.916359498255930029e-05,1.018291263022005812e-04,1.125821981274332563e-04,1.572944430155789625e-04,1.954330087711347082e-04,3.192436571403936205e-04,4.124361082563326834e-04,6.734523923504656499e-04,8.375927126288120394e-04,1.188699408381104850e-03,1.346475934178524222e-03,1.556503661801974430e-03,1.593355450641807365e-03,1.533319836774020084e-03,1.450746757397307568e-03,1.232583080059807077e-03,1.118094837050824519e-03,9.175983613887604348e-04,8.400060761771774341e-04,7.360560522660773318e-04,7.086357251880599870e-04,6.974837369870327515e-04,7.113513083216386600e-04,7.718280583332891645e-04,8.153715789059809427e-04,9.184666444161935280e-04,9.724182559287431089e-04,1.068994972943361271e-03,1.105605502361423033e-03,1.145216273502466450e-03,1.146974563455645246e-03,1.118925468400255212e-03,1.093279167837154500e-03,1.031613947793100098e-03,1.000579186734711383e-03,9.478529985572194463e-04,9.286751409702100144e-04,9.077577594117001124e-04,9.060376141814291840e-04,9.179987258489310381e-04,9.301587181381878533e-04,9.617829409268043549e-04,9.788177670508827616e-04,1.009560011193375711e-03,1.021352476815584956e-03,1.034552132702955393e-03,1.035593492941110040e-03,1.027777859058601499e-03,1.020120707243061869e-03,1.001226543796381215e-03,9.916203057471026806e-04,9.754540555752514884e-04,9.697968982337637186e-04,9.644982477528493171e-04,9.648611510115515880e-04,9.705921376909656647e-04,9.752499983763695049e-04,9.860406216370448847e-04,9.913196543934828155e-04,9.997921604013029154e-04,1.002456227231694275e-03,1.004112956096489453e-03,1.003200383147781396e-03,9.987648844609002107e-04,9.957425595143248268e-04,9.894976012120710023e-04,9.867776197428697500e-04,9.830086370446395379e-04,9.821371791893876175e-04,9.824529855303834082e-04,9.834834663114543508e-04,9.866581911745777537e-04,9.884799298339878078e-04,9.918471877059286193e-04,9.931391193260640914e-04,9.945301481025215461e-04,9.945874150238107926e-04,9.935966838872840618e-04,9.916623643593158646e-04
5.900000000000000000e+01,-1.579299485039650959e-03,1.315777278937716420e-05,3.038106342208822530e-05,9.319488895864216048e-05,1.500096742799836205e-04,3.607323070352426095e-04,5.400769306754872080e-04,1.126290688904695719e-03,1.562520837045403661e-03,2.703986614173259796e-03,3.344237676948113355e-03,4.442391477492909323e-03,4.738467100018704803e-03,4.516521541941333727e-03,3.987085518701072133e-03,2.451131258633315775e-03,1.693302776533974537e-03,6.646811250047882872e-04,4.036272093146464970e-04,1.809993543197170596e-04,1.389371367599933054e-04,9.257022637760279650e-05,8.456799118727138451e-05,8.689391706879915148e-05,9.628873581115195493e-05,1.355648870709806001e-04,1.692876835210676070e-04,2.797844286744207657e-04,3.637326226795473214e-04,6.013660160990356128e-04,7.522684446272606294e-04,1.078000676418983507e-03,1.225493982484816835e-03,1.422772813229193503e-03,1.457477946409894238e-03,1.400873107527216693e-03,1.323203418031472295e-03,1.118826736944959549e-03,1.012074691239345237e-03,8.260292724700754076e-04,7.543638035017142477e-04,6.586731053210770825e-04,6.334936572268806123e-04,6.232472656921832655e-04,6.359576404334229107e-04,6.914907097461082475e-04,7.315587042579630274e-04,8.266800536449685601e-04,8.765930667290148387e-04,9.661550291269710260e-04,1.000174583456721463e-03,1.037019433015418145e-03,1.038652123403629697e-03,1.012542282855814031e-03,9.886916152657952185e-04,9.314216454661816821e-04,9.026406864557072907e-04,8.538090995126050489e-04,8.360685382911473658e-04,8.167308419474385208e-04,8.151402123395622796e-04,8.261917938552436856e-04,8.374329385227828604e-04,8.666895636915615498e-04,8.824617443604479200e-04,9.109471438360010028e-04,9.218811639624844775e-04,9.341243207613737776e-04,9.350900599416032966e-04,9.278385453966793732e-04,9.207362201628746003e-04,9.032186570825315175e-04,8.943163781182859569e-04,8.793409795487137828e-04,8.741023529595142371e-04,8.691964339102438127e-04,8.695322488813729848e-04,8.748379579831916343e-04,8.791509914805577947e-04,8.891453178041232265e-04,8.940360518993965269e-04,9.018870717593230725e-04,9.043561396430032555e-04,9.058916387487730894e-04,9.050457275364690501e-04,9.009347268851367616e-04,8.981338645906010052e-04,8.923473747303653763e-04,8.898274394491902974e-04,8.863360077098696816e-04,8.855287758130932479e-04,8.858212640956023357e-04,8.867757735185796122e-04,8.897166620567625254e-04,8.914043579102765491e-04,8.945241140919848316e-04,8.957211735739280560e-04,8.970101026251858616e-04,8.970631617564278322e-04,8.961451202418874032e-04,8.943528169716141165e-04
6.000000000000000000e+01,-1.510069601530791492e-03,1.318089756896880828e-05,3.041934512530101303e-05,9.321919716015827917e-05,1.499428723761519165e-04,3.598415924809075014e-04,5.379786660526993678e-04,1.117995569796254767e-03,1.547443752475302896e-03,2.662992343091165597e-03,3.282155402960110300e-03,4.322638674761389299e-03,4.586413209049073313e-03,4.314802414469823440e-03,3.778526943724499522e-03,2.277656174579969703e-03,1.555191134198568529e-03,5.951434461340185259e-04,3.569746596649007488e-04,1.572666052958345950e-04,1.198272428797886313e-04,7.910231535919595366e-05,7.212061478760250707e-05,7.414918608013017047e-05,8.235328086722386309e-05,1.168370888806682939e-04,1.466400127947973045e-04,2.452022822772626821e-04,3.207801928935074837e-04,5.369954458696543122e-04,6.756356366925576765e-04,9.776103399012018701e-04,1.115381772833052470e-03,1.300531122049301174e-03,1.333187077030859556e-03,1.279866353471752465e-03,1.206872514064396629e-03,1.015568541651575701e-03,9.161071049561041266e-04,7.435976371909291732e-04,6.774527436751841963e-04,5.894252249750047464e-04,5.663191419085568694e-04,5.569117997329070622e-04,5.685543501329927809e-04,6.195150816366125704e-04,6.563606610898160658e-04,7.440656982556028863e-04,7.902103552310222895e-04,8.732080621343362966e-04,9.047971006110223794e-04,9.390442210046651876e-04,9.405593508061542993e-04,9.162731092934272821e-04,8.941088476379694837e-04,8.409597453391346594e-04,8.142881315224285077e-04,7.690955985431220969e-04,7.526961538954997149e-04,7.348313839549634437e-04,7.333615946633596522e-04,7.435658411168705574e-04,7.539503934031901002e-04,7.809978192202518196e-04,7.955906831222141684e-04,8.219662325017679846e-04,8.320970769316194532e-04,8.434449436981771627e-04,8.443399306255802272e-04,8.376166924085978087e-04,8.310337317550728874e-04,8.148040966401670334e-04,8.065600660019487007e-04,7.926976389617071969e-04,7.878500105894686335e-04,7.833109286610859170e-04,7.836214652996468730e-04,7.885300070459472276e-04,7.925209287189220872e-04,8.017711831997634698e-04,8.062989711616239900e-04,8.135689303006495314e-04,8.158556464717191346e-04,8.172777781591568369e-04,8.164942199823146647e-04,8.126866931862665976e-04,8.100929127328813494e-04,8.047350423723692841e-04,8.024020967483219387e-04,7.991700695082184971e-04,7.984228602279104092e-04,7.986935621055500992e-04,7.995770760510825239e-04,8.022994234788966136e-04,8.038618317028570909e-04,8.067502287707144617e-04,8.078585960358716485e-04,8.090520718799271323e-04,8.091011977775983393e-04,8.082511173730266190e-04,8.065915830041776521e-04
6.100000000000000000e+01,-1.443503208895342491e-03,1.320400528628373066e-05,3.045758262886725382e-05,9.324332033339610866e-05,1.498758584340235695e-04,3.589527080466302800e-04,5.358880820761071848e-04,1.109760889501109488e-03,1.532511406592476774e-03,2.622618729590814584e-03,3.221224795130579830e-03,4.206113423295049225e-03,4.439238206636165508e-03,4.122092613522406433e-03,3.580877994336852978e-03,2.116458911776268517e-03,1.428344708113702234e-03,5.328808690493862807e-04,3.157145029015903052e-04,1.366457816976852230e-04,1.033458483932487952e-04,6.759387298759878329e-05,6.150537856483779056e-05,6.327376405364563104e-05,7.043468739326803549e-05,1.006965260467909250e-04,1.270222662081649592e-04,2.148946935686141951e-04,2.829000582767482192e-04,4.795153343759249714e-04,6.068095638415822940e-04,8.865692903149092943e-04,1.015163606809102014e-03,1.188792533787149828e-03,1.219495845324815482e-03,1.169312453794820990e-03,1.100769308673841835e-03,9.218405047093888079e-04,8.292397035643650320e-04,6.693923206396413476e-04,6.083833739665129138e-04,5.274577515837120976e-04,5.062678955798228901e-04,4.976369675286551521e-04,5.082951437765324256e-04,5.550314456393991812e-04,5.888925692862197669e-04,6.697076669972283538e-04,7.123403751854063973e-04,7.892031467394938597e-04,8.185151796566807192e-04,8.503257744098822232e-04,8.517309855160420159e-04,8.291571786374931068e-04,8.085745842138026065e-04,7.592839937651320618e-04,7.345839951158813228e-04,6.927874847476885424e-04,6.776378792627383869e-04,6.611448202552228049e-04,6.597876323210994558e-04,6.692034114791718582e-04,6.787903619647320296e-04,7.037788888969175082e-04,7.172716218458161704e-04,7.416772051960861907e-04,7.510575352218751364e-04,7.615684681372199717e-04,7.623973394642465876e-04,7.561681705956198665e-04,7.500707553580773356e-04,7.350445560069279087e-04,7.274152557717966736e-04,7.145917131099580087e-04,7.101089076434127789e-04,7.059120501371983752e-04,7.061990253853866291e-04,7.107371079535633202e-04,7.144275086230101462e-04,7.229833547886340859e-04,7.271723173359838756e-04,7.338996924988670486e-04,7.360160981945750112e-04,7.373323477071040428e-04,7.366070383986331399e-04,7.330829653105117808e-04,7.306825760887071964e-04,7.257249169447758247e-04,7.235665379402670154e-04,7.205766523535740535e-04,7.198854673996532387e-04,7.201358389929197372e-04,7.209530899844022881e-04,7.234714456600557873e-04,7.249168957975907646e-04,7.275892939465631107e-04,7.286148501905327082e-04,7.297191984622929161e-04,7.297646523287688435e-04,7.289780323262855547e-04,7.274424660150025394e-04
6.200000000000000000e+01,-1.379506296920864159e-03,1.322709605315478334e-05,3.049577613703003710e-05,9.326725898705203258e-05,1.498086330816641044e-04,3.580656478526962616e-04,5.338051442179126121e-04,1.101586177333930845e-03,1.517722352726995176e-03,2.582856215111516401e-03,3.161424241976367247e-03,4.092728253971994815e-03,4.296784935651134368e-03,3.937988954915834679e-03,3.393567167815516369e-03,1.966669828478057307e-03,1.311844113601674019e-03,4.771320093198041633e-04,2.792232837465129323e-04,1.187287525622848609e-04,8.913134554633709260e-05,5.775976645306041615e-05,5.245256537380368726e-05,5.399342977584057658e-05,6.024100930392345746e-05,8.678570790698328027e-05,1.100290048588082204e-04,1.883331780777833687e-04,2.494930711903426204e-04,4.281878651275688790e-04,5.449946542921916409e-04,8.040064570493312291e-04,9.239500468575733653e-04,1.086654148574189025e-03,1.115499831379574607e-03,1.068308005781623462e-03,1.003994151428251689e-03,8.367626563104738589e-04,7.506091962625890349e-04,6.025920649281326334e-04,5.463558865927579727e-04,4.720050004884208863e-04,4.525843101557806315e-04,4.446710027177261078e-04,4.544225702566047484e-04,4.972596888489682135e-04,5.283595528887945897e-04,6.027805305557609175e-04,6.421439025059750855e-04,7.132796561024641732e-04,7.404610751781120917e-04,7.699891396022665990e-04,7.712916787125831094e-04,7.503238420888986172e-04,7.312228218450159915e-04,6.855406940616781382e-04,6.626813938031240418e-04,6.240504484174204001e-04,6.100642991908984073e-04,5.948472552159853001e-04,5.935948671928282031e-04,6.022777520798210755e-04,6.111228478803628923e-04,6.341946992337734552e-04,6.466623366632548876e-04,6.692306837186747090e-04,6.779105256984406091e-04,6.876399935990262779e-04,6.884071521868225354e-04,6.826395083431135557e-04,6.769954844734740393e-04,6.630924532809377410e-04,6.560365753708077797e-04,6.441816430642815844e-04,6.400388470609134905e-04,6.361608865865518757e-04,6.364259247863901861e-04,6.406188524726135749e-04,6.440291955480272707e-04,6.519377250154902463e-04,6.558107442201314280e-04,6.620320501871719164e-04,6.639895759431953997e-04,6.652070486161092014e-04,6.645360904971277715e-04,6.612764634909340305e-04,6.590564703531465000e-04,6.544720644673466267e-04,6.524764662523663923e-04,6.497123477693752440e-04,6.490733949379449887e-04,6.493048166176497655e-04,6.500602927244293790e-04,6.523884564233334293e-04,6.537248500464547252e-04,6.561958224101047945e-04,6.571441481887282379e-04,6.581653715251123762e-04,6.582074011411848937e-04,6.574799702332776016e-04,6.560600206053288346e-04
6.300000000000000000e+01,-1.317989260650510169e-03,1.325016998110820597e-05,3.053392585322515541e-05,9.329101362585121883e-05,1.497411969408220505e-04,3.571804060430036013e-04,5.317298181507206650e-04,1.093470966733862699e-03,1.503075159809567256e-03,2.543695393345392179e-03,3.102732546964580805e-03,3.982398094430143233e-03,4.158901340755942998e-03,3.762106369269665931e-03,3.216052985208666878e-03,1.827480972825417911e-03,1.204845082860825584e-03,4.272152174482256532e-04,2.469496664646892055e-04,1.031609342959007719e-04,7.687189093297328718e-05,4.935636679919406557e-05,4.473217605688480092e-05,4.607420137922309082e-05,5.152257353222412621e-05,7.479655697422891124e-05,9.530906234636615272e-05,1.650546194428036736e-04,2.200308910964034453e-04,3.823542740023630135e-04,4.894764672202351306e-04,7.291319946626473271e-04,8.409316847335565875e-04,9.932907616673871190e-04,1.020371863511566456e-03,9.760277614217880045e-04,9.157266020415848326e-04,7.595363481044569353e-04,6.794342542250340639e-04,5.424576595784454504e-04,4.906521053978677924e-04,4.223818659720826639e-04,4.045929796864610297e-04,3.973422314521568837e-04,4.062595375615024335e-04,4.455009816317666901e-04,4.740485284478938681e-04,5.425414412365129387e-04,5.788645086703010905e-04,6.446598587304213073e-04,6.698498930498525232e-04,6.972421308812070664e-04,6.984488560090653395e-04,6.789853323189086161e-04,6.612705049988175463e-04,6.189591612266676307e-04,5.978164360118646712e-04,5.621330526823358495e-04,5.492288003356044510e-04,5.351975028574390168e-04,5.340425458980369326e-04,5.420448844553203867e-04,5.502006890623084437e-04,5.714901339864896738e-04,5.830036094735574666e-04,6.038603542283347159e-04,6.118871128172001126e-04,6.208877072020881028e-04,6.215973238419895660e-04,6.162603229982654886e-04,6.110391976784706677e-04,5.981832719618684598e-04,5.916617028157426144e-04,5.807088861059286336e-04,5.768826338090765355e-04,5.733015143315537115e-04,5.735461487692120920e-04,5.774178389709621381e-04,5.805674729649076219e-04,5.878732309117569877e-04,5.914519609607724352e-04,5.972017656051903595e-04,5.990112354792331058e-04,6.001366594566792884e-04,5.995163601987035708e-04,5.965031777129481622e-04,5.944512760790361151e-04,5.902146045503932912e-04,5.883706331218449418e-04,5.858167875842745613e-04,5.852264788802221491e-04,5.854402560870163984e-04,5.861382032534415750e-04,5.882892320163731056e-04,5.895240464662444965e-04,5.918073856850872413e-04,5.926837633211732952e-04,5.936275438987240194e-04,5.936663837452992813e-04,5.929940982981405772e-04,5.916818599266943481e-04
6.400000000000000000e+01,-1.258866532769504706e-03,1.327322687329104793e-05,3.057288273486868588e-05,9.331458443673549229e-05,1.496735515325445850e-04,3.562969885809864727e-04,5.296620973336494667e-04,1.085414902511540802e-03,1.488568605155067125e-03,2.505127519292755719e-03,3.045129683045894736e-03,3.875041617795617691e-03,4.025442055835205118e-03,3.594079278350843266e-03,3.047824596119240535e-03,1.698143363068912439e-03,1.106573576012025639e-03,3.825207858089222897e-04,2.184064445158544459e-04,8.963442957916965652e-05,6.629868458307816743e-05,4.217559357170283865e-05,3.814815930119051270e-05,3.931651236952784199e-05,4.406594832387258735e-05,6.446370359402772178e-05,8.255843433413933771e-05,1.446534338716389326e-04,1.940479364731049344e-04,3.414268882987220484e-04,4.396140421363155509e-04,6.612305634618864799e-04,7.653728942189815801e-04,9.079492581328833583e-04,9.333565224943240514e-04,8.917189330665178243e-04,8.352194738564885533e-04,6.894376208483730300e-04,6.150085387617244739e-04,4.883244221414194180e-04,4.406277791351830963e-04,3.779758945215323795e-04,3.616907215495329198e-04,3.550510656686294963e-04,3.632013233750182313e-04,3.991298865999479920e-04,4.253203968983911877e-04,4.883225494494093828e-04,5.218211070478578862e-04,5.826417125994654998e-04,6.059724823805736141e-04,6.313683290575314300e-04,6.324857194880507483e-04,6.144296847607013702e-04,5.980103753893538810e-04,5.588444041570925225e-04,5.393008226641792273e-04,5.063592000717958902e-04,4.944599904926966953e-04,4.815294551808917481e-04,4.804649835402129230e-04,4.878359955272834874e-04,4.953519772890618454e-04,5.149855303416416182e-04,5.256117664109707585e-04,5.448755835984903919e-04,5.522940853307760226e-04,5.606155645029280024e-04,5.612715821986438008e-04,5.563359834574822587e-04,5.515089010995017976e-04,5.396281543702781749e-04,5.336039349661101825e-04,5.234904434429586131e-04,5.199585883522813345e-04,5.166534978972200367e-04,5.168791731907327333e-04,5.204521875776325955e-04,5.233593702438952633e-04,5.301044080141255159e-04,5.334092993414679424e-04,5.387202602610577330e-04,5.403919028630439682e-04,5.414316360272993910e-04,5.408585051510868312e-04,5.380747538273608155e-04,5.361793170483414826e-04,5.322662728367848380e-04,5.305633937245957414e-04,5.282051899038595804e-04,5.276601374549126861e-04,5.278575023027216179e-04,5.285019292748313613e-04,5.304881522812487753e-04,5.316284490238115407e-04,5.337371823652483933e-04,5.345466016421363941e-04,5.354183072550044954e-04,5.354541787783698072e-04,5.348332185737122643e-04,5.336212235271335083e-04
6.500000000000000000e+01,-1.202056265956358890e-03,1.329626684129785359e-05,3.061475440790917789e-05,9.333797192388510085e-05,1.496056974744346818e-04,3.554153895848876634e-04,5.276019475335821333e-04,1.077417523890339098e-03,1.474201282792777980e-03,2.467143460356873048e-03,2.988595216646102674e-03,3.770578232508279681e-03,3.896264563278528832e-03,3.433556129623927412e-03,2.888395557835607766e-03,1.577959228477714484e-03,1.016317313058453815e-03,3.425021604657193337e-04,1.931623176459869654e-04,7.788151835131295816e-05,5.717974564904237771e-05,3.603953555159316972e-05,3.253322461479633484e-05,3.354996864380461151e-05,3.768848294715331990e-05,5.555828884687614468e-05,7.151360330175256762e-05,1.267738769624615798e-04,1.711332347619609184e-04,3.048803600977721250e-04,3.948310079296892417e-04,5.996524859876401024e-04,6.966030855492975297e-04,8.299400339338689923e-04,8.537615915976187395e-04,8.146925775070703755e-04,7.617901412585015688e-04,6.258083454059392521e-04,5.566917813473235390e-04,4.395932365773277733e-04,3.957036342346949981e-04,3.382383927174837865e-04,3.233377058761069530e-04,3.172611354838501558e-04,3.247066883071984735e-04,3.575854106263776262e-04,3.816010642769670710e-04,4.395219819627257680e-04,4.703989233024048191e-04,5.265898407022478848e-04,5.481864182391914210e-04,5.717180736746265432e-04,5.727522391855630057e-04,5.560117174232663290e-04,5.408019435769902388e-04,5.045680838240846613e-04,4.865128020420010982e-04,4.561190874854077542e-04,4.451526554704043903e-04,4.332430419884856446e-04,4.322625234279746723e-04,4.390483938653409919e-04,4.459710119168831463e-04,4.640676283964244959e-04,4.738696262940101690e-04,4.916523679776837802e-04,4.985049055001347087e-04,5.061942397011152516e-04,5.068003779147220444e-04,5.022385591759872094e-04,4.977782765816156189e-04,4.868048484487766999e-04,4.812431339928555617e-04,4.719098066601403341e-04,4.686514932488245388e-04,4.656028367687321768e-04,4.658109111805422463e-04,4.691064864727342246e-04,4.717884087278769595e-04,4.780123361847708752e-04,4.810626595953201856e-04,4.859655608795491718e-04,4.875090204764294822e-04,4.884690574079315461e-04,4.879398027262064202e-04,4.853694393578762874e-04,4.836195059878297797e-04,4.800073666044614830e-04,4.784356525603540968e-04,4.762593047012774828e-04,4.757563166749862859e-04,4.759384295375607620e-04,4.765331127730828772e-04,4.783661461877119266e-04,4.794185791679038584e-04,4.813649836658045935e-04,4.821121475359236176e-04,4.829168376931657113e-04,4.829499495691179844e-04,4.823767135242872529e-04,4.812579228824670789e-04
6.600000000000000000e+01,-1.147480057010127506e-03,1.331928999641655495e-05,3.065656970982705634e-05,9.336117658753336282e-05,1.495376353778446726e-04,3.545356031967156728e-04,5.255493347163702270e-04,1.069478374132640675e-03,1.459971801916822021e-03,2.429734229421646411e-03,2.933109106548684088e-03,3.668929555382691686e-03,3.771230972129818899e-03,3.280201165782992319e-03,2.737304983058813038e-03,1.466280296458756776e-03,9.334222099834271801e-04,3.066700247591070804e-04,1.708358773186494095e-04,6.766960587613248673e-05,4.931501847239036333e-05,3.079617826874138375e-05,2.774471639449462707e-05,2.862917984559638224e-05,3.223397405253763080e-05,4.788308726796767535e-05,6.194632653837447121e-05,1.111042063340901120e-04,1.509243821297303993e-04,2.722456293245844759e-04,3.546097709198469273e-04,5.438086657734671810e-04,6.340120071016340465e-04,7.586328261166313440e-04,7.809539778460012488e-04,7.443193532314389040e-04,6.948160809230838906e-04,5.680512131164092583e-04,5.039045015767172316e-04,3.957248414311279744e-04,3.553595202881956348e-04,3.026784105497036265e-04,2.890514018288743410e-04,2.834932155163741741e-04,2.902918139837497909e-04,3.203650129807015558e-04,3.423755108729364168e-04,3.955980812356052001e-04,4.240438352227223970e-04,4.759300655449261001e-04,4.959106138282064853e-04,5.177031603371380977e-04,5.186598532234767706e-04,5.031476666320172869e-04,4.890660677290023343e-04,4.555629597390695347e-04,4.388915522663041496e-04,4.108634843499993708e-04,4.007620007441684354e-04,3.897984333900803445e-04,3.888957360726238554e-04,3.951397295907286243e-04,4.015125418270437630e-04,4.181838723352274134e-04,4.272208346835726584e-04,4.436277277084724061e-04,4.499541278221855841e-04,4.570555712058727970e-04,4.576153321228486207e-04,4.534012513893587431e-04,4.492820971131096129e-04,4.391520847499962455e-04,4.340200851011253875e-04,4.254112834386934109e-04,4.224069077883446655e-04,4.195962696635483803e-04,4.197880180686526259e-04,4.228261078432508837e-04,4.252989267316655345e-04,4.310389857546607483e-04,4.338528669830762387e-04,4.383766728401995499e-04,4.398010257862126557e-04,4.406870080207801570e-04,4.401985302316158187e-04,4.378264547915768946e-04,4.362117098081643276e-04,4.328790975642101291e-04,4.314292108567095805e-04,4.294217537685897888e-04,4.289578285675834605e-04,4.291257802762767862e-04,4.296742708797109209e-04,4.313650389581765972e-04,4.323358665556816492e-04,4.341314908255259827e-04,4.348208236860623237e-04,4.355632584745613382e-04,4.355938069846526737e-04,4.350649068955777122e-04,4.340326984156408531e-04
6.700000000000000000e+01,-1.095062705891545248e-03,1.334229614223525484e-05,3.069832831826646395e-05,9.338419861748201156e-05,1.494693667618046846e-04,3.536576353053601371e-04,5.235042523308436595e-04,1.061597105459700929e-03,1.445878974171158071e-03,2.392891471136082693e-03,2.878652417214324060e-03,3.570020654200921871e-03,3.650209457562645071e-03,3.133695624770609089e-03,2.594118054605458468e-03,1.362505610243974026e-03,8.572885910508318622e-04,2.745867050776556063e-04,1.510900790397950999e-04,5.879672207832493253e-05,4.253206092678799358e-05,2.631568809398701636e-05,2.366103501690313034e-05,2.443014048463107088e-05,2.756889203413444289e-05,4.126821419565742527e-05,5.365901465243373518e-05,9.737140718352015056e-05,1.331020230304566249e-04,2.431042552778699779e-04,3.184859721432496595e-04,4.931655757080830385e-04,5.770450352261671323e-04,6.934524316192982457e-04,7.143555056731838411e-04,6.800251778243101902e-04,6.337303521629844213e-04,5.156247754229996904e-04,4.561228363898287008e-04,3.562343443315478444e-04,3.191288283018443341e-04,2.708570610452682315e-04,2.584008772632162727e-04,2.533195122183071624e-04,2.595245941600082124e-04,2.870189307184725560e-04,3.071821518282597365e-04,3.560638757580251220e-04,3.822569124929647410e-04,4.301440892100463938e-04,4.486200580828042430e-04,4.687916420622285571e-04,4.696762711153834331e-04,4.553099414143468556e-04,4.422796652231506106e-04,4.113175038740674895e-04,3.959317489093873866e-04,3.700982263381220926e-04,3.607981198646216569e-04,3.507104813720423328e-04,3.498798582979173195e-04,3.556224474762922309e-04,3.614862335141895942e-04,3.768369194828127735e-04,3.851643960410795027e-04,4.002942828264682319e-04,4.061319916632995502e-04,4.126871736783062350e-04,4.132038499183327690e-04,4.093129946720592367e-04,4.055108169308112862e-04,3.961641388606875532e-04,3.914310451818162149e-04,3.834945234821600293e-04,3.807256860945567624e-04,3.781357853307773347e-04,3.783124026363292314e-04,3.811117268688174724e-04,3.833906048972650360e-04,3.886817578402743546e-04,3.912762195263046585e-04,3.954481399363984732e-04,3.967619149117843861e-04,3.975791435546824739e-04,3.971285295068362284e-04,3.949405517849769592e-04,3.934513034856191877e-04,3.903781368713506606e-04,3.890413077435906112e-04,3.871905665995198365e-04,3.867628858350421681e-04,3.869177003076045181e-04,3.874233323999448295e-04,3.889820930350946669e-04,3.898771925797245817e-04,3.915328833840810456e-04,3.921685411811890853e-04,3.928531921005209027e-04,3.928813615878232494e-04,3.923936144611376740e-04,3.914417674986821975e-04
6.800000000000000000e+01,-1.044732003951904815e-03,1.336528539010975632e-05,3.074003046987447418e-05,9.340703851342085483e-05,1.494008922335452383e-04,3.527814800277045797e-04,5.214666664372513563e-04,1.053773266799806242e-03,1.431921433149478803e-03,2.356606459923918633e-03,2.825205828848290687e-03,3.473777274390456912e-03,3.533070778084118537e-03,2.993732974325436121e-03,2.458420730486484459e-03,1.266075303262745181e-03,7.873646282968881820e-04,2.458598623060648421e-04,1.336265538100229848e-04,5.108725183697771129e-05,3.668205134646127484e-05,2.248705578780066557e-05,2.017841960892034596e-05,2.084697207271652038e-05,2.357896489025429476e-05,3.556715849341112422e-05,4.648039294125223819e-05,8.533601367816871612e-05,1.173842598330485229e-04,2.170821744955282219e-04,2.860420460661580733e-04,4.472386621876850866e-04,5.251965805197641134e-04,6.338721549767770223e-04,6.534363730145356782e-04,6.212846573703004974e-04,5.780150012583640468e-04,4.680368182104750838e-04,4.128719244639298715e-04,3.206846843781757748e-04,2.865920105002069422e-04,2.423811481190723009e-04,2.310004612940132727e-04,2.263573370019895210e-04,2.320182846289151231e-04,2.571437440058864550e-04,2.756063518896186438e-04,3.204805016998623669e-04,3.445878020333550257e-04,3.887628308328985351e-04,4.058391398201430548e-04,4.245011409085833924e-04,4.253187840658381302e-04,4.120204391992114256e-04,3.999690352911233412e-04,3.713692456650415606e-04,3.571769243589404752e-04,3.333776042698216157e-04,3.248193957771116670e-04,3.155421355178493655e-04,3.147782099299958457e-04,3.200571941664043111e-04,3.254500694200917685e-04,3.395780175701710061e-04,3.472480407370344933e-04,3.611936033134476986e-04,3.665777656377748432e-04,3.726257761030772218e-04,3.731024578588429006e-04,3.695117977705424366e-04,3.660039158508213413e-04,3.573841849786742837e-04,3.530211014115669900e-04,3.457078860561509787e-04,3.431573479327288193e-04,3.407719964525021293e-04,3.409346007617084862e-04,3.435126918767462435e-04,3.456118335943652014e-04,3.504868455796584896e-04,3.528778463304113816e-04,3.567233981575058596e-04,3.579345950092356404e-04,3.586880424713912233e-04,3.582725588864303819e-04,3.562553674111434846e-04,3.548825258961819029e-04,3.520499743089716129e-04,3.508179809242255396e-04,3.491125431479851935e-04,3.487184650986761836e-04,3.488611017815666879e-04,3.493270002881757041e-04,3.507633687832934291e-04,3.515882500643014146e-04,3.531141770398021646e-04,3.537000566747050545e-04,3.543311167225768549e-04,3.543570800155183224e-04,3.539075009285602268e-04,3.530301823984197725e-04
6.900000000000000000e+01,-9.964185465886176828e-04,1.338825785109076794e-05,3.078167640025320645e-05,9.342969677111629800e-05,1.493322123941133233e-04,3.519071315045423261e-04,5.194365432933670734e-04,1.046006411036510750e-03,1.418097827186533136e-03,2.320870609217879754e-03,2.772750392649477209e-03,3.380127196170136690e-03,3.419689887958581725e-03,2.860020454834895885e-03,2.329820720744480832e-03,1.176469224731512778e-03,7.231435804035618933e-04,2.201382447450998770e-04,1.181814472833629887e-04,4.438862107625891288e-05,3.163664892957276323e-05,1.921543063584290126e-05,1.720838895526198911e-05,1.778933282658317662e-05,2.016646695300226225e-05,3.065366019551290198e-05,4.026211380400452483e-05,7.478817956955898655e-05,1.035225096308779605e-04,1.938454022458490408e-04,2.569030099520559470e-04,4.055885553028170960e-04,4.780065455098868321e-04,5.794106235245456184e-04,5.977120295225709376e-04,5.676178508648567315e-04,5.271976782666005189e-04,4.248406150727106504e-04,3.737219887013885911e-04,2.886824652801145245e-04,2.573723400747011079e-04,2.168988549637743471e-04,2.065054193057539117e-04,2.022647727719160786e-04,2.074271716378404875e-04,2.303780672389845038e-04,2.472761418662269318e-04,2.884530024133488560e-04,3.106305816109470111e-04,3.513623915433201472e-04,3.671376588979392667e-04,3.843949106685979646e-04,3.851503292834571740e-04,3.728465706788347284e-04,3.617058494813483625e-04,3.353006844643596123e-04,3.222153436061732899e-04,3.003001819487356814e-04,2.924282990007117354e-04,2.839002204774764612e-04,2.831979693791847850e-04,2.880486045405479967e-04,2.930061458924442365e-04,3.060028345960562075e-04,3.130640730249009554e-04,3.259120912429953974e-04,3.308756433264030059e-04,3.364531329233604821e-04,3.368927162523795496e-04,3.335806464194447608e-04,3.303457930015072427e-04,3.224001677518020630e-04,3.183800322315472357e-04,3.116442831020933358e-04,3.092959156895810306e-04,3.070999709065076657e-04,3.072496070363465353e-04,3.096228620181500687e-04,3.115555555919132229e-04,3.160450885600060494e-04,3.182475678516177419e-04,3.217906454387724907e-04,3.229067570282677380e-04,3.236010806246039651e-04,3.232181667703697657e-04,3.213592926859720408e-04,3.200943449309259867e-04,3.174847764146465894e-04,3.163499217819073714e-04,3.147791047728395498e-04,3.144161568834835056e-04,3.145475135333600236e-04,3.149766030996826224e-04,3.162995794349802775e-04,3.170594002248636276e-04,3.184650843499905147e-04,3.190048345259070481e-04,3.195862298377156584e-04,3.196101487366596102e-04,3.191959425853270471e-04,3.183876907598773027e-04
7.000000000000000000e+01,-9.500555663806975470e-04,1.341121332920581968e-05,3.082326578844043694e-05,9.345217358320764833e-05,1.492633287605022851e-04,3.510345955511260611e-04,5.174138763393910153e-04,1.038296197651135226e-03,1.404407001300502769e-03,2.285675935990127017e-03,2.721268205165384892e-03,3.289001379356173808e-03,3.309947242515046822e-03,2.732280125615794367e-03,2.207947925493531239e-03,1.093205188596334818e-03,6.641608581941910693e-04,1.971076723141927840e-04,1.045215957585082789e-04,3.856834447327618480e-05,2.728522768943994134e-05,1.641980186864455682e-05,1.467552169574792582e-05,1.518016898221325947e-05,1.724785797455725099e-05,2.641896242350108646e-05,3.487575296690895079e-05,6.554412773945091520e-05,9.129771760054306452e-05,1.730959963839542480e-04,2.307324482883670253e-04,3.678173309434222896e-04,4.350567734044632649e-04,5.296285175427296790e-04,5.467399571227201348e-04,5.185869584790541798e-04,4.808482076281372052e-04,3.856312174268643764e-04,3.382845012464008334e-04,2.598739536046983361e-04,2.311318684928520507e-04,1.940956734478575156e-04,1.846078804343404944e-04,1.807365980344039251e-04,1.854424925646951583e-04,2.063984683095702660e-04,2.218581455897024194e-04,2.596262963831972789e-04,2.800197599208921126e-04,3.175601268793630701e-04,3.321269302342354235e-04,3.480779768033524183e-04,3.487756309156520322e-04,3.373973725964182595e-04,3.271032403769676003e-04,3.027353252473725942e-04,2.906760159569804405e-04,2.705047715581327837e-04,2.632673512706050229e-04,2.554313875578479841e-04,2.547861240800189473e-04,2.592412580773129993e-04,2.637966361785644247e-04,2.757474408065924143e-04,2.822453641866402418e-04,2.940769955958129258e-04,2.986507668836575107e-04,3.037920577306607410e-04,3.041972535869938259e-04,3.011435314858372471e-04,2.981617890012943327e-04,2.908408102601730844e-04,2.871383083905153146e-04,2.809371690229828765e-04,2.787759003416493114e-04,2.767552141913858215e-04,2.768928573990841763e-04,2.790765936237504796e-04,2.808552555085631940e-04,2.849879696228565075e-04,2.870158963889122639e-04,2.902788481863790302e-04,2.913068841608374999e-04,2.919464408986953332e-04,2.915937005864277769e-04,2.898814782949156888e-04,2.887164610441473635e-04,2.863133855871878922e-04,2.852684725772415336e-04,2.838222888125963234e-04,2.834881595885942185e-04,2.836090752645534750e-04,2.840040898796874873e-04,2.852220881768684907e-04,2.859216710264474767e-04,2.872160154574999406e-04,2.877130484408387846e-04,2.882484509165290053e-04,2.882704767200340839e-04,2.878890292590966047e-04,2.871447361927814603e-04
7.100000000000000000e+01,-9.055787834405543829e-04,1.343415203773753661e-05,3.086479905513609887e-05,9.347446954385471834e-05,1.491942416213961307e-04,3.501638624081732099e-04,5.153986229652604599e-04,1.030642151099644098e-03,1.390847567423760065e-03,2.251013950322716412e-03,2.670740776717881425e-03,3.200331018569683387e-03,3.203725174332850388e-03,2.610244178416349248e-03,2.092449427232434458e-03,1.015833646083219317e-03,6.099887107305086275e-04,1.764864211004125733e-04,9.244054029874926564e-05,3.351120368408821645e-05,2.353229927506376041e-05,1.403089454058347937e-05,1.251545197567742289e-05,1.295368128317495818e-05,1.475163560319206219e-05,2.276925652104730847e-05,3.020997022707978385e-05,5.744263049378890186e-05,8.051647731633759103e-05,1.545675347833738202e-04,2.072277470315464715e-04,3.335634460778311855e-04,3.959659106589766882e-04,4.841233720549778497e-04,5.001144628740349617e-04,4.737911200494364199e-04,4.385734037589431532e-04,3.500403481538090890e-04,3.062071410240333434e-04,2.339401999330197653e-04,2.075666326531999673e-04,1.736897518304838118e-04,1.650322274770891010e-04,1.614996918166263992e-04,1.657878156708539157e-04,1.849147507500476309e-04,1.990527997790411891e-04,2.336802708984132924e-04,2.524253143239313813e-04,2.870095986724723438e-04,3.004547072513622050e-04,3.151920308900094635e-04,3.158360926974473773e-04,3.053184185246334134e-04,2.958107305333916755e-04,2.733326559590961140e-04,2.622236993525922351e-04,2.436654881087035266e-04,2.370141996180698133e-04,2.298172109674643084e-04,2.292245684253611283e-04,2.333147632641713581e-04,2.374988616393268860e-04,2.484833472425557535e-04,2.544603743800672845e-04,2.653514054290688311e-04,2.695642096720732381e-04,2.743013943483482622e-04,2.746747366562038439e-04,2.718604256551628798e-04,2.691131692489521707e-04,2.623706141106086622e-04,2.589621018504445872e-04,2.532555648245967891e-04,2.512673310453634361e-04,2.494087041544744291e-04,2.495352634827215912e-04,2.515437688989600323e-04,2.531799839790593344e-04,2.569826287170461987e-04,2.588490449773063994e-04,2.618527423221900718e-04,2.627992504434311597e-04,2.633881102878541866e-04,2.630633046905340999e-04,2.614868365305074178e-04,2.604143119667053346e-04,2.582023305939861249e-04,2.572406395026421901e-04,2.559097651920068904e-04,2.556022969179090523e-04,2.557135546683135269e-04,2.560770463089087016e-04,2.571979212939847024e-04,2.578417686144897358e-04,2.590330863725866933e-04,2.594905885519574115e-04,2.599834271910495508e-04,2.600037011679344479e-04,2.596525709673562672e-04,2.589674667173416699e-04
7.200000000000000000e+01,-8.629262702886116672e-04,1.345707378100629171e-05,3.090627588030452760e-05,9.349658484757595450e-05,1.491249524924197255e-04,3.492949378423419737e-04,5.133907766063199041e-04,1.023043935621227151e-03,1.377418392306485086e-03,2.216876908159103477e-03,2.621150860502855645e-03,3.114050742050223503e-03,3.100911683336299903e-03,2.493658939609555251e-03,1.982992826718982596e-03,9.439382440120922847e-04,5.602352423288433714e-04,1.580226090758982908e-04,8.175590123248943977e-05,2.911717845264637661e-05,2.029557640443311640e-05,1.198955528016831893e-05,1.067332657163648415e-05,1.105376120293891529e-05,1.261669049835111283e-05,1.962375858692545164e-05,2.616840431909233690e-05,5.034253335926516023e-05,7.100841420811735815e-05,1.380224444894160999e-04,1.861175390902310807e-04,3.024996385370355484e-04,3.603875667154411667e-04,4.425281132400913785e-04,4.574652827018111235e-04,4.328649010916182406e-04,4.000154030679707487e-04,3.177343544939634440e-04,2.771715678458762161e-04,2.105945469693217605e-04,1.864040810461059560e-04,1.554292348320072525e-04,1.475324190773104208e-04,1.443103466949972880e-04,1.482163587201173636e-04,1.656673079016550030e-04,1.785917412489120481e-04,2.103272672942644748e-04,2.275502367784310379e-04,2.593982427962370938e-04,2.718028995681920964e-04,2.854132039723831322e-04,2.860075733129163614e-04,2.762895526519016558e-04,2.675119296832525898e-04,2.467857610910893654e-04,2.365564742538912206e-04,2.194892598562366926e-04,2.133791050010612088e-04,2.067716533866995792e-04,2.062275673225488727e-04,2.099812335718583955e-04,2.138227808558766088e-04,2.239150305245328661e-04,2.294106974713487840e-04,2.394318322381923337e-04,2.433105734489999280e-04,2.476736308360767474e-04,2.480174858487981578e-04,2.454248885110881092e-04,2.428947191627030310e-04,2.366874308581742989e-04,2.335508453459354079e-04,2.283015980874155120e-04,2.264732883638482467e-04,2.247644179327001846e-04,2.248807399587175650e-04,2.267273299823377051e-04,2.282318972292285940e-04,2.317294154169827853e-04,2.334464863173486967e-04,2.362104026056257482e-04,2.370814933709169178e-04,2.376234545529812585e-04,2.373244938819671357e-04,2.358736093013341552e-04,2.348866369861580617e-04,2.328513831991870734e-04,2.319666460000780915e-04,2.307423851736053935e-04,2.304595655780320232e-04,2.305618955026072928e-04,2.308962440176850388e-04,2.319273213217265409e-04,2.325196326782012117e-04,2.336156784393230096e-04,2.340366224640364444e-04,2.344900964036138917e-04,2.345087503345486424e-04,2.341856595191641431e-04,2.335552939974653523e-04
7.300000000000000000e+01,-8.220383290311289275e-04,1.347997866997182898e-05,3.094769649914343515e-05,9.351851998663264498e-05,1.490554619637171055e-04,3.484278159697249506e-04,5.113903038087585541e-04,1.015501115877149490e-03,1.364118173045858994e-03,2.183256722460084984e-03,2.572480859900708183e-03,3.030095769438833405e-03,3.001396964529997897e-03,2.382280468461402990e-03,1.879261606798935010e-03,8.771310975048962622e-04,5.145398266847822080e-04,1.414904444376869318e-04,7.230622684860929603e-05,2.529930014877801361e-05,1.750404322499205401e-05,1.024520730016952388e-05,9.102339287390482161e-06,9.432502125842939962e-06,1.079072651525192668e-05,1.691279937734817274e-05,2.266752727872662666e-05,4.412002745338985347e-05,6.262313738596419089e-05,1.232483481757005745e-04,1.671578031466902387e-04,2.743286863525054358e-04,3.280059755587074128e-04,4.045066232605974894e-04,4.184531311481772789e-04,3.954738601670275302e-04,3.648472636342925770e-04,2.884099232158712604e-04,2.508892189628441835e-04,1.895786144203684583e-04,1.673991512647439363e-04,1.390884869969970846e-04,1.318882559686037704e-04,1.289505509545393327e-04,1.325072465097339820e-04,1.484232828213528834e-04,1.602339032028626212e-04,1.893080446947230855e-04,2.051264369014415938e-04,2.344431760448192166e-04,2.458833470379202281e-04,2.584478067063009088e-04,2.589961246486129900e-04,2.500206501528251263e-04,2.419203166719718088e-04,2.228171596272389898e-04,2.134016120638660601e-04,1.977117522571250185e-04,1.921008876795148078e-04,1.860370353763493188e-04,1.855377274823738704e-04,1.889812443379443666e-04,1.925069323228322752e-04,2.017758400557384708e-04,2.068269498951801066e-04,2.160440669868146212e-04,2.196138335945939726e-04,2.236307317259750033e-04,2.239473063257707954e-04,2.215599051861377126e-04,2.192305903002489485e-04,2.135183269976048811e-04,2.106331072034246321e-04,2.058063946800147998e-04,2.041258019951448701e-04,2.025552353471426949e-04,2.026621075211483894e-04,2.043591757298159929e-04,2.057421488758162664e-04,2.089577693293330528e-04,2.105368276822954139e-04,2.130791088126537903e-04,2.138804773535040067e-04,2.143790799834508539e-04,2.141040160852138987e-04,2.127692353236464422e-04,2.118613472324806530e-04,2.099894348938972054e-04,2.091758123187522234e-04,2.080500648531123436e-04,2.077900196866146578e-04,2.078841016626557011e-04,2.081915235747760226e-04,2.091396267105522736e-04,2.096843142158904150e-04,2.106923126055581467e-04,2.110794681879397819e-04,2.114965583047791805e-04,2.115137149639691920e-04,2.112165409728647761e-04,2.106367677957487940e-04
7.400000000000000000e+01,-7.828573790137755267e-04,1.350286681528966529e-05,3.098906114581002468e-05,9.354027544940333311e-05,1.489857706193582808e-04,3.475531197009505517e-04,5.093971713138924088e-04,1.008013260348101245e-03,1.350945620799740487e-03,2.150145435041423466e-03,2.524713516229529220e-03,2.948403095637971115e-03,2.905074777814967493e-03,2.275875784851538047e-03,1.780955879073848301e-03,8.150518377079675686e-04,4.725713023900545372e-04,1.266877813743170307e-04,6.394874188316935007e-05,2.198201063202047216e-05,1.509645712690613120e-05,8.754635798985431830e-06,7.762576548750715205e-06,8.049027314014863856e-06,9.229019894983151590e-06,1.457633954884138619e-05,1.963499235912112822e-05,3.866661789304328897e-05,5.522802925104878819e-05,1.100556236076825987e-04,1.501294029739636991e-04,2.487810830745689275e-04,2.985337833242830111e-04,3.697517078020653622e-04,3.827677021396558819e-04,3.613124892173258016e-04,3.327708296366541627e-04,2.617917717614715034e-04,2.270989284459064327e-04,1.706598356134151392e-04,1.503317931995802039e-04,1.244656184518386048e-04,1.179029115908178296e-04,1.152255198545032444e-04,1.184630370150251263e-04,1.329740811365450782e-04,1.437630247761400009e-04,1.703892987105229623e-04,1.849122736364956993e-04,2.118887627242377466e-04,2.224354029822202868e-04,2.340299321488912426e-04,2.345355951024663457e-04,2.262492049398433973e-04,2.187768142292527678e-04,2.011763524950131721e-04,1.925131109772967473e-04,1.780948876425982649e-04,1.729444421578902333e-04,1.673815457970368814e-04,1.669235073818906533e-04,1.700813447140508018e-04,1.733159488340515336e-04,1.818255200764544921e-04,1.864662975690152590e-04,1.949407169887255528e-04,1.982248802014332156e-04,2.019216840290138579e-04,2.022130343843146468e-04,2.000154296150645538e-04,1.978718407017476550e-04,1.926171175358123164e-04,1.899641216910340257e-04,1.855276040196296699e-04,1.839833743494628630e-04,1.825404609348025035e-04,1.826386150036733626e-04,1.841976854393818875e-04,1.854684150091228181e-04,1.884237484652090356e-04,1.898753409699461192e-04,1.922128785745334193e-04,1.929498274536312064e-04,1.934083676902286896e-04,1.931553863241469108e-04,1.919278825809257088e-04,1.910930571257503461e-04,1.893720262999510837e-04,1.886240840484087241e-04,1.875893125054830211e-04,1.873502978460349182e-04,1.874367643482214608e-04,1.877193219730851660e-04,1.885908003056009597e-04,1.890915045927271491e-04,1.900181795634227474e-04,1.903741247013401730e-04,1.907576056686258788e-04,1.907733793237524058e-04,1.905001463429361643e-04,1.899671060483045567e-04
7.500000000000000000e+01,-7.453278534471335492e-04,1.352573791985468669e-05,3.103036931773376327e-05,9.356185133747472668e-05,1.489158802847377963e-04,3.466640236034051461e-04,5.074113813824487722e-04,1.000580073286250595e-03,1.337899692004824569e-03,2.117535791170810106e-03,2.477832729753286136e-03,2.868912838785266442e-03,2.811843965537261757e-03,2.174224144467535799e-03,1.687793122724714871e-03,7.573666462730422287e-04,4.340262196868511840e-04,1.134338647911495215e-04,5.655730922617249398e-05,1.909971215973056170e-05,1.302003739467013158e-05,7.480936829800505748e-06,6.620020748556343544e-06,6.868477297785539719e-06,7.893344293620116990e-06,1.256267119844494719e-05,1.700818001176265457e-05,3.388730804225405409e-05,4.870625259721075764e-05,9.827516164285783444e-05,1.348358052936206655e-04,2.256128432049612923e-04,2.717099443076137900e-04,3.379831446176108888e-04,3.501257462695456842e-04,3.301022383036089202e-04,3.035146910688128600e-04,2.376304646247715587e-04,2.055646879685434471e-04,1.536291636893977186e-04,1.350046723188904306e-04,1.113802040927650483e-04,1.054006594993700053e-04,1.029614252615099722e-04,1.059074444731502619e-04,1.191330739338864646e-04,1.289853453032510254e-04,1.533613515891373317e-04,1.666902511682421748e-04,1.915043323672965554e-04,2.012236635447959806e-04,2.119191992876660966e-04,2.123853734322675782e-04,2.047380619103069494e-04,1.978475118157888794e-04,1.816375266575993765e-04,1.736693927540633150e-04,1.604245330295971800e-04,1.556984228644794476e-04,1.505969257950077328e-04,1.501769010388431672e-04,1.530717418614786730e-04,1.560382425030656418e-04,1.638478981147268535e-04,1.681101469013930290e-04,1.758989027058195610e-04,1.789192174715192396e-04,1.823201997492114503e-04,1.825882401917508415e-04,1.805660852407464873e-04,1.785941337392666414e-04,1.737620606645170779e-04,1.713234817828139739e-04,1.672470889529819498e-04,1.658286695165869448e-04,1.645035120924706216e-04,1.645936275617118942e-04,1.660254078670729983e-04,1.671925839356529046e-04,1.699077208073161357e-04,1.712416552307122804e-04,1.733901615389812391e-04,1.740676240818193974e-04,1.744891686327537054e-04,1.742565815555848505e-04,1.731281422494984623e-04,1.723607777026913996e-04,1.707790393052878919e-04,1.700917237549821968e-04,1.691409195464650380e-04,1.689213139515433016e-04,1.690007529232950964e-04,1.692603636676430533e-04,1.700611209465555020e-04,1.705212274706955754e-04,1.713728323033233058e-04,1.716999647467544726e-04,1.720524173559803000e-04,1.720669142783829439e-04,1.718157844820995817e-04,1.713258873789915262e-04
7.600000000000000000e+01,-7.093961037664712685e-04,1.354859250177122432e-05,3.107162198468578929e-05,9.358324852081541939e-05,1.488457902916312785e-04,3.457768235909584572e-04,5.054328655574051501e-04,9.932009967853476940e-04,1.324978889619729538e-03,2.085419489762499468e-03,2.431821039291584552e-03,2.791563924695177577e-03,2.721603330622874520e-03,2.077111096188316401e-03,1.599502336262748807e-03,7.037633259311211129e-04,3.986245450858275324e-04,1.015663948465306710e-04,5.002011833669950131e-05,1.659531016973429720e-05,1.122919248411314522e-05,6.392532437941096830e-06,5.645622606620858894e-06,5.861065504176861223e-06,6.750960481914517267e-06,1.082716135700331674e-05,1.473275880301721293e-05,2.969868014001081184e-05,4.295454445853847097e-05,8.775555063369631578e-05,1.210999719740326729e-04,2.046019042049558112e-04,2.472959424895603778e-04,3.089436898077199505e-04,3.202670408832733310e-04,3.015875402053705325e-04,2.768302890125491807e-04,2.156987540761297253e-04,1.860721263742973284e-04,1.382978275245578918e-04,1.212400466845022905e-04,9.967033824262471788e-05,9.422397801691815254e-05,9.200251976421668348e-05,9.468243635101316908e-05,1.067325828585723949e-04,1.157265134826020560e-04,1.380348942700620682e-04,1.502636796809666544e-04,1.730807038795429114e-04,1.820344426693118771e-04,1.918971760488984504e-04,1.923268092163013228e-04,1.852718729913654851e-04,1.789201551422848167e-04,1.639961281059932816e-04,1.566699193672113893e-04,1.445071936326425711e-04,1.401719664966788285e-04,1.354952230866864017e-04,1.351101948665175880e-04,1.377630391167033140e-04,1.404827242369916006e-04,1.476475568471534482e-04,1.515607915569945575e-04,1.587168601344219557e-04,1.614935493729958461e-04,1.646212829756113624e-04,1.648677933925011847e-04,1.630077414716808813e-04,1.611943253064007696e-04,1.567524717441479967e-04,1.545117669327191259e-04,1.507675769921225937e-04,1.494651727863195332e-04,1.482485863817627203e-04,1.483312934298203992e-04,1.496457195208987078e-04,1.507174076314066842e-04,1.532110000248688812e-04,1.544363847363168984e-04,1.564104552369390217e-04,1.570330150433061180e-04,1.574204132889833524e-04,1.572066516394971490e-04,1.561696460156447889e-04,1.554645382735312309e-04,1.540113277238041624e-04,1.533799455767861789e-04,1.525066005977397882e-04,1.523048985224605611e-04,1.523778557849518904e-04,1.526162999446929475e-04,1.533518182260826214e-04,1.537744709270664079e-04,1.545568133636135780e-04,1.548573602168123228e-04,1.551811816940760211e-04,1.551945005861789456e-04,1.549637668045284432e-04,1.545136786120125064e-04
7.700000000000000000e+01,-6.750103107065383821e-04,1.357143006049804645e-05,3.111281827717325699e-05,9.360446691140326524e-05,1.487755030877193491e-04,3.448915371877416653e-04,5.034616437590720608e-04,9.858758056898021902e-04,1.312182306505895596e-03,2.053789785977452268e-03,2.386663357107923333e-03,2.716300370736621575e-03,2.634258942924972043e-03,1.984336093262037588e-03,1.515830627855849254e-03,6.539541642006736679e-04,3.661106642646177068e-04,9.094058090251008839e-05,4.423857404529723744e-05,1.441930831771033681e-05,9.684681749703169876e-06,5.462487595746679664e-06,4.814652141982354687e-06,5.001419232263408163e-06,5.773918546343737024e-06,9.331420547959963854e-06,1.276176760133765787e-05,2.602781424369056580e-05,3.788209288704109078e-05,7.836205574053925222e-05,1.087635126259514553e-04,1.855478208317421938e-04,2.250757819210826060e-04,2.823994965886295018e-04,2.929548863705425023e-04,2.755361753494421596e-04,2.524921071854152686e-04,1.957913438836235724e-04,1.684280694762548079e-04,1.244965781692245008e-04,1.088789103594416628e-04,8.919165946827997248e-05,8.423254771121682378e-05,8.221012218332041446e-05,8.464723061082869617e-05,9.562293631360896211e-05,1.038306916452065619e-04,1.242402203083058489e-04,1.354559849463013140e-04,1.564296420933538852e-04,1.646752878001667055e-04,1.737669606667443991e-04,1.741627968747133009e-04,1.676566332617875944e-04,1.618036396833496616e-04,1.480682568204712540e-04,1.413345405085306324e-04,1.301692832371866004e-04,1.261939354710759579e-04,1.219080066872140411e-04,1.215551799841735857e-04,1.239854642411069956e-04,1.264780485647706582e-04,1.330491233084854855e-04,1.366407262792240914e-04,1.432133002232596633e-04,1.457651569299318970e-04,1.486406273920414358e-04,1.488672621921853989e-04,1.471569006304028959e-04,1.454898390025160648e-04,1.414080698636081563e-04,1.393498752971793382e-04,1.359119687388181744e-04,1.347164908415228110e-04,1.335999540468356525e-04,1.336758369492943577e-04,1.348821259421741298e-04,1.358658097792764989e-04,1.381551693024074285e-04,1.392804606028090215e-04,1.410936493057798370e-04,1.416655637449562273e-04,1.420214623390448575e-04,1.418250686489577663e-04,1.408724087380724705e-04,1.402247245742921583e-04,1.388900461751534565e-04,1.383102400848463132e-04,1.375083127962679983e-04,1.373231167307281241e-04,1.373900988524402690e-04,1.376090289228080674e-04,1.382843971617628070e-04,1.386725148142402319e-04,1.393909871726505684e-04,1.396670164125287826e-04,1.399644328004752717e-04,1.399766653076132440e-04,1.397647422209190695e-04,1.393513668356209222e-04
7.800000000000000000e+01,-6.421204012509011422e-04,1.359425080846396895e-05,3.115425541867810396e-05,9.362550708987265463e-05,1.487050189344689627e-04,3.440081542183739418e-04,5.014976741843923946e-04,9.786040468600070829e-04,1.299508642492241267e-03,2.022639040491616257e-03,2.342343449299551326e-03,2.643065313004447879e-03,2.549717102857691070e-03,1.895704564113852427e-03,1.436535630918497203e-03,6.076701812781666731e-04,3.362487397955034860e-04,8.142642393098938232e-05,3.912528181818130182e-05,1.252862588927404226e-05,8.352608802750715808e-06,4.667753884262282500e-06,4.105990580233307048e-06,4.267857470224563181e-06,4.938279910168081807e-06,8.042311276639001541e-06,1.105446034695405783e-05,2.281067877908877009e-05,3.340863805986553879e-05,6.997404887252624273e-05,9.768375932953543995e-05,1.682681813121182689e-04,2.048521373868824116e-04,2.581359321079708803e-04,2.679718657186772870e-04,2.517351214965112037e-04,2.302936499262133916e-04,1.777212236754232774e-04,1.524570732533016932e-04,1.120725955833375923e-04,9.777805539500788751e-05,7.981463211453323440e-05,7.530059319668495638e-05,7.345998331410635764e-05,7.567562966479131868e-05,8.566966950858184368e-05,9.315766279861976973e-05,1.118241221751135103e-04,1.221074989588491607e-04,1.413804659982691387e-04,1.489715209596763519e-04,1.573496510575604981e-04,1.577142416936221352e-04,1.517161968836287398e-04,1.463245729426530415e-04,1.336873427081385155e-04,1.275002279836647250e-04,1.172539599507556015e-04,1.136097912030876143e-04,1.096832814971443470e-04,1.093600701632455171e-04,1.115857634446985013e-04,1.138694835666543333e-04,1.198940769081914591e-04,1.231894219719014338e-04,1.292241252073650327e-04,1.315685922438320854e-04,1.342112854477980682e-04,1.344195805539061522e-04,1.328473797629803506e-04,1.313153623344993307e-04,1.275657097908111442e-04,1.256757739875065784e-04,1.225201191299291059e-04,1.214231439055401054e-04,1.203987603924194620e-04,1.204683602354000892e-04,1.215750522770510291e-04,1.224776673507820164e-04,1.245788421776721899e-04,1.256118815202468542e-04,1.272767600491538824e-04,1.278019786832722054e-04,1.281288329987506289e-04,1.279484549350071079e-04,1.270735649475855742e-04,1.264788210253229954e-04,1.252534042696395490e-04,1.247211336737688320e-04,1.239850224097221489e-04,1.238150366880548222e-04,1.238765132461096524e-04,1.240774612533410756e-04,1.246973978081425492e-04,1.250536868825433265e-04,1.257132897303078409e-04,1.259667192561126020e-04,1.262397951393144126e-04,1.262510262520596298e-04,1.260564434757266688e-04,1.256769094341279609e-04
7.900000000000000000e+01,-6.106779707614713249e-04,1.361705475436559426e-05,3.119592373929049207e-05,9.364636944472770359e-05,1.486343387145681936e-04,3.431266724133784168e-04,4.995409327564959883e-04,9.713853358868061727e-04,1.286956724319849883e-03,1.991960013256582115e-03,2.298845788706875299e-03,2.571804098949513531e-03,2.467887907029625658e-03,1.811031471193764401e-03,1.361388420911318871e-03,5.646618934050419425e-04,3.088224716062312725e-04,7.290762498462848799e-05,3.460300311511745140e-05,1.088585168790875794e-05,7.203754260592465722e-06,3.988645105904909706e-06,3.501635567792343862e-06,3.641887428727373817e-06,4.223579911341417137e-06,6.931288191353653268e-06,9.575560897237133003e-06,1.999119151182573127e-05,2.946344588792139223e-05,6.248390242424254216e-05,8.773269334500909816e-05,1.525977391543922911e-04,1.864456207212126376e-04,2.359570512323733962e-04,2.451193567788113241e-04,2.299899995551368988e-04,2.100468025065680626e-04,1.613188283643602087e-04,1.380004946657833716e-04,1.008884393897401281e-04,8.780899057824918461e-05,7.142343741583807165e-05,6.731577004367311507e-05,6.564117055574407878e-05,6.765490561038822043e-05,7.675241814204336946e-05,8.358173474478367612e-05,1.006488324503851568e-04,1.100744266756062406e-04,1.277790703563667397e-04,1.347652839125705517e-04,1.424834168281112500e-04,1.428191328346129678e-04,1.372913300568854656e-04,1.323263100068389859e-04,1.207031424277215260e-04,1.150200547541889960e-04,1.056200778077688628e-04,1.022805366296725051e-04,9.868442143397260485e-05,9.838843414797791061e-05,1.004261387169748951e-04,1.025178535864965101e-04,1.080397071330284429e-04,1.110622920348669799e-04,1.166014114569181555e-04,1.187546679807102365e-04,1.211826654487689571e-04,1.213740458748063886e-04,1.199293036909963514e-04,1.185218353352855475e-04,1.150783599718044380e-04,1.133434718416497520e-04,1.104478016738685191e-04,1.094415270685661443e-04,1.085019844126950198e-04,1.085658019793619630e-04,1.095808049617622492e-04,1.104087746719818264e-04,1.123366322333218918e-04,1.132846862511132898e-04,1.148129075121925077e-04,1.152950919761086546e-04,1.155951784571439397e-04,1.154295620582283105e-04,1.146263453429704170e-04,1.140803855827232129e-04,1.129556380988094464e-04,1.124671586037758299e-04,1.117916728862865944e-04,1.116356970371193327e-04,1.116921030421207757e-04,1.118764884154684535e-04,1.124453652265841900e-04,1.127723337170484855e-04,1.133777013432278602e-04,1.136103087200562379e-04,1.138609576993635224e-04,1.138712661862942331e-04,1.136926608206531705e-04,1.133443067209618117e-04
8.000000000000000000e+01,-5.806362097130297537e-04,1.363984190689562174e-05,3.123753396284771871e-05,9.366705436380655695e-05,1.485634633082559032e-04,3.422470894950868561e-04,4.975913954619419748e-04,9.642192910779818051e-04,1.274525389845082308e-03,1.961745573458193240e-03,2.256155135643916378e-03,2.502463547953687542e-03,2.388684335425800276e-03,1.730140039539321273e-03,1.290172046531229411e-03,5.246974728303587096e-04,2.836332012918345324e-04,6.528005193796014311e-05,3.060342679780253539e-05,9.458479867485540538e-06,6.212917654671991190e-06,3.408339167420594562e-06,2.986234466503465135e-06,3.107728644162824350e-06,3.612315637166962044e-06,5.973749357453955744e-06,8.294512401830328972e-06,1.752020208232324145e-05,2.598413505761737984e-05,5.579550918907195955e-05,7.879533690683922578e-05,1.383866364271995144e-04,1.696929617201783621e-04,2.156837436749764600e-04,2.242156751476660119e-04,2.101232204633732455e-04,1.915799881939665326e-04,1.464302420195454828e-04,1.249147333957296210e-04,9.082038457065540540e-05,7.885632484191799126e-05,6.391443277684299290e-05,6.017764649404885001e-05,5.865455831945522776e-05,6.048427811791311139e-05,6.876334620554991079e-05,7.499013522800819249e-05,9.059035133873521647e-05,9.922714295745779225e-05,1.154861750950633790e-04,1.219137716937033198e-04,1.290217167157271826e-04,1.293307599141548057e-04,1.242379381788933203e-04,1.196671911127990934e-04,1.089800044270686869e-04,1.037614751433549570e-04,9.514049492460614071e-05,9.208103523504387444e-05,8.878850071887816209e-05,8.851752792126028890e-05,9.038257280246622845e-05,9.229785702040741412e-05,9.735741342542275807e-05,1.001289830324781738e-04,1.052116842581750974e-04,1.071887262966060052e-04,1.094187940656381284e-04,1.095945809768039052e-04,1.082673707070952278e-04,1.069747199658174015e-04,1.038133813289397961e-04,1.022213031343925833e-04,9.956500063291648904e-05,9.864220549505312496e-05,9.778073685426868448e-05,9.783923530674751247e-05,9.876986646598252947e-05,9.952913566428796526e-05,1.012974396271763811e-04,1.021672374095600687e-04,1.035695949023387324e-04,1.040121374266802850e-04,1.042875650968037144e-04,1.041355484683046729e-04,1.033983567212862329e-04,1.028973312142220792e-04,1.018652949339139083e-04,1.014171391147861731e-04,1.007974729421073695e-04,1.006543954967952957e-04,1.007061336497055547e-04,1.008752705506431400e-04,1.013971356549445580e-04,1.016971059567018938e-04,1.022525300956187095e-04,1.024659616300328618e-04,1.026959560793105886e-04,1.027054148900315373e-04,1.025415245799476158e-04,1.022218855026184921e-04
8.100000000000000000e+01,-5.519498345547048943e-04,1.366261247757278793e-05,3.127908651232415640e-05,9.368756241623886483e-05,1.484923929591688537e-04,3.413693953651872077e-04,4.956490210744206619e-04,9.571054702812918603e-04,1.262213378753710780e-03,1.931988434729095972e-03,2.214256162712540874e-03,2.434991318644885282e-03,2.312021486903139376e-03,1.652860714844336422e-03,1.222680318126608250e-03,4.875611794051963903e-04,2.604982757600430676e-04,5.845040908709323198e-05,2.706610766315352672e-05,8.218256453225024523e-06,5.358357594737795694e-06,2.912457308067270718e-06,2.546690737503516481e-06,2.651911416603320269e-06,3.089512982317388010e-06,5.148484672471928016e-06,7.184836756356834803e-06,1.535461716420730149e-05,2.291566502131598976e-05,4.982299896634284544e-05,7.076835702663457220e-05,1.254988613965590458e-04,1.544454303916546235e-04,1.971521298023941196e-04,2.050944668934873713e-04,1.919723803776216507e-04,1.747365710510743087e-04,1.329156389307189850e-04,1.130697051123913648e-04,8.175697621284563508e-05,7.081636380731567461e-05,5.719481507198928040e-05,5.379638655022753440e-05,5.241151880898279117e-05,5.407359417993503996e-05,6.160578162837623047e-05,6.728161886810301272e-05,8.153699432849822754e-05,8.944871355245166472e-05,1.043758050354238239e-04,1.102876986562473672e-04,1.168317508197339342e-04,1.171161644948796399e-04,1.124255264057927436e-04,1.082190111634053799e-04,9.839536220357191333e-05,9.360483126335611631e-05,8.570060426837158287e-05,8.289855131054569594e-05,7.988484485612343863e-05,7.963684654094780897e-05,8.134337466289629903e-05,8.309660549913775937e-05,8.773122873706581861e-05,9.027189022419140462e-05,9.493441952781393311e-05,9.674913546841256134e-05,9.879680739921525585e-05,9.895822472339008049e-05,9.773934640390231476e-05,9.655249715917598938e-05,9.365103246565509819e-05,9.219043705304167616e-05,8.975442787274986664e-05,8.890843390828480092e-05,8.811878218907808749e-05,8.817238957205009728e-05,8.902541437327355029e-05,8.972148074521210269e-05,9.134296302166529510e-05,9.214073099742193162e-05,9.342721433543783784e-05,9.383325509033913197e-05,9.408597632746694330e-05,9.394648373670371356e-05,9.327008816686254344e-05,9.281043343203795567e-05,9.186374356161101668e-05,9.145270299389779943e-05,9.088440984603829821e-05,9.075320254548283061e-05,9.080064534814654255e-05,9.095574952719853896e-05,9.143434812335907071e-05,9.170946908293469866e-05,9.221892111699580554e-05,9.241470035170845729e-05,9.262568055062013212e-05,9.263435719289670129e-05,9.248401363067475884e-05,9.219080842748058127e-05
8.200000000000000000e+01,-5.245750222994035325e-04,1.368536606927248534e-05,3.132058070010848745e-05,9.370789362304969257e-05,1.484211298092631454e-04,3.404936033718383129e-04,4.937138203233514639e-04,9.500436239595487671e-04,1.250019770232560241e-03,1.902682210085012045e-03,2.173134935924613161e-03,2.369338258549512442e-03,2.237819199466823967e-03,1.579033533111369372e-03,1.158719586462098180e-03,4.530534977632381531e-04,2.392505318645665909e-04,5.233533371530520607e-05,2.393767578318301871e-05,7.140663010820605047e-06,4.621344260544342497e-06,2.488724946904841313e-06,2.171846325844722578e-06,2.262952884812558657e-06,2.642377883735336219e-06,4.437234583264202531e-06,6.223625723968053032e-06,1.345672401463862168e-05,2.020957179476353793e-05,4.448984386142619844e-05,6.355915028844014592e-05,1.138113963887541348e-04,1.405680488261585974e-04,1.802128833937106283e-04,1.876040528661240912e-04,1.753895671949885922e-04,1.593741155936132360e-04,1.206484419931828315e-04,1.023479613956299094e-04,7.359811143246234710e-05,6.359618871117620788e-05,5.118170753895995339e-05,4.809184137839517563e-05,4.683301494043168095e-05,4.834241770828933641e-05,5.519329562576300334e-05,6.036554244211173167e-05,7.338846748885911615e-05,8.063397528379511511e-05,9.433438627024030290e-05,9.977040326126975639e-05,1.057935756668251575e-04,1.060552554801084501e-04,1.017363070142137511e-04,9.786612050076892375e-05,8.883882180755076768e-05,8.444243524618794301e-05,7.719740919118634609e-05,7.463182378045983252e-05,7.187410301687723827e-05,7.164719638288558025e-05,7.320825228937803599e-05,7.481269749833399391e-05,7.905689600684753056e-05,8.138523603598416846e-05,8.566112664016851778e-05,8.732637464073020588e-05,8.920603802163991304e-05,8.935421923313754261e-05,8.823514944060435261e-05,8.714575124631651799e-05,8.448355104327334589e-05,8.314395766410067603e-05,8.091060066894232954e-05,8.013523370351558275e-05,7.941161510232415312e-05,7.946072688139746779e-05,8.024239855737818998e-05,8.088034456523026869e-05,8.236677870874256581e-05,8.309827625234764018e-05,8.427812790351110099e-05,8.465057274014277204e-05,8.488239429957041612e-05,8.475443012874949410e-05,8.413399195390222672e-05,8.371241075150865317e-05,8.284425385539253943e-05,8.246736077278211344e-05,8.194632811107910959e-05,8.182603999720293626e-05,8.186953190293476791e-05,8.201172769146003894e-05,8.245052362943248265e-05,8.270278284315833511e-05,8.316993647323848993e-05,8.334947286430682443e-05,8.354295632918802084e-05,8.355091325401440205e-05,8.341303554001175229e-05,8.314415384876619420e-05
8.300000000000000000e+01,-4.984693485065559444e-04,1.370810289365510153e-05,3.136201694960854842e-05,9.372804855361816520e-05,1.483496740990339563e-04,3.396197033838912679e-04,4.917857520451468685e-04,9.430333148368847751e-04,1.237943324620937148e-03,1.873819819456874411e-03,2.132776669648804579e-03,2.305454759840596009e-03,2.165997865960728706e-03,1.508503654354464724e-03,1.098104574468486373e-03,4.209880755977785409e-04,2.197358480092251060e-04,4.686001159917709902e-05,2.117084098693806362e-05,6.204365086571756588e-06,3.985702791200096580e-06,2.126641067917798417e-06,1.852174662059008145e-06,1.931043129763912632e-06,2.259954990860052644e-06,3.824241557152897528e-06,5.391008184258815755e-06,1.179341711281782371e-05,1.782303738975370968e-05,3.972755671006181948e-05,5.708434333750214392e-05,1.032123518133103504e-04,1.279375781508163435e-04,1.647290343240397732e-04,1.716051998686312155e-04,1.602391815403269963e-04,1.453622786428114696e-04,1.095134118642000190e-04,9.264288931969566921e-05,6.625344699789475740e-05,5.711215064028546092e-05,4.580077653288126610e-05,4.299219970561657042e-05,4.184826421354344208e-05,4.321867577657275382e-05,4.944827448348293117e-05,5.416038490273206553e-05,6.605427016920272561e-05,7.268787995367366516e-05,8.525898867024555520e-05,9.025605329744635589e-05,9.579826966114803229e-05,9.603897272255122004e-05,9.206339074813922434e-05,8.850364200196231008e-05,8.021044214760113082e-05,7.617688207720832352e-05,6.953789269516924554e-05,6.718945637168929636e-05,6.466666122892622114e-05,6.445911020904273887e-05,6.588671446097743968e-05,6.735460668592767059e-05,7.124022204931532501e-05,7.337340562243153431e-05,7.729365130925704933e-05,7.882132430005813102e-05,8.054629163550055008e-05,8.068228544319978185e-05,7.965513523694694835e-05,7.865546165611401064e-05,7.621346537012172124e-05,7.498518568642756604e-05,7.293818072938874214e-05,7.222773803903321990e-05,7.156481127948530370e-05,7.160979248476665067e-05,7.232588540003761189e-05,7.291040522297955254e-05,7.427266828219391583e-05,7.494321769592455053e-05,7.602498072687211136e-05,7.636651609761778772e-05,7.657910838066713877e-05,7.646175204354196822e-05,7.589279767943686496e-05,7.550624202834623584e-05,7.471032074910823051e-05,7.436483259812721059e-05,7.388726038522457767e-05,7.377701282292872201e-05,7.381687204870032671e-05,7.394719824985391318e-05,7.434939213250412338e-05,7.458062630331658942e-05,7.500887663529977626e-05,7.517347285579769646e-05,7.535086219251959771e-05,7.535815711821284169e-05,7.523174617348225368e-05,7.498523748851460002e-05
8.400000000000000000e+01,-4.735917283758529989e-04,1.373082295939756069e-05,3.140339531366466690e-05,9.374802759312971011e-05,1.482780266989817898e-04,3.387476930917827792e-04,4.898647924795627778e-04,9.360741719025473823e-04,1.225982923202408427e-03,1.845394552767076236e-03,2.093167221905518644e-03,2.243293143880312115e-03,2.096481104523688181e-03,1.441123825880930801e-03,1.040660280984035194e-03,3.911920678077236333e-04,2.018128705036813979e-04,4.195751292665407702e-05,1.872380864866008115e-05,5.390835897183421811e-06,3.437490131104011838e-06,1.817236509904312201e-06,1.579554981460886028e-06,1.647814798059500912e-06,1.932878774037649801e-06,3.295931722000768841e-06,4.669780604613289234e-06,1.033570090843826533e-05,1.571832574009181553e-05,3.547503146401903432e-05,5.126912365412627202e-05,9.360036714630597717e-05,1.164419820809313401e-04,1.505755382902316847e-04,1.569707109440363719e-04,1.463974914038941263e-04,1.325823194026310380e-04,9.940605936864380706e-05,8.385808554063698805e-05,5.964173177292299895e-05,5.128919688048743427e-05,4.098555983549090082e-05,3.843331867333656896e-05,3.739407038293288176e-05,3.863798818376610071e-05,4.430124338865922429e-05,4.859306983710255917e-05,5.945302232667935231e-05,6.552482836417029919e-05,7.705667826234975648e-05,8.164900718316458941e-05,8.674730507288636082e-05,8.696865938882195751e-05,8.331015100313226684e-05,8.003682843005612609e-05,7.242007813178800079e-05,6.872038679639014356e-05,6.263834648300478213e-05,6.048924432242855018e-05,5.818196689391408631e-05,5.799217148883992982e-05,5.929739611430659635e-05,6.064000853999216125e-05,6.419640809209015662e-05,6.615027989857134296e-05,6.974351377203314968e-05,7.114460664796480854e-05,7.272719002489135389e-05,7.285196625737161164e-05,7.190943752338958047e-05,7.099234296455294397e-05,6.875293096987328961e-05,6.762701340992850361e-05,6.575130651954359416e-05,6.510052330764630425e-05,6.449335809930551930e-05,6.453454551592029392e-05,6.519038935549740545e-05,6.572581652474510051e-05,6.697395258359426385e-05,6.758846994254683570e-05,6.858003719850832257e-05,6.889314554084222846e-05,6.908805215254158966e-05,6.898045284802682524e-05,6.845884831981887894e-05,6.810450199565732006e-05,6.737499872651060012e-05,6.705838227567839128e-05,6.662076088865382349e-05,6.651974244889426614e-05,6.655626283648175033e-05,6.667567877934217624e-05,6.704422657357212312e-05,6.725613216447529465e-05,6.764861535146467555e-05,6.779947481097580754e-05,6.796206580164416023e-05,6.796875204741274464e-05,6.785288485883266343e-05,6.762694727736629505e-05
8.500000000000000000e+01,-4.499023607122513719e-04,1.375352627517288390e-05,3.144471584507553714e-05,9.376783112610898767e-05,1.482061884771869930e-04,3.378775701781920322e-04,4.879509179295158337e-04,9.291658267701899876e-04,1.214137457863580282e-03,1.817399801192385363e-03,2.054292712570995796e-03,2.182807016204336200e-03,2.029194983103263517e-03,1.376753370497297863e-03,9.862208579255657675e-04,3.635048616867805850e-04,1.853517747041347674e-04,3.756790990162476402e-05,1.655961487804260808e-05,4.683977896086869829e-06,2.964680996371321306e-06,1.552847019837936843e-06,1.347061794737145976e-06,1.406127773820569759e-06,1.653139133878523803e-06,2.840606382609536795e-06,4.045040971973419466e-06,9.058163770069222517e-06,1.386215693353486274e-05,3.167770285898436743e-05,4.604629973125310858e-05,8.488352109839783759e-05,1.059792908050020098e-04,1.376380943720194620e-04,1.435842360727882568e-04,1.337514525287148998e-04,1.209259361608383283e-04,9.023153868200641491e-05,7.590628783777974902e-05,5.368982281656661110e-05,4.605992664666146283e-05,3.667658251185962944e-05,3.435785696917237906e-05,3.341396346542082089e-05,3.454279815196626769e-05,3.968995894451226311e-05,4.359803241194763583e-05,5.351147657230224779e-05,5.906765650228254505e-05,6.964346150837078236e-05,7.386274370530199153e-05,7.855146274779629956e-05,7.875497593306499166e-05,7.538914801871645765e-05,7.237999641190634610e-05,6.538633969256873839e-05,6.199375695949382566e-05,5.642336758131065704e-05,5.445718022330470155e-05,5.234754493257449308e-05,5.217403138084312011e-05,5.336706929063076126e-05,5.459478528754287780e-05,5.784903955354252399e-05,5.963821741513937284e-05,6.293087684940368255e-05,6.421554851013451005e-05,6.566712828442501388e-05,6.578158332253046872e-05,6.491692843121031620e-05,6.407580827580980701e-05,6.202270223592051953e-05,6.099088063871822233e-05,5.927257654919924944e-05,5.867659503027040924e-05,5.812064298345889475e-05,5.815834716941950880e-05,5.875885845885186511e-05,5.924919134103355436e-05,6.039247012638138774e-05,6.095549373640111708e-05,6.186415322475868938e-05,6.215112715986199432e-05,6.232977373016193676e-05,6.223114559890266604e-05,6.175307292206888565e-05,6.142833530452994567e-05,6.075987866722141247e-05,6.046979534543188211e-05,6.006888519947674266e-05,5.997634693889481849e-05,6.000979967124792178e-05,6.011919079544300083e-05,6.045682100132477753e-05,6.065096406413568886e-05,6.101057542982945073e-05,6.114880921298423673e-05,6.129779827808727512e-05,6.130392507180238261e-05,6.119774938140028035e-05,6.099071921908020373e-05
8.600000000000000000e+01,-4.273626745572031509e-04,1.377621284965018910e-05,3.148597859659827422e-05,9.378745953642124650e-05,1.481341602993155033e-04,3.370093323181259644e-04,4.860441047610321893e-04,9.223079136597340556e-04,1.202405830994525936e-03,1.789829055639170947e-03,2.016139518534234339e-03,2.123951231947080690e-03,1.964067940900770821e-03,1.315257892910530468e-03,9.346291315835443796e-04,3.377772112483428085e-04,1.702333247006332915e-04,3.363754421809191358e-05,1.464556817430017659e-05,4.069804252615450910e-06,2.556904099439594614e-06,1.326923404550530480e-06,1.148788958820607092e-06,1.199889180608605319e-06,1.413885236627350234e-06,2.448182973299815445e-06,3.503880892553315127e-06,7.938535006310769217e-06,1.222518099889581544e-05,2.828684629462978632e-05,4.135552474199527106e-05,7.697845259139779765e-05,9.645669652063904335e-05,1.258122220080023080e-04,1.313393471929508323e-04,1.221977852322112803e-04,1.102943485483977022e-04,8.190375735017322136e-05,6.870850834527945190e-05,4.833187625825089090e-05,4.136381094328316381e-05,3.282062233068999300e-05,3.071455361298617388e-05,2.985748383822441803e-05,3.088164914141224536e-05,3.555865648012382970e-05,3.911644725821430664e-05,4.816370544658042999e-05,5.324680431985877446e-05,6.294342522463380798e-05,6.681899230972962152e-05,7.112995267159521930e-05,7.131702016742615504e-05,6.822125544030837371e-05,6.545565936368812282e-05,5.903574149298027691e-05,5.592555159738453940e-05,5.082503431412446065e-05,4.902663659438883086e-05,4.709818780704143207e-05,4.693959935804124448e-05,4.802982937190497211e-05,4.915220779828937845e-05,5.212925709100022387e-05,5.376721981965019602e-05,5.678370175725986138e-05,5.796133358836221125e-05,5.929242317229073455e-05,5.939738507023778176e-05,5.860436879648610363e-05,5.783312178527460047e-05,5.595129071703328506e-05,5.500593596625649078e-05,5.343221580045851623e-05,5.288655612295430899e-05,5.237762340029301997e-05,5.241213058134906386e-05,5.296184231737423960e-05,5.341076807872713111e-05,5.445774009941550635e-05,5.497345728330908224e-05,5.580593490784317061e-05,5.606889061449772454e-05,5.623259310705546604e-05,5.614221066782776543e-05,5.570414559874308467e-05,5.540661645913523515e-05,5.479424974182914992e-05,5.452854183755228732e-05,5.416135420941727528e-05,5.407660522841069815e-05,5.410724044420156574e-05,5.420742355475676984e-05,5.451665336299869099e-05,5.469447878937814134e-05,5.502388988860900049e-05,5.515052328762288115e-05,5.528701451201084322e-05,5.529262727988653366e-05,5.519535658417843360e-05,5.500569859791075433e-05
8.700000000000000000e+01,-4.059352783093285542e-04,1.379888289342891781e-05,3.152718398786557696e-05,9.380691337984537956e-05,1.480619423842630773e-04,3.361429694673730194e-04,4.841443125057485379e-04,9.155000089372953209e-04,1.190786852354488740e-03,1.762675665124065205e-03,1.978693938387133741e-03,2.066681358815916116e-03,1.901030159725969381e-03,1.256508487599735909e-03,8.857357248701472124e-04,3.138702275037884336e-04,1.563478911537570558e-04,3.011834150966856546e-05,1.295274143752259133e-05,3.536157666487343455e-06,2.205211746183707595e-06,1.133867714367864550e-06,9.796982522169701661e-07,1.023898336321407872e-06,1.209256054773475385e-06,2.109969001340189412e-06,3.035114998389907420e-06,6.957288460095200928e-06,1.078150175861021000e-05,2.525892717162474873e-05,3.714256372922035898e-05,6.980950278273948244e-05,8.778965658298791249e-05,1.150023252097397879e-04,1.201385966720031409e-04,1.116420410928548263e-04,1.005973779869302883e-04,7.434450429367924894e-05,6.219319375773033846e-05,4.350857815580425536e-05,3.714645636644403788e-05,2.937002333957780022e-05,2.745755579132034760e-05,2.667951577804298985e-05,2.760851074921037837e-05,3.185734450186555530e-05,3.509550179903929380e-05,4.335032924009232574e-05,4.799952204886785180e-05,5.688790796502048337e-05,6.044689234291177179e-05,6.440956065716948011e-05,6.458147334137561389e-05,6.173481496210943623e-05,5.919369032159960738e-05,5.330188668559952001e-05,5.045127618525193681e-05,4.578212140320667752e-05,4.413758865601876032e-05,4.237518686197672482e-05,4.223027524653105973e-05,4.322632211013879627e-05,4.425215762141369250e-05,4.697496602778584215e-05,4.847413470484272270e-05,5.123693944575032685e-05,5.231618950476908713e-05,5.353649541820615755e-05,5.363272864795085894e-05,5.290559285758605814e-05,5.219858622282710784e-05,5.047415945995468566e-05,4.960823469274687524e-05,4.816727976354566454e-05,4.766781310387350036e-05,4.720203511739541440e-05,4.723360893847927114e-05,4.773669799826041902e-05,4.814761477714012312e-05,4.910616235492023911e-05,4.957843424996697746e-05,5.034093338175335292e-05,5.058182298236916542e-05,5.073179538964524629e-05,5.064898931177890841e-05,5.024768074003694001e-05,4.997514615330886497e-05,4.941429808627491359e-05,4.917097597098118826e-05,4.883475524754564206e-05,4.875715857862545841e-05,4.878520686636266413e-05,4.887693499744795271e-05,4.916008524559570833e-05,4.932292533108109970e-05,4.962459974490251524e-05,4.974057830797723847e-05,4.986558994639865572e-05,4.987073058118304293e-05,4.978163950072672303e-05,4.960793783580479815e-05
8.800000000000000000e+01,-3.855839111808358590e-04,1.382153601115257945e-05,3.156833133720359820e-05,9.382619269223340481e-05,1.479895368799333689e-04,3.352784947258548981e-04,4.822515515130082779e-04,9.087418733069051093e-04,1.179279652106833250e-03,1.735933799401640637e-03,1.941943516116925901e-03,2.010955671447476646e-03,1.840015718564836939e-03,1.200383540248368356e-03,8.394003458846901588e-04,2.916554667378064292e-04,1.435951419442909802e-04,2.696734580966727961e-05,1.145559357931878568e-05,3.072488195524655883e-06,1.901895661783950791e-06,9.689012029393223417e-07,8.354971878933689818e-07,8.737216841073073073e-07,1.034243855597136771e-06,1.818481195440320875e-06,2.629065975698514912e-06,6.097335997219677228e-06,9.508317272837211662e-06,2.255514728844115833e-05,3.335881324598036560e-05,6.330824103717951198e-05,7.990144549390690732e-05,1.051212974898287902e-04,1.098931331964777321e-04,1.019981996314869681e-04,9.175302144308209243e-05,6.748297904027973030e-05,5.629574122969967795e-05,3.916665590604669067e-05,3.335912194194553138e-05,2.628222696229344513e-05,2.454595509735266320e-05,2.383982570768007278e-05,2.468231386795657336e-05,2.854132859425465366e-05,3.148791388128170405e-05,3.901802434419087296e-05,4.326937659815096107e-05,5.141500750058806317e-05,5.468250238148712142e-05,5.832416045791871369e-05,5.848211232228916513e-05,5.586514614355607292e-05,5.353083006241803532e-05,4.812497258355321944e-05,4.551288796333230599e-05,4.123960609122071224e-05,3.973612118918191331e-05,3.812584025006914012e-05,3.799345723205050729e-05,3.890325089714406076e-05,3.984063362951400849e-05,4.233034184274349354e-05,4.370216074857575551e-05,4.623203557435726259e-05,4.722089286829085717e-05,4.833937498572123863e-05,4.842758519381796644e-05,4.776101336832365213e-05,4.711304785257720102e-05,4.553322788959960569e-05,4.474024373104503946e-05,4.342115951750660178e-05,4.296408127394801130e-05,4.253789749150281747e-05,4.256678075683793718e-05,4.302709517913839467e-05,4.340313417181647024e-05,4.428052232570065232e-05,4.471290863658277867e-05,4.541114964973854036e-05,4.563177359436561970e-05,4.576913563223903008e-05,4.569328850598361382e-05,4.532573784694557406e-05,4.507615611134651971e-05,4.456261167687158636e-05,4.433984105104468287e-05,4.403204701679405090e-05,4.396101552308950876e-05,4.398668941066395492e-05,4.407065667689347545e-05,4.432986677190258601e-05,4.447894976352556075e-05,4.475515886952550039e-05,4.486135444167966332e-05,4.497582541724073771e-05,4.498053254601853393e-05,4.489895219940258104e-05,4.473990134742082030e-05
8.900000000000000000e+01,-3.662733968548867024e-04,1.384417241356199549e-05,3.160942106467638660e-05,9.384529802960555863e-05,1.479169440021030476e-04,3.344158980176710916e-04,4.803657813777679488e-04,9.020330878131045541e-04,1.167883059528151708e-03,1.709596995836337513e-03,1.905875034674794520e-03,1.956732058189003184e-03,1.780959152922203474e-03,1.146765332342364460e-03,7.954887682529070483e-04,2.710129594503598725e-04,1.318825726343946772e-04,2.414600613121127039e-05,1.013149309757685078e-05,2.669615925617269212e-06,1.640299071058030130e-06,8.279356113463838020e-07,7.125209107812415649e-07,7.455715956033895191e-07,8.845606003112763301e-07,1.567261685140415237e-06,2.277339509172422293e-06,5.343677084141459227e-06,8.385482011979614441e-06,2.014078496350032131e-05,2.996051432444988248e-05,5.741242694240960643e-05,7.272201062316608310e-05,9.608924009900805243e-05,1.005213961569355525e-04,9.318740107198649533e-05,8.368623772221113607e-05,6.125472289769857710e-05,5.095750804799854816e-05,3.525803081221533502e-05,2.995792926533861296e-05,2.351906167587480530e-05,2.194309868269289339e-05,2.130238204050384021e-05,2.206625947993141271e-05,2.557047285162345786e-05,2.825115977030508369e-05,3.511867400517415354e-05,3.900536284863037042e-05,4.646862291295751927e-05,4.946781652141073920e-05,5.281370235525183632e-05,5.295879693079758813e-05,5.055355322518929407e-05,4.840971186884400002e-05,4.345085906270438085e-05,4.105788656615468784e-05,3.714779696859849857e-05,3.577357139739300836e-05,3.430261118571976226e-05,3.418170137593914233e-05,3.501252743249357730e-05,3.586889373334296426e-05,3.814494875492606884e-05,3.939995392639368023e-05,4.171601454308219775e-05,4.262184484507655809e-05,4.364676720013154409e-05,4.372760521818819766e-05,4.311669255442786676e-05,4.252297290559758046e-05,4.107596180397116549e-05,4.034993852364575145e-05,3.914269033745022136e-05,3.872449742704656486e-05,3.833463002646958235e-05,3.836104617470988305e-05,3.878212827542040558e-05,3.912617244187512836e-05,3.992909195948735101e-05,4.032487189740741095e-05,4.096412559529343878e-05,4.116614312727091829e-05,4.129192673689826209e-05,4.122246949993165497e-05,4.088591327988655693e-05,4.065740301440070150e-05,4.018727876230990693e-05,3.998336986632425403e-05,3.970166271571884137e-05,3.963665561986136343e-05,3.966015083533874948e-05,3.973699653746942022e-05,3.997423708254914301e-05,4.011069441010238447e-05,4.036353072129061090e-05,4.046074655288274795e-05,4.056554195196431910e-05,4.056985116262411739e-05,4.049516525498806328e-05,4.034956240742110624e-05
9.000000000000000000e+01,-3.479695992246108508e-04,1.386679619003931916e-05,3.165045322287512010e-05,9.386422977319844145e-05,1.478441646068374949e-04,3.335551769879809936e-04,4.784869787179039480e-04,8.953732969219838338e-04,1.156596018044721936e-03,1.683659129459180032e-03,1.870475852336107424e-03,1.903970045071231958e-03,1.723797650653773918e-03,1.095541913785447489e-03,7.538742102349481290e-04,2.518314318752044303e-04,1.211253422035660785e-04,2.161983426539321575e-05,8.960438487938147609e-06,2.319569048119310677e-06,1.414683702996219743e-06,7.074790647170598433e-07,6.076453781448764961e-07,6.362174214369592344e-07,7.565405245471361860e-07,1.350747527057132979e-06,1.972668177652788651e-06,4.683173474503109224e-06,7.395241460969863723e-06,1.798486061764385021e-05,2.690840122164062185e-05,5.206567708557164817e-05,6.618766726295950784e-05,8.783321102000393125e-05,9.194887562963581029e-05,8.513768732027328194e-05,7.632866539681942234e-05,5.560129027414300457e-05,4.612546733714803461e-05,3.173946281704432106e-05,2.690350912834115361e-05,2.104639808059652339e-05,1.961624771577489103e-05,1.903501496441564874e-05,1.972747633975158784e-05,2.290885020860325937e-05,2.534712071819639808e-05,3.160901067481805982e-05,3.516154626500981369e-05,4.199810160622995375e-05,4.475041430262029045e-05,4.782386691894559890e-05,4.795712382735245341e-05,4.574697597557015553e-05,4.377850999778983530e-05,3.923071271920018817e-05,3.703895677204774479e-05,3.346197553194925822e-05,3.220617041348519932e-05,3.086276961967722270e-05,3.075236329928837794e-05,3.151091320787222485e-05,3.229309626635911215e-05,3.437338125153054005e-05,3.552126934948076275e-05,3.764112228983693565e-05,3.847071445702314116e-05,3.940969668897925443e-05,3.948376259269080566e-05,3.892398568494859950e-05,3.838009078034962255e-05,3.705501579681516697e-05,3.639044514422033532e-05,3.528579336875163402e-05,3.490326140791010336e-05,3.454669383593509443e-05,3.457084841876741305e-05,3.495595800177635736e-05,3.527066086373250491e-05,3.600527163288434924e-05,3.636746500526068238e-05,3.695258631964841228e-05,3.713752603484905563e-05,3.725268194350366208e-05,3.718909027309311773e-05,3.688098255611696637e-05,3.667181069642373075e-05,3.624152986577848555e-05,3.605492661291182475e-05,3.579715186152304099e-05,3.573767125204400713e-05,3.575916799190533360e-05,3.582948074870129056e-05,3.604656625481232699e-05,3.617143981319328712e-05,3.640283041608528272e-05,3.649180631100400803e-05,3.658772292185988751e-05,3.659166699129492084e-05,3.652330787126412950e-05,3.639004521314374418e-05
9.100000000000000000e+01,-3.306393801072474116e-04,1.388955647135093436e-05,3.169142786434977696e-05,9.388298830359439193e-05,1.477711995478160883e-04,3.326963292746912271e-04,4.766151202141063591e-04,8.887621476170397663e-04,1.145417481101953117e-03,1.658114167743800216e-03,1.835733561482670237e-03,1.852630248316778673e-03,1.668470414292357387e-03,1.046606333687557459e-03,7.144365212797190853e-04,2.340074852758820031e-04,1.112455294711080667e-04,1.935795008757156162e-05,7.924740085146894306e-06,2.015421024016553816e-06,1.220100549171438363e-06,6.045477167597197027e-07,5.182063688030386778e-07,5.429023521520063948e-07,6.470483948661266693e-07,1.164144279027911223e-06,1.708756812008845657e-06,4.104310846717777825e-06,6.521937698032883018e-06,1.605971073822707804e-05,2.416720814400904159e-05,4.721685881068770230e-05,6.024045282026422839e-05,8.028653520899430756e-05,8.410741569508820101e-05,7.778331593695774491e-05,6.961795306553237228e-05,5.046962957863367289e-05,4.175162034569926189e-05,2.857202688799224998e-05,2.416050619364452185e-05,1.883369487438004211e-05,1.753613492417709909e-05,1.700897866195615928e-05,1.763657712210034510e-05,2.052427315389827216e-05,2.274159625128831068e-05,2.845009073744079542e-05,3.169651885381663059e-05,3.795766389277807585e-05,4.048287410099595364e-05,4.330546666876167790e-05,4.342782762796644751e-05,4.139739893117356032e-05,3.959035657185254855e-05,3.542044294704794691e-05,3.341341466471720902e-05,3.014186015699740848e-05,2.899451396765729367e-05,2.776787033730726290e-05,2.766707688977958213e-05,2.835949390602560648e-05,2.907377006310584919e-05,3.097472315924214292e-05,3.202441453909924502e-05,3.396426932987495987e-05,3.472387777032437482e-05,3.558394230589591138e-05,3.565178913640340043e-05,3.513897816236896199e-05,3.464083360752128870e-05,3.342767900654233446e-05,3.281948923263580632e-05,3.180892998785791320e-05,3.145909239052140614e-05,3.113304972549707766e-05,3.115513176095571161e-05,3.150726737368602553e-05,3.179507023183444350e-05,3.246704093635434905e-05,3.279842747094970350e-05,3.333388634533770208e-05,3.350315587033063413e-05,3.360855960479595429e-05,3.355035061046652460e-05,3.326834689073557196e-05,3.307691768732000772e-05,3.268318740780600147e-05,3.251245742684353082e-05,3.227663208645037418e-05,3.222221971703486711e-05,3.224188380789553979e-05,3.230620534153859835e-05,3.250480587376516602e-05,3.261905469556459960e-05,3.283077356388771923e-05,3.291219059726741957e-05,3.299996198562763156e-05,3.300357108881001294e-05,3.294101613495213415e-05,3.281907378279997744e-05
9.200000000000000000e+01,-3.142505588374562044e-04,1.391240155303765909e-05,3.173234540596210629e-05,9.390157416556851834e-05,1.476980490236853199e-04,3.318393448804231077e-04,4.747501660222949987e-04,8.821992311148312265e-04,1.134346313892689887e-03,1.632955946740102500e-03,1.801635683268672326e-03,1.802673905888035454e-03,1.614918126987058148e-03,9.998560100030631868e-04,6.770615110322909889e-04,2.174448963948580945e-04,1.021714912405656897e-04,1.733268702230856629e-05,7.008745183564402213e-06,1.751151334702775748e-06,1.052279918589693608e-06,5.165911137681696366e-07,4.419311761163623870e-07,4.632732654506581393e-07,5.534019565028381119e-07,1.003318505509039581e-06,1.480150531255367777e-06,3.596993854198832913e-06,5.751755372904111992e-06,1.434061846068864204e-05,2.170524100026050224e-05,4.281956394232527656e-05,5.482756668800134285e-05,7.338820741127716836e-05,7.693461148309274980e-05,7.106416603336714521e-05,6.349717891472258808e-05,4.581154587806875265e-05,3.779248612185791669e-05,2.572065831855181641e-05,2.169714897395431290e-05,1.685360494849109068e-05,1.567658082117550158e-05,1.519857163826050274e-05,1.576727343305264848e-05,1.838788648270448878e-05,2.040388168705984263e-05,2.560683837669734154e-05,2.857292669157475082e-05,3.430590328892211280e-05,3.662226373539240101e-05,3.921392654655472300e-05,3.932626090476877339e-05,3.746133841229094645e-05,3.580283521195215101e-05,3.198021219602738014e-05,3.014272664663108755e-05,2.715114060223568996e-05,2.610310272135543284e-05,2.498329976722462112e-05,2.489130164096516528e-05,2.552322298561511332e-05,2.617535427989196211e-05,2.791207788248323144e-05,2.887177462260111802e-05,3.064654705717582235e-05,3.134193085313762310e-05,3.212954638697590980e-05,3.219168357928116949e-05,3.172199665877120916e-05,3.126584953429853257e-05,3.015539377126708357e-05,2.959891741861398785e-05,2.867462794321464165e-05,2.835475668683284153e-05,2.805668757059696494e-05,2.807687078737225624e-05,2.839878927537222699e-05,2.866193705170497685e-05,2.927648170590602117e-05,2.957961884028718338e-05,3.006952866619629593e-05,3.022442357096142770e-05,3.032088099536007315e-05,3.026761017259360382e-05,3.000955253990754889e-05,2.983439742701416266e-05,2.947418772780496321e-05,2.931801319626804563e-05,2.910231304888589304e-05,2.905254739215732372e-05,2.907053135990097592e-05,2.912935998022051680e-05,2.931101187815369786e-05,2.941551827618973502e-05,2.960919760729282743e-05,2.968368246909986255e-05,2.976398365141035788e-05,2.976728555389399501e-05,2.971005384746030261e-05,2.959849334717456516e-05
9.300000000000000000e+01,-2.987718736526380568e-04,1.393566311924654671e-05,3.177320517096135196e-05,9.391998740716892046e-05,1.476247151870398882e-04,3.309842367016882394e-04,4.728921261850084446e-04,8.756843163409872054e-04,1.123381686917936063e-03,1.608179062968956166e-03,1.768170872970318544e-03,1.754064617151941804e-03,1.563084782856225549e-03,9.551941630160567381e-04,6.416419343141708219e-04,2.020546785889923034e-04,9.383766012476359771e-05,1.551932412303556538e-05,6.198633285035371008e-06,1.521535457304243159e-06,9.075435522290747729e-07,4.414320360902304792e-07,3.768834899000109151e-07,3.953241365742829819e-07,4.733094595513751349e-07,8.647117788794858595e-07,1.282129904419651491e-06,3.152387652504849615e-06,5.072529885541160900e-06,1.280555603106468040e-05,1.949409668226993742e-05,3.883181801625647895e-05,4.990109043514980199e-05,6.708264003448980925e-05,7.037356318177165641e-05,6.492548153156290714e-05,5.791458165911773665e-05,4.158341079622454974e-05,3.420880733336469299e-05,2.315386388360249782e-05,1.948496761037767826e-05,1.508170630676065058e-05,1.401422892040803895e-05,1.358087366642817245e-05,1.409611033150034651e-05,1.647389248750108807e-05,1.830648768623606426e-05,2.304775515200776365e-05,2.575717608596178815e-05,3.100548949371738838e-05,3.312984318070598877e-05,3.550898686996835319e-05,3.561209712272481740e-05,3.389954506430287824e-05,3.237768351792481457e-05,2.887413937333060693e-05,2.719221387760680734e-05,2.445718510589548226e-05,2.350005061432184489e-05,2.247798585858858025e-05,2.239403265373845348e-05,2.297063073731402724e-05,2.356590656376375114e-05,2.515227456105999628e-05,2.602951757974295791e-05,2.765293164391622758e-05,2.828939325805505337e-05,2.901051782794631610e-05,2.906741460637800919e-05,2.863731237404143221e-05,2.821970622025708753e-05,2.720345981406573294e-05,2.669440191299432595e-05,2.584918671409350277e-05,2.555677339900080426e-05,2.528433225398678524e-05,2.530277631418974011e-05,2.559701206248006251e-05,2.583756889882476721e-05,2.639948285180912990e-05,2.667672328071418394e-05,2.712486896884469534e-05,2.726658157043988350e-05,2.735483435697841446e-05,2.730609257664432053e-05,2.706999506186613755e-05,2.690976265377865388e-05,2.658028574729920119e-05,2.643745434934008376e-05,2.624020139884987403e-05,2.619469474196675553e-05,2.621113886528911047e-05,2.626493290430243800e-05,2.643104935241841072e-05,2.652662497804904578e-05,2.670376637720870165e-05,2.677189565865561831e-05,2.684534771448465144e-05,2.684836796234857685e-05,2.679601700307352894e-05,2.669397491302172775e-05
9.400000000000000000e+01,-2.841729447904515647e-04,1.395890805466477695e-05,3.181400757663849872e-05,9.393822857340502976e-05,1.475511982334256841e-04,3.301309947103496100e-04,4.710409609219147822e-04,8.692169990314960052e-04,1.112522483988439073e-03,1.583777527065872905e-03,1.735327092931383559e-03,1.706765644668538449e-03,1.512914764047479117e-03,9.125271134039300179e-04,6.080751828195228885e-04,1.877537162755791352e-04,8.618358419716989904e-05,1.389567550041828463e-05,5.482158299779222276e-06,1.322027333926190876e-06,7.827149504873289268e-07,3.772078542755392602e-07,3.214101209849285108e-07,3.373412008824826398e-07,4.048085172895956978e-07,7.452532690798287056e-07,1.110601194881280073e-06,2.762736724451421606e-06,4.473513808546825555e-06,1.143481015740405301e-05,1.750820313435141710e-05,3.521544359150717562e-05,4.541727315300340593e-05,6.131884518201683267e-05,6.437203992920174965e-05,5.931706450588574179e-05,5.282279443468871835e-05,3.774550388370109290e-05,3.096494847136624937e-05,2.084322085992517358e-05,1.749833250929447260e-05,1.349609444919281850e-05,1.252815243920420325e-05,1.213535831555260808e-05,1.260207157358187195e-05,1.475912465321790878e-05,1.642469141544330860e-05,2.074441834428532349e-05,2.321890454260236696e-05,2.802259071903938185e-05,2.997046856768279541e-05,3.215408755176288151e-05,3.224871397631483110e-05,3.067640117230050053e-05,2.928020319511418119e-05,2.606974089111168281e-05,2.453050895074362090e-05,2.203052372669458492e-05,2.115657794177666943e-05,2.022390180094109109e-05,2.014730523104875121e-05,2.067332278229988161e-05,2.121659536403417692e-05,2.266534433244423146e-05,2.346706188291561865e-05,2.495173615897909765e-05,2.553415419898763397e-05,2.619427161763875425e-05,2.624635986695779931e-05,2.585258397505790871e-05,2.547033763042148976e-05,2.454049055801421891e-05,2.407490167088412961e-05,2.330214684329609629e-05,2.303488661412723222e-05,2.278591854245237865e-05,2.280277008037364436e-05,2.307165135319809955e-05,2.329151385295686640e-05,2.380520433748622858e-05,2.405871089349666302e-05,2.446857266797259614e-05,2.459819949013423426e-05,2.467892975404446191e-05,2.463434071203599897e-05,2.441837687010696249e-05,2.427182448269535808e-05,2.397051720152726818e-05,2.383991445978410036e-05,2.365956628804557474e-05,2.361796226876567437e-05,2.363299547301689124e-05,2.368217619864174464e-05,2.383405619238817457e-05,2.392144717350654700e-05,2.408343113755414449e-05,2.414573496518321620e-05,2.421290894732237506e-05,2.421567102820041013e-05,2.416779395021868056e-05,2.407447640103869491e-05
9.500000000000000000e+01,-2.704242392248994500e-04,1.398213636765881273e-05,3.185475267537823821e-05,9.395629804225094682e-05,1.474774990070350992e-04,3.292796165161166713e-04,4.691966471643361841e-04,8.627969360664278047e-04,1.101767697693173224e-03,1.559745662559781096e-03,1.703092829449163233e-03,1.660741679691696889e-03,1.464354706147698868e-03,8.717657723702347582e-04,5.762643393113649724e-04,1.744649183814717976e-04,7.915381963314452383e-05,1.244189338349904013e-05,4.848497256887580875e-06,1.148679184008048922e-06,6.750559095437076371e-07,3.223276548676217920e-07,2.741018372766530764e-07,2.878627071780130373e-07,3.462215226333257949e-07,6.422977006347312286e-07,9.620202309010153843e-07,2.421248388363760398e-06,3.945235299900159889e-06,1.021079214099198697e-05,1.572461408226756693e-05,3.193585585008489221e-05,4.133634099713569179e-05,5.605027446414290789e-05,5.888232609943926392e-05,5.419311029657530019e-05,4.817866674497537759e-05,3.426181007497463194e-05,2.802868662754226851e-05,1.876316699896726347e-05,1.571424793172544873e-05,1.207718443305518582e-05,1.119965929419170858e-05,1.084369913418215155e-05,1.126638410949850439e-05,1.322284582435555907e-05,1.473633106260956649e-05,1.867126968751282520e-05,2.093076801377188705e-05,2.532666081477041083e-05,2.711238007907100685e-05,2.911615729368863693e-05,2.920298261914334287e-05,2.775970878352755980e-05,2.647904742552245464e-05,2.353771715988536633e-05,2.212934244169529815e-05,1.984463576294243558e-05,1.904679933386417470e-05,1.819585475854544870e-05,1.812598367351191467e-05,1.860576837817102874e-05,1.910148780301319836e-05,2.042430732430739349e-05,2.115686316463518454e-05,2.251439690584993748e-05,2.304725884885668085e-05,2.365141514415475136e-05,2.369909228071222403e-05,2.333864387519727192e-05,2.298883031266046872e-05,2.213819948733729065e-05,2.171244884333973146e-05,2.100607661408362969e-05,2.076185218143983486e-05,2.053437796692832119e-05,2.054977161911324558e-05,2.079543678462327438e-05,2.099634717023419767e-05,2.146586368613527746e-05,2.169762415432722720e-05,2.207240126118545365e-05,2.219095047195505021e-05,2.226478539347164203e-05,2.222400306648922427e-05,2.202649359470327303e-05,2.189247879509783430e-05,2.161698509715534195e-05,2.149758673862203111e-05,2.133272591290920166e-05,2.129469706811654281e-05,2.130843781426644198e-05,2.135339232909547755e-05,2.149222959741612900e-05,2.157212165306422562e-05,2.172021701388014833e-05,2.177718266927711633e-05,2.183860349898818611e-05,2.184112900244813797e-05,2.179735180055450286e-05,2.171202907615642479e-05
9.600000000000000000e+01,-2.574970369726222071e-04,1.400534806659134933e-05,3.189544051952384555e-05,9.397419619103117251e-05,1.474036183497027380e-04,3.284300997218519221e-04,4.673591619060923018e-04,8.564237867573177513e-04,1.091116330178014968e-03,1.536077878666536290e-03,1.671456782060399496e-03,1.615958364588028408e-03,1.417352956453146913e-03,8.328250295224649130e-04,5.461175557909590892e-04,1.621166497493469816e-04,7.269744477495090418e-05,1.114020644368558365e-05,4.288078144823155927e-06,9.980608646226879488e-07,5.822048491376549499e-07,2.754319850497210717e-07,2.337568292341395820e-07,2.456413001063976337e-07,2.961136622563090119e-07,5.535652346407016200e-07,8.333169893997324600e-07,2.121969560135196498e-06,3.479341031337526702e-06,9.117795992057858324e-06,1.412272076866576478e-05,2.896169073290149536e-05,3.762209384924002477e-05,5.123437882070732427e-05,5.386077514883303601e-05,4.951177081785647772e-05,4.394284170949343911e-05,3.109963818658003352e-05,2.537085435450314166e-05,1.689069097883259189e-05,1.411206266936372014e-05,1.080745033124022765e-05,1.001203948029452022e-05,9.689520254726785749e-06,1.007226459384441466e-05,1.184647733028741916e-05,1.322152286568770499e-05,1.680530508613029472e-05,1.886811703695796144e-05,2.289009226136783613e-05,2.452684654045085891e-05,2.636524929723073601e-05,2.644490297119361875e-05,2.512033122009351077e-05,2.394586817166432157e-05,2.125161423768351984e-05,1.996321200429073523e-05,1.787563185452515041e-05,1.714741070075581067e-05,1.637117816456168623e-05,1.630745401341108635e-05,1.674499006858442282e-05,1.719723621853842766e-05,1.840485123321463495e-05,1.907408857450190037e-05,2.031514027869195339e-05,2.080257235791526239e-05,2.135540906126310820e-05,2.139904065529712497e-05,2.106916070855401968e-05,2.074908770183559489e-05,1.997106900749549396e-05,1.958181997579653243e-05,1.893624721714947138e-05,1.871311427785015812e-05,1.850531670222909817e-05,1.851937604681645148e-05,1.874378837878835219e-05,1.892734649692440446e-05,1.935640853876333437e-05,1.956824917894806407e-05,1.991088152968043304e-05,2.001927973206287068e-05,2.008679577636548162e-05,2.004950209872526502e-05,1.986890353166152409e-05,1.974637642341382565e-05,1.949453142152833746e-05,1.938539640933248831e-05,1.923472081443263664e-05,1.919996634278131088e-05,1.921252343863510612e-05,1.925360732545495493e-05,1.938049847432344415e-05,1.945352158303615244e-05,1.958889412757855246e-05,1.964096935162636050e-05,1.969711937449753533e-05,1.969942813843914594e-05,1.965940713592978333e-05,1.958140872672804169e-05
9.700000000000000000e+01,-2.453633989055171950e-04,1.402854315982153132e-05,3.193607116137761300e-05,9.399192339642171924e-05,1.473295571009112181e-04,3.275824419236510838e-04,4.655284822034336961e-04,8.500972128303171341e-04,1.080567393055897451e-03,1.512768668998127133e-03,1.640407859596347637e-03,1.572382267226309863e-03,1.371859519077548752e-03,7.956235752260222734e-04,5.175477883676842146e-04,1.506423450193620237e-04,6.676769129627762017e-05,9.974702562443222859e-06,3.792435321763710327e-06,8.671919975035522095e-07,5.021250104373211134e-07,2.353591777356904037e-07,1.993501797742727732e-07,2.096125746921272993e-07,2.532577780692073753e-07,4.770909850129018658e-07,7.218321633325141227e-07,1.859682976709201453e-06,3.068464105645277379e-06,8.141796904400489367e-06,1.268401383410953324e-05,2.626450500509204295e-05,3.424158421711325753e-05,4.683226491208436308e-05,4.926746261797512456e-05,4.523481279590190721e-05,4.007942254817266044e-05,2.822931415425572726e-05,2.296504994157041839e-05,1.520507784232418089e-05,1.267323100970102500e-05,9.671208764088721479e-06,8.950354895750618853e-06,8.658188783560057371e-06,9.004708503648122062e-06,1.061337431487935964e-05,1.186242694972930336e-05,1.512581936545347172e-05,1.700873120244212472e-05,2.068793346727003423e-05,2.218787660884316841e-05,2.387424607073720039e-05,2.394730823339593956e-05,2.273190202564239490e-05,2.165502930194840889e-05,1.918754745613342281e-05,1.800911152457574434e-05,1.610199290745495913e-05,1.543743183030605952e-05,1.472947839560980257e-05,1.467137102462653139e-05,1.507030833542701790e-05,1.548282044913602351e-05,1.658506757735907786e-05,1.719634985472223514e-05,1.833071022960613364e-05,1.877650521191610942e-05,1.928229031209310038e-05,1.932221252570602045e-05,1.902036354156714766e-05,1.872755568743444737e-05,1.801607940218367889e-05,1.766026671170704485e-05,1.707036642932503127e-05,1.686654013823644916e-05,1.667675128673275025e-05,1.668958971431922216e-05,1.689455112217241222e-05,1.706222558239166775e-05,1.745424837417601602e-05,1.764784647542523761e-05,1.796103474729663307e-05,1.806013328710859072e-05,1.812186012438611474e-05,1.808776282957442853e-05,1.792265703729617465e-05,1.781065309487635034e-05,1.758046822644069706e-05,1.748073229024011289e-05,1.734304615354128861e-05,1.731128983864209793e-05,1.732276319171255330e-05,1.736030296913977622e-05,1.747625504121860622e-05,1.754298777512916302e-05,1.766670824914379776e-05,1.771430431030826210e-05,1.776562659836994156e-05,1.776773684496418901e-05,1.773115634210676510e-05,1.765986635138996181e-05
9.800000000000000000e+01,-2.339961360096803661e-04,1.405172186217233687e-05,3.197709053917463669e-05,9.400948019013788382e-05,1.472553154354434163e-04,3.267366331823283432e-04,4.637045689525503872e-04,8.438168226510001091e-04,1.070119814670281340e-03,1.489812407289374616e-03,1.609934907306928738e-03,1.529980483360298630e-03,1.327825615805594594e-03,7.600834213779659879e-04,4.904723111533871704e-04,1.399800582707079184e-04,6.132155895483977471e-05,8.931125530320540131e-06,3.354077966812322922e-06,7.534820518732561045e-07,4.330592079076882057e-07,2.011162941922871664e-07,1.700075866204256436e-07,1.788679901646448092e-07,2.166040123837689388e-07,4.111809641212311236e-07,6.252614149741418572e-07,1.629814330394410878e-06,2.706104540920405664e-06,7.270263966416870257e-06,1.139185854800485193e-05,2.381848350448362382e-05,3.116479883891429031e-05,4.280834676164023606e-05,4.506583292801080026e-05,4.132727225695121548e-05,3.655563840926560177e-05,2.562388047048849162e-05,2.078735670797549734e-05,1.368766701495920915e-05,1.138108716553076620e-05,8.654416622233215318e-06,8.001243461228519900e-06,7.736621529385733116e-06,8.050293569823106484e-06,9.508615138012634733e-06,1.064302694640613845e-05,1.361416375673788794e-05,1.533256561237801444e-05,1.869761640916511218e-05,2.007193957642190588e-05,2.161857300621197308e-05,2.168557813734024058e-05,2.057054327051340220e-05,1.958332961137429214e-05,1.732393611576939739e-05,1.624627187229494727e-05,1.450432141580641396e-05,1.389796164335112359e-05,1.325239436987790112e-05,1.319941817816403288e-05,1.356309905218490322e-05,1.393930276557284274e-05,1.494520016115350749e-05,1.550344837473866780e-05,1.654010720658868655e-05,1.694774986276697160e-05,1.741040619676463043e-05,1.744692801965697895e-05,1.717077724882365192e-05,1.690295947769871669e-05,1.625244940202491789e-05,1.592725826216260360e-05,1.538832430866355142e-05,1.520216688702996015e-05,1.502885652183500375e-05,1.504057803266932837e-05,1.522774163546802579e-05,1.538088001263373259e-05,1.573899808435090270e-05,1.591589346911791744e-05,1.620211752696609666e-05,1.629269827474667158e-05,1.634912237346073218e-05,1.631795301538447652e-05,1.616703757694452253e-05,1.606467107814405068e-05,1.585432051386543575e-05,1.576319022150246768e-05,1.563739588961054919e-05,1.560838419721306911e-05,1.561886550443354268e-05,1.565316087674307349e-05,1.575909827794243429e-05,1.582007177416611316e-05,1.593312321657985452e-05,1.597661772280176769e-05,1.602351910076063243e-05,1.602544756102060319e-05,1.599201767990256423e-05,1.592687061404728164e-05
9.900000000000000000e+01,-2.233687800340384394e-04,1.407488376891261289e-05,3.201849915560397997e-05,9.402686663467324209e-05,1.471808955112102811e-04,3.258926861543790725e-04,4.618874318393465807e-04,8.375823946491810831e-04,1.059772811487890180e-03,1.467204161228676841e-03,1.580027784067880841e-03,1.488722113209147617e-03,1.285205191109077116e-03,7.261309911424400007e-04,4.648134297898435358e-04,1.300725023618834941e-04,5.631969423743074066e-05,7.996736988632416766e-06,2.966392091654173170e-06,6.546830021702263261e-07,3.734936598610817064e-07,1.718557030374625021e-07,1.449841584152348345e-07,1.526330205433266973e-07,1.852553549430680478e-07,3.543768380424232138e-07,5.416110881455334092e-07,1.428360462413079011e-06,2.386539019568698896e-06,6.492029593217584068e-06,1.023134746975211265e-05,2.160027739305810492e-05,2.836449962677445682e-05,3.913019867739705722e-05,4.122255527750457935e-05,3.775730521137253071e-05,3.334168946182071588e-05,2.325893391411467575e-05,1.881618118540926365e-05,1.232169858607899161e-05,1.022069723255610799e-05,7.744532887850449562e-06,7.152783970662790177e-06,6.913151094880659294e-06,7.197044227675767443e-06,8.518859263640548348e-06,9.548983702590722400e-06,1.225359148472954175e-05,1.382159319762872856e-05,1.689879474123977742e-05,1.815780242678483123e-05,1.957603461130982066e-05,1.963747512954359389e-05,1.861470220627210129e-05,1.770984007868980177e-05,1.564134281017751072e-05,1.465600159375858927e-05,1.306518498527895074e-05,1.251202290467967691e-05,1.192344364610273852e-05,1.187515385567600623e-05,1.220663887023529042e-05,1.254967245496922223e-05,1.346748773498515606e-05,1.397721684975134979e-05,1.492442834043932517e-05,1.529712038437800272e-05,1.572025346922975488e-05,1.575365891027564894e-05,1.550106188376654324e-05,1.525614329732607652e-05,1.466147674730327059e-05,1.436432243973097549e-05,1.387203506857250879e-05,1.370204372034953709e-05,1.354380794853869544e-05,1.355450792865138141e-05,1.372539030872110192e-05,1.386522909095259199e-05,1.419231928484270770e-05,1.435392554378412712e-05,1.461546244282168803e-05,1.469824344727744723e-05,1.474981158804244811e-05,1.472132360547050134e-05,1.458340239562220023e-05,1.448986000188254991e-05,1.429766736685730822e-05,1.421441433481225158e-05,1.409950424523646905e-05,1.407300446593751997e-05,1.408257788666891558e-05,1.411390393972003780e-05,1.421067520127245777e-05,1.426637703997701411e-05,1.436966194678508907e-05,1.440940159260867227e-05,1.445225559478392069e-05,1.445401763026390139e-05,1.442347220887018494e-05,1.436394886432474315e-05
1.000000000000000000e+02,-2.134555554749995021e-04,1.409802909500585018e-05,3.205985327580041172e-05,9.404408326196921476e-05,1.471062974999164227e-04,3.250505908709449047e-04,4.600770318242030288e-04,8.313935415259450035e-04,1.049525329444763507e-03,1.444938463939872842e-03,1.550675729557633113e-03,1.448575971272285379e-03,1.243952508721154170e-03,6.936950648903934379e-04,4.404968092327050618e-04,1.208661698307445919e-04,5.172581395916680180e-05,7.160104866379935710e-06,2.623517166470528674e-06,5.688387562014006558e-07,3.221210836385868075e-07,1.468522489885795874e-07,1.236439197423275412e-07,1.302459817981225891e-07,1.584437114214131814e-07,3.054201033734799554e-07,4.691518432374313860e-07,1.251807270220904426e-06,2.104710991853966017e-06,5.797099587072758681e-06,9.189059051842866010e-06,1.958864998986584800e-05,2.581581743789132500e-05,3.576807811007934519e-05,3.770703386583428712e-05,3.449571853193821383e-05,3.041030583419976406e-05,2.111225714917803337e-05,1.703192209928351903e-05,1.109204669885393928e-05,9.178617179606940023e-06,6.930309317231865291e-06,6.394295350705162754e-06,6.177328635542612620e-06,6.434230062605806591e-06,7.632126807556463902e-06,8.567401154050964356e-06,1.102899105199283488e-05,1.245952082643762534e-05,1.527302894327093089e-05,1.642620317208093360e-05,1.772647502321336352e-05,1.778280431915496671e-05,1.684482031575032144e-05,1.601558121234634632e-05,1.412217063063005238e-05,1.322139406591032931e-05,1.176884032465287948e-05,1.126429231872473342e-05,1.072775916626935258e-05,1.068374863935893935e-05,1.098583871429533875e-05,1.129857545313097365e-05,1.213588356007618278e-05,1.260123347038126247e-05,1.346657174397503619e-05,1.380725299357870813e-05,1.419417462446078576e-05,1.422472456945737579e-05,1.399371114131099918e-05,1.376977130618890419e-05,1.322624515921400003e-05,1.295475570282149879e-05,1.250515228770192897e-05,1.234994892170126622e-05,1.220550055385994010e-05,1.221526643559284436e-05,1.237125806407475570e-05,1.249893111411257141e-05,1.279763214455636577e-05,1.294524618402720329e-05,1.318418546288031108e-05,1.325982575185326415e-05,1.330694801114268885e-05,1.328091508429269166e-05,1.315489027970832879e-05,1.306942558333302616e-05,1.289385267507159533e-05,1.281780864832054220e-05,1.271285850551966785e-05,1.268865717590067759e-05,1.269739990409368973e-05,1.272600897206377368e-05,1.281439249818273484e-05,1.286526999841219768e-05,1.295961641011541036e-05,1.299591931072974801e-05,1.303506869315977559e-05,1.303667839934913612e-05,1.300877320247181075e-05,1.295439717127346122e-05
1.010000000000000000e+02,-2.042313528460747087e-04,1.412115784879639391e-05,3.210115294679087594e-05,9.406113044611780812e-05,1.470315222316918597e-04,3.242103449018402840e-04,4.582733462124246497e-04,8.252499344997498397e-04,1.039376417139892565e-03,1.423010134095504826e-03,1.521868451775619524e-03,1.409512084840508018e-03,1.204023685480250499e-03,6.627079130017366143e-04,4.174522374237491320e-04,1.123114316652729463e-04,4.750664081848164134e-05,6.411001898321862366e-06,2.320273717250516659e-06,4.942506514021935849e-07,2.778145770333459441e-07,1.254865610305505325e-07,1.054447447993377661e-07,1.111424925044895030e-07,1.355124529249681058e-07,2.632266602466365284e-07,4.063864971325526886e-07,1.097076923354763957e-06,1.856164059783123755e-06,5.176556876568044405e-06,8.252949900741386301e-06,1.776436306718539400e-05,2.349614380896060980e-05,3.269483220551854994e-05,3.449131784508796929e-05,3.151587405727959658e-05,2.773664510095338919e-05,1.916370543032514927e-05,1.541685528270661260e-05,9.985107776694449868e-06,8.242784573596893035e-06,6.201688794844407212e-06,5.716237128414734022e-06,5.519825197037166002e-06,5.752265988980171958e-06,6.837694163571448117e-06,7.686719137396327449e-06,9.926773911530237856e-06,1.123167513518256999e-05,1.380367029337289291e-05,1.485973459800266788e-05,1.605166178633322537e-05,1.610329724811328115e-05,1.524321696298874275e-05,1.448340674237960819e-05,1.275054750314379929e-05,1.192721244647922791e-05,1.060111967934735376e-05,1.014098764018763138e-05,9.651977185632222653e-06,9.611873309911365829e-06,9.887131283562534739e-06,1.017220137399237490e-05,1.093594135172915429e-05,1.136070734379700589e-05,1.215112119284196199e-05,1.246249048867046206e-05,1.281624209700248681e-05,1.284417614751844744e-05,1.263293666854908934e-05,1.242821205186476607e-05,1.193150919324037929e-05,1.168350824025843511e-05,1.127295442506043798e-05,1.113127553994936294e-05,1.099943460658285316e-05,1.100834651755251302e-05,1.115072200778447842e-05,1.126726888957163184e-05,1.154000060748890046e-05,1.167481206095985491e-05,1.189307082781769411e-05,1.196217514708562842e-05,1.200522784274046079e-05,1.198144227045825879e-05,1.186630645890219822e-05,1.178823460274146554e-05,1.162787026474769187e-05,1.155842226680485604e-05,1.146258431788003073e-05,1.144048566504473263e-05,1.144846849275425087e-05,1.147459199712339310e-05,1.155530172862074688e-05,1.160176519680731133e-05,1.168793270012969342e-05,1.172109069312091936e-05,1.175684991124281145e-05,1.175832021953492111e-05,1.173283117408301297e-05,1.168316539759429182e-05
1.020000000000000000e+02,-1.956717031837669561e-04,1.414620145907780980e-05,3.214239821556737816e-05,9.407800856056737829e-05,1.469565705343422980e-04,3.233719458105047627e-04,4.564763523714104095e-04,8.191512471211375226e-04,1.029325132202322862e-03,1.401414068595365414e-03,1.493595849357938488e-03,1.371501288630445512e-03,1.165376245878626356e-03,6.331048305083540389e-04,3.956131748041043054e-04,1.043621712549660607e-04,4.363161173598080304e-05,5.740270785723822818e-06,2.052080935835995466e-06,4.294427566836709481e-07,2.396022370325910384e-07,1.072293801864529841e-07,8.992430262854084026e-08,9.484094961551567740e-08,1.158999822765233948e-07,2.268621743034212896e-07,3.520181645116828711e-07,9.614720226875717642e-07,1.636968076027960116e-06,4.622438885648930910e-06,7.412203479278202433e-06,1.610996999453073318e-05,2.138490168618738274e-05,2.988564103542054899e-05,3.154983996958305717e-05,2.879343462672799298e-05,2.529804889556534525e-05,1.739499321065920089e-05,1.395493723043114459e-05,8.988635788159345975e-06,7.402366813031495494e-06,5.549671540728092671e-06,5.110080491925689337e-06,4.932304760982861129e-06,5.142582823034272388e-06,6.125953927441405529e-06,6.896565783765131038e-06,8.934709497495171458e-06,1.012482873622924532e-05,1.247567173501357911e-05,1.344264946600046791e-05,1.453508501495320263e-05,1.458241078430670690e-05,1.379389253775638487e-05,1.309781069874245809e-05,1.151214289650212032e-05,1.075971131928778342e-05,9.549261003999987918e-06,9.129700991516569728e-06,8.684074046163013693e-06,8.647535904856407498e-06,8.898306126817602350e-06,9.158116578357477795e-06,9.854643173754250090e-06,1.024230362689897427e-05,1.096416632143250953e-05,1.124870056704111712e-05,1.157207448611676827e-05,1.159761263342298635e-05,1.140448536105680751e-05,1.121735698101551941e-05,1.076351576464692518e-05,1.053700703784095642e-05,1.016217049308883289e-05,1.003285797834590955e-05,9.912543105924215801e-06,9.920674458948692187e-06,1.005060188985753482e-05,1.015697544085776842e-05,1.040595635600080008e-05,1.052905614583936832e-05,1.072839280464140321e-05,1.079151593001345926e-05,1.083084430155168971e-05,1.080911552446585920e-05,1.070394452432201849e-05,1.063263730620816181e-05,1.048618730500774747e-05,1.042277322577369529e-05,1.033527014358096865e-05,1.031509467026039918e-05,1.032238250018343694e-05,1.034623262251415927e-05,1.041992318874735476e-05,1.046234887391040151e-05,1.054103406191001001e-05,1.057131480139379210e-05,1.060397226430466315e-05,1.060531503475369334e-05,1.058203662415883937e-05,1.053668025761383812e-05
1.030000000000000000e+02,-1.877527537431432456e-04,1.417234969286021201e-05,3.218358949589326164e-05,9.409471812626949328e-05,1.468814425631223444e-04,3.225353837078270554e-04,4.546860118068067700e-04,8.130971015068361781e-04,1.019370452929773026e-03,1.380145053306470072e-03,1.465847763100659208e-03,1.334514877944920509e-03,1.127968748993925935e-03,6.048237557380926497e-04,3.749163827170531849e-04,9.697547237801728930e-05,4.007262609249053376e-05,5.139707197162110943e-06,1.814885497522684965e-06,3.731322002938888740e-07,2.066455681296519228e-07,9.162832081713811160e-08,7.668820343976947423e-08,8.093027292597901670e-08,9.912584234019719727e-08,1.955211280293273068e-07,3.049230712504741835e-07,8.426275872322128158e-07,1.443655383330782332e-06,4.127631199574198842e-06,6.657098754562823430e-06,1.460963616789183873e-05,1.946334657232796483e-05,2.731779528962813481e-05,2.885919040546410332e-05,2.630614414477885151e-05,2.307383197613352204e-05,1.578950892959041317e-05,1.263163452053602974e-05,8.091599193650941954e-06,6.647629370611568079e-06,4.966199034498700472e-06,4.568196452688956261e-06,4.407314141769970396e-06,4.597515020404182402e-06,5.488293338580800974e-06,6.187629391504029762e-06,8.041781970241109042e-06,9.127049288610759132e-06,1.127542362910514614e-05,1.216069135666158173e-05,1.316178300931071499e-05,1.320515250444444992e-05,1.248235751692580676e-05,1.184475987945084294e-05,1.039400864112681802e-05,9.706481800294462737e-06,8.601760481053897199e-06,8.219254117627206426e-06,7.813224439439406211e-06,7.779940229450389407e-06,8.008366426922355593e-06,8.245119212255396391e-06,8.880249975875973345e-06,9.233991663196313392e-06,9.893146470027480710e-06,1.015311804125141118e-05,1.044867695546282892e-05,1.047202111134119492e-05,1.029548069233357575e-05,1.012446282370717482e-05,9.709849150488773133e-06,9.503002219240450641e-06,9.160828663839641660e-06,9.042821396976463135e-06,8.933041931384963366e-06,8.940459963062435565e-06,9.059009394025605792e-06,9.156082641835803322e-06,9.383345930917444226e-06,9.495734091870939274e-06,9.677760886928017453e-06,9.735411565657070901e-06,9.771332224233798824e-06,9.751485474710923406e-06,9.655431771589525689e-06,9.590313169912224964e-06,9.456590943954441050e-06,9.398695508024905009e-06,9.318814802169821370e-06,9.300397993999609579e-06,9.307050307712677909e-06,9.328821517959470181e-06,9.396092944123591792e-06,9.434825738176408003e-06,9.506667199729465717e-06,9.534316070092035619e-06,9.564136200679578415e-06,9.565362306777360456e-06,9.544106103626429603e-06,9.502691650746460149e-06
1.040000000000000000e+02,-1.804512448384303568e-04,1.419847527805596769e-05,3.222472610059392531e-05,9.411125921759905331e-05,1.468061404801169903e-04,3.217006710536320004e-04,4.529023339166527188e-04,8.070872837156724353e-04,1.009511632159299128e-03,1.359198517077461841e-03,1.438614956842139544e-03,1.298525896666178833e-03,1.091762067016934998e-03,5.778061374603108650e-04,3.553024688240168203e-04,9.011164644648212417e-05,3.680396641853964242e-05,4.601980315840079657e-06,1.605108538419445152e-06,3.242057249910575752e-07,1.782222228284200110e-07,7.829719988222574693e-08,6.540043367232522761e-08,6.906001898305830916e-08,8.477952529028641611e-08,1.685100612158817266e-07,2.641289561065450400e-07,7.384739288880150243e-07,1.273172666290702231e-06,3.685793434172085796e-06,5.978924094558919766e-06,1.324903979362101612e-05,1.771446718692093122e-05,2.497060241433179712e-05,2.639802444509496931e-05,2.403373253182457844e-05,2.104518444353634392e-05,1.433221501752546994e-05,1.143382548108101628e-05,7.284090070262426095e-06,5.969849320070419116e-06,4.444074721617741587e-06,4.083778682010115414e-06,3.938206701194479084e-06,4.110223261971233857e-06,4.917012252052840957e-06,5.551573373125035828e-06,7.238099003385392452e-06,8.227605630752065410e-06,1.019065612408863626e-05,1.100099594605652474e-05,1.191824254716930998e-05,1.195798093711359505e-05,1.129553334186319288e-05,1.071159541408611758e-05,9.384482523759179453e-06,8.756356355140961422e-06,7.748279719926008408e-06,7.399606545259440876e-06,7.029710668460443677e-06,6.999395209941099497e-06,7.207437706089730436e-06,7.423147275480276776e-06,8.002208101311582625e-06,8.324950706063255186e-06,8.926755092683206572e-06,9.164248776453168743e-06,9.434344665636531027e-06,9.455680153519480493e-06,9.294326398514088372e-06,9.138055573194191943e-06,8.759335732582280683e-06,8.570472195873528537e-06,8.258162132136331055e-06,8.150487833891943007e-06,8.050336209162539886e-06,8.057102501206450705e-06,8.165254220811801397e-06,8.253827087001023395e-06,8.461236120352381941e-06,8.563829393288429400e-06,8.730024593125312610e-06,8.782669373867598448e-06,8.815472683267543651e-06,8.797347673080704519e-06,8.709634041683468912e-06,8.650175868786486944e-06,8.528093545454989164e-06,8.475244398858412928e-06,8.402332992461531563e-06,8.385524063847759864e-06,8.391595375960644735e-06,8.411465915133267907e-06,8.472868189862974454e-06,8.508224248388637345e-06,8.573807411864229266e-06,8.599049385971254626e-06,8.626274621496084379e-06,8.627394032481594272e-06,8.607987273494044139e-06,8.570177804161240422e-06
1.050000000000000000e+02,-1.737444877857338785e-04,1.422576196164027453e-05,3.226580844384695896e-05,9.412763235572698761e-05,1.467306644375209531e-04,3.208677979300163480e-04,4.511252802710940136e-04,8.011214200521622319e-04,9.997476649695753292e-04,1.338569393513839093e-03,1.411887630644196494e-03,1.263507139559089196e-03,1.056717343497253847e-03,5.519953003570701646e-04,3.367146088330314640e-04,8.373362346843424829e-05,3.380192171723093823e-05,4.120511086247604206e-06,1.419578896720823796e-06,2.816946439485967877e-07,1.537083912866803702e-07,6.690563491407565747e-08,5.577411085877352105e-08,5.893080114031164912e-08,7.250952054776473032e-08,1.452305364040462794e-07,2.287924594560595843e-07,6.471942091910152291e-07,1.122822322757353278e-06,3.291251397392099941e-06,5.369836199647823024e-06,1.201515464755668200e-05,1.612273175946785900e-05,2.282508212211276587e-05,2.414674885876008626e-05,2.195761710745220883e-05,1.919489333931305268e-05,1.300942088188852840e-05,1.034959903982831308e-05,6.557166499917502916e-06,5.361173977186639008e-06,3.976843897907572168e-06,3.650728899176050243e-06,3.519029984404856365e-06,3.674579344487320046e-06,4.405195893245929251e-06,4.980900136946259148e-06,6.514734234198613083e-06,7.416798784942783785e-06,9.210249284077404392e-06,9.951893091805167485e-06,1.079219219479398925e-05,1.082859848865950873e-05,1.022155159201043910e-05,9.686837606640502163e-06,8.473006613242747972e-06,7.899233832664236902e-06,6.979482067831591649e-06,6.661695958834246188e-06,6.324767436182273045e-06,6.297160045535551238e-06,6.486610464886478130e-06,6.683118695953026590e-06,7.210982652864169522e-06,7.505399648876861802e-06,8.054762886426408870e-06,8.271690274277044164e-06,8.518480500855279492e-06,8.537977321776922795e-06,8.390525675475146977e-06,8.247751340365104371e-06,7.901868927627812497e-06,7.729450661809648222e-06,7.444439574142200757e-06,7.346207872487486770e-06,7.254853110417048678e-06,7.261024033842946711e-06,7.359675586292307873e-06,7.440480595313352400e-06,7.629742154120538935e-06,7.723380447657678246e-06,7.875098708797119169e-06,7.923165198516553698e-06,7.953117299691739089e-06,7.936567104221926502e-06,7.856481184573293509e-06,7.802199389814532112e-06,7.690760143246988100e-06,7.642524523532225750e-06,7.575984137666441631e-06,7.560644964297452697e-06,7.566185209042602900e-06,7.584318351190258564e-06,7.640355313908396822e-06,7.672624286339437688e-06,7.732485540844360279e-06,7.755526760910359026e-06,7.780379254885915570e-06,7.781401105770314455e-06,7.763685479558111958e-06,7.729172262780828863e-06
1.060000000000000000e+02,-1.676103439066153466e-04,1.425519284984844083e-05,3.230683657250442474e-05,9.414383791153760903e-05,1.466550152538982263e-04,3.200367618756819513e-04,4.493548284851821588e-04,7.951991932345306045e-04,9.900776442680100497e-04,1.318252880814024157e-03,1.385656411064535793e-03,1.229432459395196934e-03,1.022797296362060312e-03,5.273373464407006810e-04,3.190991302478085666e-04,7.780702046745902197e-05,3.104474534499534122e-05,3.689413811178138660e-06,1.255493934770933288e-06,2.447577538318695001e-07,1.325663379478836303e-07,5.717143913112356611e-08,4.756468730563118488e-08,5.028725855703037456e-08,6.201532868574952465e-08,1.251670478834906054e-07,1.981834394381191359e-07,5.671971489491940948e-07,9.902269246549861258e-07,2.938942436579586662e-06,4.822797140848503411e-06,1.089618032915960310e-05,1.467402041103134706e-05,2.086390675529116619e-05,2.208746422587148255e-05,2.006084154544047799e-05,1.750727793609245585e-05,1.180871309171851969e-05,9.368184788492798501e-06,5.902786491242452025e-06,4.814557655096726773e-06,3.558735380102619238e-06,3.263600043419153220e-06,3.144469513404726715e-06,3.285109171344605637e-06,3.946654612532399112e-06,4.468888768483381818e-06,5.863660910638440228e-06,6.685893993365319733e-06,8.324163117253926712e-06,9.002836396811191499e-06,9.772531546017475040e-06,9.805880663868264940e-06,9.249683380215201417e-06,8.760115585325752236e-06,7.650057862770804707e-06,7.126010725075544207e-06,6.286965257309669926e-06,5.997371435622998867e-06,5.690515770325735214e-06,5.665378190676143922e-06,5.837873754972771516e-06,6.016864505399007823e-06,6.497989719680535023e-06,6.766528790536080343e-06,7.267948813023276727e-06,7.466062439555532686e-06,7.691525569559381267e-06,7.709339647288379529e-06,7.574611809981737689e-06,7.444187141302215918e-06,7.128340391853284566e-06,6.970958027221839772e-06,6.710896991138451959e-06,6.621292636277192802e-06,6.537973990725131149e-06,6.543601139739462641e-06,6.633574194111531040e-06,6.707282057574591319e-06,6.879959272511440875e-06,6.965411993499292078e-06,7.103894520783701457e-06,7.147774579449183048e-06,7.175119376677595133e-06,7.160009340026181422e-06,7.086898317017946512e-06,7.037349361636754648e-06,6.935639922459003667e-06,6.891621396415414935e-06,6.830904029737693917e-06,6.816908103342940103e-06,6.821963013013443737e-06,6.838508300896522412e-06,6.889641448930749947e-06,6.919088663251985122e-06,6.973719396865065735e-06,6.994748723835610658e-06,7.017432014223769395e-06,7.018364674420726323e-06,7.002195133176583163e-06,6.970695317125812215e-06
1.070000000000000000e+02,-1.620272045527671931e-04,1.428460148383310516e-05,3.234781053338344641e-05,9.415987625527659467e-05,1.465791937455160300e-04,3.192075604233359475e-04,4.475909562356984684e-04,7.893202882332824412e-04,9.805006715750278282e-04,1.298244249684761195e-03,1.359912098301169518e-03,1.196276413354553300e-03,9.899658394920986520e-04,5.037807847364903120e-04,3.024051680008653376e-04,7.229988788177361719e-05,2.851246440965801514e-05,3.303418552290610186e-06,1.110374957122013499e-06,2.126641516399111267e-07,1.143322900325454815e-07,4.885348109761439815e-08,4.056361009021833275e-08,4.291148451054634452e-08,5.303994067009602104e-08,1.078753058772355475e-07,1.716694351105443276e-07,4.970881576511472586e-07,8.732897924901652544e-07,2.624345814428722312e-06,4.331485943700721019e-06,9.881415378514349368e-06,1.335548196485300673e-05,1.907123742663226315e-05,2.020379756753008229e-05,1.832791421273278153e-05,1.596803610841459166e-05,1.071882388182252097e-05,8.479833607820749667e-06,5.313710592804658361e-06,4.323673016571379785e-06,3.184584729634925681e-06,2.917522656454776689e-06,2.809776463805544041e-06,2.936918835495740034e-06,3.535843032977884631e-06,4.009509213601103461e-06,5.277654443289691525e-06,6.027017262343330618e-06,7.523323518552634372e-06,8.144285187444211867e-06,8.849208946137121891e-06,8.879753601883906642e-06,8.370219896804679703e-06,7.922050613542595994e-06,6.907038136130761938e-06,6.428474606116533043e-06,5.663160688339468739e-06,5.399294867708761842e-06,5.119866787839356080e-06,5.096981312777219266e-06,5.254017796807512698e-06,5.417030097242914004e-06,5.855494112192084115e-06,6.100395681092179176e-06,6.557992550395333161e-06,6.738898735128394249e-06,6.944848911497785229e-06,6.961123223665690186e-06,6.838038629518967612e-06,6.718912187731639540e-06,6.430533391150181684e-06,6.286895848830841146e-06,6.049633928767222859e-06,5.967910635404924738e-06,5.891931824733451445e-06,5.897062410352237440e-06,5.979108993911665766e-06,6.046333678467455050e-06,6.203857773761940059e-06,6.281829574235250338e-06,6.408213345869816788e-06,6.448265987382337250e-06,6.473226951829783287e-06,6.459433692513027710e-06,6.392699464601150688e-06,6.347477030128315014e-06,6.254660884979606735e-06,6.214496387061952927e-06,6.159100212369266088e-06,6.146331691920273134e-06,6.150943140370286437e-06,6.166037507099444764e-06,6.212689451634686652e-06,6.239557897666438320e-06,6.289408163568516175e-06,6.308598583802487152e-06,6.329299107598240683e-06,6.330150243231865955e-06,6.315393923815777223e-06,6.286648429519700772e-06
1.080000000000000000e+02,-1.569739721134421283e-04,1.431398787553561603e-05,3.238873037326637193e-05,9.417574775655212431e-05,1.465032007263502851e-04,3.183801910997642115e-04,4.458336412610815875e-04,7.834843922555720808e-04,9.710158569429729481e-04,1.278538842248452909e-03,1.334645662979315733e-03,1.164014244055910138e-03,9.581880443659440867e-04,4.812764237982657318e-04,2.865845176147657661e-04,6.718253734641974192e-05,2.618673509793671434e-05,2.957806710240538581e-06,9.820297679825245110e-07,1.847787719556383268e-07,9.860626437312061503e-08,4.174571160069995637e-08,3.459302303564595372e-08,3.661753296624803075e-08,4.536354364232373683e-08,9.297239825651866865e-08,1.487025984045042392e-07,4.356450220430933915e-07,7.701618421471136556e-07,2.343424701789715084e-06,3.890225552592843422e-06,8.961154935835412890e-06,1.215541995188180340e-05,1.743259610759425389e-05,1.848077217492745980e-05,1.674468165021675498e-05,1.456412313158249035e-05,9.729525417515120502e-06,7.675720826139646085e-06,4.783421805319769361e-06,3.882837834540977216e-06,2.849770463867373933e-06,2.608143634321395806e-06,2.510707459117141700e-06,2.625633126620977639e-06,3.167792989283794427e-06,3.597351263680021328e-06,4.750212240942032135e-06,5.433070539267542643e-06,6.799529348339481511e-06,7.367608606773090856e-06,8.013122408163594629e-06,8.041094851692011554e-06,7.574375423857114499e-06,7.164161177540025053e-06,6.236184377989099090e-06,5.799216909754606117e-06,5.101250713053051382e-06,4.860859908239670681e-06,4.606442466770948371e-06,4.585610214850475898e-06,4.728553855981002148e-06,4.876994043792522724e-06,5.276525446734972591e-06,5.499839747843564058e-06,5.917386510878645768e-06,6.082557208178821992e-06,6.270657419359218802e-06,6.285523041633738449e-06,6.173090989885815678e-06,6.064299016410442875e-06,5.801035522706488078e-06,5.669960365712006616e-06,5.453528389964097060e-06,5.379003163525828118e-06,5.309727057273164273e-06,5.314404269790817511e-06,5.389212510075385787e-06,5.450515906853909635e-06,5.594197024056752005e-06,5.665333099365277552e-06,5.780659373571655222e-06,5.817213441301798604e-06,5.839995274523816608e-06,5.827405768295778037e-06,5.766500491463525183e-06,5.725232444212061686e-06,5.640543565395446639e-06,5.603900667442503376e-06,5.553366249141168968e-06,5.541719086319643779e-06,5.545925405541559262e-06,5.559694208409811118e-06,5.602251860136836471e-06,5.626764017869752364e-06,5.672245914354874605e-06,5.689755836627409611e-06,5.708644326421176895e-06,5.709420957776350190e-06,5.695956186857183221e-06,5.669727766091425597e-06
1.090000000000000000e+02,-1.524300419686129679e-04,1.434335229845402166e-05,3.242959650281087452e-05,9.419145292354111321e-05,1.464270363286451423e-04,3.175546440777428023e-04,4.440828457893637249e-04,7.776911432963369867e-04,9.616222355748969136e-04,1.259131899352005333e-03,1.309848024093828020e-03,1.132621585168149718e-03,9.274298332987904441e-04,4.597770817900893219e-04,2.715913659988881067e-04,6.242734082687540680e-05,2.405069156702065191e-05,2.648350736321583620e-06,8.691736598131951774e-07,1.605496194825200337e-07,8.504318136824066260e-08,3.567200957318712555e-08,2.950120663714307992e-08,3.124668670814322209e-08,3.879808359067110461e-08,8.012820522813055360e-08,1.288082095053254186e-07,3.817961507918403875e-07,6.792115860908092256e-07,2.092572268428750156e-06,3.493913889982436672e-06,8.126590852400327782e-06,1.106317957695425783e-05,1.593473594971466282e-05,1.690467511068928898e-05,1.529820066614601408e-05,1.328363024262813378e-05,8.831526196995803917e-06,6.947852392412905793e-06,4.306049451892405818e-06,3.486945878266499649e-06,2.550154449291227709e-06,2.331569144892268455e-06,2.243468523190701898e-06,2.347338212206406339e-06,2.838050667180075674e-06,3.227557720794692418e-06,4.275477545886605633e-06,4.897650720432308348e-06,6.145362911022349273e-06,6.664992901087387657e-06,7.256023473076319771e-06,7.281637081263733898e-06,6.854193468306817331e-06,6.478771348289251962e-06,5.630482382330869243e-06,5.231549443924620856e-06,4.595089848509768858e-06,4.376114903718511659e-06,4.144500460236084450e-06,4.125539804786514672e-06,4.255638136592117347e-06,4.390790897421261536e-06,4.754798115833312527e-06,4.958400746755145744e-06,5.339351562864687144e-06,5.490135168748538951e-06,5.661909352435080161e-06,5.675486410981062102e-06,5.572798886656148793e-06,5.473458277019014554e-06,5.233155176021252230e-06,5.113559813138340241e-06,4.916155587288188961e-06,4.848203554470755915e-06,4.785047332868299502e-06,4.789310671969349053e-06,4.857510027639762003e-06,4.913406206524876781e-06,5.044443267742309894e-06,5.109334185416720053e-06,5.214556254858683819e-06,5.247912860890962443e-06,5.268703011467458074e-06,5.257213755059978681e-06,5.201635780235268564e-06,5.163981404070048685e-06,5.086718533976633365e-06,5.053292956759661324e-06,5.007199803611658926e-06,4.996576945834237940e-06,5.000413214437208218e-06,5.012971177059926797e-06,5.051788649435337954e-06,5.074148155388062773e-06,5.115638906620135779e-06,5.131613344358146962e-06,5.148846101350886776e-06,5.149554655241523130e-06,5.137270042426627086e-06,5.113341507446484335e-06
1.100000000000000000e+02,-1.483752853520946160e-04,1.437287642853794269e-05,3.247040824042767481e-05,9.420699184469010477e-05,1.463507027191924127e-04,3.167309315850369068e-04,4.423385788839873144e-04,7.719403362325529070e-04,9.523191017501938561e-04,1.240019248567149476e-03,1.285510925592533949e-03,1.102075554604923071e-03,8.976590307015310313e-04,4.392382456820392725e-04,2.573826865486433585e-04,5.800874815101374714e-05,2.208889833909592434e-05,2.371273191111695176e-06,7.693402808959279131e-07,1.394976810857888241e-07,7.334576184402606669e-08,3.048202777103554972e-08,2.515889845877672913e-08,2.666364031295360461e-08,3.318288519424373272e-08,6.905853083165932466e-08,1.115755529244248211e-07,3.346037525719990167e-07,5.990024800027471397e-07,1.868574100029129310e-06,3.137978664265520228e-06,7.369756499205445304e-06,1.006909125005791259e-05,1.456558653066533844e-05,1.546300314775260454e-05,1.397668305736480968e-05,1.211572834405031567e-05,8.016415118533147966e-06,6.289010787113803649e-06,3.876320815902694304e-06,3.131421553198999314e-06,2.282041182749745302e-06,2.084325243094110316e-06,2.004676247277796704e-06,2.098542111251470825e-06,2.542634184589192235e-06,2.895780031353086068e-06,3.848190938126239049e-06,4.414999279227807506e-06,5.554136742426092708e-06,6.029387309560921152e-06,6.570462238781281644e-06,6.593913066897639196e-06,6.202492330460598977e-06,5.858956937169340629e-06,5.083614567263309431e-06,4.719453087671446464e-06,4.139155200403481834e-06,3.939713994259227969e-06,3.728885962962324822e-06,3.711631025610689959e-06,3.830023265612928895e-06,3.953062232378437915e-06,4.284661227258726099e-06,4.470268136571204113e-06,4.817785437608403717e-06,4.955417243478465192e-06,5.112262006823207377e-06,5.124660600718970510e-06,5.030885319093721846e-06,4.940186820025476832e-06,4.720870191899273656e-06,4.611763381902708086e-06,4.431737422574852326e-06,4.369786848352856783e-06,4.312217338426222726e-06,4.316102931015169302e-06,4.378269231491299391e-06,4.429228541759567444e-06,4.548718762925396458e-06,4.607905123362333183e-06,4.703895803816188345e-06,4.734330685682584848e-06,4.753300814736591360e-06,4.742817017643118169e-06,4.692106965393399477e-06,4.657754288866290974e-06,4.587275421479854957e-06,4.556788632956832548e-06,4.514751871844601078e-06,4.505064493404240672e-06,4.508562814869922653e-06,4.520014936070003778e-06,4.555416346628098903e-06,4.575809602032755805e-06,4.613654531903955145e-06,4.628226244622032958e-06,4.643946367843468500e-06,4.644592728172009790e-06,4.633386290299208038e-06,4.611558804618179136e-06
1.110000000000000000e+02,-1.447900330900363816e-04,1.440353352827358053e-05,3.250978473217405436e-05,9.422236502838766405e-05,1.462742000271983935e-04,3.159090437666567624e-04,4.406008028377860278e-04,7.662316130761167047e-04,9.431055065276961608e-04,1.221196265614930138e-03,1.261625607649105238e-03,1.072353058951472458e-03,8.688436842476059520e-04,4.196168286679538518e-04,2.439173131314668712e-04,5.390289493377801707e-05,2.028712422190231349e-05,2.123184006779871768e-06,6.809737042438618760e-07,1.212061497347959645e-07,6.325727954016352635e-08,2.604714307530785720e-08,2.145573656421465372e-08,2.275280133460957747e-08,2.838036509346017998e-08,5.951812174663159705e-08,9.664836569502955645e-08,2.932446045972704821e-07,5.282653386424888183e-07,1.668553526541197065e-06,2.818303329793817556e-06,6.683405924334811935e-06,9.164326373358957665e-06,1.331407623829367450e-05,1.414427904134447976e-05,1.276932194645458867e-05,1.105050772386736817e-05,7.276534502264242650e-06,5.692644379978614938e-06,3.489477264061543625e-06,2.812145751053220970e-06,2.042116110629254525e-06,1.863299372803869274e-06,1.791300591882856756e-06,1.876115922084940118e-06,2.277967790488067464e-06,2.598107283337952600e-06,3.463606571138278531e-06,3.979911579848861240e-06,5.019790123128342911e-06,5.454395589931504808e-06,5.949673411106168146e-06,5.971141505177869711e-06,5.612754825779842690e-06,5.298438747898542725e-06,4.589861559201226108e-06,4.257483486654842783e-06,3.728459017940589275e-06,3.546832124375206511e-06,3.354949378163142809e-06,3.339248741122713719e-06,3.446974669696724943e-06,3.558971477500219452e-06,3.861009380534972989e-06,4.030189646672416998e-06,4.347167269706201254e-06,4.472778357215913703e-06,4.615972943456211246e-06,4.627293928915760923e-06,4.541668422043947540e-06,4.458870845508162810e-06,4.258733506010852800e-06,4.159208122448310348e-06,3.995051500700559687e-06,3.938579540122043657e-06,3.886109238589754945e-06,3.889650109878476899e-06,3.946309852846104993e-06,3.992762419138129329e-06,4.101709417672535487e-06,4.155685824749764034e-06,4.243243832983663658e-06,4.271009360313305974e-06,4.288316589222797640e-06,4.278751485633028057e-06,4.232488903966447448e-06,4.201152424106386393e-06,4.136870104457115007e-06,4.109067273597524512e-06,4.070734815307051587e-06,4.061901662181144259e-06,4.065091401986683150e-06,4.075533730315210974e-06,4.107815587599023162e-06,4.126413128545419100e-06,4.160928194044425862e-06,4.174218659606091690e-06,4.188557092885922565e-06,4.189146643708633851e-06,4.178925058984816381e-06,4.159016681494210861e-06
1.120000000000000000e+02,-1.416550601813174471e-04,1.443416759446485400e-05,3.254908305957621476e-05,9.423757284170135990e-05,1.461975290575286178e-04,3.150889781264426775e-04,4.388694956350704633e-04,7.605646698264970345e-04,9.339805932916099042e-04,1.202658567678827886e-03,1.238183691639012244e-03,1.043431902898042185e-03,8.409531362710148412e-04,4.008718554163937702e-04,2.311563629567703999e-04,5.008764661644754361e-05,1.863231702576258263e-05,1.901050392452940637e-06,6.027568679068003293e-07,1.053130722603360606e-07,5.455643181903374779e-08,2.225749576689035024e-08,1.829764499489930536e-08,1.941557563212167013e-08,2.427290606097504133e-08,5.129571208374312900e-08,8.371821193456515341e-08,2.569976870234831536e-07,4.658816149433241474e-07,1.489943914186042922e-06,2.531194040794235676e-06,6.060975054984161234e-06,8.340858903903503518e-06,1.217009748130591889e-05,1.293801774593887751e-05,1.166625627872157171e-05,1.007894079980286997e-05,6.604941038461950662e-06,5.152828961108734838e-06,3.141239080768816212e-06,2.525422674297817926e-06,1.827415675603456628e-06,1.665711361399207493e-06,1.600636274920973472e-06,1.677264714447388111e-06,2.040850710436286708e-06,2.331033698915567498e-06,3.117456893496849644e-06,3.587700405856269906e-06,4.536850940743377336e-06,4.934237412339330603e-06,5.387537291905392187e-06,5.407187981807309645e-06,5.079089513414323381e-06,4.791544095192405402e-06,4.144064598263566546e-06,3.840734002658936384e-06,3.358512712568572202e-06,3.193129494574183753e-06,3.018511266892839624e-06,3.004226726812238247e-06,3.102235274503328550e-06,3.204168328795162397e-06,3.479246377383337111e-06,3.633434635612098383e-06,3.922520367928225300e-06,4.037146294738397020e-06,4.167862326368422347e-06,4.178198083524436220e-06,4.100023916045269319e-06,4.024448484231943953e-06,3.841836069948576611e-06,3.751062047814042325e-06,3.601394552167082840e-06,3.549923117964083998e-06,3.502106324373440273e-06,3.505332661247264085e-06,3.556967190731114567e-06,3.599306313557245956e-06,3.698628000276487195e-06,3.747846929163861293e-06,3.827703099600624414e-06,3.853030231031821622e-06,3.868818358393824597e-06,3.860092535964954573e-06,3.817892640845010118e-06,3.789311104068749346e-06,3.730687847600783723e-06,3.705335851226853683e-06,3.670385630487039931e-06,3.662332382434489372e-06,3.665240398882847490e-06,3.674760786684632807e-06,3.704194314623138803e-06,3.721152146600562342e-06,3.752626405946089469e-06,3.764746767994053790e-06,3.777823320311423901e-06,3.778360987806395847e-06,3.769038868874736645e-06,3.750883135110677849e-06
1.130000000000000000e+02,-1.389515711874464128e-04,1.446477863941501830e-05,3.258832424918336437e-05,9.425261565106625113e-05,1.461206906127843978e-04,3.142707321626805384e-04,4.371446353214258809e-04,7.549392046431827605e-04,9.249435135638116052e-04,1.184401838136037426e-03,1.215176954168437073e-03,1.015290489114994889e-03,8.139577126022243259e-04,3.829641805459688153e-04,2.190629871014893439e-04,4.654243520533477181e-05,1.711248916414038145e-05,1.702156848237704276e-06,5.335239850165528555e-07,9.150395572461375582e-08,4.705235519405440853e-08,1.901920966269725344e-08,1.560439479543420001e-08,1.656783004267813747e-08,2.075991331406757193e-08,4.420922194677597700e-08,7.251791952610914249e-08,2.252311013794801135e-07,4.108648507128323610e-07,1.330453367551660002e-06,2.273333245879171184e-06,5.496511117015915118e-06,7.591383960870573804e-06,1.112441110567697722e-05,1.183462837447559033e-05,1.065847680628998558e-05,9.192793672252311862e-06,5.995332236126914814e-06,4.664202078750632422e-06,2.827753641214788205e-06,2.267933335795420087e-06,1.635287890975782111e-06,1.489075845176329608e-06,1.430265955975712445e-06,1.499489789043002928e-06,1.828415336096241451e-06,2.091413870070068810e-06,2.805900838575431377e-06,3.234140443588307944e-06,4.100373524498648978e-06,4.463683672646830136e-06,4.878512367114545573e-06,4.896497440225731392e-06,4.596165100013733119e-06,4.333142977306969406e-06,3.741565963489375170e-06,3.464778278015418151e-06,3.025273052825310513e-06,2.874699074933344343e-06,2.715811298977573868e-06,2.702816739427813929e-06,2.791973754594787374e-06,2.884736164829136825e-06,3.135230464073229849e-06,3.275738161696899403e-06,3.539354169583357971e-06,3.643942842992677024e-06,3.763253155886388257e-06,3.772688284018216884e-06,3.701325807877093883e-06,3.632351025932871111e-06,3.465749381286701170e-06,3.382967325316543414e-06,3.246526737824624760e-06,3.199618757398191033e-06,3.156048071960835567e-06,3.158987461449942096e-06,3.206036751706776468e-06,3.244621987484098448e-06,3.335157715871945759e-06,3.380033017433308655e-06,3.452855935464141379e-06,3.475955992111336417e-06,3.490356596651061037e-06,3.482397388153570623e-06,3.443908109522828389e-06,3.417842500684124081e-06,3.364386642642060252e-06,3.341272259546715665e-06,3.309409734541981628e-06,3.302068427199998917e-06,3.304719280521788757e-06,3.313398067076494050e-06,3.340231310825316803e-06,3.355692117854860382e-06,3.384389966806425733e-06,3.395441893238747202e-06,3.407366163296192971e-06,3.407856453790459109e-06,3.399355689021055227e-06,3.382800325622061259e-06
1.140000000000000000e+02,-1.366611864005813832e-04,1.449536667542155525e-05,3.262750835441720712e-05,9.426749382228565911e-05,1.460436854933086525e-04,3.134543033681740716e-04,4.354262000036345187e-04,7.493549178306617691e-04,9.159934269271793016e-04,1.166421825559716026e-03,1.192597324201412129e-03,9.879078021481448903e-04,7.878286910247170143e-04,3.658564069073942421e-04,2.076022641293214508e-04,4.324814840147668462e-05,1.571663082063029331e-05,1.524071970470416808e-06,4.722431687431759111e-07,7.950554433940656279e-08,4.058043858061531443e-08,1.625206667147153193e-08,1.330756588445122270e-08,1.413777137040613842e-08,1.775535090649390732e-08,3.810172545496586828e-08,6.281605970974370352e-08,1.973910548049506112e-07,3.623450783791549740e-07,1.188035321165103672e-06,2.041741354990976197e-06,4.984615706515047387e-06,6.909253027846272346e-06,1.016857178000771483e-05,1.082533794597603208e-05,9.737752509112184178e-06,8.384556346433745229e-06,5.441987280490560158e-06,4.221909771538268422e-06,2.545552790526119146e-06,2.036697140832792333e-06,1.463359584232611522e-06,1.331171008079446534e-06,1.278029588895634484e-06,1.340557280616846200e-06,1.638092546472831893e-06,1.876425715331117615e-06,2.525481203411827739e-06,2.915422764210447940e-06,3.705887999636123167e-06,4.038003926723601799e-06,4.417580680880002931e-06,4.434039465321627446e-06,4.159157182380553933e-06,3.918596160081531683e-06,3.378160310379887000e-06,3.125623224284091199e-06,2.725097976418778840e-06,2.588023449174171441e-06,2.443466225644032363e-06,2.431646582842826934e-06,2.512741954721489993e-06,2.597148813167560926e-06,2.825229399021887428e-06,2.953255138347959290e-06,3.193616755345465895e-06,3.289035678756405730e-06,3.397922455836388219e-06,3.406534413491013689e-06,3.341397937475066400e-06,3.278454873076737082e-06,3.126478443390561272e-06,3.050993749005603307e-06,2.926625985744948314e-06,2.883881961130314040e-06,2.844185066597356912e-06,2.846862714931590408e-06,2.889728847320664415e-06,2.924888839029492421e-06,3.007405977407609380e-06,3.048316100605152163e-06,3.114717283787268127e-06,3.135783580673955160e-06,3.148917035873254229e-06,3.141657959486714863e-06,3.106557223822077217e-06,3.082788916521501639e-06,3.034050794780448861e-06,3.012979045170284011e-06,2.983934898532364117e-06,2.977243392113601431e-06,2.979659536692986664e-06,2.987570176263005649e-06,3.012029938356336695e-06,3.026124194784550730e-06,3.052287423106552714e-06,3.062363895576722395e-06,3.073236122125706489e-06,3.073683157066319817e-06,3.065932304734591890e-06,3.050838047180038683e-06
1.150000000000000000e+02,-1.347659287592702982e-04,1.452593198703598133e-05,3.266663577706036762e-05,9.428220785091553197e-05,1.459665138087903598e-04,3.126396819794403405e-04,4.337141526222976413e-04,7.438114626079916653e-04,9.071294223454622139e-04,1.148714186148437058e-03,1.170436684614857602e-03,9.612631585515338424e-04,7.625380490381943998e-04,3.495126651803219671e-04,1.967410050679607324e-04,4.018700028831981015e-05,1.443461925357352696e-05,1.364617385938036781e-06,4.180005984306153603e-07,6.908032584209008141e-08,3.499866626179471037e-08,1.388750021994985054e-08,1.134879281370661241e-08,1.206411941447548507e-08,1.518561351473057992e-08,3.283793226758775080e-08,5.441209557311625471e-08,1.729920024865275446e-07,3.195547068696386658e-07,1.060861208679450204e-06,1.833740555631135005e-06,4.520389225123910056e-06,6.288409701347519136e-06,9.294852350481938759e-06,9.902113770276051640e-06,8.896556209393637754e-06,7.647372817808881533e-06,4.939709086338421465e-06,3.821554958975600111e-06,2.291512329361845846e-06,1.829035633332397499e-06,1.309505788138270663e-06,1.190009446641853829e-06,1.141995891120107425e-06,1.198468892184083832e-06,1.467579201346692680e-06,1.683535616964183194e-06,2.273084154179457698e-06,2.628111361599618336e-06,3.349351494998971260e-06,3.652915575063367870e-06,4.000194832854808008e-06,4.015255184994345923e-06,3.763696702876025363e-06,3.543705052046886407e-06,3.050047957718274435e-06,2.819664024170326702e-06,2.454704500822791919e-06,2.329933781119401109e-06,2.198429996392870780e-06,2.187680319902285441e-06,2.261434445885636023e-06,2.338229438554367996e-06,2.545877601044580201e-06,2.662516543693136273e-06,2.881649362945510467e-06,2.968692231288786072e-06,3.068054407345550266e-06,3.075914095094112611e-06,3.016467486539116827e-06,2.959035472607053152e-06,2.820416740712336371e-06,2.751594245223125661e-06,2.638244388640574676e-06,2.599299268414621920e-06,2.563136004104106091e-06,2.565574935830552093e-06,2.604625259939599095e-06,2.636660311049009555e-06,2.711860219737477744e-06,2.749151142825574093e-06,2.809689754574873919e-06,2.828899085038753553e-06,2.840875482351809186e-06,2.834255732359720545e-06,2.802248990089659369e-06,2.780578063801060918e-06,2.736146546312474706e-06,2.716939181319241552e-06,2.690467229032850833e-06,2.684368725096195020e-06,2.686570684294045577e-06,2.693780317339507756e-06,2.716073918735599588e-06,2.728920900535181928e-06,2.752770562686673384e-06,2.761956594822257945e-06,2.771868430231146530e-06,2.772275978000197797e-06,2.765209715142148217e-06,2.751449232224202320e-06
1.160000000000000000e+02,-1.332482114824345195e-04,1.455647404181980979e-05,3.270570587313349634e-05,9.429675783927304520e-05,1.458891777304043534e-04,3.118268799964179854e-04,4.320085019177154532e-04,7.383086423164047282e-04,8.983508332616122870e-04,1.131275111483003330e-03,1.148687655563649821e-03,9.353371347366776049e-04,7.380593282405246069e-04,3.338991149844109589e-04,1.864480396171707376e-04,3.734254261330354169e-05,1.325719022141988598e-05,1.221846655202090456e-06,3.699887766545843087e-07,6.002219081268711856e-08,3.018469460399622259e-08,1.186697790096671694e-08,9.678349239850307303e-09,1.029463321725976148e-08,1.298781200965190390e-08,2.830137269845120138e-08,4.713252777825628799e-08,1.516090254655220841e-07,2.818178634124445837e-07,9.473014090132566428e-07,1.646931093461043724e-06,4.099400178647329357e-06,5.723357591832351453e-06,8.496211900467829465e-06,9.057631779024689824e-06,8.128032422672417127e-06,6.975008660581305791e-06,4.483793011861260044e-06,3.459167689343268419e-06,2.062826276556637859e-06,1.642548701936313079e-06,1.171828830973261314e-06,1.063818067781145942e-06,1.020442575900420978e-06,1.071441713675161953e-06,1.314816205455444443e-06,1.510475278152287716e-06,2.045913442193301839e-06,2.369116121515645957e-06,3.027119139899345137e-06,3.304554205069783115e-06,3.622247671793447574e-06,3.636026934808174547e-06,3.405840059409240804e-06,3.204682251930303155e-06,2.753806595960818374e-06,2.543656479641324313e-06,2.211142238592658793e-06,2.097583778545202352e-06,1.977968225956019607e-06,1.968192781242743576e-06,2.035262743365804598e-06,2.105124470273817385e-06,2.294149344093016117e-06,2.400402234952381166e-06,2.600158541274112103e-06,2.679551592267500086e-06,2.770211991487165227e-06,2.777384313762241595e-06,2.723136757027544300e-06,2.670739250396167875e-06,2.544318567457049289e-06,2.481577406722348510e-06,2.378281091242116611e-06,2.342801268234744787e-06,2.309860822878047988e-06,2.312082071775808630e-06,2.347652238013473065e-06,2.376836782807845464e-06,2.445360554242421861e-06,2.479348601510642002e-06,2.534535983201614828e-06,2.552050046734265698e-06,2.562970083738117921e-06,2.556934040494844964e-06,2.527751887576259624e-06,2.507995509344997445e-06,2.467494656057056751e-06,2.449988706258211801e-06,2.425863888769647396e-06,2.420306466069502326e-06,2.422313000118307864e-06,2.428883001961762086e-06,2.449199973848396666e-06,2.460908730352766912e-06,2.482646943358443473e-06,2.491020271144789170e-06,2.500055525069574784e-06,2.500427031568505784e-06,2.493985624114691347e-06,2.481442484068976462e-06
1.170000000000000000e+02,-1.320908263930230134e-04,1.458699312451791099e-05,3.274471904484129781e-05,9.431114428311785497e-05,1.458116773648240113e-04,3.110158876288556060e-04,4.303092108955236224e-04,7.328461140278382750e-04,8.896567636204764842e-04,1.114100380889679201e-03,1.127342407050058734e-03,9.101101278444912856e-04,7.143662539183155431e-04,3.189830002644564308e-04,1.766935453236404214e-04,3.469941238602615300e-05,1.217580229179484588e-05,1.094012944924957834e-06,3.274915904372469044e-07,5.215179593127190934e-08,2.603286936410723063e-08,1.014042485720264945e-08,8.253779729995580627e-09,8.784682956812592952e-09,1.110809559983741597e-08,2.439153665503845936e-08,4.082685955142926516e-08,1.328691166922345204e-07,2.485374155351436840e-07,8.458975291589275816e-07,1.479152412442750813e-06,3.717617957255765423e-06,5.209078349934447537e-06,7.766192143457916440e-06,8.285168902404452251e-06,7.425896363223667479e-06,6.361758752645432433e-06,4.069955834810353541e-06,3.131144281402547733e-06,1.856962232143414930e-06,1.475075684757122052e-06,1.048626662770118069e-06,9.510082313630313124e-07,9.118272360729418307e-07,9.578782143176175871e-07,1.177954481504757877e-06,1.355204686296371339e-06,1.841445869221573772e-06,2.135644157738060805e-06,2.735887660540469758e-06,2.989414137749600922e-06,3.280009474942134629e-06,3.292615290859747567e-06,3.082008549443903582e-06,2.898093159254112958e-06,2.486337974009242106e-06,2.294666183297398420e-06,1.991746683081049157e-06,1.888404442246369077e-06,1.779614520202395158e-06,1.770726021020136614e-06,1.831710868673729802e-06,1.895258247051748775e-06,2.067310983032991318e-06,2.164091851029848954e-06,2.346164629786332868e-06,2.418572053740548379e-06,2.501283465979877926e-06,2.507827809267160462e-06,2.458330195609755497e-06,2.410531250926034553e-06,2.295248172985855191e-06,2.238057396972402977e-06,2.143933461724932370e-06,2.111614211207320018e-06,2.081612727127630721e-06,2.083635499176719839e-06,2.116032046991963818e-06,2.142616758467520309e-06,2.205050113621501162e-06,2.236024357331713782e-06,2.286327891875162156e-06,2.302294511060293562e-06,2.312250248357735705e-06,2.306747060690396553e-06,2.280143211495652905e-06,2.262134256455887189e-06,2.225220473291953131e-06,2.209267010959951481e-06,2.187283679864847731e-06,2.182219898452813665e-06,2.184048147668541957e-06,2.190034596471850635e-06,2.208548123146307452e-06,2.219218305717660187e-06,2.239029782180373875e-06,2.246661452584672487e-06,2.254896725986714695e-06,2.255235340709157901e-06,2.249364191754565142e-06,2.237931980788020756e-06
1.180000000000000000e+02,-1.312769329036193671e-04,1.461748924740472746e-05,3.278367534543390096e-05,9.432536754573629374e-05,1.457340135034110740e-04,3.102067023483368697e-04,4.286162579064940574e-04,7.274235864786584346e-04,8.810464044966459431e-04,1.097185994045351762e-03,1.106393449789786800e-03,8.855632973781577075e-04,6.914336159889438588e-04,3.047331702096674980e-04,1.674493539077301775e-04,3.224336022466418059e-05,1.118262166492800687e-05,9.795535203884246037e-07,2.898756328858847434e-07,4.531340043085487455e-08,2.245211474030672782e-08,8.665071118935758696e-09,7.038893966716634754e-09,7.496201813933034766e-09,9.500428357775642443e-09,2.102184287050817141e-08,3.536479786352955332e-08,1.164455780416234244e-07,2.191871040360465154e-07,7.553483567525310326e-07,1.328465810358423187e-06,3.371391253169381133e-06,4.741009817080986876e-06,7.098897128638825132e-06,7.578583278712249958e-06,6.784413296027360599e-06,5.802425826059997042e-06,3.694313908717483056e-06,2.834226164246165082e-06,1.671642662868307212e-06,1.324677966958400952e-06,9.383774738131627543e-07,8.501609456553155340e-07,8.147727792893945820e-07,8.563513806925343412e-07,1.055338859415322610e-06,1.215895156171837872e-06,1.657412530827845039e-06,1.925180240504629310e-06,2.472674593291193526e-06,2.704327267730025942e-06,2.970106440087735052e-06,2.981637546167000170e-06,2.788967079323428954e-06,2.620834925229294276e-06,2.244847533288980151e-06,2.070048548371634023e-06,1.794119986462771980e-06,1.700085138636579264e-06,1.601151883022083064e-06,1.593070751714582758e-06,1.648516590189308276e-06,1.706314064983059089e-06,1.862901522272649530e-06,1.951045136363893694e-06,2.116981665119152230e-06,2.183010863243927931e-06,2.258461956366623934e-06,2.264432654608107770e-06,2.219274067692152260e-06,2.175674907240539475e-06,2.070559777282997326e-06,2.018434095170108496e-06,1.932677461765133775e-06,1.903240460439332765e-06,1.875918714333292244e-06,1.877760545370316418e-06,1.907263408584570228e-06,1.931477239796095110e-06,1.988355273204432411e-06,2.016579862882783136e-06,2.062426723676327430e-06,2.076981025585120056e-06,2.086056621708102079e-06,2.081039801394868891e-06,2.056789120751363826e-06,2.040374833337871762e-06,2.006734111248035341e-06,1.992197050063905517e-06,1.972167307116010938e-06,1.967553824609290930e-06,1.969219448181869789e-06,1.974673578542760497e-06,1.991541896219291589e-06,2.001264561783867467e-06,2.019318096733167030e-06,2.026273038715684614e-06,2.033778338980180489e-06,2.034086940308374404e-06,2.028736151827946867e-06,2.018317619000551712e-06
1.190000000000000000e+02,-1.307900476371172459e-04,1.464796242274891481e-05,3.282257482811851384e-05,9.433942798978795733e-05,1.456561869352955877e-04,3.093993216213153786e-04,4.269296213621914544e-04,7.220407704766556396e-04,8.725189546530200168e-04,1.080528011054797790e-03,1.085833433269390007e-03,8.616783104674161520e-04,6.692370131440405871e-04,2.911198652328360640e-04,1.586887705343160222e-04,2.996114525337956213e-05,1.027045351135061975e-05,8.770691413248119482e-07,2.565802492986071076e-07,3.937168475111004796e-08,1.936388202751103058e-08,7.404369356035257754e-09,6.002828487050842349e-09,6.396706314241778699e-09,8.125437039651966717e-09,1.811767115901617015e-08,3.063348085838453992e-08,1.020520929357390111e-07,1.933028157539745835e-07,6.744919648529301270e-07,1.193130082820004255e-06,3.057408799441775106e-06,4.314999759810040324e-06,6.488937484596242434e-06,6.932256824087435583e-06,6.198343860902273770e-06,5.292269546706707952e-06,3.353342022510919168e-06,2.565463759902360903e-06,1.504817321253690623e-06,1.189614588970825532e-06,8.397194490802905881e-07,7.600076892091999544e-07,7.280486872310288314e-07,7.655854473485694794e-07,9.454864552860991252e-07,1.090905979716464292e-06,1.491771270442372298e-06,1.735457005213589038e-06,2.234784402371824737e-06,2.446427609201380898e-06,2.689483520865979145e-06,2.700030471413001915e-06,2.523788143912020871e-06,2.370101540050015233e-06,2.026812135115610989e-06,1.867417851740012626e-06,1.616102216239398686e-06,1.530545654219230564e-06,1.440585636950107761e-06,1.433239336230587423e-06,1.483643922636036566e-06,1.536206173949962754e-06,1.678703295973589310e-06,1.758971907722277133e-06,1.910186053071102549e-06,1.970392396730868056e-06,2.039213068986945286e-06,2.044659824911867433e-06,2.003464358767489831e-06,1.963700267264484930e-06,1.867866596681880048e-06,1.820362527068050294e-06,1.742237757056228249e-06,1.715428839286136861e-06,1.690550144983299320e-06,1.692227043237885418e-06,1.719091815531972097e-06,1.741143845712125014e-06,1.792955317358150983e-06,1.818671586972044106e-06,1.860452129808106390e-06,1.873717614990841459e-06,1.881989991398799788e-06,1.877417046203651513e-06,1.855313768655278894e-06,1.840354551268629912e-06,1.809699968347087528e-06,1.796454977572308105e-06,1.778207172175433597e-06,1.774004396651730590e-06,1.775521698181944290e-06,1.780490311432757862e-06,1.795857973580330166e-06,1.804716311526260129e-06,1.821166127527555070e-06,1.827503668643367307e-06,1.834342966096830013e-06,1.834624184186714685e-06,1.829748160500822450e-06,1.820254444085246757e-06
1.200000000000000000e+02,-1.306140346563699844e-04,1.467841293405054378e-05,3.286141789193073161e-05,9.435332610042737839e-05,1.455781977517135717e-04,3.085937357387681049e-04,4.252492647895067209e-04,7.166973314469578509e-04,8.640735455762492499e-04,1.064122406465829555e-03,1.065654965050448488e-03,8.384371239155597073e-04,6.477526385707862294e-04,2.781145415820539843e-04,1.503864247323356124e-04,2.784044551457434680e-05,9.432682702485324102e-06,7.853061838134379330e-07,2.271089340870888814e-07,3.420903001190712771e-08,1.670040455256063990e-08,6.327080678960672958e-09,5.119255361388545464e-09,5.458469693711727466e-09,6.949437130599313631e-09,1.561468932769643526e-08,2.653511188243349618e-08,8.943762984931608560e-08,1.704750538682794220e-07,6.022901948947174521e-07,1.071580378126773528e-06,2.772665287469354206e-06,3.927265742089552664e-06,5.931382146137387798e-06,6.341045528414547159e-06,5.662896722798637077e-06,4.826962383576541586e-06,3.043837693007507908e-06,2.322185121820754703e-06,1.354639294757798177e-06,1.068321070557738152e-06,7.514332035773465222e-07,6.794137763928807805e-07,6.505547623537736614e-07,6.844391829300766963e-07,8.470679086225191973e-07,9.787641572552171175e-07,1.342682759207259333e-06,1.564429080251459768e-06,2.019779055590677219e-06,2.213120508663609124e-06,2.435372157232371755e-06,2.445017980826200057e-06,2.283820548459723375e-06,2.143353514936287589e-06,1.829952033314256226e-06,1.684620349008659167e-06,1.455746393831268328e-06,1.377911928000232974e-06,1.296119908902925236e-06,1.289442335810307965e-06,1.335259246510529969e-06,1.383055459564631147e-06,1.512716505707882358e-06,1.585805971858527058e-06,1.723589361434191367e-06,1.778480518030444747e-06,1.841246764281220935e-06,1.846215032472089262e-06,1.808638898070658854e-06,1.772376399621848186e-06,1.685013943943921904e-06,1.641726316959653655e-06,1.570561759858140650e-06,1.546148880068919443e-06,1.523497184212791464e-06,1.525023759705055942e-06,1.549483751654153569e-06,1.569564862678940942e-06,1.616756096141743664e-06,1.640184478306157311e-06,1.678255323114938476e-06,1.690344836956643405e-06,1.697884282316419139e-06,1.693716382515034896e-06,1.673572494206957166e-06,1.659940806594757722e-06,1.632010258733912911e-06,1.619943776824282408e-06,1.603321141223671645e-06,1.599492915942000082e-06,1.600874957461150038e-06,1.605400794345990126e-06,1.619399821058733471e-06,1.627469813552404141e-06,1.642456782675427544e-06,1.648231118405997465e-06,1.654462851927379977e-06,1.654719089500504689e-06,1.650276177007572878e-06,1.641626101632216294e-06
1.210000000000000000e+02,-1.307330962774959956e-04,1.470884025088824512e-05,3.290020389774478480e-05,9.436706199137865052e-05,1.455000481272498384e-04,3.077899565139543495e-04,4.235751966679273143e-04,7.113930795238827560e-04,8.557095416945014995e-04,1.047965650866616557e-03,1.045851324064765893e-03,8.158227935266792715e-04,6.269580142394721740e-04,2.656902700882593873e-04,1.425184891673924713e-04,2.586986578191220591e-05,8.663255136147717905e-06,7.031444992425782154e-07,2.010229504184417836e-07,2.972336843914589154e-08,1.440330273946117609e-08,5.406537769537351698e-09,4.365743662713755455e-09,4.657855083188208734e-09,5.943648254098194902e-09,1.345751465600393375e-08,2.298507984239820702e-08,7.838250152669007376e-08,1.503432518773647163e-07,5.378178388273935091e-07,9.624143359919436636e-07,2.514442535004961753e-06,3.574375077852759040e-06,5.421737970900589567e-06,5.800259174253813953e-06,5.173708107120031331e-06,4.402569149930638274e-06,2.762901885726892553e-06,2.101977855253488355e-06,1.219449790553763999e-06,9.593955126446372834e-07,6.724297833886024641e-07,6.073668801228693584e-07,5.813098666023342864e-07,6.118943644231220839e-07,7.588947209301115902e-07,8.781509424983285819e-07,1.208495265246422668e-06,1.410256995934707457e-06,1.825460533844516006e-06,2.002064676186117746e-06,2.205271823882274437e-06,2.214092659374723411e-06,2.066671270657823804e-06,1.938300067673827485e-06,1.652213899429192182e-06,1.519717753267990591e-06,1.311302787544292884e-06,1.240500653381987253e-06,1.166142576327516313e-06,1.160073484825533633e-06,1.201716084728857636e-06,1.245174020831957187e-06,1.363143292755096461e-06,1.429688933156267024e-06,1.555221664123181222e-06,1.605261750158395225e-06,1.662500338013898037e-06,1.667031693097429084e-06,1.632760436761954322e-06,1.599694582660182718e-06,1.520062695941427943e-06,1.480621299784372130e-06,1.415803488211510915e-06,1.393574770943193470e-06,1.372952831310894888e-06,1.374342419564874782e-06,1.396610626330693208e-06,1.414895107025430400e-06,1.457873722050394456e-06,1.479215582046277799e-06,1.513902567081752779e-06,1.524919231340820212e-06,1.531789981112300757e-06,1.527991639605500102e-06,1.509635326464467495e-06,1.497214630499804243e-06,1.471768656418340942e-06,1.460776945980129951e-06,1.445636287975661039e-06,1.442149589436667002e-06,1.443408300588739203e-06,1.447530398173367799e-06,1.460281377095156439e-06,1.467632431685340867e-06,1.481285246423251099e-06,1.486545889980577006e-06,1.492223451621103349e-06,1.492456903892127023e-06,1.488409045745690221e-06,1.480528448769572120e-06
1.220000000000000000e+02,-1.311317644422580180e-04,1.473924465695490137e-05,3.293893324501638337e-05,9.438063614799367185e-05,1.454217381501426694e-04,3.069879742118898094e-04,4.219073805895218773e-04,7.061276838536867557e-04,8.474260887832570869e-04,1.032053832927698825e-03,1.026415379393240705e-03,7.938182188022517701e-04,6.068308182435423010e-04,2.538209844952972753e-04,1.350621668585999643e-04,2.403876269918461383e-05,7.956589063691857366e-06,6.295788100968674039e-07,1.779332134960577658e-07,2.582588718417653736e-08,1.242216082978481705e-08,4.619926572676852014e-09,3.723142288420593429e-09,3.974669345605322257e-09,5.083426319723574269e-09,1.159835342074951384e-08,1.990999142696637733e-08,6.869385976539309040e-08,1.325888500251282999e-07,4.802469027700073320e-07,8.643693786608748226e-07,2.280268254883352280e-06,3.253193635427398776e-06,4.955883622704773282e-06,5.305592416525467146e-06,4.726777512762894576e-06,4.015488758940012615e-06,2.507895249370195936e-06,1.902652135781759870e-06,1.097751747697193114e-06,8.615758786144930674e-07,6.017324900314965051e-07,5.429599850348746076e-07,5.194353346505841025e-07,5.470386396834328677e-07,6.798996154465202207e-07,7.878803099993795991e-07,1.087718347125881313e-06,1.271278215999644854e-06,1.649836817147826628e-06,1.811136164967674803e-06,1.996911783551261286e-06,2.004977419384147870e-06,1.870168714470028023e-06,1.752863806099938006e-06,1.491738835577058981e-06,1.370956866787406171e-06,1.181191208496601116e-06,1.116792516516422864e-06,1.049199517997212623e-06,1.043684024879974401e-06,1.081528863830142186e-06,1.121038342294974465e-06,1.228359351002306045e-06,1.288940950507078131e-06,1.403300724839209174e-06,1.448913845877609083e-06,1.501106299513541671e-06,1.505238749771858203e-06,1.473984883854339558e-06,1.443836941600069174e-06,1.371258910852566747e-06,1.335325631244150537e-06,1.276294497515653974e-06,1.256056572571215453e-06,1.237284402421116782e-06,1.238549170130137655e-06,1.258819951793630669e-06,1.275466867679082503e-06,1.314604966079545387e-06,1.334044166780365285e-06,1.365644868687093455e-06,1.375682875971175837e-06,1.381943606676362853e-06,1.378482406201478154e-06,1.361756730445683097e-06,1.350440590035489712e-06,1.327260515713652366e-06,1.317248857103924540e-06,1.303459444413663940e-06,1.300284124660977579e-06,1.301430395891066145e-06,1.305184392173379957e-06,1.316797418022522172e-06,1.323492907450655315e-06,1.335929079780435319e-06,1.340721245856831868e-06,1.345893394273905540e-06,1.346106065951239170e-06,1.342418507466002333e-06,1.335239664279510956e-06
1.230000000000000000e+02,-1.317948926256482748e-04,1.476962616449619661e-05,3.297760598678170247e-05,9.439404893043441586e-05,1.453432686006479431e-04,3.061877862791984625e-04,4.202457952082042699e-04,7.009008633866592192e-04,8.392224156407442981e-04,1.016383245491761728e-03,1.007340310391799734e-03,7.724069642921859271e-04,5.873496331557198332e-04,2.424818959703690620e-04,1.279959253306584748e-04,2.233726441596297458e-05,7.307565171202280892e-06,5.637097854684384665e-07,1.574955752977366501e-07,2.243946168643622639e-08,1.071351957932582984e-08,3.947761141072500188e-09,3.175126256208839204e-09,3.391688836875501531e-09,4.347703613251895083e-09,9.996035235659839202e-09,1.724630618619104293e-08,6.020279859375067544e-08,1.169310983360023412e-07,4.288386315566582781e-07,7.763125750376244274e-07,2.067902816557616380e-06,2.960872191398489532e-06,4.530056620111389725e-06,4.853112108409255452e-06,4.318454568294282725e-06,3.662440684176304466e-06,2.276424655169918300e-06,1.722227850776367761e-06,9.881987736204455100e-07,7.737298294397223272e-07,5.384680538641269804e-07,4.853829348866467441e-07,4.641466766564851000e-07,4.890570396425149551e-07,6.091272379703434065e-07,7.068890966085408702e-07,9.790117741900403181e-07,1.145995486916834023e-06,1.491109349056939180e-06,1.638415551090486449e-06,1.808237992200823537e-06,1.815612393629440760e-06,1.692349790429446832e-06,1.585167996436226238e-06,1.346850154996826485e-06,1.236757649466737772e-06,1.063989610799949458e-06,1.005421002388408964e-06,9.439836518116903608e-07,9.389717619561648628e-07,9.733618372144664348e-07,1.009278083598903145e-06,1.106902380793934248e-06,1.162049017739845468e-06,1.266219978301292258e-06,1.307793659016849575e-06,1.355380123214998747e-06,1.359148414853037466e-06,1.330649118590763232e-06,1.303164330921535068e-06,1.237021888325125088e-06,1.204287941032112542e-06,1.150532194341304234e-06,1.132108589280405447e-06,1.115021955934647957e-06,1.116173002883592271e-06,1.134623706134583717e-06,1.149778221958133251e-06,1.185415465693542315e-06,1.203119880541252866e-06,1.231906052151846270e-06,1.241051434809072821e-06,1.246755742453665170e-06,1.243602071509375797e-06,1.228363690750864387e-06,1.218054900984597575e-06,1.196941045078281146e-06,1.187822956797367734e-06,1.175265438774165862e-06,1.172373976371241444e-06,1.173417748964012504e-06,1.176836177232086760e-06,1.187411759867292114e-06,1.193509543911648943e-06,1.204836371311818026e-06,1.209201347211400065e-06,1.213912607547871104e-06,1.214106329276687900e-06,1.210747332981059257e-06,1.204208401193963482e-06
1.240000000000000000e+02,-1.327076482555071101e-04,1.479998478575205508e-05,3.301622217603432169e-05,9.440730069824082213e-05,1.452646402568159726e-04,3.053893901577163961e-04,4.185904192382645895e-04,6.957123390733884220e-04,8.310977583978581195e-04,1.000950237409314230e-03,9.886194228105817279e-04,7.515730373951677546e-04,5.684937286747111665e-04,2.316493227953984337e-04,1.212993584605619657e-04,2.075619777271687995e-05,6.711481708860961726e-06,5.047321835563185061e-07,1.394054162993203175e-07,1.949708022553351197e-08,9.239897398637467174e-09,3.373390561898018114e-09,2.707773464623959223e-09,2.894216149102986704e-09,3.718461514395920986e-09,8.615077360941665943e-09,1.493898441407080606e-08,5.276128974218913595e-08,1.031224007609632398e-07,3.829333487618007039e-07,6.972264075182186150e-07,1.875315163950280880e-06,2.694817535872276850e-06,4.140817755430480302e-06,4.439220523637425969e-06,3.945404228444137533e-06,3.340432818321335991e-06,2.066317845706274131e-06,1.558912652023075043e-06,8.895788391894820374e-07,6.948404764090139723e-07,4.818550163661501889e-07,4.339114829638270662e-07,4.147429021001747870e-07,4.372209734597410843e-07,5.457216772390075920e-07,6.342234260000125575e-07,8.811692551951937590e-07,1.033059103740891979e-06,1.347652603989551263e-06,1.482166453208472743e-06,1.637390472168594223e-06,1.644132258667315404e-06,1.531438057928292788e-06,1.433515446448799810e-06,1.216034018881255018e-06,1.115694723068913529e-06,9.584170450728870822e-07,9.051558676292340185e-07,8.493189693950639520e-07,8.447651473514913942e-07,8.760128471914060185e-07,9.086595151277707637e-07,9.974546672675711073e-07,1.047649075354369118e-06,1.142529791758433973e-06,1.180418077154722417e-06,1.223800811670053583e-06,1.227236703979246030e-06,1.201251744067395990e-06,1.176197302459611529e-06,1.115925664001225347e-06,1.086109093501128747e-06,1.037162042690257472e-06,1.020391730574316154e-06,1.004840799140983105e-06,1.005888250259418578e-06,1.022680673291349743e-06,1.036475247817439990e-06,1.068921640183425606e-06,1.085044520443084965e-06,1.111264294069929477e-06,1.119595619187489614e-06,1.124792451716685217e-06,1.121919265849102365e-06,1.108037275284818246e-06,1.098647075325229032e-06,1.079417127289490630e-06,1.071113661462244626e-06,1.059679094727450496e-06,1.057046369741597002e-06,1.057996717176268959e-06,1.061109271986487770e-06,1.070739156958664187e-06,1.076292054009043292e-06,1.086607492464992681e-06,1.090582973513082744e-06,1.094873998799887312e-06,1.095050442022143470e-06,1.091991030126391454e-06,1.086035547249140920e-06
1.250000000000000000e+02,-1.338555056216667125e-04,1.483032053295664119e-05,3.305478186572515724e-05,9.442039181033186704e-05,1.451858538944973600e-04,3.045927832845600567e-04,4.169412314542849285e-04,6.905618338508233683e-04,8.230513604490101486e-04,9.857512126941498243e-04,9.702461464541921104e-04,7.313008764306091255e-04,5.502430395853281355e-04,2.213006409256397761e-04,1.149531275620640022e-04,1.928703885142222195e-05,6.164020432303056723e-06,4.519250080282628899e-07,1.233931052988673522e-07,1.694051789591279750e-08,7.968968152136275684e-09,2.882586485345372748e-09,2.309211012972755064e-09,2.469709582106132881e-09,3.180289208007782212e-09,7.424898963481795303e-09,1.294034988278541798e-08,4.623960205682908949e-08,9.094440003113986142e-08,3.419419919123726712e-07,6.261970147234817603e-07,1.700663391315473559e-06,2.452669468931662584e-06,3.785023319251659170e-06,4.060626752017701489e-06,3.604579535932441988e-06,3.046736116055247853e-06,1.875603050009564841e-06,1.411084151097837100e-06,8.008008699895128885e-07,6.239946102011085030e-07,4.311940776488456650e-07,3.878981822334987093e-07,3.705976323622702569e-07,3.908790733899965633e-07,4.889161139712088194e-07,5.690274747177734987e-07,7.931050528297612940e-07,9.312523698788688874e-07,1.217997440859885884e-06,1.340818077155236758e-06,1.482684976911858004e-06,1.488847861346625275e-06,1.385825978958855204e-06,1.296371329388430315e-06,1.097923619921761925e-06,1.006482232300542901e-06,8.633196588431863664e-07,8.148895513355016232e-07,7.641473921688585452e-07,7.600101705141834845e-07,7.883999647645076065e-07,8.180718992338857805e-07,8.988287846524965763e-07,9.445113477017945316e-07,1.030922135627739596e-06,1.065448435304451212e-06,1.104995020912759047e-06,1.108127538752932007e-06,1.084437361140486817e-06,1.061600546663839413e-06,1.006683862410476553e-06,9.795272491232591330e-07,9.349629753319771940e-07,9.196990445699737473e-07,9.055471359041479974e-07,9.065002255451842794e-07,9.217819595331764281e-07,9.343374398644772351e-07,9.638758734518482803e-07,9.785571011320748445e-07,1.002437008048293922e-06,1.010026014581296046e-06,1.014760068347372868e-06,1.012142671289953258e-06,9.994975422862150804e-07,9.909448938787731968e-07,9.734324275210157543e-07,9.658715242983283676e-07,9.554604799547788182e-07,9.530635677962794820e-07,9.539287702805079351e-07,9.567625511493226854e-07,9.655304715496231677e-07,9.705866907326837854e-07,9.799801547758836030e-07,9.836005517196012675e-07,9.875084541099065846e-07,9.876691446844684460e-07,9.848828630424548512e-07,9.794592861114945377e-07
1.260000000000000000e+02,-1.352242392527587772e-04,1.486063368835194461e-05,3.309328545161001139e-05,9.443332273951860411e-05,1.451069095831901152e-04,3.037979560175744229e-04,4.152981960776585928e-04,6.854490272364357388e-04,8.150824017167254904e-04,9.707824973242027648e-04,9.522138737038846707e-04,7.115751656506131163e-04,5.325779895688424574e-04,2.114141506567707694e-04,1.089388533864202519e-04,1.792185530196044796e-05,5.661211029384653108e-06,4.046422957434926086e-07,1.092198619672909727e-07,1.471916601767536172e-08,6.872842984561710472e-09,2.463187212656042444e-09,1.969310785325745564e-09,2.107463982297351490e-09,2.720002472523597517e-09,6.399135447443873859e-09,1.120909037883774904e-08,4.052399223966000191e-08,8.020443503396409990e-08,3.053382457323175741e-07,5.624030934804548788e-07,1.542275784511323161e-06,2.232277991134955317e-06,3.459796941589199631e-06,3.714317583897153684e-06,3.293194084879078965e-06,2.778859187402884503e-06,1.702489010923624157e-06,1.277272669077198896e-06,7.208820003507725258e-07,5.603715930784186703e-07,3.858590768160495132e-07,3.467638951190621377e-07,3.311508271516925162e-07,3.494486611029456406e-07,4.380231182954299335e-07,5.105328995124477735e-07,7.138412661538036386e-07,8.394777136205703368e-07,1.100815065887720623e-06,1.212948341849603463e-06,1.342595200643127576e-06,1.348228388662096140e-06,1.254057742638265381e-06,1.172346600559147876e-06,9.912839994719339562e-07,9.079593542604170748e-07,7.776573618455497917e-07,7.336242542379232436e-07,6.875162980700269891e-07,6.837579226783875846e-07,7.095487993009756168e-07,7.365145398651297762e-07,8.099539625951418086e-07,8.515263372321898918e-07,9.302158994654126031e-07,9.616755694664502838e-07,9.977218189419158247e-07,1.000577481993862030e-06,9.789814790805745522e-07,9.581679744412275809e-07,9.081351989097513188e-07,8.834035787649960510e-07,8.428334634988225195e-07,8.289419115037625820e-07,8.160643759043742767e-07,8.169315242548410520e-07,8.308371698103125813e-07,8.422637838394740097e-07,8.691523517012362653e-07,8.825195762338262917e-07,9.042663790693864813e-07,9.111785560126186602e-07,9.154906355677780178e-07,9.131064806180066648e-07,9.015890975051083205e-07,8.938000302972383924e-07,8.778531551113756201e-07,8.709690569702578048e-07,8.614908107046912247e-07,8.593087951149663058e-07,8.600964071926286546e-07,8.626761396517200302e-07,8.706584981546148464e-07,8.752620313602947014e-07,8.838151199095560604e-07,8.871118378220234531e-07,8.906704891293323965e-07,8.908168196887912386e-07,8.882795236317213815e-07,8.833408115089765901e-07
1.270000000000000000e+02,-1.367999177394492439e-04,1.489092372393005720e-05,3.313173230035728082e-05,9.444609361303295790e-05,1.450278095012846001e-04,3.030049199497554806e-04,4.136613212847503867e-04,6.803737372151361183e-04,8.071902819321657117e-04,9.560408698986156122e-04,9.345165969447986410e-04,6.923815221449274981e-04,5.154800949507552842e-04,2.019693797433320254e-04,1.032392745985531707e-04,1.665331136966886330e-05,5.199419911134051065e-06,3.623068606424268562e-07,9.667468835351930231e-08,1.278910721579486556e-08,5.927496241346814909e-09,2.104810821538767932e-09,1.679443811612984366e-09,1.798353286869714546e-09,2.326336586745431784e-09,5.515089897977941066e-09,9.709463679569672878e-09,3.551491924771174938e-08,7.073286560914555932e-08,2.726530577295031236e-07,5.051086236863356390e-07,1.398640345369938850e-06,2.031691907850534514e-06,3.162517701434070872e-06,3.397545629594953724e-06,3.008710119082902987e-06,2.534536519028368889e-06,1.545354201320982973e-06,1.156151291785130573e-06,6.489394761625662603e-07,5.032360685696996190e-07,3.452908303439494644e-07,3.099919354763438703e-07,2.959030520208671359e-07,3.124098628939833006e-07,3.924281022670884651e-07,4.580518188542219600e-07,6.424997328528076704e-07,7.567480533110580547e-07,9.949074995977238208e-07,1.097274030745096435e-06,1.215742605747451022e-06,1.220891181084784310e-06,1.134819305167268427e-06,1.060188252985242233e-06,8.950028519662191380e-07,8.190813936606307182e-07,7.004954350521043482e-07,6.604637401955062558e-07,6.185705360830314088e-07,6.151566291114345542e-07,6.385844086512356636e-07,6.630885694657300423e-07,7.298675576831222672e-07,7.676961294100716378e-07,8.393479025113885928e-07,8.680107165319700478e-07,9.008634633582630110e-07,9.034665058066555787e-07,8.837813557738900989e-07,8.648136286017453923e-07,8.192345692929108372e-07,7.967134451315424117e-07,7.597828547091696211e-07,7.471414368028059423e-07,7.354245797041572205e-07,7.362134656335305328e-07,7.488657930703889083e-07,7.592640964613312730e-07,7.837382986433541563e-07,7.959080227376970438e-07,8.157104668152193819e-07,8.220056060213030199e-07,8.259329681771130586e-07,8.237614682393495317e-07,8.132722073295195215e-07,8.061791930625205813e-07,7.916592654785121162e-07,7.853919577252826273e-07,7.767637163257426220e-07,7.747775108029090162e-07,7.754944259046286752e-07,7.778426725839294661e-07,7.851091928239451595e-07,7.893001891732512234e-07,7.970873789981064786e-07,8.000890837867806037e-07,8.033294026922013949e-07,8.034626444525455949e-07,8.011522941148000766e-07,7.966555083451247379e-07
1.280000000000000000e+02,-1.385688979834693137e-04,1.492119092212515702e-05,3.317012280814042959e-05,9.445870490387552759e-05,1.449485537153027438e-04,3.022136654139302974e-04,4.120305713622449757e-04,6.753356468731779591e-04,7.993741945176217846e-04,9.415227605753927892e-04,9.171479423432031368e-04,6.737054304128066613e-04,4.989310005036292402e-04,1.929465119839702668e-04,9.783787630968474741e-05,1.547455532804106054e-05,4.775296991525713151e-06,3.244007073812901244e-07,8.569216165840265291e-08,1.111212742134493059e-08,5.112179725765345073e-09,1.798575518147148625e-09,1.432242843692633355e-09,1.534581042724218400e-09,1.989645788538297114e-09,4.753175529006396088e-09,8.410466300940062923e-09,3.112500295232535283e-08,6.237981511130158245e-08,2.434666603033132370e-07,4.536509496367809903e-07,1.268381856581635332e-06,1.849129728786200796e-06,2.890781559810435240e-06,3.107788947886075187e-06,2.748801145836501014e-06,2.311694942498849787e-06,1.402722344505808990e-06,1.046515528423569473e-06,5.841766120909253068e-07,4.519260444766964781e-07,3.089877987473099805e-07,2.771193679436683051e-07,2.644070350691523665e-07,2.792968597695156228e-07,3.515791635839505061e-07,4.109655811245286044e-07,5.782880430032339390e-07,6.821712524350076554e-07,8.991890382226629900e-07,9.926310496415850088e-07,1.100875337335817774e-06,1.105580588865745116e-06,1.026918211896463628e-06,9.587599999935072712e-07,8.080731971417984098e-07,7.389034148926640171e-07,6.309897308996931849e-07,5.945990875400757915e-07,5.565387675064378294e-07,5.534380388757132591e-07,5.747173557265358810e-07,5.969826621250707253e-07,6.576998538257341608e-07,6.921186897848065605e-07,7.573562618649995644e-07,7.834685191310394262e-07,8.134079950923079651e-07,8.157805528833804616e-07,7.978388040859763376e-07,7.805547283751626281e-07,7.390366746966802423e-07,7.185303188606321188e-07,6.849157730357544657e-07,6.734130190693017864e-07,6.627531830863625604e-07,6.634708064020330281e-07,6.749817471333368138e-07,6.844434323255627929e-07,7.067180603842135311e-07,7.177965671498469803e-07,7.358268754374501508e-07,7.415595434098276942e-07,7.451361908475200545e-07,7.431585563338503550e-07,7.336064999250108219e-07,7.271479182752117656e-07,7.139284414591894751e-07,7.082231745125691213e-07,7.003694153670742342e-07,6.985616106632876188e-07,6.992141162343739908e-07,7.013514571256151530e-07,7.079657399260087716e-07,7.117808255119144334e-07,7.188700632924927003e-07,7.216029092178529239e-07,7.245531064479734419e-07,7.246744192891208056e-07,7.225709048884519994e-07,7.184768689533444028e-07
1.290000000000000000e+02,-1.405178198523983964e-04,1.495143529514847761e-05,3.320845702774007286e-05,9.447115696849088268e-05,1.448691429923473718e-04,3.014241898289963324e-04,4.104059253250234981e-04,6.703344869554711408e-04,7.916334112429783930e-04,9.272247858280852593e-04,9.001018133786459511e-04,6.555329394737099925e-04,4.829130947631184298e-04,1.843267023232800553e-04,9.271905969510904925e-05,1.437923211736237832e-05,4.385769733592490872e-06,2.904604326613841308e-07,7.596638923254160798e-08,9.655041777987009508e-09,4.409008147780116987e-09,1.536895186067315996e-09,1.221427818452356859e-09,1.309497304102964776e-09,1.701684123012149261e-09,4.096519933818529302e-09,7.285256909919006832e-09,2.727771156578484048e-08,5.501319578940337685e-08,2.174045273658435206e-07,4.074354601718663694e-07,1.150254517531129356e-06,1.682971911004640985e-06,2.642393804579297976e-06,2.842743621448676379e-06,2.511344291727279259e-06,2.108445839149873961e-06,1.273254884983791900e-06,9.472762386686882623e-07,5.258769038289277074e-07,4.058475608631614481e-07,2.765015540040938625e-07,2.477326937148493103e-07,2.362634432817589669e-07,2.496935537689307181e-07,3.149822767830625075e-07,3.687196221304606374e-07,5.204936483221183404e-07,6.149438675829600742e-07,8.126794213105176853e-07,8.979673999712754501e-07,9.968610038890777895e-07,1.001160744320644903e-06,9.292765027425135653e-07,8.670353110990598657e-07,7.295867605052949734e-07,6.665738110341122135e-07,5.683805832986798135e-07,5.353027290226164501e-07,5.007276509337956535e-07,4.979116219091920831e-07,5.172378221602214488e-07,5.374670634983357356e-07,5.926678798657755709e-07,6.239815707221609518e-07,6.833739057385582964e-07,7.071604670460011292e-07,7.344426010310852251e-07,7.366048929806899050e-07,7.202535946733163580e-07,7.045051182251319596e-07,6.666895863981529488e-07,6.480194035973112828e-07,6.174258475390734333e-07,6.069601152352546367e-07,5.972627968595448089e-07,5.979155381820723363e-07,6.083871386690278132e-07,6.169958136583082210e-07,6.372667659009011252e-07,6.473510124612802744e-07,6.637663272838329430e-07,6.689863203682621870e-07,6.722432849581611199e-07,6.704423673538264378e-07,6.617445453792065568e-07,6.558641687431422153e-07,6.438297318117278123e-07,6.386365607646468916e-07,6.314883954132378876e-07,6.298431126124234489e-07,6.304369432175009093e-07,6.323821493429623852e-07,6.384022086888970458e-07,6.418747947343551082e-07,6.483280677929952746e-07,6.508159168315097009e-07,6.535017315722319552e-07,6.536121737584171896e-07,6.516971471157834411e-07,6.479701178950829019e-07
1.300000000000000000e+02,-1.426336012207212128e-04,1.498165685520554688e-05,3.324673501189443349e-05,9.448345016270726440e-05,1.447895780973471860e-04,3.006364906094608391e-04,4.087873622478230750e-04,6.653699901249988816e-04,7.839672108054560962e-04,9.131436132578009271e-04,8.833722265196637018e-04,6.378504742751869676e-04,4.674093313106964442e-04,1.760919473813705018e-04,8.786804191164226756e-05,1.336143646917298841e-05,4.028016218397985609e-06,2.600711152840455044e-07,6.734445250051014978e-08,8.389016759063243692e-09,3.802556279672731493e-09,1.313287425666999700e-09,1.041643040485679128e-09,1.117427492767011921e-09,1.455399061656799040e-09,3.530581618754096221e-09,6.310585146861126191e-09,2.390597308407930652e-08,4.851651827487112045e-08,1.941322235027005769e-07,3.659281184267588072e-07,1.043128548404312567e-06,1.531744434540307197e-06,2.415348295298387626e-06,2.600302213389522280e-06,2.294400062456350030e-06,1.923066635969422058e-06,1.155736808576118260e-06,8.574475606314818903e-07,4.733953510822148849e-07,3.644672166883101364e-07,2.474308137508432742e-07,2.214622618854371252e-07,2.111154479403397691e-07,2.232279491823309283e-07,2.821948398175062704e-07,3.308163838425725797e-07,4.684752112392247779e-07,5.543416320162098451e-07,7.344926952746984924e-07,8.123314057520349563e-07,9.026742029925058450e-07,9.066030571724308183e-07,8.409187096996770250e-07,7.840858614689878454e-07,6.587234840540578517e-07,6.013243349448907024e-07,5.119837012079427648e-07,4.819196522411715866e-07,4.505133733348205653e-07,4.479561273565597652e-07,4.655069793515153286e-07,4.838847696227621849e-07,5.340660812699915289e-07,5.625523057516286767e-07,6.166184601035732803e-07,6.382845867105777209e-07,6.631430813771265441e-07,6.651135727851092191e-07,6.502130380316758617e-07,6.358649787180966750e-07,6.014247720771616779e-07,5.844278212731248041e-07,5.565861631202928539e-07,5.470647837515444506e-07,5.382438362822885257e-07,5.388375110665073828e-07,5.483627936233854798e-07,5.561946847749466884e-07,5.746406046753832920e-07,5.838190288580446044e-07,5.987627135368425377e-07,6.035154689296195248e-07,6.064810675576162626e-07,6.048412181616400710e-07,5.969219234435981045e-07,5.915684517622326558e-07,5.806137721055119102e-07,5.758871410774235849e-07,5.693817407120805273e-07,5.678844986126813620e-07,5.684248838682673041e-07,5.701950740393359803e-07,5.756738208819312929e-07,5.788343819173929691e-07,5.847082334488632946e-07,5.869728533322733904e-07,5.894177666668589700e-07,5.895183036223558028e-07,5.877750260535608007e-07,5.843823972218856362e-07
1.310000000000000000e+02,-1.449034333782344948e-04,1.501185588349298033e-05,3.328495715364002626e-05,9.449558494916353822e-05,1.447098590820187385e-04,2.998505581700895185e-04,4.071748469232468128e-04,6.604418471969815147e-04,7.763748114366887058e-04,8.992758381904145896e-04,8.669531641914233209e-04,6.206446743346454714e-04,4.524030790999844140e-04,1.682249793538322916e-04,8.327077354099173922e-05,1.241567295024378361e-05,3.699441898108267587e-06,2.328610145921371829e-07,5.970100727770524286e-08,7.288990476922744752e-09,3.279516259577751336e-09,1.122211400628875255e-09,8.883198638210808989e-10,9.535279906424613122e-10,1.244757045728477410e-09,3.042823958808926407e-09,5.466304212308750396e-09,2.095098137404154126e-08,4.278700164731994403e-08,1.733509376520528562e-07,3.286489763847718227e-07,9.459785612675247410e-07,1.394104557012482972e-06,2.207809493644127775e-06,2.378535122030979703e-06,2.096194814682304916e-06,1.753984768777301249e-06,1.049064335085147723e-06,7.761364284446800946e-07,4.261509225898677065e-07,3.273056817411216287e-07,2.214162654637049418e-07,1.979774220401265931e-07,1.886440113873285446e-07,1.995672789345363796e-07,2.528200737665544512e-07,2.968091676201951596e-07,4.216550926614741433e-07,4.997111911447631172e-07,6.638275422169662848e-07,7.348614902204252987e-07,8.173856901216207740e-07,8.209753569984098304e-07,7.609614345263247467e-07,7.090715015148287177e-07,5.947424167930016881e-07,5.424614416728182689e-07,4.611822604404041369e-07,4.338597581905452669e-07,4.053342961052904935e-07,4.030122533174227122e-07,4.189494953579298627e-07,4.356438666809918283e-07,4.812582190942299876e-07,5.071700675354535049e-07,5.563834656365494215e-07,5.761164869509335668e-07,5.987647025171662953e-07,6.005602535933427053e-07,5.869829369376108278e-07,5.739118908213130654e-07,5.425484340238037780e-07,5.270760884423808263e-07,5.017409675881769841e-07,4.930794718868453542e-07,4.850563832998501784e-07,4.855962907689788041e-07,4.942600334270001554e-07,5.013846222795559100e-07,5.181683832637369938e-07,5.265216347750760993e-07,5.401244535931744219e-07,5.444514219727736130e-07,5.471514884882236734e-07,5.456584303345220037e-07,5.384485977702187058e-07,5.335752368184547116e-07,5.236042919937449348e-07,5.193026573937890595e-07,5.133827321757589851e-07,5.120203271033203080e-07,5.125120351160328182e-07,5.141228180000621036e-07,5.191084987384356458e-07,5.219848247331741915e-07,5.273308208194997255e-07,5.293920645508360875e-07,5.316174929392261835e-07,5.317090052033013325e-07,5.301222096328452125e-07,5.270342427974574959e-07
1.320000000000000000e+02,-1.473147767874134241e-04,1.504203185400816950e-05,3.332312282444858877e-05,9.450756146619906310e-05,1.446299881276893865e-04,2.990664039234011955e-04,4.055683872830195412e-04,6.555498824562298963e-04,7.688556407970293001e-04,8.856184753034360580e-04,8.508391551761401023e-04,6.039029928916945546e-04,4.378786353305917363e-04,1.607095072087803833e-04,7.891405972514113013e-05,1.153685944436320379e-05,3.397672270551762436e-06,2.084979701307563063e-07,5.292512752691816945e-08,6.333214650194179951e-09,2.828423653112883268e-09,9.589371378665619006e-10,7.575658869749674063e-10,8.136696514585324558e-10,1.064602948792946549e-09,2.622454351955015237e-09,4.734983641367087812e-09,1.836127299666536275e-08,3.773414625251117482e-08,1.547943693367608096e-07,2.951679234165283973e-07,8.578771344384006781e-07,1.268833696488731949e-06,2.018104875333955658e-06,2.175682972551599547e-06,1.915113179918681921e-06,1.599770247296956709e-06,9.522382731344590599e-07,7.025365291133138426e-07,3.836217693152196070e-07,2.939334383441217623e-07,1.981370306658675542e-07,1.769831796558595481e-07,1.685646213669565394e-07,1.784146437462967236e-07,2.265032436321308233e-07,2.662980537545699047e-07,3.795145686203837011e-07,4.504649623669591558e-07,5.999615310303598598e-07,6.647802089166439821e-07,7.401561852579468474e-07,7.434356900602994561e-07,6.886073047959609741e-07,6.412343630249003629e-07,5.369761974723412032e-07,4.893609681192747328e-07,4.154219273320774661e-07,3.905930125882954834e-07,3.646862469946262741e-07,3.625779504562995966e-07,3.770487581288819914e-07,3.922126728618979992e-07,4.336723023854350146e-07,4.572404889104282350e-07,5.020330007534322923e-07,5.200039071695387091e-07,5.406366622143676977e-07,5.422726700064425809e-07,5.299020941967674207e-07,5.179953919813053143e-07,4.894361856290670165e-07,4.753528545981585817e-07,4.523005148871059224e-07,4.444218959157432512e-07,4.371251014684870550e-07,4.376160711742416772e-07,4.454955500180803052e-07,4.519761796747999785e-07,4.672462997736069167e-07,4.748479372351387031e-07,4.872291808569607485e-07,4.911681819290284259e-07,4.936262884848419651e-07,4.922669941092704810e-07,4.857036083154840124e-07,4.812676674318229833e-07,4.721928673478569156e-07,4.682783387376879963e-07,4.628916415530548185e-07,4.616520328314761487e-07,4.620994115872351007e-07,4.635650210858528828e-07,4.681016354696491879e-07,4.707190721729541134e-07,4.755842470412338565e-07,4.774602240755940977e-07,4.794857038677841337e-07,4.795689946808599086e-07,4.781247541420664132e-07,4.753143224595784717e-07
1.330000000000000000e+02,-1.498553571718667975e-04,1.507218504813944392e-05,3.336123241777226469e-05,9.451938017663590757e-05,1.445499652831173010e-04,2.982840182599075891e-04,4.039679481850832685e-04,6.506937901644313212e-04,7.614089299933999829e-04,8.721682164809063231e-04,8.350243948301598520e-04,5.876127675839673591e-04,4.238204063715541280e-04,1.535297619926714212e-04,7.478527621692706705e-05,1.072024916760105418e-05,3.120518100510854924e-06,1.866838848356173076e-07,4.691828445183465930e-08,5.502765335247978423e-09,2.439377950422825028e-09,8.194181201626182798e-10,6.460578541329226043e-10,6.943249210441485714e-10,9.105225380091896970e-10,2.260159096445675531e-09,4.101503923791645009e-09,1.609167181424483832e-08,3.327799591586969724e-08,1.382241992658192822e-07,2.650977212970899270e-07,7.779807446241942832e-07,1.154819257295395347e-06,1.844700318844342754e-06,1.990130763826470067e-06,1.749674266919912496e-06,1.459114489914362404e-06,8.643489357077448199e-07,6.359159418363165370e-07,3.453369228833213199e-07,2.639638206768275819e-07,1.773053091224069226e-07,1.582152285709080390e-07,1.506224811225051127e-07,1.595040150475623541e-07,2.029257961944628576e-07,2.389233715093062177e-07,3.415855686775878114e-07,4.060718815768313197e-07,5.422399378244874713e-07,6.013822887246053368e-07,6.702235356303596833e-07,6.732194440698204864e-07,6.231327297270816950e-07,5.798871751903900400e-07,4.848206582319940401e-07,4.414583538299118089e-07,3.742020817300187145e-07,3.516410191864590383e-07,3.281144672838919290e-07,3.262003998873142484e-07,3.393386425440175682e-07,3.531112876318620412e-07,3.907915567227164631e-07,4.122263100461785301e-07,4.529917335643180408e-07,4.693565357879385218e-07,4.881516433699118526e-07,4.896421628063844615e-07,4.783720034150695712e-07,4.675268201593358545e-07,4.415232682234066820e-07,4.287053056668604575e-07,4.077317783786544355e-07,4.005658615377852023e-07,3.939301561784065969e-07,3.943765878061287426e-07,4.015422115253512291e-07,4.074366049082716462e-07,4.213284554823099656e-07,4.282455418385333005e-07,4.395139884156857701e-07,4.430995144891875480e-07,4.453371605168585622e-07,4.440997476006934737e-07,4.381253371411495626e-07,4.340878857105393007e-07,4.258293656051067005e-07,4.222673989189018595e-07,4.173663014328499957e-07,4.162385135340277830e-07,4.166455262606910508e-07,4.179789371728669274e-07,4.221065953184861309e-07,4.244882495665447224e-07,4.289154859086694027e-07,4.306227083567155944e-07,4.324660533760115669e-07,4.325418551586954208e-07,4.312274704872261742e-07,4.286698396915704107e-07
1.340000000000000000e+02,-1.525131619185139242e-04,1.510231547806938708e-05,3.339928598617959927e-05,9.453104143384708283e-05,1.444697913045877885e-04,2.975033985771943757e-04,4.023735089427057736e-04,6.458733105239752815e-04,7.540339847849003097e-04,8.589219262388811784e-04,8.195033310436246592e-04,5.717618285020031714e-04,4.102134304627527207e-04,1.466707475633959284e-04,7.087249903238916442e-05,9.961439423062398799e-06,2.865971528525062401e-06,1.671520785343362080e-07,4.159319584310836558e-08,4.781209106418955052e-09,2.103844751351596071e-09,7.001981383212511206e-10,5.509629236405497871e-10,5.924849908920618718e-10,7.787421821216396201e-10,1.947915206874451313e-09,3.552775316561368468e-09,1.410261037470910382e-08,2.934808451189358132e-08,1.234277937107596153e-07,2.380908953741607114e-07,7.055252498136012611e-07,1.051049785382861691e-06,1.686195283888246169e-06,1.820403113655011569e-06,1.598526795676370130e-06,1.330825403212320627e-06,7.845715004860525244e-07,5.756128399887446619e-07,3.108728149186492859e-07,2.370499003291669324e-07,1.586637778593861375e-07,1.414374878064771860e-07,1.345901032769481614e-07,1.425977599866232789e-07,1.818025843715244828e-07,2.143627093444198505e-07,3.074471962436679893e-07,3.660536814333926504e-07,4.900716256271860343e-07,5.440303706052008591e-07,6.068983203347049719e-07,6.096349468610873235e-07,5.638835950398559792e-07,5.244090523453918962e-07,4.377308529361905332e-07,3.982447986652037052e-07,3.370722052696160844e-07,3.165734949347976876e-07,2.952101833627489898e-07,2.934725927864433297e-07,3.054000347496880954e-07,3.179080603625300712e-07,3.521507506528862800e-07,3.716436300481708137e-07,4.087410418754052789e-07,4.236420810279327431e-07,4.407618305910052797e-07,4.421196912904551499e-07,4.318528932905079006e-07,4.219753897522990089e-07,3.983007063611027250e-07,3.866353603358013181e-07,3.675547172433903022e-07,3.610375550885339818e-07,3.550035292356119344e-07,3.554094308090051130e-07,3.619253500001216872e-07,3.672861076891675673e-07,3.799230752403264487e-07,3.862167504149586778e-07,3.964715904600430753e-07,3.997350987042865185e-07,4.017718928684419280e-07,4.006455237489118994e-07,3.952076742131521714e-07,3.915332110515418098e-07,3.840181512679253454e-07,3.807772537638121589e-07,3.763183387890699835e-07,3.752923672645626721e-07,3.756626264247542139e-07,3.768756656401619533e-07,3.806309313090085016e-07,3.827978684702644952e-07,3.868262632734649313e-07,3.883797865603111354e-07,3.900572397258592495e-07,3.901262203128081155e-07,3.889301120849639280e-07,3.866027298157434251e-07
1.350000000000000000e+02,-1.552764367766097621e-04,1.513242315597497175e-05,3.343728358219685381e-05,9.454254559059398807e-05,1.443894669462382431e-04,2.967245422687756189e-04,4.007850489285606039e-04,6.410881855893271622e-04,7.467301175371959332e-04,8.458765164798641564e-04,8.042705146161644022e-04,5.563383336873522437e-04,3.970432258943908392e-04,1.401181375642822065e-04,6.716442794623925943e-05,9.256339125866027816e-06,2.632188471665138736e-06,1.496637717536141061e-07,3.687248556868060953e-08,4.154267360423650676e-09,1.814463537644188385e-09,5.983238340271767458e-10,4.698652231996305190e-10,5.055823645481148654e-10,6.660344040068481852e-10,1.678808071644286373e-09,3.077459295725134755e-09,1.235941201355064516e-08,2.588226736256163570e-08,1.102152801426680567e-07,2.138353691230436560e-07,6.398176725139583573e-07,9.566047107119335369e-07,1.541309566555933283e-06,1.665150462637959633e-06,1.460436213754736420e-06,1.213815702102261996e-06,7.121572720850740269e-07,5.210281553730700815e-07,2.798481475061679463e-07,2.128801211209794923e-07,1.419821677613977880e-07,1.264389107855426724e-07,1.202642138975517153e-07,1.274834325300038505e-07,1.628781423345130805e-07,1.923267979943874082e-07,2.767206185060381001e-07,3.299792264506071736e-07,4.429223285999628855e-07,4.921478767765195134e-07,5.495562557110325163e-07,5.520558517786234090e-07,5.102679796994188249e-07,4.742385076983825568e-07,3.952147637728044022e-07,3.592613067455432876e-07,3.036264807882533764e-07,2.850030658777804801e-07,2.656056136677740695e-07,2.640283547076973780e-07,2.748557371344236607e-07,2.862143725501241267e-07,3.173306528868563396e-07,3.350561857044071726e-07,3.688129640365509377e-07,3.823800940139319288e-07,3.979725890869206459e-07,3.992095008058303782e-07,3.898574810336328123e-07,3.808620286071531455e-07,3.593093490751792830e-07,3.486938140548237301e-07,3.313365917340387219e-07,3.254099182315958218e-07,3.199234490209809396e-07,3.202924713459668303e-07,3.262171279097374459e-07,3.310921770827601925e-07,3.425867111055526729e-07,3.483127085658599929e-07,3.576443793412915125e-07,3.606145554770946466e-07,3.624683798504558987e-07,3.614431708475320058e-07,3.564940855209721999e-07,3.531502405941641578e-07,3.463122529381325570e-07,3.433637170512755191e-07,3.393074108685957199e-07,3.383741375042172237e-07,3.387109354539353297e-07,3.398143822443101206e-07,3.432305824759712427e-07,3.452020045532596445e-07,3.488671991067179758e-07,3.502807488622904433e-07,3.518071189735139711e-07,3.518698872371638260e-07,3.507814982824911023e-07,3.486638040340152896e-07
1.360000000000000000e+02,-1.581336828372184892e-04,1.516250809402734309e-05,3.347522525830792448e-05,9.455389299902765732e-05,1.443089929600629431e-04,2.959474467241567618e-04,3.992025475746360558e-04,6.363381592540878545e-04,7.394966471601737259e-04,8.330289457780296579e-04,7.893205973514332225e-04,5.413307602982646901e-04,3.842957756078078978e-04,1.338582455114961612e-04,6.365035386409631187e-05,8.601146748549246945e-06,2.417475264871485298e-06,1.340051667068475200e-07,3.268755929255670600e-08,3.609533767988696781e-09,1.564886209249336316e-09,5.112715393466946839e-10,4.007044757852254446e-10,4.314261291423447664e-10,5.696388364804204352e-10,1.446878331582595115e-09,2.665734269148524113e-09,1.083168632429664865e-08,2.282573855055532001e-08,9.841711079457810506e-08,1.920508580763910077e-07,5.802295722645166211e-07,8.706461809737295852e-07,1.408872959965650623e-06,1.523138343947997306e-06,1.334274613138324928e-06,1.107093695221911256e-06,6.464266559903298400e-07,4.716196271353702719e-07,2.519196747976018818e-07,1.911746926354916144e-07,1.270544192611647739e-07,1.130308306621780057e-07,1.074631752664826669e-07,1.139711039169427967e-07,1.459235959764518427e-07,1.725561036339782767e-07,2.490648626695334770e-07,2.974598683265928384e-07,4.003091807194749264e-07,4.452132144051835702e-07,4.976320411592292589e-07,4.999149680135958878e-07,4.617502426271864920e-07,4.288677708103310216e-07,3.568281605897960247e-07,3.240938113650132773e-07,2.734993570295378429e-07,2.565809881653114723e-07,2.389698580076320741e-07,2.375382487826123781e-07,2.473662762503910009e-07,2.576803478883046838e-07,2.859534840285633556e-07,3.020706618244665270e-07,3.327852503097320815e-07,3.451369195405222957e-07,3.593373020658772402e-07,3.604639512205169531e-07,3.519458683140085781e-07,3.437543397164031633e-07,3.241349925128605373e-07,3.144755427931969320e-07,2.986873023761750512e-07,2.932980342384343495e-07,2.883098207339632613e-07,2.886452888596537786e-07,2.940319179166816198e-07,2.984649225581644319e-07,3.089194932206563212e-07,3.141286122066702310e-07,3.226195606608871919e-07,3.253225601108856915e-07,3.270097203233676437e-07,3.260766588097084064e-07,3.215727568950117309e-07,3.185300185649453993e-07,3.123085852572071372e-07,3.096262452980096808e-07,3.059364815702467124e-07,3.050875968367713041e-07,3.053939338466479542e-07,3.063976115331556310e-07,3.095051196726650734e-07,3.112985281138137481e-07,3.146330097062409459e-07,3.159190977790034358e-07,3.173078845798140910e-07,3.173649955721816532e-07,3.163747018380133960e-07,3.144479531980376788e-07
1.370000000000000000e+02,-1.610736537772024810e-04,1.519257057217243516e-05,3.351311140430273685e-05,9.456508410971584209e-05,1.442283693768347174e-04,2.951721024277607301e-04,3.976259703499299396e-04,6.316229353760917722e-04,7.323328355192936521e-04,8.203761067872484712e-04,7.746482006653751182e-04,5.267277676589656376e-04,3.719574041289759603e-04,1.278779441362245595e-04,6.032009901616620245e-05,7.992324598957698846e-06,2.220274708374363887e-06,1.199847155130997871e-07,2.897757668424171852e-08,3.136224845660040214e-09,1.349636050108297264e-09,4.368841481888329631e-10,3.417231745240102009e-10,3.681462002651583743e-10,4.871939394610318858e-10,1.246988260615805935e-09,2.309089678416854224e-09,9.492788190929024594e-09,2.013014173570231574e-08,8.788179836275019849e-08,1.724854659625120641e-07,5.261905769777435252e-07,7.924109642365743857e-07,1.287814772268713144e-06,1.393236461460822849e-06,1.219010536661525737e-06,1.009754052382712177e-06,5.867622746179496952e-07,4.268960359887731190e-07,2.267781931295995146e-07,1.716821869348803768e-07,1.136960245186910499e-07,1.010444862192783847e-07,9.602458666540668493e-08,1.018908743294843437e-07,1.307337669176832865e-07,1.548176215976089076e-07,2.241728219720413428e-07,2.681450110814218198e-07,3.617954447011743641e-07,4.027541723469285715e-07,4.506133878705905621e-07,4.526982734140677211e-07,4.178452996281517388e-07,3.878373011588216561e-07,3.221696661877845955e-07,2.923685087111117450e-07,2.463613240112898662e-07,2.309930795284579046e-07,2.150049966406037891e-07,2.137056885980447019e-07,2.226259209395079798e-07,2.319907729009013271e-07,2.576785789466220968e-07,2.723322117460682916e-07,3.002766225810226883e-07,3.115208541441209095e-07,3.244524140458748731e-07,3.254785511924555320e-07,3.177206438865554702e-07,3.102617703675913767e-07,2.924037115792658872e-07,2.836149164085202071e-07,2.692549395172307448e-07,2.643547247939816245e-07,2.598198672920431964e-07,2.601248089829737414e-07,2.650218931685372273e-07,2.690526254019815974e-07,2.785605906112712232e-07,2.832991237564823697e-07,2.910244974907341253e-07,2.934841638067083210e-07,2.950195250514531502e-07,2.941703943312343975e-07,2.900719470263655661e-07,2.873034150165738789e-07,2.816433805989660127e-07,2.792033924358435903e-07,2.758473078931392240e-07,2.750752407310649156e-07,2.753538503564797752e-07,2.762667093077783662e-07,2.790932012774810164e-07,2.807245444032518533e-07,2.837579195299360681e-07,2.849279490499563843e-07,2.861914564915876789e-07,2.862434161009458442e-07,2.853424459270446998e-07,2.835895612159381948e-07
1.380000000000000000e+02,-1.640853533522445575e-04,1.522261006680684339e-05,3.355094139738715696e-05,9.457611907414978868e-05,1.441475983811292745e-04,2.943985205791632416e-04,3.960553249018545813e-04,6.269423455200100800e-04,7.252886309435607835e-04,8.079152747964746164e-04,7.602484342423151097e-04,5.125187057730212986e-04,3.600151992585281764e-04,1.221648487346969892e-04,5.716410470526351283e-05,7.426601060699956902e-06,2.039161670763838191e-06,1.074312650055906683e-07,2.568869581431269117e-08,2.724982874383833492e-09,1.163994990617447239e-09,3.733202329897749444e-10,2.914239570419186603e-10,3.141483465507119432e-10,4.166819929732074740e-10,1.074714865630663554e-09,2.000162422786857380e-09,8.319399491383454651e-09,1.775289868723942815e-08,7.847433740611306670e-08,1.549134533259039544e-07,4.771848085905253372e-07,7.212064033504611647e-07,1.177159400250695105e-06,1.274414232841849940e-06,1.113704571977923875e-06,9.209735241095639690e-07,5.326052503792759202e-07,3.864138801812453273e-07,2.041459936114465700e-07,1.541773048751400241e-07,1.017422117558322049e-07,9.032931478917725042e-08,8.580362202310356200e-08,9.109115693442765109e-08,1.171252182116395545e-07,1.389027479180087680e-07,2.017687125283854251e-07,2.417193527476434265e-07,3.269873786477660738e-07,3.643446507406845978e-07,4.080376043619530439e-07,4.099414938223459003e-07,3.781153045145685572e-07,3.507325642722455492e-07,2.908777675284337540e-07,2.637489902783483192e-07,2.219162546002238865e-07,2.079571376868228141e-07,1.934435928453205351e-07,1.922644477519866793e-07,2.003601439159964290e-07,2.088625097763777746e-07,2.321996733500321895e-07,2.455216763192576059e-07,2.709438723397391245e-07,2.811791980577118318e-07,2.929544315979264527e-07,2.938889549007443758e-07,2.868239106481251192e-07,2.800326690025848209e-07,2.637789907545726696e-07,2.557829672783908190e-07,2.427230158904192161e-07,2.382678050134423142e-07,2.341454054193383479e-07,2.344225781908350261e-07,2.388742791905001765e-07,2.425389721377691973e-07,2.511854019114016356e-07,2.554955420329754756e-07,2.625238469203012171e-07,2.647619197477081923e-07,2.661590362886012175e-07,2.653863440599051830e-07,2.616571280653035795e-07,2.591382783182784831e-07,2.539893661743263583e-07,2.517699976544991551e-07,2.487176426754300965e-07,2.480154937272609824e-07,2.482688669311079038e-07,2.490990634869774158e-07,2.516697615146355760e-07,2.531535747543394929e-07,2.559128290427448941e-07,2.569771943933480199e-07,2.581266384179561023e-07,2.581739078003747988e-07,2.573542650965141877e-07,2.557596736300492453e-07
1.390000000000000000e+02,-1.671580331238624729e-04,1.525262685806756538e-05,3.358871562776421854e-05,9.458699834307295713e-05,1.440666800007824207e-04,2.936266916394237496e-04,3.944905767647538487e-04,6.222960968487238577e-04,7.183306950481890222e-04,7.956434306024512230e-04,7.461161098428013144e-04,4.986928265807372487e-04,3.484563386119760497e-04,1.167069715167840438e-04,5.417322561212872204e-05,6.900920390746125834e-06,1.872822215465700301e-06,9.619121405350932082e-08,2.277309222900830536e-08,2.367665378696665740e-09,1.003888580391413404e-09,3.190044435476702828e-10,2.485284053750126676e-10,2.680706073245574250e-10,3.563752642326330905e-10,9.262412342106104979e-10,1.732565614711916932e-09,7.291050895680013105e-09,1.565639168635800382e-08,7.007390808070972608e-08,1.391315820059720824e-07,4.327430577946548857e-07,6.564000854847903792e-07,1.076011973259055361e-06,1.165725645619838675e-06,1.017495512112645030e-06,8.399987567272613684e-07,4.834467684655002241e-07,3.497705766450202609e-07,1.837724443197517963e-07,1.384572249374675570e-07,9.104519502585927890e-08,8.075041685610875181e-08,7.667058150523180758e-08,8.143612652614356379e-08,1.049332229578520299e-07,1.246238731880016434e-07,1.816036809665474896e-07,2.178979198452497650e-07,2.955281428963427420e-07,3.295981054514266276e-07,3.694845193252512070e-07,3.712230033279758680e-07,3.421629256707484079e-07,3.171776408723392220e-07,2.626251839532773615e-07,2.379309720949515389e-07,1.998967157793376821e-07,1.872184537700101285e-07,1.740444213063976897e-07,1.729744058733418809e-07,1.803212467579157468e-07,1.880399960622674768e-07,2.092400680040883316e-07,2.213505616623643365e-07,2.444764916718228116e-07,2.537927496710015718e-07,2.645142627306896164e-07,2.653652891862132157e-07,2.589317053699156934e-07,2.527487947023604638e-07,2.379564514013333010e-07,2.306822264022320972e-07,2.188054828765144660e-07,2.147551618932584151e-07,2.110079819761252317e-07,2.112598962170032704e-07,2.153064237987397690e-07,2.186380732815658770e-07,2.265004544289633479e-07,2.304206421665957842e-07,2.368143042214129398e-07,2.388505969518213944e-07,2.401218227476202907e-07,2.394187399972077471e-07,2.360257415256940966e-07,2.337342253089247108e-07,2.290506245402322040e-07,2.270320763826162193e-07,2.242561676301074291e-07,2.236176521702823612e-07,2.238480579422991949e-07,2.246030218735681466e-07,2.269409028040822712e-07,2.282904285439920928e-07,2.308001488731466384e-07,2.317683211153665369e-07,2.328139217515508546e-07,2.328569211169852389e-07,2.321113197231272195e-07,2.306608338648865816e-07
1.400000000000000000e+02,-1.702811904058047754e-04,1.528262095810289673e-05,3.362643414774906165e-05,9.459772226620374348e-05,1.439856149792686113e-04,2.928566129826304506e-04,3.929317056069529758e-04,6.176839404848141063e-04,7.114391737034824956e-04,7.835577125314644332e-04,7.322462649281440746e-04,4.852398000288753893e-04,3.372685193906831830e-04,1.114929122055579799e-04,5.133882371346134709e-05,6.412448354442404960e-06,1.720051265025729879e-06,8.612714986696873992e-08,2.018840043098782400e-08,2.057201491432016430e-09,8.658045789913890872e-10,2.725912431162606092e-10,2.119467587817936566e-10,2.287513060645739865e-10,3.047967529138783521e-10,7.982794129771184771e-10,1.500769797769131025e-09,6.389814381470770507e-09,1.380746790291325840e-08,6.257271231691584334e-08,1.249574834645582940e-07,3.924402713202613732e-07,5.974170882725783095e-07,9.835555405975473023e-07,1.066306471838066820e-06,9.295975255063594535e-07,7.661434595085674266e-07,4.388254816643181316e-07,3.166020968659781585e-07,1.654321379798554849e-07,1.243399695464390137e-07,8.147283858266117854e-08,7.218729885160798943e-08,6.850966670165115242e-08,7.280445585888307460e-08,9.401032896724434429e-08,1.118128230220914298e-07,1.634539543894782902e-07,1.964240702254376088e-07,2.670955543045703054e-07,2.981652146985872259e-07,3.345740584086110900e-07,3.361613972011642890e-07,3.096289819889562391e-07,2.868329228189361695e-07,2.371167156624081306e-07,2.146402237562610154e-07,1.800620392123785003e-07,1.685479355762679442e-07,1.565906494811915555e-07,1.556197348249826161e-07,1.622865129049567718e-07,1.692933640565219555e-07,1.885506617319845316e-07,1.995590263305054620e-07,2.205945791681487248e-07,2.290736808181748334e-07,2.388350583037350625e-07,2.396099923170698798e-07,2.337518574773551037e-07,2.281231957124596910e-07,2.146617795945927627e-07,2.080446766006304512e-07,1.972447268249984727e-07,1.935627658429626020e-07,1.901568997953579331e-07,1.903858409135913109e-07,1.940638065100347160e-07,1.970924602367172835e-07,2.042413722060359288e-07,2.078066296387951449e-07,2.136225345027544572e-07,2.154751049203277626e-07,2.166316999007615943e-07,2.159920021954728903e-07,2.129051326526436392e-07,2.108205836405063847e-07,2.065605524846018514e-07,2.047247864020516461e-07,2.022004695022543846e-07,2.016198626932585135e-07,2.018293678272570918e-07,2.025158670467073346e-07,2.046418621972495577e-07,2.058691647855294231e-07,2.081517524702314759e-07,2.090323613451413633e-07,2.099834311232765763e-07,2.100225433707613928e-07,2.093443440381577512e-07,2.080250363753390758e-07
1.410000000000000000e+02,-1.734445664156331751e-04,1.531259237905560362e-05,3.366409700961456959e-05,9.460829119265482716e-05,1.439044040579449360e-04,2.920882819791686112e-04,3.913786911556283409e-04,6.131056293266426297e-04,7.046134366606875187e-04,7.716553021658052866e-04,7.186340289522351451e-04,4.721495744518896436e-04,3.264398335503143666e-04,1.065117797167863052e-04,4.865271286028799175e-05,5.958551319488027478e-06,1.579742038271898970e-06,7.711603618249982493e-08,1.789706320976295305e-08,1.787447511807397846e-09,7.467138459752060975e-10,2.329308605264306109e-10,1.807496601393190905e-10,1.951991537971122653e-10,2.606832242202285904e-10,6.879956800120469451e-10,1.299985279579890518e-09,5.599977951839529844e-09,1.217688958869635359e-08,5.587449125376902845e-08,1.122273676054847975e-07,3.558909813244242638e-07,5.437341492041955840e-07,8.990433455750737428e-07,9.753661866808145502e-07,8.492926634993426798e-07,6.987816804828058358e-07,3.983226230273384863e-07,2.865789319192804663e-07,1.489221621921740877e-07,1.116621153413272036e-07,7.290689894300940964e-08,6.453224459497335606e-08,6.121740468221343288e-08,6.508767727794761461e-08,8.422443257299796864e-08,1.003187105934550197e-07,1.471181235415848498e-07,1.770664532061599124e-07,2.413984259612769745e-07,2.697299696858873781e-07,3.029620572991256668e-07,3.044112929731653504e-07,2.801884435189448859e-07,2.593912917692891597e-07,2.140858345197845826e-07,1.936293582327410639e-07,1.621954362073679302e-07,1.517393367685029686e-07,1.408871890242672890e-07,1.400062601811030358e-07,1.460555001450561993e-07,1.524156621485076111e-07,1.699069835774938073e-07,1.799128091324250778e-07,1.990455751555092814e-07,2.067621966901395276e-07,2.156487867287920634e-07,2.163543819730525623e-07,2.110206078339226486e-07,2.058968775974737587e-07,1.936475146084766247e-07,1.876286013786216105e-07,1.778085183104028463e-07,1.744616547159222059e-07,1.713662341321954552e-07,1.715742825054837085e-07,1.749170177865505722e-07,1.776700359323857541e-07,1.841697598927447346e-07,1.874119912445224023e-07,1.927019705146081150e-07,1.943872746436336486e-07,1.954395005266914339e-07,1.948575150810159199e-07,1.920493547336932835e-07,1.901532150920721715e-07,1.862787234350939559e-07,1.846093072136486928e-07,1.823139428604159638e-07,1.817860304149140471e-07,1.819765173324675890e-07,1.826007162155328378e-07,1.845338915029985562e-07,1.856499609071836539e-07,1.877258238574955936e-07,1.885267317045641842e-07,1.893917553575318567e-07,1.894273293518572432e-07,1.888104829350569381e-07,1.876105755624303453e-07
1.420000000000000000e+02,-1.766381446177103429e-04,1.534254139983224968e-05,3.370170460045883790e-05,9.461870556304652672e-05,1.438230472504550220e-04,2.913216891725727269e-04,3.898314994358960026e-04,6.085608776874028595e-04,6.978527996566873288e-04,7.599333200347625425e-04,7.052745037260210563e-04,4.594122571166040208e-04,3.159586632567251761e-04,1.017531279758893391e-04,4.610711306133490929e-05,5.536778435902376273e-06,1.450876932438863566e-06,6.904764116485973512e-08,1.586576889485435959e-08,1.553063386119761524e-09,6.440030427608701286e-10,1.990405288233420417e-10,1.541443273478555753e-10,1.665680222874207916e-10,2.229539601441947461e-10,5.929470074119390366e-10,1.126061720892234178e-09,4.907765950579179304e-09,1.073885971448096562e-08,4.989323969855556477e-08,1.007940336407344827e-07,3.227453376616266738e-07,4.948746085563671560e-07,8.217921364564700470e-07,8.921809742902183944e-07,7.759243717502103607e-07,6.373419788303729110e-07,3.615577639423108672e-07,2.594025888220192946e-07,1.340597289410270718e-07,1.002768053288505355e-07,6.524149973377840056e-08,5.768890273564141434e-08,5.470128123399409063e-08,5.818876163256412465e-08,7.545710708131421300e-08,9.000607256398162996e-08,1.324147835832310393e-07,1.596163696106071058e-07,2.181733884975059750e-07,2.440062798195392381e-07,2.743366262863663248e-07,2.756596845952189855e-07,2.535469586469930609e-07,2.345748007515904496e-07,1.932917233151581517e-07,1.746750439461446872e-07,1.461014922960889202e-07,1.366068507389851718e-07,1.267583959081990553e-07,1.259591700883964157e-07,1.314476894969946862e-07,1.372204418567332402e-07,1.531066154295348831e-07,1.622005610925304417e-07,1.796014263718388130e-07,1.866236351014333768e-07,1.947132592495604084e-07,1.953556746929388088e-07,1.904996722958184150e-07,1.858359096652026192e-07,1.746902598451336060e-07,1.692158482989288351e-07,1.602873627211821427e-07,1.572453146122165715e-07,1.544322416355628242e-07,1.546212906544338662e-07,1.576591356803951852e-07,1.601614266131504323e-07,1.660704965337795203e-07,1.690187602890083456e-07,1.738300316713652181e-07,1.753630630326992804e-07,1.763202700577680242e-07,1.757908278184235062e-07,1.732363937726258407e-07,1.715117567495079518e-07,1.679881625989208642e-07,1.664701299070481689e-07,1.643831003176438824e-07,1.639031338568353036e-07,1.640763167340809989e-07,1.646438288883760297e-07,1.664015478184993797e-07,1.674163934258432115e-07,1.693041200422236697e-07,1.700324886951855297e-07,1.708191952894230932e-07,1.708515488266985731e-07,1.702905448705994019e-07,1.691993091919579296e-07
1.430000000000000000e+02,-1.798521492442057374e-04,1.537246749882300711e-05,3.373925630224138992e-05,9.462896553968397513e-05,1.437415467438553406e-04,2.905568455879414922e-04,3.882901378657238937e-04,6.040495229730610729e-04,6.911567647484771716e-04,7.483892411696832026e-04,6.921632356639345271e-04,4.470185577664121941e-04,3.058140391003180995e-04,9.720710181157546619e-05,4.369471755492069284e-05,5.144863187628854247e-06,1.332524649668266961e-06,6.182346976607469395e-08,1.406503763771386334e-08,1.349415110901697190e-09,5.554208370897421865e-10,1.700813030453170172e-10,1.314553253848205899e-10,1.421365945406503906e-10,1.906855864614726004e-10,5.110302290925808344e-10,9.754083639965452357e-10,4.301122798932221700e-09,9.470663753501518817e-09,4.455230988339021862e-08,9.052556611889887514e-08,2.926869154325380511e-07,4.504058827391318673e-07,7.511793417035498265e-07,8.160908735591932989e-07,7.088946855700762467e-07,5.813047229957378666e-07,3.281865237044010852e-07,2.348035706223675079e-07,1.206806686502876619e-07,9.005244418813286057e-08,5.838208979320048779e-08,5.157131211308628276e-08,4.887879386365778268e-08,5.202113828676460314e-08,6.760247475958640166e-08,8.075363163107191281e-08,1.191810318516492440e-07,1.438861298032442955e-07,1.971830005218389460e-07,2.207359912864378156e-07,2.484160714404863406e-07,2.496238594380036525e-07,2.294388401474084516e-07,2.121327242175796452e-07,1.745174825270462155e-07,1.575762914829100577e-07,1.316045906419303392e-07,1.229835838389384695e-07,1.140465979967075164e-07,1.133215473444050374e-07,1.183009863795793631e-07,1.235402275000078726e-07,1.379675797210050490e-07,1.462321890337010648e-07,1.620568501566109574e-07,1.684467003426116417e-07,1.758103299452249899e-07,1.763951832249089670e-07,1.719744591325352446e-07,1.677296620745765115e-07,1.575889686513884391e-07,1.526101396252192276e-07,1.444928527570771629e-07,1.417280470400515777e-07,1.391717412565173211e-07,1.393435144317637861e-07,1.421040909607717857e-07,1.443783349022427845e-07,1.497500607024735732e-07,1.524308280710889689e-07,1.568064136482497702e-07,1.582008356407823158e-07,1.590715450301369033e-07,1.585899351170812037e-07,1.562664607493424989e-07,1.546979210739730329e-07,1.514936631765730589e-07,1.501133804108307698e-07,1.482159055359619053e-07,1.477795602044314639e-07,1.479370002823604015e-07,1.484529386505336907e-07,1.500510170934126267e-07,1.509737567987766340e-07,1.526902811609066532e-07,1.533526355042085475e-07,1.540680669761943823e-07,1.540974896015276808e-07,1.535873074892050560e-07,1.525949690195892161e-07
1.440000000000000000e+02,-1.830770439811264349e-04,1.540237095512506939e-05,3.377675250247136936e-05,9.463907156335716860e-05,1.436599025488705214e-04,2.897937417461671412e-04,3.867545725355375384e-04,5.995712826883247033e-04,6.845246588091250320e-04,7.370202677919137670e-04,6.792954999387955557e-04,4.349591006468869368e-04,2.959950680053268076e-04,9.286416191203328426e-05,4.140853557750150430e-05,4.780688613418150427e-06,1.223826556535548673e-06,5.535512781639395814e-08,1.246868432710612068e-08,1.172470481136276763e-09,4.790230147765604796e-10,1.453354619811164650e-10,1.121059816429782058e-10,1.212886456851067218e-10,1.630874368115532019e-10,4.404303756281365695e-10,8.449105217279550412e-10,3.769465761825196298e-09,8.352233509711015289e-09,3.978310778151986950e-08,8.130319873825308553e-08,2.654279151734543173e-07,4.099330126224455355e-07,6.866339087784284565e-07,7.464900803013014598e-07,6.476554206791512551e-07,5.301943996092811032e-07,2.978953704859928567e-07,2.125372450183335860e-07,1.086368185572981777e-07,8.087056564581624092e-08,5.224386499707634780e-08,4.610245420974068767e-08,4.367605701586997798e-08,4.650723804357952476e-08,6.056545714751867919e-08,7.245231627381353880e-08,1.072698733284684677e-07,1.297060978540940171e-07,1.782120742054027485e-07,1.996849153396292823e-07,2.249445859185195736e-07,2.260470749971198959e-07,2.076229853570474466e-07,1.918376926076889068e-07,1.575667513724820709e-07,1.421513045267821292e-07,1.185461313993958939e-07,1.107189020192376160e-07,1.026095766286556649e-07,1.019518620391584533e-07,1.064691373794588152e-07,1.112238542625863715e-07,1.243254660698671615e-07,1.318358642872930614e-07,1.462261230866942173e-07,1.520401649053723311e-07,1.587424985738221123e-07,1.592749115579105822e-07,1.552507231404652664e-07,1.513875171537748879e-07,1.421617942094994050e-07,1.376339912842917002e-07,1.302547015612611284e-07,1.277420413963131600e-07,1.254192233212758460e-07,1.255752889199796864e-07,1.280837342003827550e-07,1.301505745205310764e-07,1.350334894063278616e-07,1.374708652783973237e-07,1.414499489980609957e-07,1.427182080239095246e-07,1.435101824450932262e-07,1.430721132227301840e-07,1.409588596952115590e-07,1.395323857225497580e-07,1.366187208246016395e-07,1.353637732781133064e-07,1.336387536668827512e-07,1.332420918917606896e-07,1.333852105674711991e-07,1.338542302663366882e-07,1.353070687841212861e-07,1.361460051517351250e-07,1.377067482272317182e-07,1.383090305224490228e-07,1.389596002591216191e-07,1.389863556751466840e-07,1.385224228724632554e-07,1.376200798661045884e-07
1.450000000000000000e+02,-1.863035308067588665e-04,1.543225178085829894e-05,3.381419325325355396e-05,9.464902398076495947e-05,1.435781153984391767e-04,2.890323750034282601e-04,3.852247834069686739e-04,5.951259167113702843e-04,6.779558750189582745e-04,7.258237480796064052e-04,6.666667772525119214e-04,4.232248746412982832e-04,2.864912983090645081e-04,8.871523648743981306e-05,3.924196415206650658e-05,4.442291210167914010e-06,1.123995157541803633e-06,4.956353723316667126e-08,1.105351278167304371e-08,1.018727960604322302e-09,4.131336333690165119e-10,1.241899864738195414e-10,9.560472379044337998e-11,1.034985706079710743e-10,1.394835883892966283e-10,3.795840021426563626e-10,7.318716505771462322e-10,3.303525975668041015e-09,7.365882711364351784e-09,3.552443235180203183e-08,7.302036083057269859e-08,2.407076215891297208e-07,3.730969436223103425e-07,6.276345092251695880e-07,6.828251634900047058e-07,5.917063717762651581e-07,4.835778253373167277e-07,2.704000221416275745e-07,1.923824077455392120e-07,9.779492768306860713e-08,7.262487824178363340e-08,4.675100182181227311e-08,4.121353536218471877e-08,3.902710433000152433e-08,4.157777146009187900e-08,5.426094658628915525e-08,6.500435406148414100e-08,9.654912782317611603e-08,1.169235026714807255e-07,1.610663210034450361e-07,1.806414145883686751e-07,2.036907746374397744e-07,2.046970809354415038e-07,1.878814416187942534e-07,1.734842987454886416e-07,1.422624169189641834e-07,1.282362425236813642e-07,1.067833874511699404e-07,9.967732091204438948e-08,9.231949439243432136e-08,9.172290246284905274e-08,9.582063967110421299e-08,1.001353557976447130e-07,1.120322624985283129e-07,1.188568238168002337e-07,1.319418284178295632e-07,1.372315965841299987e-07,1.433316150992874904e-07,1.438162576832457875e-07,1.401532817627525185e-07,1.366375986700419255e-07,1.282448515244549118e-07,1.241274916254119561e-07,1.174195498940928343e-07,1.151361921354718699e-07,1.130256760879821444e-07,1.131674611292365299e-07,1.154466515541159501e-07,1.173248778420482152e-07,1.217631666597851405e-07,1.239791013096704780e-07,1.275973716809511178e-07,1.287508056341181862e-07,1.294711167835766591e-07,1.290726785196406878e-07,1.271507540190168484e-07,1.258535651482933868e-07,1.232043161797098229e-07,1.220633989794492509e-07,1.204952652635255320e-07,1.201347020463841737e-07,1.202647934096844409e-07,1.206911327584375172e-07,1.220118433595143801e-07,1.227745365900531800e-07,1.241935415465054288e-07,1.247411634988204298e-07,1.253327124871078582e-07,1.253570408623326006e-07,1.249351928946150578e-07,1.241147383562951970e-07
1.460000000000000000e+02,-1.895225489702806031e-04,1.546210998813692030e-05,3.385157860665065441e-05,9.465882313800502354e-05,1.434961860234079776e-04,2.882727427124986063e-04,3.837007505000250844e-04,5.907131866349149682e-04,6.714498122792875211e-04,7.147970703006978604e-04,6.542726320912818899e-04,4.118071114881870459e-04,2.772926137187154967e-04,8.475165894713473393e-05,3.718874572343884794e-05,4.127846449495140664e-06,1.032307192427460354e-06,4.437789335215067653e-08,9.798959489258542849e-09,8.851451528386986706e-10,3.563072727759842434e-10,1.061210473608711208e-10,8.153233500124944244e-11,8.831785674426502475e-11,1.192959445692285542e-10,3.271436545054448586e-10,6.339559680164363886e-10,2.895180275044612755e-09,6.496013699798823191e-09,3.172163382395899213e-08,6.558133845428379925e-08,2.182896000496874385e-07,3.395708842993312195e-07,5.737046083948197338e-07,6.245898900968788452e-07,5.405905432884423097e-07,4.410599025707828084e-07,2.454424346097093448e-07,1.741388306858817400e-07,8.803504309654736071e-08,6.521992790940061603e-08,4.183564857908328438e-08,3.684305695741290666e-08,3.487299087288940960e-08,3.717079317578524979e-08,4.861269443728281209e-08,5.832202316287415401e-08,8.689982515749949434e-08,1.054006284517726780e-07,1.455701443463729931e-07,1.634140344794086583e-07,1.844451051950216254e-07,1.853635621978564317e-07,1.700169794394948333e-07,1.568867865362009312e-07,1.284445686322425485e-07,1.156833027193327791e-07,9.618779343953821198e-08,8.973686717433904635e-08,8.306133360055771055e-08,8.252021991720986591e-08,8.623714235571865172e-08,9.015232064319388117e-08,1.009545919784099726e-07,1.071555403945332122e-07,1.190529033217820921e-07,1.238653574797503581e-07,1.294168240287686504e-07,1.298579536200116652e-07,1.265239877308956852e-07,1.233247761305619056e-07,1.156902987360273419e-07,1.119464212899024067e-07,1.058491499897709111e-07,1.037743047537192757e-07,1.018568123424209732e-07,1.019856151990121418e-07,1.040563677030782123e-07,1.057630806362765564e-07,1.097969656944561539e-07,1.118114454932766719e-07,1.151014043424642905e-07,1.161503403627551015e-07,1.168054298644153211e-07,1.164430610813775146e-07,1.146952579433727689e-07,1.135157141729623183e-07,1.111070433826343365e-07,1.100698632416268006e-07,1.086444405532145403e-07,1.083167122066649654e-07,1.084349543320928689e-07,1.088224718082900916e-07,1.100229921253720756e-07,1.107163257867973486e-07,1.120063798903784841e-07,1.125042695560723744e-07,1.130421169696514596e-07,1.130642370183640964e-07,1.126806814113296903e-07,1.119347328354988302e-07
1.470000000000000000e+02,-1.927252740986688741e-04,1.549194558906946597e-05,3.388890861468342279e-05,9.466846938057489006e-05,1.434141151525364789e-04,2.875148422228069570e-04,3.821824538929911798e-04,5.863328557542180942e-04,6.650058751589071285e-04,7.039376622080062776e-04,6.421087111738907859e-04,4.006972792385565287e-04,2.683892225523872802e-04,8.096514980263430834e-05,3.524295008921541662e-05,3.835658941486383682e-06,9.480983966517393148e-07,3.973479934120979599e-08,8.686794811686021633e-09,7.690785966787180156e-10,3.072973275581453168e-10,9.068102882090964267e-11,6.953130383740777076e-11,7.536377682397336908e-11,1.020300767159455779e-10,2.819480303525509490e-10,5.491401875053463638e-10,2.537309576745687412e-09,5.728870781571398368e-09,2.832591242175907555e-08,5.890016838987926530e-08,1.979594353307011136e-07,3.090574073572559515e-07,5.244086166972922701e-07,5.713211999738908135e-07,4.938904167848027181e-07,4.022802709429155413e-07,2.227883802671283553e-07,1.576252727791425858e-07,7.924918281950344562e-08,5.856999301130498027e-08,3.743708728884778160e-08,3.293604185274101072e-08,3.116104578616330813e-08,3.323092350815751161e-08,4.355238893564484549e-08,5.232661919336704416e-08,7.821488497427057582e-08,9.501333102216358469e-08,1.315648413502900314e-07,1.478295785733540861e-07,1.670178422570503356e-07,1.678560673140964358e-07,1.538511221269836440e-07,1.418771709850148808e-07,1.159688275774299095e-07,1.043591502856132131e-07,8.664354061017724706e-08,8.078773112648891114e-08,7.473161071829621978e-08,7.424084822601974450e-08,7.761213111382933572e-08,8.116454090588550926e-08,9.097226538439385883e-08,9.660622270814831283e-08,1.074230413851027469e-07,1.118009683048510217e-07,1.168528854974528949e-07,1.172543830931752507e-07,1.142200725143087403e-07,1.113090332737290151e-07,1.043647666264745609e-07,1.009607133225912980e-07,9.541887653727494645e-08,9.353362438393889380e-08,9.179161441176726145e-08,9.190861630063045830e-08,9.378987202743153950e-08,9.534063375135387770e-08,9.900672681654597469e-08,1.008379482667662135e-07,1.038291925497690418e-07,1.047830362608701774e-07,1.053787712625641696e-07,1.050492280178479468e-07,1.034598740398315862e-07,1.023873751543130043e-07,1.001975770600210813e-07,9.925476262249727927e-08,9.795914688226145528e-08,9.766128250570564953e-08,9.776874775483464404e-08,9.812095571289157318e-08,9.921215318484479830e-08,9.984239419293518096e-08,1.010151400519636051e-07,1.014677846485729455e-07,1.019567740178869454e-07,1.019768848981874275e-07,1.016281682673122848e-07,1.009500035137377363e-07
1.480000000000000000e+02,-1.959031174203849771e-04,1.552175886131910943e-05,3.392618366123616256e-05,9.467796313729130405e-05,1.433319027792968620e-04,2.867586641500166882e-04,3.806698602692802744e-04,5.819846504516609743e-04,6.586234172405151409e-04,6.932428958706818387e-04,6.301706365448043806e-04,3.898869808713983053e-04,2.597715717808491797e-04,7.734776787590327384e-05,3.339894128174880151e-05,3.564150962973277595e-06,8.707580289789523895e-07,3.557745613708856482e-08,7.700849834522223089e-09,6.682306188422748594e-10,2.650283109834929152e-10,7.748733149267120202e-11,5.929665759058996843e-11,6.430964896893265337e-11,8.726299313677708669e-11,2.429959400742417314e-10,4.756711023332083066e-10,2.223672154099071499e-09,5.052317049642797431e-09,2.529366663445403555e-08,5.289959415744559766e-08,1.795225245531935181e-07,2.812855751258632082e-07,4.793479877790072195e-07,5.225951088757045063e-07,4.512241775429836396e-07,3.669099523424422180e-07,2.022250752805254074e-07,1.426775528789146503e-07,7.134007433263317953e-08,5.259804162994954208e-08,3.350095050696534626e-08,2.944331341540526448e-08,2.784417655644910727e-08,2.970862289042395382e-08,3.901879081234837024e-08,4.694748288497536948e-08,7.039786243030234092e-08,8.564962120772125556e-08,1.189068703490398036e-07,1.337312479323304795e-07,1.512370433473454907e-07,1.520019979820558514e-07,1.392222388162643338e-07,1.283034230941954967e-07,1.047047425645284812e-07,9.414341569152968360e-08,7.804623840100164897e-08,7.273098566554789604e-08,6.723715639407579735e-08,6.679208878619907579e-08,6.984967881783969539e-08,7.307272727473433996e-08,8.197690147033641003e-08,8.709538268966265234e-08,9.692916237013940797e-08,1.009115398502497592e-07,1.055085633235876806e-07,1.058739661644123985e-07,1.031125568549994334e-07,1.004639037439534425e-07,9.414785543320836406e-08,9.105298058695483754e-08,8.601630486712325691e-08,8.430343153645607386e-08,8.272094625469818101e-08,8.282722162137896166e-08,8.453621193576892068e-08,8.594518200393625948e-08,8.927680255143926290e-08,9.094132966366613897e-08,9.366080634163969319e-08,9.452812256866981351e-08,9.506984603203927353e-08,9.477017412948501689e-08,9.332499807933889238e-08,9.234989246928513966e-08,9.035920660888248877e-08,8.950222737738058008e-08,8.832467343221264006e-08,8.805396912100484606e-08,8.815163345736692739e-08,8.847172861578111308e-08,8.946349469059070372e-08,9.003634754729404784e-08,9.110238371131426476e-08,9.151386833321662612e-08,9.195840930094692500e-08,9.197669233149976219e-08,9.165967061763348467e-08,9.104316991962097851e-08
1.490000000000000000e+02,-1.990477250946696302e-04,1.555154928566115924e-05,3.396340313394302993e-05,9.468730458326236248e-05,1.432495510934560224e-04,2.860042193133665342e-04,3.791629767802225689e-04,5.776684148824258718e-04,6.523019680110031570e-04,6.827104668129097258e-04,6.184544275727399615e-04,3.793683307328406815e-04,2.514306415506303524e-04,7.389202120157103331e-05,3.165142615314415759e-05,3.311863455949571895e-06,7.997271467411522922e-07,3.185511231293576551e-08,6.826815552478989607e-09,5.806073405259862263e-10,2.285737159984403688e-10,6.621334725084512818e-11,5.056856558385662559e-11,5.487697975073771439e-11,7.463328655717312021e-11,2.094254750628805894e-10,4.120318877482830738e-10,1.948805647454879275e-09,4.455665848838953266e-09,2.258603884705578414e-08,4.751038163160561413e-08,1.628028576097968489e-07,2.560095033446365548e-07,4.381595707508574144e-07,4.780250365005601475e-07,4.122440834517014738e-07,3.346497953858747990e-07,1.835598984754101964e-07,1.291474387088637540e-07,6.422035315719384213e-08,4.723504719525710611e-08,2.997868630292069292e-08,2.632099807043947887e-08,2.488038695821212856e-08,2.655969151736463883e-08,3.495714998233965566e-08,4.212135460557450348e-08,6.336214950853139016e-08,7.720878372744128561e-08,1.074668210212690548e-07,1.209775551294200568e-07,1.369474127824491742e-07,1.376454604299390087e-07,1.259844385691449679e-07,1.160284032752391652e-07,9.453481872865373420e-08,8.492777127126131635e-08,7.030207220998273623e-08,6.547777336800807146e-08,6.049433440543706443e-08,6.009073214987095159e-08,6.286364904453320412e-08,6.578769406114805783e-08,7.387106357436288087e-08,7.852094605230908360e-08,8.746047538114734912e-08,9.108281795463884188e-08,9.526564961488659909e-08,9.559818224067081170e-08,9.308528586753441782e-08,9.067551802726531163e-08,8.493121097060589778e-08,8.211760670984256244e-08,7.754032680726947145e-08,7.598416665928909436e-08,7.454668617129381683e-08,7.464321252089703602e-08,7.619561622160286353e-08,7.747568037518178484e-08,8.050315723060114982e-08,8.201607076650666364e-08,8.448831861790372967e-08,8.527690799597356305e-08,8.576948643242783728e-08,8.549699504316614525e-08,8.418299901413002148e-08,8.329649715875346583e-08,8.148693047180222658e-08,8.070801992652730690e-08,7.963783549448785401e-08,7.939182989158215763e-08,7.948058170994956942e-08,7.977147405206471212e-08,8.067281349969637402e-08,8.119347172442820289e-08,8.216244809340568674e-08,8.253649243596984653e-08,8.294060036765759508e-08,8.295722065632614960e-08,8.266903088938095528e-08,8.210862184490717169e-08
1.500000000000000000e+02,-2.021509776356235051e-04,1.558131687479061994e-05,3.400056708617520498e-05,9.469649406625539893e-05,1.431670608212767598e-04,2.852515050064762360e-04,3.776617835263316536e-04,5.733839165277293710e-04,6.460409471038783573e-04,6.723379133988162826e-04,6.069559627757292091e-04,3.691334606051521684e-04,2.433575455795441425e-04,7.059068669649194651e-05,2.999535484137408445e-05,3.077435652084893570e-06,7.344909760896556859e-07,2.852224922894998696e-08,6.051988673416329109e-09,5.044744523377900358e-10,1.971336864093394675e-10,5.657974075693426863e-11,4.312525101021931484e-11,4.682791719494427962e-11,6.383158042931602605e-11,1.804930734223848116e-10,3.569072803955280343e-10,1.707917050489246233e-09,3.929479966538257027e-09,2.016827476512416013e-08,4.267023874114563714e-08,1.476404758953659638e-07,2.330048894613225008e-07,4.005105870273390368e-07,4.372564731971409924e-07,3.766316452726372905e-07,3.052262979749383650e-07,1.666176271534797367e-07,1.169004782440368970e-07,5.781122720810568869e-08,4.241891049004751883e-08,2.682677442065713527e-08,2.352980998983496795e-08,2.223208936090741335e-08,2.374454911852194247e-08,3.131833144041787712e-08,3.779137796076177322e-08,5.702964912620189959e-08,6.959985541696821210e-08,9.712749930536660435e-08,1.094402451900296658e-07,1.240080359896263140e-07,1.246449916469526305e-07,1.140054316036049915e-07,1.049278410873385504e-07,8.535276485176386541e-08,7.661430428929864173e-08,6.332637693837682956e-08,5.894794896795733236e-08,5.442775702815924772e-08,5.406177936039175715e-08,5.657637647564148220e-08,5.922899706431970779e-08,6.656678288243672061e-08,7.079071142791098538e-08,7.891681797308385329e-08,8.221147508905794071e-08,8.601720220225371992e-08,8.631980322825025427e-08,8.403319456747764850e-08,8.184090029506258315e-08,7.661689720826086493e-08,7.405915634342476878e-08,6.989962313242001520e-08,6.848592399067462803e-08,6.718024054636279399e-08,6.726790693198825451e-08,6.867798598523817792e-08,6.984086732699608044e-08,7.259179903010477310e-08,7.396682530149702693e-08,7.621418358067888303e-08,7.693114865224667982e-08,7.737901330733096446e-08,7.713125221145747910e-08,7.593660149044444661e-08,7.513070130469364644e-08,7.348587485706903691e-08,7.277796410616252376e-08,7.180541824214369852e-08,7.158187143629425077e-08,7.166251918367208019e-08,7.192685690221556870e-08,7.274596489881507248e-08,7.321915541555999718e-08,7.409985557706730633e-08,7.443984562753038457e-08,7.480717579289313142e-08,7.482228364186563341e-08,7.456031957529698877e-08,7.405092967703347413e-08
1.510000000000000000e+02,-2.052049894205865675e-04,1.561106270122475641e-05,3.403767689298206763e-05,9.470553225287447379e-05,1.430844297392350293e-04,2.845004917822704818e-04,3.761662074608324653e-04,5.691307734998033189e-04,6.398395596646407057e-04,6.621224499434694329e-04,5.956707987184500699e-04,3.591743643964844771e-04,2.355434089645420048e-04,6.743675422584286872e-05,2.842588733797263029e-05,2.859595648148366290e-06,6.745746995187281488e-07,2.553801105510027439e-08,5.365084938216847094e-09,4.383229007618588691e-10,1.700175061771381363e-10,4.834755333712678627e-11,3.677737704221167858e-11,3.995927544474080217e-11,5.459297700320317470e-11,1.555570894806127674e-10,3.091564288099958591e-10,1.496798879367091870e-09,3.465421351516850129e-09,1.800926852069638373e-08,3.832307405164420318e-08,1.338898552448897650e-07,2.120668795795152464e-07,3.660956869629811671e-07,3.999638806480613432e-07,3.440947858377840351e-07,2.783890979480207681e-07,1.512386931820468555e-07,1.058145966300043806e-07,5.204157448477297020e-08,3.809371935327063828e-08,2.400617616672706678e-08,2.103454620322442979e-08,1.986561814915489659e-08,2.122772675970966902e-08,2.805820598360568227e-08,3.390641142305512654e-08,5.132987840913809385e-08,6.274060752422855498e-08,8.778267238351540949e-08,9.900294361910358908e-08,1.122909184593273886e-07,1.128720936199769775e-07,1.031651421923155450e-07,9.488901779236883459e-08,7.706233534475080346e-08,6.911443493616575319e-08,5.704267774960230380e-08,5.306916280105019104e-08,4.896941389071081917e-08,4.863757453393651418e-08,5.091777391535187540e-08,5.332401412639600942e-08,5.998456816623380129e-08,6.382132077198876194e-08,7.120755347422413201e-08,7.420397893050708488e-08,7.766638058021219961e-08,7.794172689746495415e-08,7.586116071886766891e-08,7.386684014343172615e-08,6.911631388774991912e-08,6.679131571004303346e-08,6.301164209683508995e-08,6.172744321001027816e-08,6.054154771180809275e-08,6.062116239736623988e-08,6.190188448461364512e-08,6.295824386202660342e-08,6.545773379104950947e-08,6.670736098918217394e-08,6.875015790542529821e-08,6.940196283091544169e-08,6.980914689049726521e-08,6.958388591672345913e-08,6.849780949372730361e-08,6.776522889318870382e-08,6.627023943167153867e-08,6.562689728532421912e-08,6.474313771385954881e-08,6.454001218251766495e-08,6.461329124036107804e-08,6.485348326486120411e-08,6.559781500959272101e-08,6.602783823598449946e-08,6.682825383285090175e-08,6.713727049512596343e-08,6.747114894253055523e-08,6.748488111778532146e-08,6.724677121972152082e-08,6.678378497809137233e-08
1.520000000000000000e+02,-2.082021082726581967e-04,1.564078545145423590e-05,3.407473095205776478e-05,9.471441908092366533e-05,1.430016622454109297e-04,2.837512104577416755e-04,3.746762956608432494e-04,5.649089473408905543e-04,6.336975149018089217e-04,6.520621500768807380e-04,5.845954765989317976e-04,3.494840469008660068e-04,2.279802649099428819e-04,6.442377782937884446e-05,2.693856160424683635e-05,2.657178830074756817e-06,6.195469701075415059e-07,2.286605162331377221e-08,4.756154858002363886e-09,3.808466975758952738e-10,1.466315911193786375e-10,4.131323752608155597e-11,3.136397256275555434e-11,3.409820836059937466e-11,4.669164038154267893e-11,1.340664753963095174e-10,2.677948569005435958e-10,1.311780310596236468e-09,3.056173101943131590e-09,1.608141405484058220e-08,3.441885310919920449e-08,1.214201100437929930e-07,1.930106812826843168e-07,3.346384779616363644e-07,3.658524317438449462e-07,3.143692307675807155e-07,2.539119660288429673e-07,1.372794704009114991e-07,9.578017009828870658e-08,4.684782581068874623e-08,3.420960339523470770e-08,2.148217951371570941e-08,1.880393335040430464e-08,1.775107749950755737e-08,1.897771320760787209e-08,2.513749484917915736e-08,3.042087686109759027e-08,4.619984804015439886e-08,5.655745589002998501e-08,7.933706529323551575e-08,8.956119781236104686e-08,1.016810838339889632e-07,1.022113339290689135e-07,9.335576719706134910e-08,8.581079065576153152e-08,6.957728680787728104e-08,6.234884589658719854e-08,5.138258349379233592e-08,4.777674386571405946e-08,4.405854527479019511e-08,4.375767740464882143e-08,4.582521005030721489e-08,4.800782874903909703e-08,5.405330726402203870e-08,5.753817212050468810e-08,6.425150721029956359e-08,6.697653870098643769e-08,7.012640431842682813e-08,7.037693626696654887e-08,6.848395687930500068e-08,6.666983774585347709e-08,6.235012583476521285e-08,6.023681447579428729e-08,5.680250969030699836e-08,5.563601588760565091e-08,5.455898094674496365e-08,5.463127929772608644e-08,5.579444408920710037e-08,5.675398360828281218e-08,5.902488270725730034e-08,6.016048113280034193e-08,6.201722884202425477e-08,6.260976122285117490e-08,6.297993834639744465e-08,6.277514607522997718e-08,6.178783363268046044e-08,6.112194074982713228e-08,5.976321753106564674e-08,5.917858857045301714e-08,5.837555629175880147e-08,5.819099722209879894e-08,5.825757701228249930e-08,5.847581627263184235e-08,5.915215890169673793e-08,5.954293017567855416e-08,6.027033778381162693e-08,6.055118647907723958e-08,6.085464196914271845e-08,6.086712301330856299e-08,6.065070770180165834e-08,6.022992230466143147e-08
1.530000000000000000e+02,-2.111349151075267308e-04,1.567048566786976216e-05,3.411172997701560116e-05,9.472315505474224683e-05,1.429187575847701611e-04,2.830036449639379841e-04,3.731920018485069710e-04,5.607181352369825086e-04,6.276141392438245583e-04,6.421544828089189617e-04,5.737259025083002711e-04,3.400550862683413976e-04,2.206599204923374662e-04,6.154540591769922788e-05,2.552905298829974824e-05,2.469089777334092109e-06,5.690079998586295481e-07,2.047364846494842405e-08,4.216337121077610300e-09,3.309071774731074667e-10,1.264623985771425735e-10,3.530237484717507757e-11,2.674738580035924962e-11,2.909681683419505782e-11,3.993387467492864884e-11,1.155448356080206879e-10,2.319669677153766985e-10,1.149631695829961275e-09,2.695254705320027436e-09,1.435993105076082375e-08,3.091237766336771969e-08,1.101117158260945562e-07,1.756668438839762564e-07,3.058842367242105200e-07,3.346501895476288162e-07,2.872115695355106565e-07,2.315869431515301703e-07,1.246086620090597775e-07,8.669730279219360798e-08,4.217240935771595332e-08,3.072151731742093529e-08,1.922355282539512343e-08,1.680986481882398333e-08,1.586161187008654216e-08,1.696618629512232704e-08,2.252081232568745039e-08,2.729364823625228531e-08,4.158252137105990058e-08,5.098365559312351310e-08,7.170400694972130576e-08,8.101988809770767005e-08,9.207371347400320968e-08,9.255747351579390533e-08,8.447910097633399944e-08,7.760108900538536907e-08,6.281925373307728315e-08,5.624553299770230358e-08,4.628411133414216116e-08,4.301211716989709020e-08,3.964015663830114562e-08,3.936738577134521119e-08,4.124197751736416624e-08,4.322164133947715633e-08,4.870852372571639506e-08,5.187358880461077730e-08,5.797497037342692720e-08,6.045304297913134742e-08,6.331841521413361651e-08,6.354635576278537881e-08,6.182415188048739040e-08,6.017404902421250208e-08,5.624631320023791049e-08,5.432552795394079807e-08,5.120521712038647068e-08,5.014570217916412657e-08,4.916759225722321623e-08,4.923324280699833792e-08,5.028957898730950470e-08,5.116112149753564500e-08,5.322421447686740900e-08,5.425612867657322522e-08,5.594367257980145322e-08,5.648229076083647465e-08,5.681880455647952792e-08,5.663263203173601185e-08,5.573515512820510255e-08,5.512991489378281026e-08,5.389511002334155046e-08,5.336386713750531155e-08,5.263423095633323889e-08,5.246655115288714581e-08,5.252704058804390577e-08,5.272532185518160643e-08,5.333984957734782921e-08,5.369493090835817523e-08,5.435595093990284836e-08,5.461118427981838386e-08,5.488697274111387081e-08,5.489831597893209472e-08,5.470163018869169357e-08,5.431922153899650454e-08
1.540000000000000000e+02,-2.139962236350943727e-04,1.570016336254007744e-05,3.415005066265103901e-05,9.473174051565252560e-05,1.428357164716028956e-04,2.822577926284721935e-04,3.717133065073178685e-04,5.565581120720074562e-04,6.215888754749127922e-04,6.323971360973737509e-04,5.630582576932434413e-04,3.308804357620835656e-04,2.135745826973717569e-04,5.879562554323932745e-05,2.419329030512129509e-05,2.294314344752961194e-06,5.225916344803996274e-07,1.833155297220959157e-08,3.737787662906220595e-09,2.875160816080777476e-10,1.090674712816899067e-10,3.016605913089449864e-11,2.281033077266431119e-11,2.482900774629197282e-11,3.415416983520297434e-11,9.958200128216965208e-11,2.009324234775178297e-10,1.007526116030867114e-09,2.376958713651332669e-09,1.282272815917228845e-08,2.776312738403006672e-08,9.985651291388448862e-08,1.598814988074430052e-07,2.796007127736882363e-07,3.061090442241373114e-07,2.623999726232778898e-07,2.112248108902695185e-07,1.131073504776185928e-07,7.847575964189598685e-08,3.796359634541577287e-08,2.758908164519013016e-08,1.720239560407078525e-08,1.502725653222854174e-08,1.417326407249946442e-08,1.516786816627277087e-08,2.017651105722497243e-08,2.448789267135752581e-08,3.742665832592449900e-08,4.595915534705589597e-08,6.480532297524856968e-08,7.329314281529007540e-08,8.337409091685953587e-08,8.381541245276150250e-08,7.644645914984594427e-08,7.017682059529302407e-08,5.671762237831074610e-08,5.073966725350023167e-08,4.169153481074685391e-08,3.872264844702517396e-08,3.566486063584766580e-08,3.541757732819332538e-08,3.711713606109091901e-08,3.891261405461411867e-08,4.389222767298248291e-08,4.676667458118079733e-08,5.231156481746252959e-08,5.456492890534197018e-08,5.717135191039271133e-08,5.737872627774526571e-08,5.581198256549360637e-08,5.431115431898166784e-08,5.074003330088902933e-08,4.899433586109556635e-08,4.615947494474395042e-08,4.519718350257562363e-08,4.430896376260255731e-08,4.436857436215368294e-08,4.532783805033047467e-08,4.611940782658224824e-08,4.799360235621598532e-08,4.893124483734364628e-08,5.046491557056105408e-08,5.095449682939530607e-08,5.126039088953148436e-08,5.109115501787707750e-08,5.027538679380078035e-08,4.972530654251340783e-08,4.860318337775388145e-08,4.812047949082835611e-08,4.745756945558651622e-08,4.730523400130410075e-08,4.736018702344445448e-08,4.754032504217676341e-08,4.809865519246484325e-08,4.842128755190556154e-08,4.902194417858319470e-08,4.925388503811394675e-08,4.950451445832632774e-08,4.951482302000204463e-08,4.933607845796308435e-08,4.898856661189501631e-08
1.550000000000000000e+02,-2.167790801066964287e-04,1.572981854752836749e-05,3.418870230022374589e-05,9.474017580438403501e-05,1.427525396181524128e-04,2.815136507760646555e-04,3.702401901782616266e-04,5.524286543393470191e-04,6.156211716362184824e-04,6.227878328621821872e-04,5.525887942095933977e-04,3.219532385759827937e-04,2.067167085867608722e-04,5.616869234156127350e-05,2.292741535167165516e-05,2.131910168488100523e-06,4.799615869156771859e-07,1.641357665201851473e-08,3.313552693595114493e-09,2.498147375540240439e-10,9.406521132219840264e-11,2.577704900658811527e-11,1.945278503166433803e-11,2.118718275909842186e-11,2.921097017700644005e-11,8.582446895093881478e-11,1.740499339434025544e-10,8.829860817126042316e-10,2.096251688779669081e-09,1.145007881773172677e-08,2.493470992013949519e-08,9.055641473132750550e-08,1.455146035910827307e-07,2.555756113529648529e-07,2.800020455810616100e-07,2.397317732148545287e-07,1.926529871658182441e-07,1.026675939755502479e-07,7.103386237276485514e-08,3.417482040957956109e-08,2.477603399338493793e-08,1.539374073865470635e-08,1.343368441020318521e-08,1.266462692711494385e-08,1.356016021762359094e-08,1.807623794516845933e-08,2.197056358290436565e-08,3.368613977087282947e-08,4.142982184572661757e-08,5.857035999712496832e-08,6.630327953715381938e-08,7.549644877817953195e-08,7.589903276188016308e-08,6.917758960784357869e-08,6.346284258800264852e-08,5.120863753627384260e-08,4.577276561785700339e-08,3.755465683116560212e-08,3.486095236221171782e-08,3.208822259447474852e-08,3.186405819305100987e-08,3.340484012643338101e-08,3.503317665059049214e-08,3.955216312378096594e-08,4.216252824702933742e-08,4.720139652067086890e-08,4.925031145969617323e-08,5.162105163597084830e-08,5.180970473532510098e-08,5.038446981319214500e-08,4.901949034253933087e-08,4.577279112371311111e-08,4.418631201856255790e-08,4.161093447336162293e-08,4.073699485691319698e-08,3.993045016224784291e-08,3.998457344506190468e-08,4.085563565678850505e-08,4.157453010181959632e-08,4.327702495944920659e-08,4.412895948524976457e-08,4.552270801888081732e-08,4.596769140189412711e-08,4.624573600244832015e-08,4.609190479691626686e-08,4.535044859977667431e-08,4.485052971982955716e-08,4.383086367663294354e-08,4.339228884181803823e-08,4.279003708540464121e-08,4.265164970878687449e-08,4.270157021201066196e-08,4.286521581705281768e-08,4.337245867712673404e-08,4.366559069852267091e-08,4.421136511357777292e-08,4.442212713919404567e-08,4.464987968970986904e-08,4.465924742061183790e-08,4.449681679358479663e-08,4.418103524036196862e-08
1.560000000000000000e+02,-2.194767630990236110e-04,1.575945123489207178e-05,3.422769001113320142e-05,9.474846126107449662e-05,1.426692277346195185e-04,2.807712167285993403e-04,3.687726334597143290e-04,5.483295401305520074e-04,6.097104809766049679e-04,6.133243304577121364e-04,5.423138336106887204e-04,3.132668227172186030e-04,2.000789972751274872e-04,5.365911853545660593e-05,2.172777176545447183e-05,1.981001585455122128e-06,4.408090011083075788e-07,1.469627096626073721e-08,2.937467655537507119e-09,2.170570672255667938e-10,8.112650918342019513e-11,2.202661599122468505e-11,1.658944880880870720e-11,1.807952539848584061e-11,2.498320739738671414e-11,7.396757208469328937e-11,1.507640053110322759e-10,7.738403407918804239e-10,1.848694607039244944e-09,1.022436811232737934e-08,2.239444036786740477e-08,8.212246968759308319e-08,1.324386995314730253e-07,2.336148787837762607e-07,2.561215985242648683e-07,2.190218118487739871e-07,1.757140635703078636e-07,9.319141335820037980e-08,6.429767809021727509e-08,3.076416240843844220e-08,2.224980929095001989e-08,1.377524609807198423e-08,1.200910229535979111e-08,1.131657184126155617e-08,1.212285912060846564e-08,1.619459124254144476e-08,1.971201146579236278e-08,3.031945572994705802e-08,3.734685655819151330e-08,5.293526207230205873e-08,5.998002410010131423e-08,6.836312322497047934e-08,6.873035009917830007e-08,6.259987076254712457e-08,5.739120104364869510e-08,4.623473638746536038e-08,4.129206980193252802e-08,3.382826103205715043e-08,3.138436906855606758e-08,2.887026385241676235e-08,2.866706844397381125e-08,3.006382932481247751e-08,3.154050134046224030e-08,3.564124104326487665e-08,3.801165345101976088e-08,4.259042219150865199e-08,4.445333306318799416e-08,4.660958050092356246e-08,4.678119286193700363e-08,4.548475883786530678e-08,4.424340165518308825e-08,4.129181793585895779e-08,3.985011651870193350e-08,3.751060238815643114e-08,3.671694719301738484e-08,3.598460832088257177e-08,3.603374668022544733e-08,3.682467300002482090e-08,3.747752797092799779e-08,3.902396627353645411e-08,3.979798378776267832e-08,4.106450459553478809e-08,4.146892997749867214e-08,4.172164642463277798e-08,4.158182554783230490e-08,4.090794984969669222e-08,4.045364369989522604e-08,3.952713182643358830e-08,3.912867411744007373e-08,3.858156093940862640e-08,3.845585158998446676e-08,3.850119790661126785e-08,3.864985271000327682e-08,3.911065691485559812e-08,3.937697105343041133e-08,3.987285002247497462e-08,4.006435632759224388e-08,4.027130853350704628e-08,4.027982082333838795e-08,4.013222345896770744e-08,3.984529111573952877e-08
1.570000000000000000e+02,-2.220827833261570237e-04,1.578906143668296481e-05,3.426725976713945548e-05,9.475659722527055213e-05,1.425857815291676123e-04,2.800304878051773964e-04,3.673106170073423319e-04,5.442605491241406593e-04,6.038562619039007477e-04,6.040044201530376860e-04,5.322297656600171074e-04,3.048146960266871178e-04,1.936543821641978293e-04,5.126166147478207632e-05,2.059089446588167004e-05,1.840774912344764289e-06,4.048502144870483495e-07,1.315864066797275966e-08,2.604067648499667001e-09,1.885948228369602880e-10,6.996752382657477065e-11,1.882185081620094125e-11,1.414757777617493828e-11,1.542768644498086761e-11,2.136733552680208925e-11,6.374873429159690075e-11,1.305934617444690776e-10,6.781860253230170138e-10,1.630372663290928850e-09,9.129866734966431835e-09,2.011296357972347168e-08,7.447401042685658154e-08,1.205377809597842423e-07,2.135411351502454133e-07,2.342778124074626662e-07,2.001009240637074277e-07,1.602644712901083075e-07,8.458987265183050275e-08,5.820028480782750077e-08,2.769388664344753920e-08,1.998116280538166784e-08,1.232691854908857416e-08,1.073558979225192750e-08,1.011200627724050116e-08,1.083790294285230139e-08,1.450881334175081923e-08,1.768563468734101786e-08,2.728924474831558381e-08,3.366626999691513765e-08,4.784231672473279219e-08,5.425980411483642685e-08,6.190378833514464767e-08,6.223874555948247407e-08,5.664758602998078325e-08,5.190044316546820434e-08,4.174394705358693003e-08,3.724998589666123419e-08,3.047161757776606708e-08,2.825449296281631016e-08,2.597501490324760284e-08,2.579083726453128798e-08,2.705696985986485656e-08,2.839603000409944220e-08,3.211702845223895521e-08,3.426942660742816893e-08,3.842987774622182336e-08,4.012357652540248648e-08,4.208462880562883514e-08,4.224073110376306249e-08,4.106152363980188069e-08,3.993265532570853052e-08,3.724951072359193940e-08,3.593944753802727661e-08,3.381431304318865960e-08,3.309360678419373536e-08,3.242868321849624522e-08,3.247329334029941048e-08,3.319141648943442664e-08,3.378426580857721642e-08,3.518887463471839956e-08,3.589206245914792169e-08,3.704290579728238345e-08,3.741044949311881501e-08,3.764013232227122162e-08,3.751305281644444663e-08,3.690063187604115773e-08,3.648779959818386660e-08,3.564597815053707763e-08,3.528398801833174808e-08,3.478699274911964748e-08,3.467280627601721996e-08,3.471399526427249027e-08,3.484902503931284513e-08,3.526761895662668816e-08,3.550955533044783397e-08,3.596007544252248327e-08,3.613407564866588303e-08,3.632211677433226475e-08,3.632985131309042666e-08,3.619574005282602883e-08,3.593503573759383382e-08
1.580000000000000000e+02,-2.245908834714246147e-04,1.581864916494726456e-05,3.430677934973883070e-05,9.476458403592910498e-05,1.425022017079277572e-04,2.792914613221732581e-04,3.658541215340011627e-04,5.402214625744650774e-04,5.980579779366164894e-04,5.948259266199921059e-04,5.223330470676787896e-04,2.965905413335676033e-04,1.874360234260858044e-04,4.897131268810127141e-05,1.951349964795351909e-05,1.710474058774910308e-06,3.718247029581192142e-07,1.178188712910865910e-08,2.308508021406970728e-09,1.638647588930383647e-10,6.034345630600776444e-11,1.608336201849511204e-11,1.206513505097074612e-11,1.316480849030202127e-11,1.827479484471476734e-11,5.494165444320554814e-11,1.131215026164977822e-10,5.943554773780307388e-10,1.437833364658714155e-09,8.152529138588399810e-09,1.806391494984247240e-08,6.753788230832568490e-08,1.097062661190560413e-07,1.951922416477654479e-07,2.142969911515693431e-07,1.828145586859838707e-07,1.461732643199327875e-07,7.678224440478033375e-08,5.268110662287606161e-08,2.493002336352253580e-08,1.794383160301179538e-08,1.103086698993707183e-08,9.597126845832526509e-09,9.035657035191997644e-09,9.689144178090048146e-09,1.299851554056831102e-08,1.586756617817804658e-08,2.456187929051624995e-08,3.034840779505762476e-08,4.323936389819503512e-08,4.908510984919390446e-08,5.605476279584779668e-08,5.636027003389919472e-08,5.126126729394927216e-08,4.693499534169512724e-08,3.768934556678052439e-08,3.360357884806637260e-08,2.744803799450013654e-08,2.543674843506630104e-08,2.337011335129925496e-08,2.320318272049548720e-08,2.435084181596548249e-08,2.556504853212099304e-08,2.894128805054976827e-08,3.089561719058376427e-08,3.467576261458743536e-08,3.621553516832396770e-08,3.799896505175186061e-08,3.814095136603226979e-08,3.706842936833203150e-08,3.604191262075121666e-08,3.360292650554717701e-08,3.241254694426754651e-08,3.048225276231224419e-08,2.982782597183027649e-08,2.922414469563850391e-08,2.926464168594828351e-08,2.991662761235038513e-08,3.045495727412267199e-08,3.173067487176307010e-08,3.236947976616145160e-08,3.341515401392700958e-08,3.374916124381432611e-08,3.395789845809528938e-08,3.384240555823789069e-08,3.328586532647787553e-08,3.291074121311945468e-08,3.214591053277691436e-08,3.181706832443048812e-08,3.136562455287794302e-08,3.126191038915586418e-08,3.129932115770355308e-08,3.142196803359448287e-08,3.180219746871720474e-08,3.202197558439985603e-08,3.243126358006627637e-08,3.258934934806671964e-08,3.276019815444180736e-08,3.276722562140193910e-08,3.264537487394653797e-08,3.240851404029258288e-08
1.590000000000000000e+02,-2.269950380310813674e-04,1.584821443172538852e-05,3.434624880029087525e-05,9.477242203141772697e-05,1.424184889750032871e-04,2.785541345932869583e-04,3.644031278096348516e-04,5.362120633006635341e-04,5.923150976560878026e-04,5.857867074289654832e-04,5.126202002502222013e-04,2.885882117403552796e-04,1.814173007276939555e-04,4.678328742329217345e-05,1.849247529935353022e-05,1.589396450930841793e-06,3.414931935202055076e-07,1.054917852198874670e-08,2.046493976370781023e-09,1.423774861843054435e-10,5.204317949899020523e-11,1.374330900819065171e-11,1.028921514504600732e-11,1.123384046376740830e-11,1.562984298735491107e-11,4.735129532939565122e-11,9.798708993182837779e-11,5.208871751353864876e-10,1.268031934661961735e-09,7.279813298265982655e-09,1.622361575642642176e-08,6.124774373856742803e-08,9.984806051323985576e-08,1.784199910279690802e-07,1.960202521289629816e-07,1.670215154735122352e-07,1.333210096563907515e-07,6.969525207268525112e-08,4.768531193448757345e-08,2.244199293381047428e-08,1.611423052638597322e-08,9.871081349120854054e-09,8.579392224102901088e-09,8.073876603121839593e-09,8.662146833095154402e-09,1.164543145747674868e-08,1.423639232973265660e-08,2.210709257392503083e-08,2.735752348818247873e-08,3.907926177177853920e-08,4.440391606052576309e-08,5.075838210567796757e-08,5.103701426807812601e-08,4.638710079414706464e-08,4.244460068895776483e-08,3.402856558161536198e-08,3.031411641675409337e-08,2.472447417485004913e-08,2.290000792598144604e-08,2.102644218424944665e-08,2.087515169033635036e-08,2.191536772270640671e-08,2.301630360393024273e-08,2.607956336070403960e-08,2.785395525456402753e-08,3.128837442037185265e-08,3.268813455822188775e-08,3.430994295689957473e-08,3.443908286568137141e-08,3.346364696612093639e-08,3.253025216657257773e-08,3.031332614891919797e-08,2.923175441814232847e-08,2.747853101040865532e-08,2.688432021677477669e-08,2.633626997473187403e-08,2.637303111796074698e-08,2.696493917953360353e-08,2.745373672079459530e-08,2.861232839169330390e-08,2.919261401400840769e-08,3.014267894551996008e-08,3.044619342754063991e-08,3.063588494684171132e-08,3.053092788294123859e-08,3.002519669394534962e-08,2.968435480033655358e-08,2.898951085450072671e-08,2.869079721660983649e-08,2.828075199744943882e-08,2.818655476223238567e-08,2.822053206323984521e-08,2.833192563490697681e-08,2.867728818425679602e-08,2.887692673281499860e-08,2.924873625253805037e-08,2.939235543624948988e-08,2.954757545258726754e-08,2.955396014419080404e-08,2.944325499810431998e-08,2.922806853302198880e-08
1.600000000000000000e+02,-2.292894531621041750e-04,1.587775724905222475e-05,3.438566816012572831e-05,9.478011154951591867e-05,1.423346440324749565e-04,2.778185049295985010e-04,3.629576166611728238e-04,5.322321356756808640e-04,5.866270946590726194e-04,5.768846525522828813e-04,5.030878121134268978e-04,2.808017260349224059e-04,1.755918061884753319e-04,4.469301465525628422e-05,1.752487221358780319e-05,1.476889243718195258e-06,3.136359308289601768e-07,9.445444045045594747e-09,1.814218162390869235e-09,1.237077873136611245e-10,4.488460655666798305e-11,1.174372166352910529e-11,8.774699933669638519e-12,9.586099302587650084e-12,1.336769985069846678e-11,4.080956435953929373e-11,8.487748806747241748e-11,4.565002529634265560e-10,1.118283165043752400e-09,6.500519765837787026e-09,1.457079954017862986e-08,5.554343166370816209e-08,9.087570441903419782e-08,1.630889105622536708e-07,1.793022628318152300e-07,1.525927918061015937e-07,1.215987750655892884e-07,6.326238232806603509e-08,4.316326872679833448e-08,2.020226751110656277e-08,1.447117916930683659e-08,8.833234819429717360e-09,7.669583370115530888e-09,7.214470118885188757e-09,7.744005021438626901e-09,1.043319611452697519e-08,1.277290078783091531e-08,1.989764269596052716e-08,2.466139339667313378e-08,3.531940396742224916e-08,4.016915896456574146e-08,4.596243009235829839e-08,4.621653841604240164e-08,4.197638950233922861e-08,3.838381040509081417e-08,3.072335570675210903e-08,2.734665777701962563e-08,2.227115716979121036e-08,2.061624807287863910e-08,1.891780432034927822e-08,1.878069592087272012e-08,1.972347826747588954e-08,2.072165767062284294e-08,2.350080489127328968e-08,2.511174152839790001e-08,2.823188911569110039e-08,2.950430081873805024e-08,3.097905632709748933e-08,3.109650594275014009e-08,3.020941501051771332e-08,2.936073956839391555e-08,2.734576284206882701e-08,2.636310532955232246e-08,2.477079381993678095e-08,2.423128688669516466e-08,2.373376743403034402e-08,2.376713561434663433e-08,2.430447337831154186e-08,2.474827283884440017e-08,2.580043649647663535e-08,2.632753575505840729e-08,2.719068753658025576e-08,2.746647845874362372e-08,2.763885293565913545e-08,2.754347563715215871e-08,2.708393926628216777e-08,2.677426298283215080e-08,2.614303498289500920e-08,2.587170389628155008e-08,2.549928058824145125e-08,2.541373152564296682e-08,2.544458884554318991e-08,2.554575629428335742e-08,2.585943264130584861e-08,2.604076753369303013e-08,2.637851260114802178e-08,2.650898214438465739e-08,2.664999558443163601e-08,2.665579598633846872e-08,2.655522228888341878e-08,2.635973719337871175e-08
1.610000000000000000e+02,-2.314685665266770520e-04,1.590727762895694213e-05,3.442503747054422849e-05,9.478765292741594961e-05,1.422506675804055488e-04,2.770845696396217464e-04,3.615175689724296109e-04,5.282814656153664865e-04,5.809934475107936388e-04,5.681176838750868043e-04,4.937325328576288794e-04,2.732252642261419296e-04,1.699533375641051989e-04,4.269612753990967638e-05,1.660789547322180388e-05,1.372345801009544359e-06,2.880510851544252834e-07,8.457189677464182348e-09,1.608305351960895302e-09,1.074862021491294201e-10,3.871069659483819536e-11,1.003506408829221708e-11,7.483112328572627536e-12,8.180042472376303220e-12,1.143296094190289491e-11,3.517159125250059193e-11,7.352180152121919054e-11,4.000721709213755917e-10,9.862189532096419381e-10,5.804647953082777215e-09,1.308636635773824386e-08,5.037038615376900237e-08,8.270959699812133192e-08,1.490751678570069721e-07,1.640100852792173054e-07,1.394105290023059038e-07,1.109072058460061887e-07,5.742326084041482828e-08,3.907005150562961257e-08,1.818606648292583200e-08,1.299565668928326714e-08,7.904506884215574403e-09,6.856255357158341432e-09,6.446540750190297639e-09,6.923180784570732299e-09,9.347148015634949500e-09,1.145985417186899148e-08,1.790901032786246065e-08,2.223096946110734821e-08,3.192128320554004153e-08,3.633826308333996079e-08,4.161962414135178361e-08,4.185135547035592589e-08,3.798506661626234807e-08,3.471152378329905516e-08,2.773917983113212242e-08,2.466968238669159028e-08,2.006127182069598024e-08,1.856024014579120418e-08,1.702062979211491252e-08,1.689638058378082133e-08,1.775081144092939371e-08,1.865577833307010408e-08,2.117703326340683069e-08,2.263949589582057997e-08,2.547398212938414494e-08,2.663057098879198156e-08,2.797153714147225870e-08,2.807834917586851491e-08,2.727164416277579051e-08,2.650003896122231709e-08,2.466871085288441061e-08,2.377596807444631172e-08,2.232987530854089499e-08,2.184006166143352169e-08,2.138843755827412457e-08,2.141872437410826703e-08,2.190649750832894364e-08,2.230942037120928374e-08,2.326488268209587172e-08,2.374364542920780717e-08,2.452779406816006647e-08,2.477838066889184732e-08,2.493501081472977200e-08,2.484834343835637047e-08,2.443080414477028471e-08,2.414945847017523767e-08,2.357605203488592760e-08,2.332960624947606927e-08,2.299137066369633456e-08,2.291367984520969840e-08,2.294170221975094445e-08,2.303357753171537091e-08,2.331845995489538817e-08,2.348316075194986988e-08,2.378994627875541217e-08,2.390846396584773124e-08,2.403656440742472575e-08,2.404183371606865779e-08,2.395046903343059710e-08,2.377289082001196943e-08
1.620000000000000000e+02,-2.335270471262232547e-04,1.593677610897049793e-05,3.446597767208187200e-05,9.479504663217555452e-05,1.421665588167391598e-04,2.763523129945030365e-04,3.600829401651663261e-04,5.243597709347262801e-04,5.754135407328086690e-04,5.594836020147308684e-04,4.845509127045318398e-04,2.658530336036374819e-04,1.644957959654890119e-04,4.078842106732262734e-05,1.573888130390157830e-05,1.275200756512397202e-06,2.645528889899716272e-07,7.572318295513170983e-09,1.425760335341990162e-09,9.339148264409999345e-11,3.338592141459428841e-11,8.574983605125208186e-12,6.381620655093039884e-12,6.980201058002025172e-12,9.778213341023883620e-12,3.031243951592127450e-11,6.368521419312760112e-11,3.506183199406941869e-10,8.697489063593660807e-10,5.183257339991514251e-09,1.175313956344715104e-08,4.567904898918843243e-08,7.527716380803322303e-08,1.362653524945075384e-07,1.500218806313165319e-07,1.273668445705565706e-07,1.011555168470583323e-07,5.212299571019348224e-08,3.536493219482347156e-08,1.637105162508880295e-08,1.167055925090456671e-08,7.073410946377423070e-09,6.129164676553326696e-09,5.760339978286028312e-09,6.189346743728108696e-09,8.374135422204928569e-09,1.028176717767295689e-08,1.611909637206808063e-08,2.004002923406745552e-08,2.885004492743955921e-08,3.287265449588129898e-08,3.768708239752782685e-08,3.789839646975239583e-08,3.437319410389536901e-08,3.139051597326439520e-08,2.504481066303398777e-08,2.225471432593280341e-08,1.807063002012831987e-08,1.670924006940571228e-08,1.531368345292997285e-08,1.520109342882051268e-08,1.597541176881728080e-08,1.679582724994650028e-08,1.908300023681147248e-08,2.041060278131162989e-08,2.298544441369995694e-08,2.403669743133345429e-08,2.525594668727963558e-08,2.535307946793948462e-08,2.461951519310435349e-08,2.391801870953559964e-08,2.225368976816128122e-08,2.144267752772358385e-08,2.012944631891500948e-08,1.968477239425257125e-08,1.927483164987061140e-08,1.930232020142604206e-08,1.974507712879298472e-08,2.011086896582599433e-08,2.097847141371866377e-08,2.141330714410276045e-08,2.212564583303311232e-08,2.235331941091321314e-08,2.249563571903837218e-08,2.241688706262532325e-08,2.203752691548837954e-08,2.178193363072439444e-08,2.126107989921448109e-08,2.103724894137706976e-08,2.073007903665791476e-08,2.065952838038493007e-08,2.068497491488578005e-08,2.076840713329517786e-08,2.102712502746284344e-08,2.117670964919739912e-08,2.145535874572418455e-08,2.156301372196632246e-08,2.167937745956808465e-08,2.168416404866192054e-08,2.160116957238022474e-08,2.143986650550238314e-08
1.630000000000000000e+02,-2.354597951181167028e-04,1.596625164969662125e-05,3.450813470156456142e-05,9.480229273628625248e-05,1.420823214354163691e-04,2.756217583975640781e-04,3.586537623708503241e-04,5.204669803808554098e-04,5.698870615651663090e-04,5.509806989588321782e-04,4.755400521606291593e-04,2.586797863908234392e-04,1.592135652778362399e-04,3.896597774245269259e-05,1.491535051292809189e-05,1.184933766715934441e-06,2.429719316980898016e-07,6.780043181021325888e-09,1.263937034678627724e-09,8.114520671067063096e-11,2.879365883635791323e-11,7.327361672060037079e-12,5.442280279861419490e-12,5.956367641951273995e-12,8.362987955140913088e-12,2.612467379470122253e-11,5.516481461085090410e-11,3.072782705094544847e-10,7.670353377789689703e-10,4.628395834996301694e-09,1.055575990106653352e-08,4.142471619016357270e-08,6.851273071269148307e-08,1.245564533006204063e-07,1.372269159994070255e-07,1.163637907674046519e-07,9.226140268645531030e-08,4.731203129512456980e-08,3.201123328902739408e-08,1.473720605995438269e-08,1.048059404079549825e-08,6.329710099269546253e-09,5.479190815903950407e-09,5.147191586959889292e-09,5.533307224252822371e-09,7.502424818358168282e-09,9.224805978797325293e-09,1.450810108020225003e-08,1.806504564157412202e-08,2.607434392449268015e-08,2.973761410260552206e-08,3.412617462361243643e-08,3.431886127000906631e-08,3.110481496096427836e-08,2.838729221723819765e-08,2.261219077883151393e-08,2.007618770579204688e-08,1.627754466691734223e-08,1.504286578299113969e-08,1.377794620158624000e-08,1.367592633477504767e-08,1.437760963711172228e-08,1.512133724444341028e-08,1.719606030110170693e-08,1.840117994328198392e-08,2.074004654261806142e-08,2.169551026459377689e-08,2.280403622106018900e-08,2.289236257185084909e-08,2.222534053721242700e-08,2.158761400932254770e-08,2.007512981885969591e-08,1.933840182671668628e-08,1.814588376065039144e-08,1.774220937823659840e-08,1.737012297474589684e-08,1.739507059090304210e-08,1.779694619495966745e-08,1.812901255171203187e-08,1.891679577917118951e-08,1.931171550659791826e-08,1.995878867714251555e-08,2.016563420274061075e-08,2.029493842631898554e-08,2.022338847760033441e-08,1.987873334509588676e-08,1.964654664532460883e-08,1.917345235024855467e-08,1.897017095481550591e-08,1.869122712687279822e-08,1.862716355534072173e-08,1.865026989455683716e-08,1.872603120885250189e-08,1.896097610637383774e-08,1.909682525622850152e-08,1.934990602025631751e-08,1.944768911359205481e-08,1.955338629775144402e-08,1.955773417649793282e-08,1.948234678146804413e-08,1.933583441520976900e-08
1.640000000000000000e+02,-2.372619416084790990e-04,1.599570478905454926e-05,3.455023988349433428e-05,9.480939170826703879e-05,1.419979546326948774e-04,2.748928900849566910e-04,3.572299910276409505e-04,5.166028142850045621e-04,5.644134032805766220e-04,5.426068344180374342e-04,4.666966191924086689e-04,2.517000274736701953e-04,1.541009225652542039e-04,3.722495537913101250e-05,1.413490838451451057e-05,1.101056313190535568e-06,2.231514180307434762e-07,6.070661434697324776e-09,1.120480511460986497e-09,7.050475901346740792e-11,2.483306382793440403e-11,6.261262640088957609e-12,4.641205361656172701e-12,5.082706418290186545e-12,7.152591127886076539e-12,2.251546017228815699e-11,4.778434923137855894e-11,2.692954760553055438e-10,6.764517362055355587e-10,4.132931213761273717e-09,9.480365319657849815e-09,3.756660841368439537e-08,6.235614592934430288e-08,1.138536556775492786e-07,1.255231872268212836e-07,1.063112658679951465e-07,8.414929670587899257e-08,4.294511593864666632e-08,2.897556697126191759e-08,1.326641853725721125e-08,9.411960406874439120e-09,5.664201713971540528e-09,4.898143702404067837e-09,4.599308203089231065e-09,4.946804149603490144e-09,6.721454854638009638e-09,8.276499197524666424e-09,1.305811276182356970e-08,1.628469902537608462e-08,2.356569463621781789e-08,2.690155769319497493e-08,3.090172051527077281e-08,3.107741330021698140e-08,2.814720744665193813e-08,2.567139343771307827e-08,2.041585110362331527e-08,1.811091665580941840e-08,1.466237957878867813e-08,1.354267397844170079e-08,1.239621970464165404e-08,1.230378230885047913e-08,1.293961266076153888e-08,1.361378729205727812e-08,1.549570086562803914e-08,1.658958318989461021e-08,1.871399499410843562e-08,1.958235420519705006e-08,2.059016148778388365e-08,2.067047583944291167e-08,2.006399043070106365e-08,1.948426590396242809e-08,1.810984178558187191e-08,1.744062750515533618e-08,1.635778066580613477e-08,1.599134391767377539e-08,1.565363322018659305e-08,1.567627365501515595e-08,1.604102446906745597e-08,1.634245974500457207e-08,1.705773138737558606e-08,1.741638130245350309e-08,1.800413929148813284e-08,1.819205275936891346e-08,1.830952873108191055e-08,1.824452268650795031e-08,1.793141332268629977e-08,1.772050024564388558e-08,1.729080759859313518e-08,1.710619837300879700e-08,1.685289956733179197e-08,1.679472950527572880e-08,1.681570981984796716e-08,1.688450207011876585e-08,1.709784775745385246e-08,1.722121651688947666e-08,1.745106356206764346e-08,1.753987557653229404e-08,1.763587916323158464e-08,1.763982834413900698e-08,1.757135420824527949e-08,1.743828296284330621e-08
1.650000000000000000e+02,-2.389288484147363467e-04,1.602513553905084522e-05,3.459229325973098962e-05,9.481634388297020366e-05,1.419134591006145345e-04,2.741657053554532870e-04,3.558116072458633334e-04,5.127670646271311394e-04,5.589920638572024210e-04,5.343600531836019451e-04,4.580175056686325253e-04,2.449085394607735853e-04,1.491524242371897548e-04,3.556171664618069245e-05,1.339530055983765493e-05,1.023116124037367746e-06,2.049477439324464897e-07,5.435500240088533483e-09,9.933061680578343655e-10,6.125957155282170385e-11,2.141725054141500884e-11,5.350275886391309133e-12,3.958044151762193930e-12,4.337190708577493004e-12,6.117377654782374385e-12,1.940487023453438264e-11,4.139130815980669731e-11,2.360077302587370446e-10,5.965656192240438582e-10,3.690505191836267532e-09,8.514528472905458223e-09,3.406782379217578906e-08,5.675278908664192247e-08,1.040705100843546897e-07,1.148176278546687770e-07,9.712715673786662986e-08,7.675044215641846183e-08,3.898126456220178844e-08,2.622777434338886653e-08,1.194241595970702875e-08,8.452287190492029437e-09,5.068664713615096337e-09,4.378714016427340955e-09,4.109742903412802462e-09,4.422467099696398077e-09,6.021779954019923498e-09,7.425677358327120031e-09,1.175304008768098506e-08,1.467980782632739671e-08,2.129840407906697167e-08,2.433597186122420444e-08,2.798193039581751973e-08,2.814212048083699312e-08,2.547082229682686057e-08,2.321533085236117400e-08,1.843284193727215414e-08,1.633802578865578906e-08,1.320748061275651281e-08,1.219209189967760017e-08,1.115305917100671042e-08,1.106930835116952047e-08,1.164543794599307014e-08,1.225653424984248473e-08,1.396347300099457477e-08,1.495633684795946196e-08,1.688586263645500997e-08,1.767501924785112519e-08,1.859121374678100215e-08,1.866423927917942004e-08,1.811282373289898120e-08,1.758585192924858390e-08,1.633694739986693220e-08,1.572908987391573483e-08,1.474587668265944611e-08,1.441325890404318230e-08,1.410676316620953878e-08,1.412730878772873976e-08,1.445834808168756751e-08,1.473196434303601296e-08,1.538136676354625795e-08,1.570706187261228931e-08,1.624091559970634348e-08,1.641162139509860091e-08,1.651834585778065405e-08,1.645928813460485231e-08,1.617485124216278859e-08,1.598327208866129334e-08,1.559301867007779722e-08,1.542537476911928426e-08,1.519537461727423280e-08,1.514255849630421515e-08,1.516160746633360944e-08,1.522406864012644870e-08,1.541779125503457519e-08,1.552982067004908193e-08,1.573855664595432378e-08,1.581921665370716011e-08,1.590641135384355913e-08,1.590999822078525971e-08,1.584780644426275406e-08,1.572694918405511712e-08
1.660000000000000000e+02,-2.404561077918750383e-04,1.605454391168651589e-05,3.463429487210524277e-05,9.482314959466525152e-05,1.418288355292217221e-04,2.734402015055216982e-04,3.543985921922135243e-04,5.089595248766967022e-04,5.536225460133056744e-04,5.262384296222396380e-04,4.494996611027249323e-04,2.383002456000636886e-04,1.443628014003291930e-04,3.397278668992328001e-05,1.269439061965649111e-05,9.506929398623599741e-07,1.882290193256719660e-07,4.866794177214731412e-09,8.805660036586334533e-10,5.322668743474104347e-11,1.847128423522817475e-11,4.571833417486154127e-12,3.375440389436629163e-12,3.701024648425713104e-12,5.231992953030201177e-12,1.672401784115831735e-11,3.585358545428116162e-11,2.068346812182306205e-10,5.261136719694487623e-10,3.295440118516014885e-09,7.647088052983039633e-09,3.089489723052214407e-08,5.165294787118986271e-08,9.512799509529476505e-08,1.050251085403010060e-07,8.873644365337734000e-08,7.000212754644801090e-08,3.538327491512402792e-08,2.374055643844757806e-08,1.075054926338663529e-08,7.590464606952330301e-09,4.535742371535728124e-09,3.914367548493854695e-09,3.672288202992207359e-09,3.953706867053288082e-09,5.394937763018858856e-09,6.662319179467305480e-09,1.057839991338150980e-08,1.323308082196487066e-08,1.924925116530843208e-08,2.201506243466487198e-08,2.533801819650915305e-08,2.548406666691861028e-08,2.304891987223189366e-08,2.099424554745398831e-08,1.664244264723861375e-08,1.473868317311815418e-08,1.189694534561662985e-08,1.097619951734838707e-08,1.003456866151318863e-08,9.958691836697538061e-09,1.048070111462338395e-08,1.103459420603684904e-08,1.258275197926696405e-08,1.348388257971754045e-08,1.523631545889280077e-08,1.595345860294248783e-08,1.678632765856604911e-08,1.685272264773628181e-08,1.635140103487886867e-08,1.587240502890657247e-08,1.473761225692172064e-08,1.418551287199476540e-08,1.329280933817875848e-08,1.299090399373170092e-08,1.271275149709069456e-08,1.273139523148771220e-08,1.303182417476656495e-08,1.328017674664559375e-08,1.386974720382454229e-08,1.416550121169715681e-08,1.465037075416278020e-08,1.480543708186105208e-08,1.490238931141731928e-08,1.484873822751625778e-08,1.459036074886988464e-08,1.441635168826418262e-08,1.406193481470231765e-08,1.390970455003993737e-08,1.370087017105105394e-08,1.365291754814017960e-08,1.367021212531462429e-08,1.372692212870708917e-08,1.390281801269262034e-08,1.400454538664011594e-08,1.419410009599847249e-08,1.426735280396149164e-08,1.434654303388298476e-08,1.434980066893011726e-08,1.429331760580327716e-08,1.418355860389433794e-08
1.670000000000000000e+02,-2.418395421166001321e-04,1.608392991895684883e-05,3.467624476241858980e-05,9.482980917703998525e-05,1.417440846065736359e-04,2.727163758293747243e-04,3.529909270896524633e-04,5.051799899822009485e-04,5.483043571628399941e-04,5.182400672295788902e-04,4.411400915847400305e-04,2.318702059890455781e-04,1.397269542533498786e-04,3.245484587702419802e-05,1.203015391449655013e-05,8.833962479353407119e-07,1.728741126007671963e-07,4.357590286681702410e-09,7.806217612149179280e-10,4.624714028617429862e-11,1.593053746101573409e-11,3.906650691961818800e-12,2.878592709251032167e-12,3.158169255626508409e-12,4.474752003397891587e-12,1.441353362618275069e-11,3.105674932176762104e-11,1.812677136755862228e-10,4.639817694006113935e-10,2.942666117640999404e-09,6.868019813565003073e-09,2.801748033294353124e-08,4.701137700546570604e-08,8.695387915144637755e-08,9.606776015292392383e-08,8.107058753841996958e-08,6.384715513360270100e-08,3.211737843150761114e-08,2.148920301929925850e-08,9.677631342781475854e-09,6.816515635662189973e-09,4.058851435560870829e-09,3.499263003789226598e-09,3.281397348883340753e-09,3.534632654356986356e-09,4.833346805226774665e-09,5.977433542494331453e-09,9.521156556772285631e-09,1.192893083571951000e-08,1.739724888637022258e-08,1.991549515332016219e-08,2.294391766681502798e-08,2.307706680037950077e-08,2.085730301375232111e-08,1.898565687869229086e-08,1.502594516452032507e-08,1.329590030535823288e-08,1.071644926197248306e-08,9.881564710912359162e-09,9.028245766138026998e-09,8.959505969812278647e-09,9.432456430941843495e-09,9.934477065125105547e-09,1.133855690122007737e-08,1.215639062687474264e-08,1.374790810560648849e-08,1.439957800463938578e-08,1.515666349675634517e-08,1.521702710111658488e-08,1.476127055432944514e-08,1.432590355317144709e-08,1.329484573456664667e-08,1.279341391865703760e-08,1.198292702583414297e-08,1.170891139476654477e-08,1.145649318820421772e-08,1.147341028833056241e-08,1.174604630544578455e-08,1.197145706207498016e-08,1.250668247790168511e-08,1.277523499547362704e-08,1.321559382365172439e-08,1.335644676087564819e-08,1.344451733094526903e-08,1.339578025894992870e-08,1.316108596066613463e-08,1.300304318944045176e-08,1.268118746710939111e-08,1.254296029464408574e-08,1.235335299641171850e-08,1.230981811015802174e-08,1.232551912182938691e-08,1.237700503279584238e-08,1.253670698373246517e-08,1.262907524824524730e-08,1.280120305352690224e-08,1.286772551115393168e-08,1.293964263252771023e-08,1.294260111369825890e-08,1.289130520997568315e-08,1.279163009955223973e-08
1.680000000000000000e+02,-2.430752035238542769e-04,1.611329357285162930e-05,3.471814297244338885e-05,9.483632296320137350e-05,1.416592070187437072e-04,2.719942256190227710e-04,3.515885932173027631e-04,5.014282563607924551e-04,5.430370093714450381e-04,5.103630981903382446e-04,4.329358587331108392e-04,2.256136138871701793e-04,1.352399466614920861e-04,3.100472286144773191e-05,1.140067171757674956e-05,8.208631767213250916e-07,1.587717730462624623e-07,3.901663066306453043e-09,6.920211222095039305e-10,4.018280857793349314e-11,1.373927217113678212e-11,3.338249029418913216e-12,2.454878260307186144e-12,2.694938076950453842e-12,3.827108362207745640e-12,1.242225021306532506e-11,2.690167766284876083e-11,1.588610817058241226e-10,4.091873580692063223e-10,2.627656027633746769e-09,6.168320732202704423e-09,2.540805113865536070e-08,4.278689685413843320e-08,7.948213715251901956e-08,8.787435459752792818e-08,7.406697013408202780e-08,5.823335614776490796e-08,2.915292331178613930e-08,1.945134709449266100e-08,8.711791150181179971e-09,6.121480523190890241e-09,3.632100806531465831e-09,3.128178523208397302e-09,2.932113991627747010e-09,3.159978048271252365e-09,4.330214788139403331e-09,5.362953594558426962e-09,8.569577138021772927e-09,1.075330680489622326e-08,1.572342937604777682e-08,1.801616107650417034e-08,2.077602539784844868e-08,2.089740896494586553e-08,1.887407529845377442e-08,1.716923494246265849e-08,1.356645850804469484e-08,1.199435166007625612e-08,9.653089188583910754e-09,8.896094887139585974e-09,8.122841857661653939e-09,8.060570744130180626e-09,8.489052918161368519e-09,8.944037623319269631e-09,1.021738815808800188e-08,1.095958963723752885e-08,1.240489938273878733e-08,1.299704554004184158e-08,1.368521050269192602e-08,1.374008803731023055e-08,1.332577485071420251e-08,1.293008171783212659e-08,1.199332049856482660e-08,1.153792791570937976e-08,1.080212042132099558e-08,1.055342983141693836e-08,1.032437583852168633e-08,1.033972549293053940e-08,1.058712806241727741e-08,1.079170662042299410e-08,1.127757342928568420e-08,1.152141474309838556e-08,1.192132999985168716e-08,1.204926629430396953e-08,1.212926505915934601e-08,1.208499401274937789e-08,1.187182216021067521e-08,1.172828747666868413e-08,1.143601525879344577e-08,1.131050902182561060e-08,1.113836673366291538e-08,1.109884445945632202e-08,1.111309806857288876e-08,1.115983891899368675e-08,1.130483098593041552e-08,1.138869723196376735e-08,1.154499290292225824e-08,1.160540060959110858e-08,1.167070952148830353e-08,1.167339619377052128e-08,1.162681328734723081e-08,1.153629991242164504e-08
1.690000000000000000e+02,-2.441593734904138669e-04,1.614263488535484206e-05,3.475998954392286013e-05,9.484269128567620125e-05,1.415742034498259662e-04,2.712737481643233981e-04,3.501915719103430532e-04,4.977041218879505423e-04,5.378200193128610408e-04,5.026056829451392869e-04,4.248840786657976645e-04,2.195257921274863355e-04,1.308970009051644429e-04,2.961938796105620018e-05,1.080412568360404092e-05,7.627565394331952287e-07,1.458198248608364757e-07,3.493438361073381015e-09,6.134766031761981764e-10,3.491368224259674968e-11,1.184941711808787379e-11,2.852547191511956015e-12,2.093532270285025643e-12,2.299652113700589862e-12,3.273199745100485725e-12,1.070606916921817975e-11,2.330250960724464249e-11,1.392241375896934030e-10,3.608639183370725145e-10,2.346367306016190063e-09,5.539904973563686275e-09,2.304165089010343746e-08,3.894202809816196126e-08,7.265241717605138913e-08,8.037973844344809687e-08,6.766838252838516463e-08,5.311314863533931133e-08,2.646208685448724410e-08,1.760674271254671769e-08,7.842342355536807003e-09,5.497313062554319563e-09,3.250218766977404361e-09,2.796445996208068996e-09,2.620009342292617394e-09,2.825034839469119791e-09,3.879456454702629592e-09,4.811641736955640791e-09,7.713101376832180028e-09,9.693542398132339033e-09,1.421064965202202546e-08,1.629796436247417726e-08,1.881296812533987325e-08,1.892362080365772928e-08,1.707942228070620169e-08,1.552659481453971813e-08,1.224873229487824164e-08,1.082021190538812877e-08,8.695242263462733129e-09,8.008903395941707748e-09,7.308236358964659285e-09,7.251827852192832546e-09,7.640004864807505708e-09,8.052341490913817595e-09,9.207080964822311753e-09,9.880613243925563671e-09,1.119308578744100668e-08,1.173111999994711288e-08,1.235660932976572271e-08,1.240649707398349885e-08,1.202987633613190541e-08,1.167025853011189815e-08,1.081920967730245001e-08,1.040564852046541727e-08,9.737670509941519920e-09,9.511974893340342102e-09,9.304132176236445256e-09,9.318058972692961489e-09,9.542553097371692800e-09,9.728216099650840998e-09,1.016925561570262634e-08,1.039064923599036794e-08,1.075381841095322116e-08,1.087001713531536573e-08,1.094268049968167428e-08,1.090246811406847538e-08,1.070885405200262819e-08,1.057850172113102352e-08,1.031310621185102180e-08,1.019915552865182165e-08,1.004287681120007159e-08,1.000699897978681724e-08,1.001993801369146023e-08,1.006236914169282570e-08,1.019400009110577043e-08,1.027014333445470592e-08,1.041205647503602727e-08,1.046690894032512378e-08,1.052621408103877193e-08,1.052865380307427962e-08,1.048635284454837308e-08,1.040416293038564505e-08
1.700000000000000000e+02,-2.450885623605291515e-04,1.617195386844496956e-05,3.480178451857119434e-05,9.484891447641223528e-05,1.414889944361173799e-04,2.705549407530315176e-04,3.487998445599047102e-04,4.940073858872344676e-04,5.326529082257479676e-04,4.949660097638293975e-04,4.169819209904796517e-04,2.136021896250051705e-04,1.266934925970137043e-04,2.829594683002837501e-05,1.023879259743015833e-05,7.087630160587904231e-07,1.339244269094042039e-07,3.127925216094614574e-09,5.438468472763156869e-10,3.033548775675451448e-11,1.021951327815490140e-11,2.437512865161028941e-12,1.785374528339572775e-12,1.962345433717538334e-12,2.799459720027180909e-12,9.226984302480867317e-12,2.018487162353324593e-11,1.220145212622002207e-10,3.182472615515311021e-10,2.095190152775171233e-09,4.975510451072414492e-09,2.089564531641959974e-08,3.544265923528496301e-08,6.640955301775650077e-08,7.352431485467330816e-08,6.182255786935011294e-08,4.844313417870808533e-08,2.401961433879740496e-08,1.593706382770239405e-08,7.059665113942886067e-09,4.936787447427665870e-09,2.908487860709546569e-09,2.499892339088895937e-09,2.341126018523195795e-09,2.525593857096927741e-09,3.475619985717458282e-09,4.317004380003080372e-09,6.942224402219261681e-09,8.738219551152753839e-09,1.284341604661058678e-08,1.474363028680040349e-08,1.703539201841413817e-08,1.713625799701530561e-08,1.545541353313020436e-08,1.404111047375276866e-08,1.105899739243122043e-08,9.761009052249025597e-09,7.832438898684474654e-09,7.210189267522777029e-09,6.575323619297576000e-09,6.524228145362784281e-09,6.875875282444550429e-09,7.249544381308665325e-09,8.296673375391121902e-09,8.907861748740347058e-09,1.009965129832989666e-08,1.058849594809396777e-08,1.115699172496908628e-08,1.120234130387890922e-08,1.085999975385977534e-08,1.053318338182628738e-08,9.760039975704754706e-09,9.384484995090397463e-09,8.778111588742670834e-09,8.573294152294103077e-09,8.384707138775655821e-09,8.397342395440390850e-09,8.601039953013995404e-09,8.769528613103861475e-09,9.169858315488839395e-09,9.370861499963245578e-09,9.700645818252248004e-09,9.806178982382524750e-09,9.872176521521971310e-09,9.835652392965309881e-09,9.659809862650001883e-09,9.541434657341432701e-09,9.300455427281237308e-09,9.197001121070101648e-09,9.055130612998715800e-09,9.022562660215317776e-09,9.034307819910398357e-09,9.072824830834436138e-09,9.192320402854736033e-09,9.261448652637168516e-09,9.390296833188850611e-09,9.440102638664810836e-09,9.493953449356967722e-09,9.496168818304284720e-09,9.457757975275902368e-09,9.383129545429465951e-09
1.710000000000000000e+02,-2.458595088088236518e-04,1.620125053409482928e-05,3.484352793807339002e-05,9.485499286677920002e-05,1.414035426060024348e-04,2.698378006708495929e-04,3.474133926129637081e-04,4.903378491201048272e-04,5.275352018709040906e-04,4.874422943252611435e-04,4.092266078134292550e-04,2.078383779790729112e-04,1.226249457620510552e-04,2.703163441387766578e-05,9.703039397410909844e-06,6.585914640614906612e-07,1.229993928600499851e-07,2.800654859392258389e-09,4.821200395833079300e-10,2.635762479585510021e-11,8.813804178685324953e-12,2.082864208798745898e-12,1.522575956373201089e-12,1.674513826210866085e-12,2.394285345073271509e-12,7.952240049183961768e-12,1.748434031020526525e-11,1.069321912917572948e-10,2.806634453924455874e-10,1.870901186631999252e-09,4.468614908008719522e-09,1.894950814855132434e-08,3.225774395802837383e-08,6.070311861554539626e-08,6.725356970253230232e-08,5.648174444393850441e-08,4.418373007205158090e-08,2.180258200709791691e-08,1.442572223828153533e-08,6.355099632247753622e-09,4.433414624023350459e-09,2.602686618687673897e-09,2.234787000799428464e-09,2.091927867855971485e-09,2.257892074588978282e-09,3.113821063461478383e-09,3.873215461357680522e-09,6.248391274115035199e-09,7.877045451023037548e-09,1.160772552871117830e-08,1.333753156876338331e-08,1.542577187708428499e-08,1.551771271906827315e-08,1.398582350999781967e-08,1.269774652746602853e-08,9.984822047621154384e-09,8.805491978581755919e-09,7.055248347890598348e-09,6.491128942947427261e-09,5.915911134720622938e-09,5.869630384654992566e-09,6.188171018846073262e-09,6.526783433971530130e-09,7.476287348484166734e-09,8.030877421893404394e-09,9.113031839563801029e-09,9.557163879899115838e-09,1.007383577407818323e-08,1.011505815120671697e-08,9.803889975128383949e-09,9.506896686821853654e-09,8.804559168491734450e-09,8.463533102977781331e-09,7.913107768109557683e-09,7.727245588838235757e-09,7.556138087569299472e-09,7.567601063591250510e-09,7.752420226494853572e-09,7.905316289601171942e-09,8.268677389490497465e-09,8.451159823601867016e-09,8.750614640773250741e-09,8.846456853682776317e-09,8.906397340989469225e-09,8.873224693905796406e-09,8.713529733525311044e-09,8.606036047318320337e-09,8.387236746158592549e-09,8.293316225058654234e-09,8.164531398939349482e-09,8.134969316773467407e-09,8.145630277386038676e-09,8.180592648220855884e-09,8.289066710635579344e-09,8.351823402080651298e-09,8.468804112463871464e-09,8.514025518944427079e-09,8.562921417504948396e-09,8.564932973357392010e-09,8.530056084166039859e-09,8.462296558311207390e-09
1.720000000000000000e+02,-2.464691792359144417e-04,1.623052489427160086e-05,3.488521984408544333e-05,9.486092678756926537e-05,1.413179576641496302e-04,2.691223252014778911e-04,3.460321975722392999e-04,4.866953137758160816e-04,5.224664304888688039e-04,4.800327793033680132e-04,4.016154127667490806e-04,2.022300481673064540e-04,1.186870280755965594e-04,2.582380917445718902e-05,9.195318459101790506e-06,6.119713486471035913e-07,1.129655667767904582e-07,2.507626068273295650e-09,4.273992041899966898e-10,2.290137301802150360e-11,7.601451803077030611e-12,1.779815390120370600e-12,1.298459983197636225e-12,1.428900509199693136e-12,2.047752917753997703e-12,6.853606170000720033e-12,1.514511145618221977e-11,9.371419433653813136e-11,2.475181163003915830e-10,1.670622080506955348e-09,4.013360547052476773e-09,1.718462479656729727e-08,2.935902572367022484e-08,5.548702075857270960e-08,6.151763809263913890e-08,5.160231563621289763e-08,4.029883383661588339e-08,1.979018192350230285e-08,1.305770279012505308e-08,5.720850357348629400e-09,3.981367171113515263e-09,2.329037412094388942e-09,1.997795034762959998e-09,1.869255131269672437e-09,2.018565321457947009e-09,2.789683798364289008e-09,3.475047825939134999e-09,5.623902046641114649e-09,7.100741643490445648e-09,1.049092229158266748e-08,1.206553126056582673e-08,1.396823835682911921e-08,1.405204018439408162e-08,1.265596944306996222e-08,1.148290603575352620e-08,9.014981989803171752e-09,7.943510921194947560e-09,6.355175628477462146e-09,5.843778801411115414e-09,5.322627975032964004e-09,5.280710150190257024e-09,5.569248361255146190e-09,5.876079372103652776e-09,6.737021573098057881e-09,7.240232078264095816e-09,8.222792983894697955e-09,8.626284001510536176e-09,9.095835198805277827e-09,9.133304315048131755e-09,8.850483623973684488e-09,8.580604096285367188e-09,7.942616564774428178e-09,7.632958675112423014e-09,7.133341642525346804e-09,6.964688016412867722e-09,6.809446858864563051e-09,6.819845855415580110e-09,6.987528753960720040e-09,7.126269015807120549e-09,7.456060637553007381e-09,7.621721434319592148e-09,7.893623903501047201e-09,7.980661169892586115e-09,8.035098064825777625e-09,8.004970717214766884e-09,7.859947004666342774e-09,7.762338941270149201e-09,7.563687012216574468e-09,7.478425514213706687e-09,7.361524624637568598e-09,7.334692186998590518e-09,7.344368598959788441e-09,7.376102958240801644e-09,7.474567656278689048e-09,7.531537505310083314e-09,7.637739033242163522e-09,7.678796174490163523e-09,7.723191082487351061e-09,7.725017494338969753e-09,7.693350840231021753e-09,7.631830751782600619e-09
1.730000000000000000e+02,-2.469147670924568710e-04,1.625977748206326235e-05,3.492686101988409092e-05,9.486671667090028738e-05,1.412322388073834604e-04,2.684084989200000225e-04,3.446562165206096436e-04,4.830795192601889114e-04,5.174460397162124886e-04,4.727356049049732316e-04,3.941455281737488658e-04,1.967729113979308181e-04,1.148754794288349163e-04,2.466992747536674805e-05,8.714154778964491432e-06,5.686505400861541562e-07,1.037500922999000375e-07,2.245251829997938625e-09,3.788883568326371909e-10,1.989828484275091292e-11,6.555842511652559823e-12,1.520854677004163102e-12,1.107329560077335850e-12,1.219309538318807951e-12,1.751370207712932281e-12,5.906736850937871486e-12,1.311881321890834284e-11,8.212988725523825972e-11,2.182866216883690147e-10,1.491779614279983152e-09,3.604479436333882930e-09,1.558408715734895672e-08,2.672074223447921601e-08,5.071904557956254458e-08,5.627081845974027732e-08,4.714433766647447427e-08,3.675545694550603343e-08,1.796349568568408536e-08,1.181939321903083956e-08,5.149890076774736591e-09,3.575404986942871954e-09,2.084155661583302760e-09,1.785931579706412364e-09,1.670281029751610052e-09,1.804602403870491506e-09,2.499282909101951944e-09,3.117805632321234838e-09,5.061816820187657606e-09,6.400932232332717103e-09,9.481551044299152409e-09,1.091482112244163138e-08,1.264839914419000830e-08,1.272477907689629345e-08,1.145254425712408097e-08,1.038427428296179525e-08,8.139328328568649212e-09,7.165896509042733037e-09,5.724558009697830463e-09,5.260977558219255557e-09,4.788833375039911605e-09,4.750868937077219745e-09,5.012218667562774732e-09,5.290238512122187597e-09,6.070843626198793586e-09,6.527413664919254344e-09,7.419506010280813718e-09,7.786058082341965059e-09,8.212766395827939686e-09,8.246822426230364378e-09,7.989778618279572836e-09,7.744548819626530245e-09,7.165042018410835295e-09,6.883879929140464954e-09,6.430402042496927845e-09,6.277370694107199667e-09,6.136531103086758504e-09,6.145964448142377662e-09,6.298092969836324023e-09,6.423982264647416784e-09,6.723292025542781936e-09,6.873674936636216259e-09,7.120548765795608331e-09,7.199586357696605848e-09,7.249022717162323382e-09,7.221662364951478980e-09,7.089968101004796852e-09,7.001340605688154139e-09,6.820989134246561308e-09,6.743591893882891486e-09,6.637483194365037531e-09,6.613129475345307096e-09,6.621911860158185420e-09,6.650714922307090354e-09,6.740089759644900258e-09,6.791804000769955524e-09,6.888215165899887193e-09,6.925489800992806755e-09,6.965796194577985462e-09,6.967454426994382222e-09,6.938703843862702864e-09,6.882851218440941277e-09
1.740000000000000000e+02,-2.471936921275561579e-04,1.628900726677597294e-05,3.496845002285138928e-05,9.487236264004881778e-05,1.411463898145018923e-04,2.676963445491267442e-04,3.432854801157767021e-04,4.794903994628925111e-04,5.124737475623760948e-04,4.655493266454557443e-04,3.868145940820732760e-04,1.914630822898124489e-04,1.111863769136428094e-04,2.356761959931345210e-05,8.258175562124518134e-06,5.283969871868496142e-07,9.528652816456241459e-08,2.010333693838826236e-09,3.358842966131106444e-10,1.728903744344437166e-11,5.654075244023587521e-12,1.299575898283666930e-12,9.443357012160757957e-13,1.040464210014940827e-12,1.497888618695597529e-12,5.090696635935698655e-12,1.136364608097725770e-11,7.197771594242077797e-11,1.925077343085772330e-10,1.332085055162721826e-09,3.237261026465317743e-09,1.413264329543952036e-08,2.431958066889281997e-08,4.636085007623906573e-08,5.147157510344661790e-08,4.307155423532819938e-08,3.352369218638170945e-08,1.630544403956237648e-08,1.069853506686143513e-08,4.635921838633868391e-09,3.210842816723114695e-09,1.865025017560272003e-09,1.596539007117994680e-09,1.492489722142251868e-09,1.613322105900247272e-09,2.239116401732237083e-09,2.797293845451138961e-09,4.555917777911665245e-09,5.770102276569152172e-09,8.569309887498845896e-09,9.873872895520274806e-09,1.145328889595818161e-08,1.152290143841385242e-08,1.036356733893559201e-08,9.390770551800931010e-09,7.348742391086876546e-09,6.464416421375542704e-09,5.156525079489087532e-09,4.736307647132138171e-09,4.308579588051773823e-09,4.274197132835520774e-09,4.510910501522805843e-09,4.762814052330054115e-09,5.470549118303386082e-09,5.884784296146527982e-09,6.694704031428872631e-09,7.027684888617335285e-09,7.415443120987151582e-09,7.446395674820961014e-09,7.212789235669370136e-09,6.989967131531323735e-09,6.463602562358471137e-09,6.208324698135734426e-09,5.796742291253390023e-09,5.657891951553039450e-09,5.530123257111232982e-09,5.538680266270641639e-09,5.676691479730711087e-09,5.790915365993815761e-09,6.062549266154081823e-09,6.199057560568425884e-09,6.423197244866032246e-09,6.494967410631321408e-09,6.539860699370566438e-09,6.515014255999932585e-09,6.395429319537137419e-09,6.314959497325228072e-09,6.151229449522128967e-09,6.080974035839285807e-09,5.984665235169578379e-09,5.962562182437302488e-09,5.970532808386927459e-09,5.996674242456437320e-09,6.077794961105789651e-09,6.124736470758656431e-09,6.212256146943730822e-09,6.246095331924328420e-09,6.282688206054459767e-09,6.284193682407849396e-09,6.258091733843049176e-09,6.207386588736544392e-09
1.750000000000000000e+02,-2.473035995577266949e-04,1.631821478188365954e-05,3.500998763712303424e-05,9.487786512854843668e-05,1.410604098804299521e-04,2.669858466305878673e-04,3.419199454583773772e-04,4.759276961194626497e-04,5.075490075554013342e-04,4.584721347192884837e-04,3.796198986668510977e-04,1.862964924092973306e-04,1.076157230476471787e-04,2.251456139381436501e-05,7.826054794924351427e-06,4.909928318161805964e-07,8.751338084360188105e-08,1.799994584102387191e-09,2.977611942818828017e-10,1.502193741577048658e-11,4.876347210139991839e-12,1.110492286234693315e-12,8.053337727589870987e-13,8.878514243249036042e-13,1.281094208580718652e-12,4.387395394905846402e-12,9.843302117406443896e-12,6.308046104777989549e-11,1.697732286785186284e-10,1.189485642632843315e-09,2.907453952615858539e-09,1.281638028490612521e-08,2.213418854115929008e-08,4.237714223569210084e-08,4.708164650339555571e-08,3.935061336447689267e-08,3.057608102341805023e-08,1.480043110963467912e-08,9.683969376991351935e-09,4.173248173628459762e-09,2.883452563523514200e-09,1.668933887898245427e-09,1.427230812158473972e-09,1.333623107291955628e-09,1.442316592927591484e-09,2.006032131260469115e-09,2.509730589637330228e-09,4.100580025762166209e-09,5.201441928158381106e-09,7.744836782801970548e-09,8.932199253245537429e-09,1.037110017239632406e-08,1.043454229119646082e-08,9.378136053806666178e-09,8.492318398522526179e-09,6.634946728048107117e-09,5.831604721416149689e-09,4.644856157901347538e-09,4.263961950559148895e-09,3.876488272795772932e-09,3.845351187535366033e-09,4.059741422755055312e-09,4.287972201323739935e-09,4.929612229434120890e-09,5.305421854715376001e-09,6.040706481086430962e-09,6.343177758169529085e-09,6.695526096501137198e-09,6.723656783788091451e-09,6.511359871370827473e-09,6.308906721911103355e-09,5.830831728309993772e-09,5.599065134817039768e-09,5.225523686338846147e-09,5.099545659175124673e-09,4.983639778470289744e-09,4.991401530323510277e-09,5.116600124816482464e-09,5.220235112018620227e-09,5.466741616084059424e-09,5.590650059810863687e-09,5.794140382005437406e-09,5.859308546977883697e-09,5.900074506271033720e-09,5.877511963616518370e-09,5.768927579077095386e-09,5.695867709291143471e-09,5.547233635167046067e-09,5.483463782270537462e-09,5.396053552554277988e-09,5.375994032699640129e-09,5.383227620397654234e-09,5.406952360940010111e-09,5.480578092915966426e-09,5.523185514738453150e-09,5.602630296437823010e-09,5.633349339903472724e-09,5.666569399039728117e-09,5.667936132480559663e-09,5.644239835060627097e-09,5.598209751561493419e-09
1.760000000000000000e+02,-2.472423591528101960e-04,1.634740003933105880e-05,3.505147390423887679e-05,9.488322446489120621e-05,1.409742997244357637e-04,2.662770024405604341e-04,3.405595942730355020e-04,4.723912170306365289e-04,5.026713674388643815e-04,4.515023757655672095e-04,3.725589122917330898e-04,1.812692789337577801e-04,1.041597154718703244e-04,2.150855262673213386e-05,7.416544184602678587e-06,4.562363805056340003e-07,8.037433033665150606e-08,1.611662865121619992e-09,2.639650648669084054e-10,1.305211955225996090e-11,4.205596645674020140e-12,9.489195453710186356e-13,6.867922029696327257e-13,7.576234561587624761e-13,1.095677043018439267e-12,3.781257858909148339e-12,8.526364456053897589e-12,5.528300213442083333e-11,1.497235773946850590e-10,1.062151369624324965e-09,2.611246864624248293e-09,1.162270811365384571e-08,2.014517690846189674e-08,3.873574373086142997e-08,4.306612368543821789e-08,3.595112015719733808e-08,2.788763945238328240e-08,1.343433150065732190e-08,8.765616379936228691e-09,3.756749866919151248e-09,2.589444086887812690e-09,1.493459901049081634e-09,1.275877134574842503e-09,1.191666791069620479e-09,1.289436849395003692e-09,1.797210969455009799e-09,2.251728787043723312e-09,3.690750331221404057e-09,4.688824289012134827e-09,6.999687505884841926e-09,8.080332518215806170e-09,9.391163528467763588e-09,9.448979795866410680e-09,8.486404822036393292e-09,7.679824018586890733e-09,5.990482694097354344e-09,5.260739463193789267e-09,4.183958474113496501e-09,3.838722324007396575e-09,3.487729468296466018e-09,3.459532628956058647e-09,3.653696731503817269e-09,3.860470671704797213e-09,4.442163672655190937e-09,4.783097752071585607e-09,5.450596672141108656e-09,5.725342142222367148e-09,6.045500577846630447e-09,6.071065580001786671e-09,5.878142584714394353e-09,5.694204235841444917e-09,5.260007134933256112e-09,5.049595357901458942e-09,4.710593292495644790e-09,4.596299086234885423e-09,4.491159070021174399e-09,4.498199176528917820e-09,4.611769829682057370e-09,4.705793551921036433e-09,4.929487565428873619e-09,5.041954359444669742e-09,5.226689836414655926e-09,5.285860790250115210e-09,5.322877299302961052e-09,5.302389592285947084e-09,5.203798019934053470e-09,5.137468588403432818e-09,5.002544369524762613e-09,4.944663829103447539e-09,4.865333346653396424e-09,4.847129198883026735e-09,4.853693623451185712e-09,4.875224171899898012e-09,4.942044563242386362e-09,4.980716418565445808e-09,5.052828261592305636e-09,5.080713670960190775e-09,5.110870510279755946e-09,5.112111234545704819e-09,5.090599789305590844e-09,5.048815498705575000e-09
1.770000000000000000e+02,-2.470080642354976217e-04,1.637656305105726954e-05,3.509290886570981972e-05,9.488844097699637736e-05,1.408880600636744764e-04,2.655698092534619355e-04,3.392044083395843275e-04,4.688807713754293213e-04,4.978403792299946739e-04,4.446384214406724203e-04,3.656291522458284308e-04,1.763776831772750279e-04,1.008146738631274762e-04,2.054749135331636984e-05,7.028460746552904394e-06,4.239402162455096004e-07,7.381765081382026319e-08,1.443035962370078223e-09,2.340047996953614762e-10,1.134060168906173005e-11,3.627108758740699157e-12,8.108550723223695300e-13,5.856994034734996912e-13,6.464969618674709650e-13,9.370958869991952156e-13,3.258860575058170062e-12,7.385619622390232619e-12,4.844939320612987044e-11,1.320417114948450876e-10,9.484481269480572740e-10,2.345216697870102646e-09,1.054020932431684945e-08,1.833489909186915637e-08,3.540724116733815624e-08,3.939307490131343029e-08,3.284530543536503047e-08,2.543558014688959701e-08,1.219432357207114043e-08,7.934352167957795660e-09,3.381818599191687563e-09,2.325413695804245950e-09,1.336435371656480298e-09,1.140573975002244500e-09,1.064820795177324336e-09,1.152761642056205488e-09,1.610127243448396250e-09,2.020249545832495525e-09,3.321880491925603696e-09,4.226726270362395760e-09,6.326230250481949813e-09,7.309707924726700085e-09,8.503817618284691127e-09,8.556504783895947652e-09,7.679464217422334038e-09,6.945063625650275962e-09,5.408616097146105167e-09,4.745756706559835225e-09,3.768794201090656937e-09,3.455891009614912163e-09,3.137957581495279258e-09,3.112424422737399693e-09,3.288263273650005036e-09,3.475589808576290407e-09,4.002914512444416539e-09,4.312196595678344235e-09,4.918133584197112440e-09,5.167684234957253819e-09,5.458581360463961307e-09,5.481813713191768106e-09,5.306503990398520748e-09,5.139394255928176475e-09,4.745064489822346104e-09,4.554047931619974177e-09,4.246404478589795028e-09,4.142714825209389135e-09,4.047344689592485140e-09,4.053729980109301717e-09,4.156748337571548879e-09,4.242048585881633138e-09,4.445032743629912658e-09,4.547110124195063996e-09,4.714812275406071729e-09,4.768535667026840841e-09,4.802146171868377361e-09,4.783543282023492577e-09,4.694028662294291721e-09,4.633812174139988194e-09,4.511338367110817593e-09,4.458805449695808082e-09,4.386810884438475250e-09,4.370291192140347142e-09,4.376248107114660141e-09,4.395786575180343075e-09,4.456428111514892931e-09,4.491526449108395463e-09,4.556979455187706168e-09,4.582291552983081689e-09,4.609666483376337331e-09,4.610792768964568078e-09,4.591265547273810227e-09,4.553337011256597400e-09
1.780000000000000000e+02,-2.465990305913254950e-04,1.640570382899580689e-05,3.513429256301789892e-05,9.489351499221128448e-05,1.408016916131932250e-04,2.648642643419973648e-04,3.378543694929598369e-04,4.653961697014336518e-04,4.930555991795952100e-04,4.378786680404149218e-04,3.588281818740895199e-04,1.716180477842115470e-04,9.757703601815021811e-05,1.962936952593991513e-05,6.660683387717583875e-06,3.939301879788423624e-07,6.779583586305525447e-08,1.292052211586142835e-09,2.074450305001966643e-10,9.853513458727564123e-12,3.128192691860542940e-12,6.928783718648801049e-13,4.994869535340784594e-13,5.516702004070006549e-13,8.014666946602744257e-13,2.808634564071404993e-12,6.397494838571160525e-12,4.246049258721518171e-11,1.164480060772063452e-10,8.469167331413146593e-10,2.106289116808168077e-09,9.558529810921919528e-09,1.668729412063110068e-08,3.236474850794313074e-08,3.603329171776884984e-08,3.000779891443924180e-08,2.319911932116601808e-08,1.106876910462496755e-08,7.181918051479656284e-09,3.044305959718721782e-09,2.088304745762829123e-09,1.195920523310196881e-09,1.019619243853783774e-09,9.514767349114335027e-10,1.030573376691133053e-09,1.442518189100072679e-09,1.812566367560396879e-09,2.989876862259134571e-09,3.810169087626203571e-09,5.717567466299779827e-09,6.612577510621379939e-09,7.700313945995743842e-09,7.748325112273170279e-09,6.949251955563201522e-09,6.280600216279890596e-09,4.883266833000804441e-09,4.281186106254615542e-09,3.394825391503722423e-09,3.111238740705242478e-09,2.823262813312667208e-09,2.800142668896079406e-09,2.959379278579758049e-09,3.129080485605312267e-09,3.607098780257500525e-09,3.887655821018746322e-09,4.437685860491161205e-09,4.664342722498528160e-09,4.928641955442760597e-09,4.949753628562085506e-09,4.790455771484531527e-09,4.638641301363960467e-09,4.280533166312917859e-09,4.107131213089160876e-09,3.827957173626033577e-09,3.733892044350834577e-09,3.647387527476540076e-09,3.653178670269714712e-09,3.746621327256356021e-09,3.824004261951830658e-09,4.008188288001299227e-09,4.100832169066231936e-09,4.253065228232606743e-09,4.301840565517321691e-09,4.332357199604650738e-09,4.315466429463590131e-09,4.234196451357447044e-09,4.179531801380698131e-09,4.068364124211985844e-09,4.020686733801747542e-09,3.955352417882133931e-09,3.940361936695044309e-09,3.945767341280350532e-09,3.963497309381665973e-09,4.018529069021396088e-09,4.050382785138022246e-09,4.109789373890008340e-09,4.132764678003650327e-09,4.157613295741741100e-09,4.158635655727039443e-09,4.140910366554409472e-09,4.106483211579938647e-09
1.790000000000000000e+02,-2.460137952862420305e-04,1.643482238507454818e-05,3.517562503761609369e-05,9.489844683731218553e-05,1.407151950859363617e-04,2.641603649772075193e-04,3.365094596230933555e-04,4.619372239151861895e-04,4.883165877323379818e-04,4.312215361278806127e-04,3.521536097237956643e-04,1.669868139983820892e-04,9.444335406332517104e-05,1.875226879992348107e-05,6.312149668714179488e-06,3.660444716183531427e-07,6.226525430609629666e-08,1.156865653566176849e-09,1.838998025583717111e-10,8.561425711168385577e-12,2.697903315682093073e-12,5.920668686223984345e-13,4.259646021326224385e-13,4.707523433566951354e-13,6.854675247552899364e-13,2.420609014879698817e-12,5.541571162451935928e-12,3.721188559114435579e-11,1.026958587071157003e-10,7.562542089409839130e-10,1.891702987777323791e-09,8.668279785747825400e-09,1.518774424372768342e-08,2.958368991120598201e-08,3.296005675990998710e-08,2.741542197290868996e-08,2.115930057371411682e-08,1.004710407269881686e-08,6.500838511545783266e-09,2.740477548232936322e-09,1.875372253757473517e-09,1.070179526268567882e-09,9.114913497370799589e-10,8.501974253739483234e-10,9.213365138090873208e-10,1.292356583890413163e-09,1.626233033760922375e-09,2.691054924253491465e-09,3.434664619232120908e-09,5.167465216794273064e-09,5.981932221104952624e-09,6.972730616039510970e-09,7.016479051632010244e-09,6.288472344793179930e-09,5.679708297808613165e-09,4.408945354856044774e-09,3.862092805718281285e-09,3.057964377377320186e-09,2.800958020642702051e-09,2.540127455542742080e-09,2.519193145647351251e-09,2.663389214686492923e-09,2.817117196040209298e-09,3.250421763993302515e-09,3.504911266869348979e-09,4.004172252504521051e-09,4.210027178762863753e-09,4.450150641380472977e-09,4.469334432654747252e-09,4.324591949681540898e-09,4.186678452978032788e-09,3.861478086776299473e-09,3.704072848356027015e-09,3.450744009275957119e-09,3.365413537746112654e-09,3.286953696908252037e-09,3.292205764352396785e-09,3.376959338899365726e-09,3.447156956041218245e-09,3.614275269315462419e-09,3.698354013011509456e-09,3.836539221621464157e-09,3.880820420934256304e-09,3.908526844623866348e-09,3.893191247356965479e-09,3.819409567914697212e-09,3.769786918338038223e-09,3.668885776404121751e-09,3.625616894382954758e-09,3.566329108872952347e-09,3.552726837437007734e-09,3.557631592207739779e-09,3.573719799579953837e-09,3.623658686210517316e-09,3.652566544088808181e-09,3.706483067136227133e-09,3.727336455813540922e-09,3.749890981009831176e-09,3.750818966942286170e-09,3.734729989840739756e-09,3.703482263158093535e-09
1.800000000000000000e+02,-2.452511153890621701e-04,1.646391873121581416e-05,3.521690633092848933e-05,9.490323683850523787e-05,1.406285711927510933e-04,2.634581084285139946e-04,3.351696606748038893e-04,4.585037472725975042e-04,4.836229094874278729e-04,4.246654701668783178e-04,3.456030887068476851e-04,1.624805190058132101e-04,9.141029078602643659e-05,1.791435652668597303e-05,5.981852735341901912e-06,3.401326975248299307e-07,5.718583408962892370e-08,1.035823465574733232e-09,1.630269666551102670e-10,7.438768297087644532e-12,2.326800969780495887e-12,5.059230486804955351e-13,3.632643773461563530e-13,4.017033559088056816e-13,5.862572797013521075e-13,2.086190812114474546e-12,4.800161461891716552e-12,3.261206425351700910e-11,9.056778921658417691e-11,6.752970563381893720e-10,1.698978471364326337e-09,7.860943969655205532e-09,1.382294524530274307e-08,2.704160122890932397e-08,3.014893126221818848e-08,2.504699832305348761e-08,1.929883421884596995e-08,9.119739498785698478e-09,5.884346932513804390e-09,2.466971656903821364e-09,1.684151120537151491e-09,9.576590551379354777e-10,8.148300587864851230e-10,7.596986588529093531e-10,8.236782718558377514e-10,1.157826228068061652e-09,1.459054793759469171e-09,2.422098398908133221e-09,3.096167051691231520e-09,4.670289333540654508e-09,5.411431441295320999e-09,6.313894232695248937e-09,6.353756854958654554e-09,5.690523396299860398e-09,5.136305817352113806e-09,3.980695313090740206e-09,3.484025018788902694e-09,2.754529091473535696e-09,2.521621061859612850e-09,2.285386570743605517e-09,2.266432212153120240e-09,2.397003159328170430e-09,2.536255819729146821e-09,2.929013411261290056e-09,3.159848108429813562e-09,3.613007881970217022e-09,3.799962462259273005e-09,4.018112723786198409e-09,4.035543983780653238e-09,3.904032256111730770e-09,3.778751957389872573e-09,3.483447295372921193e-09,3.340568812673291865e-09,3.110701770063679927e-09,3.033298000092426311e-09,2.962137574341692364e-09,2.966900556451105425e-09,3.043769936724068093e-09,3.107446855713479061e-09,3.259074578731892963e-09,3.335376972226147818e-09,3.460805582053156498e-09,3.501005107673337002e-09,3.526159091820670055e-09,3.512236042150021498e-09,3.445255389246566768e-09,3.400211510517624908e-09,3.308632469292260153e-09,3.269366046550897797e-09,3.215567371509138461e-09,3.203225251344719859e-09,3.207675547379183756e-09,3.222273429039166498e-09,3.267588930227875721e-09,3.293822306484756046e-09,3.342754153503029596e-09,3.361680834905716314e-09,3.382152237907300879e-09,3.382994527578470773e-09,3.368391396103148638e-09,3.340030615365391364e-09
1.810000000000000000e+02,-2.443099665963464288e-04,1.649299287933626065e-05,3.525813648435033136e-05,9.490788532142731141e-05,1.405418206423917910e-04,2.627574919637680278e-04,3.338349546476907892e-04,4.550955543694548884e-04,4.789741331596326381e-04,4.182089381609140175e-04,3.391743152775544726e-04,1.580957933490586176e-04,8.847461608365802762e-05,1.711388192585870096e-05,5.668838410608179014e-06,3.160551397419900967e-07,5.252077196131292591e-08,9.274457545807753001e-10,1.445232071495793080e-10,6.463324070827419776e-12,2.006744325832449105e-12,4.323128769030681884e-13,3.097933693428644997e-13,3.427823346349723188e-13,5.014060455894864266e-13,1.797973879155700949e-12,4.157945038621435607e-12,2.858083176593764763e-11,7.987200110288680821e-11,6.030063273254442080e-10,1.525888365585138101e-09,7.128800145952008532e-09,1.258078841310291546e-08,2.471794855986786041e-08,2.757756073826743426e-08,2.288318103711370344e-08,1.760195074440064344e-08,8.277971458206089678e-09,5.326318377020869410e-09,2.220762076185836542e-09,1.512427593699985223e-09,8.569691003373382243e-10,7.284193834591369543e-10,6.788329217320698827e-10,7.363713763102255894e-10,1.037299978984967952e-09,1.309062514420408774e-09,2.180022443760889356e-09,2.791029290224577436e-09,4.220947712716988792e-09,4.895339248984359459e-09,5.717309178605162190e-09,5.753629733404579810e-09,5.149430864896144266e-09,4.644892603520005964e-09,3.594041766616633965e-09,3.142966742549976877e-09,2.481202821490429561e-09,2.270141918848597729e-09,2.056192615208351365e-09,2.039031634726642950e-09,2.157260232645355491e-09,2.283395600908861428e-09,2.639386338881919564e-09,2.848756621115326737e-09,3.260055752749794339e-09,3.429838527720021485e-09,3.628018400568706892e-09,3.643856602954589907e-09,3.524371008196362093e-09,3.410571228863387705e-09,3.142424662822516923e-09,3.012737452145076295e-09,2.804167626997266377e-09,2.733957011409778037e-09,2.669419480003532713e-09,2.673738750910183148e-09,2.743454591161518380e-09,2.801214224826004823e-09,2.938781739226375977e-09,3.008024249226848995e-09,3.121869350053776970e-09,3.158361979881032372e-09,3.181197756445004049e-09,3.168557650848682905e-09,3.107753548101978291e-09,3.066867580042448999e-09,2.983752699504526457e-09,2.948119921038390434e-09,2.899304097530360641e-09,2.888105831203545415e-09,2.892143616609055279e-09,2.905388700729250734e-09,2.946507215138578079e-09,2.970312597337480820e-09,3.014718840072070499e-09,3.031896143705376662e-09,3.050476079635017213e-09,3.051240556387318364e-09,3.037986578610912120e-09,3.012247048257872539e-09
1.820000000000000000e+02,-2.431895417574583579e-04,1.652204484134698692e-05,3.529931553924794420e-05,9.491239261114691014e-05,1.404549441415260083e-04,2.620585128492955462e-04,3.325053235960243004e-04,4.517124611319832395e-04,4.743698315406708857e-04,4.118504312976144937e-04,3.328650286256580018e-04,1.538293584112101825e-04,8.563320352659992271e-05,1.634917242836954484e-05,5.372202438880561634e-06,2.936819626175944230e-07,4.823626682806604789e-08,8.304074640376121752e-10,1.281196343949023847e-10,5.615789165072312961e-12,1.730712036358827977e-12,3.694126981309414637e-13,2.641930185905139172e-13,2.925036515083467847e-13,4.288356236954726786e-13,1.549575273868467051e-12,3.601650851474055837e-12,2.504790466836478990e-11,7.043934776825369615e-11,5.384542914083252640e-10,1.370432368036659729e-09,6.464845300313114967e-09,1.145025311247377733e-08,2.259396239364026317e-08,2.522549722301344402e-08,2.090629451574252916e-08,1.605426715401087404e-08,7.513899390491560193e-09,4.821208736573287176e-09,1.999124611971924217e-09,1.358213639674659204e-09,7.668657972363396996e-10,6.511722860143981384e-10,6.065748442809007490e-10,6.583186365016844427e-10,9.293200709567083634e-10,1.174489486975528393e-09,1.962140528695551986e-09,2.515963664864078256e-09,3.814838163434695548e-09,4.428466746710406007e-09,5.177093575559933714e-09,5.210185540925789394e-09,4.659788560844617053e-09,4.200494696808467626e-09,3.244944424220155138e-09,2.835295099233321042e-09,2.234997957837941626e-09,2.043742397647881071e-09,1.849983609391366718e-09,1.834446941654513039e-09,1.941495688637150455e-09,2.055744916391313501e-09,2.378397995558964237e-09,2.568292298992837230e-09,2.941582998857534756e-09,3.095765126480453169e-09,3.275795687902567990e-09,3.290185859709544164e-09,3.181630958828474479e-09,3.078263722183305698e-09,2.834787221341018501e-09,2.717078035057319402e-09,2.527839684129300560e-09,2.464156266432067713e-09,2.405627540078740870e-09,2.409544282416103966e-09,2.472769815162678339e-09,2.525159978225511789e-09,2.649966158183372777e-09,2.712799528227895565e-09,2.816126805517795220e-09,2.849253056744476681e-09,2.869983457240736155e-09,2.858508531061124819e-09,2.803313589832927277e-09,2.766203186053018542e-09,2.690773139756496776e-09,2.658439027589240208e-09,2.614146285643279347e-09,2.603986261996227639e-09,2.607649629728222770e-09,2.619666808457120355e-09,2.656975580495697306e-09,2.678576838062224005e-09,2.718874453919509215e-09,2.734463459591780776e-09,2.751326027682771125e-09,2.752019852779973019e-09,2.739990857006336863e-09,2.716631227400257212e-09
1.830000000000000000e+02,-2.418892492977658764e-04,1.655107462915348152e-05,3.534044353695878541e-05,9.491675903216501248e-05,1.403679423947388984e-04,2.613611683499435711e-04,3.311807496286388775e-04,4.483542848074715354e-04,4.698095814609703157e-04,4.055884635985043327e-04,3.266730098842862955e-04,1.496780239676615541e-04,8.288302703143889463e-05,1.561863018286041549e-05,5.091087874204233308e-06,2.728925207486868499e-07,4.430127486401247254e-08,7.435221742219284835e-10,1.135778774903704186e-10,4.879390945108919020e-12,1.492648506965649213e-12,3.156642698967648819e-13,2.253048550678038442e-13,2.495997657690762761e-13,3.667685729777381276e-13,1.335494025480124525e-12,3.119783348760202246e-12,2.195168702302970065e-11,6.212065822679135874e-11,4.808125298458917202e-10,1.230813960489572298e-09,5.862728638932751535e-09,1.042130901409213384e-08,2.065248600605150246e-08,2.307403667586123072e-08,1.910019010805557617e-08,1.464266506060341727e-08,6.820351950283199891e-09,4.363999651609603431e-09,1.799606945152585138e-09,1.219723929333799833e-09,6.862360608147349827e-10,5.821170041765862113e-10,5.420081998237097354e-10,5.885391577570026761e-10,8.325804843462274868e-10,1.053750618311205187e-09,1.766034621981330682e-09,2.268006509079665070e-09,3.447801273485668477e-09,4.006119893202328766e-09,4.687921295620268991e-09,4.718070532812356291e-09,4.216704337507400438e-09,3.798614006732346088e-09,2.929755427247705130e-09,2.557741853357426917e-09,2.013223338525552825e-09,1.839921364869606321e-09,1.664454500659509617e-09,1.650388952833658357e-09,1.747311297251507786e-09,1.850790456683253440e-09,2.143216564751181455e-09,2.315439899872300672e-09,2.654221406599372238e-09,2.794230918721401016e-09,2.957767916846694087e-09,2.970841940427024555e-09,2.872221632706012037e-09,2.778334202513475099e-09,2.557266676222373983e-09,2.450433370782380618e-09,2.278741412714080719e-09,2.220980629903711659e-09,2.167903317718553394e-09,2.171454907757327385e-09,2.228792134737530434e-09,2.276310141329776146e-09,2.389534384245181262e-09,2.446549633348081565e-09,2.540327152599592894e-09,2.570396397924600354e-09,2.589214798890803609e-09,2.578798050372355793e-09,2.528696777252988082e-09,2.495014598489228921e-09,2.426561505983887423e-09,2.397221830465140827e-09,2.357034641466485003e-09,2.347816958588651998e-09,2.351140498897718104e-09,2.362043183468847188e-09,2.395893880670742562e-09,2.415494330216486768e-09,2.452062042643384995e-09,2.466209062082546158e-09,2.481512405852698624e-09,2.482142084345205849e-09,2.471225277851044760e-09,2.450026325589473031e-09
1.840000000000000000e+02,-2.404087115381631939e-04,1.658008277142687258e-05,3.538152125040359064e-05,9.492098498247841234e-05,1.402808145506843137e-04,2.606654433447882753e-04,3.298611914371160831e-04,4.450207847663438868e-04,4.652928836437675492e-04,3.994214625074785064e-04,3.205959740634860820e-04,1.456386147954412175e-04,8.022111097149179173e-05,1.492071656237559715e-05,4.824677983860737110e-06,2.535743766819849830e-07,4.068722288843836313e-08,6.657262857298618108e-10,1.006864042282177435e-10,4.239545617779755249e-12,1.287327666341098187e-12,2.697352974659339431e-13,1.921403032338619976e-13,2.129883183883685138e-13,3.136838391034485474e-13,1.150985990544528548e-12,2.702378116203538183e-12,1.923815168042471158e-11,5.478425517597453054e-11,4.293404383642722422e-10,1.105417531246715920e-09,5.316681581590213673e-09,9.484811190195886060e-09,1.887780665260087830e-08,2.110603671706418744e-08,1.745008610529110056e-08,1.335515759239664854e-08,6.190809017118589774e-09,3.950141640895370523e-09,1.619998462795962241e-09,1.095353070371769474e-09,6.140826197694425337e-10,5.203837869242802089e-10,4.843133156345359736e-10,5.261549641073434702e-10,7.459096882907537140e-10,9.454219334216040077e-10,1.589525373249436185e-09,2.044482448680488840e-09,3.116072191808793787e-09,3.624045836862765935e-09,4.244961942639078126e-09,4.272429070657736069e-09,3.815744419570369153e-09,3.435176627717860184e-09,2.645176416283829407e-09,2.307354459975480623e-09,1.813451456762846942e-09,1.656424016341622590e-09,1.497528577163419194e-09,1.484795368470251398e-09,1.572545735501525849e-09,1.666266360403779317e-09,1.931286656151661590e-09,2.087477173837995123e-09,2.394927405479849170e-09,2.522061962105612981e-09,2.670610494982230895e-09,2.682488273013112351e-09,2.592896987071470483e-09,2.507623402165943399e-09,2.306910449180552686e-09,2.209952028721460376e-09,2.054185791952600759e-09,2.001798933375358719e-09,1.953667217395984104e-09,1.956887569576435532e-09,2.008882796656480396e-09,2.051980018140300149e-09,2.154693002498356616e-09,2.206426790080963374e-09,2.291533747695098655e-09,2.318827002590825859e-09,2.335909065649807367e-09,2.326453293438569478e-09,2.280977445850073879e-09,2.250408023476849553e-09,2.188289040423729848e-09,2.161667557600650477e-09,2.125206835572280781e-09,2.116844427123201061e-09,2.119859542922377174e-09,2.129750696736347135e-09,2.160462609024837652e-09,2.178246860987630151e-09,2.211428574196974348e-09,2.224266476189527830e-09,2.238154214398305544e-09,2.238725653968230700e-09,2.228818602579120747e-09,2.209581245510468250e-09
1.850000000000000000e+02,-2.387477629092976759e-04,1.660906824612438525e-05,3.542254725672985567e-05,9.492507063483499345e-05,1.401935644153066919e-04,2.599713598935416803e-04,3.285466782718402044e-04,4.417118996834401199e-04,4.608194838660959608e-04,3.933482064734468626e-04,3.146320004378138128e-04,1.417082543044762596e-04,7.764471523630012183e-05,1.425399814209790564e-05,4.572212630138671472e-06,2.356240471186002872e-07,3.736805365516632747e-08,5.960714142866536946e-10,8.925833973306117330e-11,3.683613527052931325e-12,1.110252514924248146e-12,2.304895911717924628e-13,1.638579950977853139e-13,1.817475477842306342e-13,2.682830899710525463e-13,9.919716144422136006e-13,2.340824582780509644e-12,1.686008545775073697e-11,4.831437981351986710e-11,3.833792921797626874e-10,9.927984124906419350e-10,4.821500591790581214e-09,8.632484219529661107e-09,1.725565240635927935e-08,1.930591757222680990e-08,1.594256205083568675e-08,1.218087752931644625e-08,5.619384327976671700e-09,3.575537695050612710e-09,1.458318278364355985e-09,9.836656585029013994e-10,5.495167030287496923e-10,4.651982355645227496e-10,4.327606814569229243e-10,4.703842920912321840e-10,6.682624863630498568e-10,8.482313237218042090e-10,1.430660190955470451e-09,1.842991112342316426e-09,2.816265139604819112e-09,3.278416734809642963e-09,3.843864048943840955e-09,3.868886794863423545e-09,3.452916998359549863e-09,3.106516884091850214e-09,2.388243852300634545e-09,2.081482107523955835e-09,1.633505809404359882e-09,1.491229717048283762e-09,1.347345850746762760e-09,1.335819197145976869e-09,1.415262706750937752e-09,1.500142020370923146e-09,1.740316307486137679e-09,1.881961441774302607e-09,2.160967905323347288e-09,2.276407274135047384e-09,2.411336169286107736e-09,2.422126766786925761e-09,2.340740827945844704e-09,2.263293612313026226e-09,2.081067714611610150e-09,1.993074605881198572e-09,1.851761973007673076e-09,1.804250779948455077e-09,1.760605421814633725e-09,1.763525324252959714e-09,1.810674553462442507e-09,1.849760860542920549e-09,1.942935038659783509e-09,1.989874900867449198e-09,2.067110170832003532e-09,2.091882817249930693e-09,2.107388189653705904e-09,2.098805052224827356e-09,2.057529100031986816e-09,2.029785772214619602e-09,1.973416831395303703e-09,1.949262587035453451e-09,1.916183982292969309e-09,1.908597765102508850e-09,1.911332979474128502e-09,1.920306125891653101e-09,1.948169287078593132e-09,1.964305048289928871e-09,1.994413200155685864e-09,2.006062704216745110e-09,2.018665328374757290e-09,2.019183896825741190e-09,2.010193528425912798e-09,1.992736887068864704e-09
1.860000000000000000e+02,-2.369064480590902621e-04,1.663803158230081972e-05,3.546352232970949618e-05,9.492901638860271312e-05,1.401061911353346137e-04,2.592789028434905004e-04,3.272371688433272025e-04,4.384273910858350171e-04,4.563888899667114998e-04,3.873671652230000016e-04,3.087788820432471474e-04,1.378839304326978958e-04,7.515104765460484375e-05,1.361706906502602545e-05,4.332957581061386201e-06,2.189443783438534217e-07,3.431965038387337942e-08,5.337044687756756917e-10,7.912737072556311202e-11,3.200580588318818753e-12,9.575343989931539568e-13,1.969539982493717645e-13,1.397386980434012216e-13,1.550891034519941147e-13,2.294533920504937541e-13,8.549257764396689385e-13,2.027643461119388313e-12,1.477597547355075092e-11,4.260857592859428056e-11,3.423382828300972069e-10,8.916527641559222894e-10,4.372438971598970742e-09,7.856748556351331528e-09,1.577288698785474404e-08,1.765932760908043610e-08,1.456527255299907078e-08,1.110984742570819694e-08,5.100702863796964873e-09,3.236458283285229692e-09,1.312774091771209614e-09,8.833663484399990884e-10,4.917393374816777379e-10,4.158649540182690618e-10,3.866955237464587969e-10,4.205250890348607995e-10,5.986980981505587995e-10,7.610319689970584944e-10,1.287672682023788262e-09,1.661357347130859238e-09,2.545303232233658147e-09,2.965750379166961354e-09,3.480664770321622095e-09,3.503459841002918781e-09,3.124589439913510666e-09,2.809301333364178435e-09,2.156267594138156982e-09,1.877720763111042496e-09,1.471415726512093763e-09,1.342510039958498200e-09,1.212224400314087028e-09,1.201790366550138656e-09,1.273710714455372414e-09,1.350579916729443414e-09,1.568229434875147155e-09,1.696678937537082765e-09,1.949863641154039179e-09,2.054679739256449686e-09,2.177233112793082806e-09,2.187035674441764957e-09,2.113106367510921013e-09,2.042769864694189350e-09,1.877334444556856205e-09,1.797480659893610846e-09,1.669285277578402490e-09,1.626197583385648182e-09,1.586621891703533793e-09,1.589269277242405173e-09,1.632022561418120660e-09,1.667469910467209854e-09,1.751987974265905787e-09,1.794576546312052004e-09,1.864665568138005117e-09,1.887149548500215157e-09,1.901223233073635541e-09,1.893432491009575461e-09,1.855969960590187970e-09,1.830792403475275248e-09,1.779643169565496216e-09,1.757728324952015017e-09,1.727719234687194114e-09,1.720837421208742599e-09,1.723318625388575720e-09,1.731458660800787308e-09,1.756736366402208982e-09,1.771375893378944119e-09,1.798694158731701381e-09,1.809264878134585544e-09,1.820700878827014382e-09,1.821171450325448707e-09,1.813013251599502121e-09,1.797173086807686906e-09
1.870000000000000000e+02,-2.348850198523400122e-04,1.666697279183927574e-05,3.550444651056471903e-05,9.493282256602150033e-05,1.400186954070757822e-04,2.585880694540205766e-04,3.259326454775790700e-04,4.351670814126703635e-04,4.520006945554952394e-04,3.814769407158592729e-04,3.030345601559646758e-04,1.341627833366890058e-04,7.273745234547226881e-05,1.300859843404294234e-05,4.106221640744743030e-06,2.034454253886284168e-07,3.151992529744980683e-08,4.778629260414161972e-10,7.014627661822321614e-11,2.780887607863047339e-12,8.258229983095638493e-13,1.682977487840048303e-13,1.191696752129295378e-13,1.323408884649351913e-13,1.962436289859592620e-13,7.368134422904015768e-13,1.756362985822282341e-12,1.294948550516553110e-11,3.757660949435005782e-11,3.056907134379744512e-10,8.008116943549782596e-10,3.965201368367598372e-09,7.150721665835635399e-09,1.441753309626295568e-08,1.615317272589443867e-08,1.330696680929975735e-08,1.013298900109970216e-08,4.629896402028044200e-09,2.929534562580004414e-09,1.181755510722831692e-09,7.932939711759786489e-10,4.400367698529934063e-10,3.717633296476327565e-10,3.455337362534473961e-10,3.759507666116490565e-10,5.363751352793766358e-10,6.827967689404350338e-10,1.158975974571577541e-09,1.497624144977064559e-09,2.300411232379964699e-09,2.682903129096626121e-09,3.151783202996879737e-09,3.172548175881494126e-09,2.827481312126824131e-09,2.540521608162355990e-09,1.946823611364721304e-09,1.693905961054316747e-09,1.325409457371157923e-09,1.208622003341782922e-09,1.090653796388587476e-09,1.081209164327566821e-09,1.146316392855320845e-09,1.215928842421970524e-09,1.413158821569632934e-09,1.529637694638744452e-09,1.759381928177500970e-09,1.854548833105833586e-09,1.965857628619853761e-09,1.974762295283176081e-09,1.907608936508849509e-09,1.843732657974724021e-09,1.693546191738198869e-09,1.621081531868757281e-09,1.504790103206430155e-09,1.465715506349671640e-09,1.429831336880252324e-09,1.432231551645691756e-09,1.470997313947298643e-09,1.503143306114292088e-09,1.579806595654667523e-09,1.618445809146865436e-09,1.682047440161637056e-09,1.702453441377671864e-09,1.715227160173707355e-09,1.708155921749257913e-09,1.674155756950859719e-09,1.651307528216516829e-09,1.604896380179819670e-09,1.585014051052550249e-09,1.557790648592290855e-09,1.551548063801182903e-09,1.553798763780219958e-09,1.561182765176657647e-09,1.584114074209283865e-09,1.597395618015660934e-09,1.622181596325602063e-09,1.631773075222529151e-09,1.642150062496549809e-09,1.642577063677274490e-09,1.635174281242914029e-09,1.620801440272139765e-09
1.880000000000000000e+02,-2.326839372614016228e-04,1.669589188661735075e-05,3.554531984048897261e-05,9.493648948876812232e-05,1.399310779247815218e-04,2.578988569832647371e-04,3.246330905546162215e-04,4.319307943782525966e-04,4.476544940950530869e-04,3.756761560721672065e-04,2.973970142499158891e-04,1.305420302787419547e-04,7.040135867435149634e-05,1.242731480759361640e-05,3.891349776465692417e-06,1.890436099792559745e-07,2.894859240458436643e-08,4.278640437283855180e-10,6.218454624926789132e-11,2.416228838102857379e-12,7.122287785585323938e-13,1.438108800880938398e-13,1.016283411592322494e-13,1.129293327687547199e-13,1.678404594127047567e-13,6.350188658330729874e-13,1.521377262451301116e-12,1.134877093559097383e-11,3.313890289025241132e-11,2.729662691898244314e-10,7.192253943561106866e-10,3.595892475845513872e-09,6.508139475090452680e-09,1.317864259606509221e-08,1.477547556993832195e-08,1.215736594961614944e-08,9.242022176936736874e-09,4.202546055077915899e-09,2.651717159437086413e-09,1.063812860854296619e-09,7.124057534754583976e-10,3.937702909237190269e-10,3.323385632176319854e-10,3.087533867354545769e-10,3.361011516030219110e-10,4.805397939104932153e-10,6.126042083277796063e-10,1.043141793294821359e-09,1.350027363880047793e-09,2.079080910552663294e-09,2.427031148808950906e-09,2.853976786994748271e-09,2.872891790510045257e-09,2.558624101408083981e-09,2.297457158952033104e-09,1.757723320166366607e-09,1.528085115501441951e-09,1.193891055028400983e-09,1.088086475683602145e-09,9.812750828097713957e-10,9.727263478205572245e-10,1.031663737863794741e-09,1.094702209740103238e-09,1.273421881749789777e-09,1.379041854830936192e-09,1.587508186701429985e-09,1.673911024521008636e-09,1.775003258876759263e-09,1.783091981493812109e-09,1.722095766497604846e-09,1.664088485688356919e-09,1.527750399766495543e-09,1.461993532340293347e-09,1.356504537712056868e-09,1.321070561754664197e-09,1.288534767735849754e-09,1.290710809743024837e-09,1.325859676741406382e-09,1.355010716559126513e-09,1.424546683333237709e-09,1.459601491862923262e-09,1.517314089720086037e-09,1.535833481957271304e-09,1.547426886985576316e-09,1.541008938591706054e-09,1.510152270025938090e-09,1.489418628225968808e-09,1.447308205492501068e-09,1.429270543769085161e-09,1.404575141931247925e-09,1.398912617120223398e-09,1.400954152246938408e-09,1.407652094117129576e-09,1.428454049869683912e-09,1.440503138376136166e-09,1.462990739567026494e-09,1.471693373585178030e-09,1.481109071380191239e-09,1.481496522302231528e-09,1.474779453425204348e-09,1.461738490557244752e-09
1.890000000000000000e+02,-2.303038631471210861e-04,1.672478887850697721e-05,3.558614236064691974e-05,9.494001747795716042e-05,1.398433393806516021e-04,2.572112626881461659e-04,3.233384865083682052e-04,4.287183549630617894e-04,4.433498888645525456e-04,3.699634552527839926e-04,2.918642612887908656e-04,1.270189635486775959e-04,6.814027851746195011e-05,1.187200354382979143e-05,3.687721226718233955e-06,1.756612698856820781e-07,2.658702052350174309e-08,3.830965132254303407e-10,5.512648142331523504e-11,2.099387748063022419e-12,6.142597281516559704e-13,1.228867539410788412e-13,8.666900747425487772e-14,9.636500039773843174e-14,1.435482050067549142e-13,5.472877197005426853e-13,1.317830420526425184e-12,9.945923370915238371e-12,2.922527617046227766e-11,2.437449819346799995e-10,6.459510071201313847e-10,3.260979776248569550e-09,5.923300799067637845e-09,1.204620808545288010e-08,1.351528029492872832e-08,1.110707907388979766e-08,8.429394896040899240e-09,3.814640797249885251e-09,2.400245874723417466e-09,9.576411462051351992e-10,6.397652461509299726e-10,3.523683454666626941e-10,2.970946896699647177e-10,2.758880989059322303e-10,3.004754462279136951e-10,4.305167377650388760e-10,5.496275031239769571e-10,9.388846089204271744e-10,1.216976720785911681e-09,1.879045356296829908e-09,2.195561815660591540e-09,2.584309337897881462e-09,2.601538584898329884e-09,2.315331554248161589e-09,2.077647718066533492e-09,1.586990714514367740e-09,1.378496779588398932e-09,1.075422932265502132e-09,9.795718353220600472e-10,8.828655862478697325e-10,8.751280470686156887e-10,9.284783685165401423e-10,9.855616384850732214e-10,1.147502404213887953e-09,1.243272361309884916e-09,1.432424636180597635e-09,1.510867666626404190e-09,1.602677753340499625e-09,1.610025033405666425e-09,1.554623438581323805e-09,1.501947817256644307e-09,1.378185660212694064e-09,1.318517826929925529e-09,1.222831273061828969e-09,1.190699877888154457e-09,1.161201085590410353e-09,1.163173821204597363e-09,1.195042105041083796e-09,1.221476270173507683e-09,1.284545259088365129e-09,1.316347024844745014e-09,1.368713977470100221e-09,1.385520576984962740e-09,1.396042351164972217e-09,1.390217548204045542e-09,1.362214755953232784e-09,1.343400677917931663e-09,1.305193831485640388e-09,1.288830281647584952e-09,1.266428936383141163e-09,1.261292758008170783e-09,1.263144499939619983e-09,1.269219905824375827e-09,1.288089553991506389e-09,1.299020157527518496e-09,1.319421770462365223e-09,1.327317643789278565e-09,1.335860793971787100e-09,1.336212345225172918e-09,1.330117693179762306e-09,1.318285615869649319e-09
1.900000000000000000e+02,-2.277456619294069391e-04,1.675366377937455818e-05,3.562691411217451900e-05,9.494340685414182318e-05,1.397554804648391174e-04,2.565252838244233427e-04,3.220488158265638200e-04,4.255295894048190708e-04,4.390864829238960124e-04,3.643375027443986882e-04,2.864343550311051166e-04,1.235909484416513888e-04,6.595180361396968632e-05,1.134150426338251380e-05,3.494747708245515491e-06,1.632262401673253028e-07,2.441809829461789698e-08,3.431300690630301187e-10,4.886951572038132630e-11,1.824093990004244104e-12,5.297665247021993151e-13,1.050070403893488269e-13,7.391163419148694125e-14,8.223031088515353471e-14,1.227718285107953777e-13,4.716770322845537100e-13,1.141516270614442718e-12,8.716484267224169913e-12,2.577383735580772439e-11,2.176518404525470962e-10,5.801417310956347162e-10,2.957259752426862412e-09,5.391016759983798326e-09,1.101108206355430955e-08,1.236256544140043601e-08,1.014752654308697342e-08,7.688219112207813830e-09,3.462539819562614543e-09,2.172622261162023352e-09,8.620656101942722471e-10,5.745314829897103792e-10,3.153194716779255530e-10,2.655883390002920091e-10,2.465211389787291124e-10,2.686259347015225452e-10,3.857009299348523185e-10,4.931248621519324776e-10,8.450473718403603979e-10,1.097038657723974076e-09,1.698255760817319812e-09,1.986167855210678804e-09,2.340122098892392574e-09,2.355815286201939571e-09,2.095172838906733323e-09,1.878868398076617360e-09,1.432841718619062496e-09,1.243551934983124635e-09,9.687101483110954064e-10,8.818792599115093250e-10,7.943252493204568804e-10,7.873221827367927333e-10,8.356133623856499409e-10,8.873021804063283002e-10,1.034034101290819130e-09,1.120869552907613823e-09,1.292491070523397664e-09,1.363705041143407903e-09,1.447082273724632079e-09,1.453755837417395128e-09,1.403437524912431664e-09,1.355605224237889719e-09,1.243262999874646807e-09,1.189122295720606778e-09,1.102330400110053052e-09,1.073194812341695184e-09,1.046450492095873583e-09,1.048238852869361887e-09,1.077131714117413042e-09,1.101101362621951726e-09,1.158302774848614033e-09,1.187152346424687893e-09,1.234667099082268488e-09,1.249918771213448174e-09,1.259467629336928282e-09,1.254181342547761036e-09,1.228769385178650475e-09,1.211697763745531523e-09,1.177033875747468539e-09,1.162189590143145393e-09,1.141869922590852890e-09,1.137211331749205315e-09,1.138890864943583811e-09,1.144401399409385525e-09,1.161517622534635752e-09,1.171433213100056200e-09,1.189941676769078194e-09,1.197105322774680639e-09,1.204856507099061336e-09,1.205175473631935057e-09,1.199645761581265985e-09,1.188910890662650890e-09
1.910000000000000000e+02,-2.250103971470043991e-04,1.678246775017045432e-05,3.566763513617902471e-05,9.494796050508574328e-05,1.396675018654557716e-04,2.558409176467333029e-04,3.207640610506210682e-04,4.223643251896224598e-04,4.348638840782218852e-04,3.587969832493922095e-04,2.811053853481521232e-04,1.202554212904530912e-04,6.383360300310232226e-05,1.083470842546028720e-05,3.311871716868349273e-06,1.516714640586904871e-07,2.242611020427135934e-08,3.076478574388745446e-10,4.332272388052338385e-11,1.584899475114837086e-12,4.568955619659725853e-13,8.972878863533484406e-14,6.303209907146389845e-14,7.016888697690404353e-14,1.050025138452786999e-13,4.065123075398108243e-13,9.887913242096618704e-13,7.639018405466643791e-12,2.273000367027273871e-11,1.943519781146419573e-10,5.210370347522898238e-10,2.681827246576616239e-09,4.906564752150260889e-09,1.006490304286873118e-08,1.130816424687089948e-08,9.270869896858130454e-09,7.012212408142757744e-09,3.142938359194198325e-09,1.966584801553266856e-09,7.760287377707019568e-10,5.159492451334291019e-10,2.821659830158466942e-10,2.374231589325273561e-10,2.202801315648577479e-10,2.401523567681362881e-10,3.455503151954426866e-10,4.424307500222601774e-10,7.605886716613701609e-10,9.889208962897237665e-10,1.534860433438341512e-09,1.796743942782683470e-09,2.119007528120350412e-09,2.133301113641265442e-09,1.895948258822830954e-09,1.699107172558993184e-09,1.293665544805332190e-09,1.121817112890565599e-09,8.725862545271977772e-10,7.939294827032788993e-10,7.146643340321962717e-10,7.083262466964137388e-10,7.520365079098905586e-10,7.988390164474518801e-10,9.317857845980020981e-10,1.010517471756273641e-09,1.166227511399187469e-09,1.230876346512569178e-09,1.306592617113981961e-09,1.312654028632091394e-09,1.266954210163775962e-09,1.223521442717196220e-09,1.121549000372701332e-09,1.072425172998119416e-09,9.937038985988275869e-10,9.672857322518164935e-10,9.430395382236007873e-10,9.446606993553704340e-10,9.708550200479126174e-10,9.925891586795316385e-10,1.044467051448906211e-09,1.070637561327017137e-09,1.113748186422824568e-09,1.127588302731689224e-09,1.136253901623356100e-09,1.131456513577726655e-09,1.108396500070722018e-09,1.092906505421355201e-09,1.061458143846978966e-09,1.047992542410353806e-09,1.029561759902531543e-09,1.025336497157596297e-09,1.026859783103762150e-09,1.031857789859404184e-09,1.047382973916582277e-09,1.056377488088677818e-09,1.073167883199185532e-09,1.079666975939939932e-09,1.086699362928215257e-09,1.086988754783963299e-09,1.081971793084370026e-09,1.072232726678822370e-09
1.920000000000000000e+02,-2.220993289062267602e-04,1.681119973671448497e-05,3.571322566417922586e-05,9.495257026987486901e-05,1.395794042685767308e-04,2.551581614086345174e-04,3.194842047755376514e-04,4.192223910431367470e-04,4.306817038427464338e-04,3.533406013803743200e-04,2.758754775545750105e-04,1.170098875508135693e-04,6.178342054349823332e-05,1.035055701221468047e-05,3.138564917205566860e-06,1.409346313970515074e-07,2.059662272156713263e-08,2.758347429317794391e-10,3.840550075770270133e-11,1.377070576709729655e-12,3.940481838396459047e-13,7.667344949051357883e-14,5.375398477031056998e-14,5.987660996360777421e-14,8.980503515311488716e-14,3.503504452696815097e-13,8.564995772081945846e-13,6.694740139860655415e-12,2.004563832633254883e-11,1.735463754041349782e-10,4.679538674417192679e-10,2.432047673032967580e-09,4.465646543088536147e-09,9.200028010708559759e-09,1.034369175248873833e-08,8.469947825138351982e-09,6.395644746226211708e-09,2.852836682707728111e-09,1.780086440582176813e-09,6.985785548391677119e-10,4.633403180717091813e-10,2.524983143035140765e-10,2.122448287543605983e-10,1.968323381617686357e-10,2.146968778704138464e-10,3.095792638896626564e-10,3.969480480805250705e-10,6.845711797995659986e-10,8.914585145373618569e-10,1.387185836739055628e-09,1.625385536531192762e-09,1.918785562566877739e-09,1.931803930661562738e-09,1.715667275430229552e-09,1.536544511201651253e-09,1.168007862087025450e-09,1.011999167436052408e-09,7.860005447879719193e-10,7.147508696556982566e-10,6.429923584674521186e-10,6.372563083776802695e-10,6.768188314486278667e-10,7.191954804863353451e-10,8.396480062882599738e-10,9.110297158050444100e-10,1.052298556207835120e-09,1.110985440254917689e-09,1.179742261970010905e-09,1.185247481622552987e-09,1.143743700172516337e-09,1.104307183836996525e-09,1.011750569771246305e-09,9.671802923979198885e-10,8.957816554223518163e-10,8.718282964591435313e-10,8.498476504231917972e-10,8.513171931723989561e-10,8.750641859343530338e-10,8.947706216092584514e-10,9.418187960476363113e-10,9.655582028096198338e-10,1.004671553605672105e-09,1.017230316744267143e-09,1.025094082779095042e-09,1.020740530050271919e-09,9.998155122824953223e-10,9.857611026010872773e-10,9.572309807054802527e-10,9.450164421885651894e-10,9.282995396952143513e-10,9.244674317786336776e-10,9.258489581281167252e-10,9.303819487288360335e-10,9.444634980506055183e-10,9.526222117725840349e-10,9.678534888411718246e-10,9.737494716262860839e-10,9.801294956310498130e-10,9.803920458394035226e-10,9.758404477815292577e-10,9.670051197231601531e-10
1.930000000000000000e+02,-2.190139112185804067e-04,1.683991262155958750e-05,3.575908782652188755e-05,9.495884447674677177e-05,1.394911883582459079e-04,2.544770123626504234e-04,3.182092296497788641e-04,4.161036169218470192e-04,4.265395574079223128e-04,3.479670813593341706e-04,2.707427917513533129e-04,1.138519199383138309e-04,5.979907251214253193e-05,9.888038316536464610e-06,2.974326616635121013e-06,1.309578426427534387e-07,1.891637972303850113e-08,2.473113194269294102e-10,3.404638981223222227e-11,1.196494319637489423e-12,3.398456375255237694e-13,6.551765965694122951e-14,4.584155863067429504e-14,5.109397605528032127e-14,7.680713161838104153e-14,3.019475945317817711e-13,7.419072680422272859e-13,5.867185995942283960e-12,1.767828933371337619e-11,1.549680224638763648e-10,4.202787660262125718e-10,2.205531818511236378e-09,4.064350139754667468e-09,8.409470693643370659e-09,9.461478126280642789e-09,7.738217671049126348e-09,5.833289901243862707e-09,2.589511932085588469e-09,1.611274247354096620e-09,6.288580951005311170e-10,4.160956401210846173e-10,2.259499622180114603e-10,1.897366021350217757e-10,1.758804379263859130e-10,1.919395920685091489e-10,2.773526982624389958e-10,3.561410211877502618e-10,6.161512474821446983e-10,8.036013957675620933e-10,1.253719446428535125e-09,1.470369729076291543e-09,1.737482124727863717e-09,1.749338649495923645e-09,1.552528620501472320e-09,1.389534963383131511e-09,1.054555599528522736e-09,9.129315395014006573e-10,7.080065708784787776e-10,6.434686855615392997e-10,5.785081429469842579e-10,5.733171244064021177e-10,6.091242719095425751e-10,6.474922768632575265e-10,7.566210215054647997e-10,8.213366842115682465e-10,9.494992548014346417e-10,1.002772164810554825e-09,1.065207060280343523e-09,1.070206952382248347e-09,1.032515243795531848e-09,9.967085211641177334e-10,9.127012054390305079e-10,8.722637798955646532e-10,8.075088608850908289e-10,7.857910914565568311e-10,7.658649885339350455e-10,7.671970474003569213e-10,7.887246251622216653e-10,8.065919192051709125e-10,8.492585426946638177e-10,8.707919411856269304e-10,9.062774272900787909e-10,9.176730753057953799e-10,9.248089566284839469e-10,9.208583138099572796e-10,9.018712796699229067e-10,8.891198472729591046e-10,8.632380603249608514e-10,8.521587327382958155e-10,8.369968588931107206e-10,8.335214430829369220e-10,8.347743591210002312e-10,8.388854572474215010e-10,8.516571706218035998e-10,8.590574942753722437e-10,8.728739533470433742e-10,8.782226098961749133e-10,8.840105882284687161e-10,8.842487781758352067e-10,8.801195199340753478e-10,8.721043439816576759e-10
1.940000000000000000e+02,-2.157557892274029508e-04,1.686860641368927139e-05,3.580489933936164691e-05,9.496518952591879959e-05,1.394028548164805170e-04,2.537974677603117087e-04,3.169391183751694985e-04,4.130078340043735492e-04,4.224370636049303040e-04,3.426751667213156485e-04,2.657055221809358388e-04,1.107791566154763972e-04,5.787844528034292936e-05,9.446185828663360758e-06,2.818682319089384561e-06,1.216872966806220070e-07,1.737320644778442974e-08,2.217374132885367027e-10,3.018204487877616804e-11,1.039597038012332608e-12,2.930987971858783903e-13,5.598497468568830460e-14,3.909383667483057323e-14,4.359956406324583256e-14,6.569048148323541891e-14,2.602318588482838146e-13,6.426463636417800718e-13,5.141927519620309583e-12,1.559051808009206952e-11,1.383784926651653729e-10,3.774607654975607740e-10,2.000112989673005076e-09,3.699115081465861182e-09,7.686845126701280853e-09,8.654507672848938543e-09,7.069701987076713184e-09,5.320381163219757917e-09,2.350492569460835290e-09,1.458471006536262229e-09,5.660959183514079063e-10,3.736682514516968812e-10,2.021929577434612713e-10,1.696153225196669195e-10,1.571587579583637317e-10,1.715945019810458799e-10,2.484808304210536778e-10,3.195290077179831906e-10,5.545695429026893664e-10,7.244029143356998934e-10,1.133094260129599573e-09,1.330137925395187895e-09,1.573309659934135282e-09,1.584107675492007344e-09,1.404902299476009503e-09,1.256590503607426731e-09,9.521232258017688077e-10,8.235618650801260210e-10,6.377517973628083620e-10,5.792954306895782557e-10,5.204908544908983664e-10,5.157932404754525524e-10,5.482003880247048044e-10,5.829377729225232452e-10,6.818039408604866652e-10,7.404740783208130228e-10,8.567423660159161070e-10,9.050991027351792256e-10,9.617914156344765236e-10,9.663322105121687627e-10,9.321036117157077000e-10,8.995937021835046649e-10,8.233486012930706782e-10,7.866620528541781038e-10,7.279346465340584549e-10,7.082444873087422044e-10,6.901815031762261604e-10,6.913888997721242408e-10,7.109038278028684960e-10,7.271030707319166286e-10,7.657948763507317624e-10,7.853265970468245594e-10,8.175196156970029882e-10,8.278595167244065522e-10,8.343346671912162810e-10,8.307497683204042443e-10,8.135218177275985174e-10,8.019529586570078167e-10,7.784744725475127580e-10,7.684251924545450196e-10,7.546741647671429548e-10,7.515223475538894415e-10,7.526585874191062120e-10,7.563869323359753011e-10,7.679702535251346773e-10,7.746824543886175057e-10,7.872150895830033052e-10,7.920670630880491392e-10,7.973177567667261850e-10,7.975338393710097729e-10,7.937878599600153157e-10,7.865169520716603496e-10
1.950000000000000000e+02,-2.123267963238080957e-04,1.689728163294871698e-05,3.585066105510665451e-05,9.497138500975477269e-05,1.393144027458898351e-04,2.531195127842812915e-04,3.156738312005508639e-04,4.099348201195159003e-04,4.183737728052926738e-04,3.374635278522368866e-04,2.607618093140208894e-04,1.077892468684342990e-04,5.601946047209565476e-05,9.024068865055233065e-06,2.671179795799900241e-06,1.130728527638780439e-07,1.595589708812015714e-08,1.988076398385524302e-10,2.675625208046518433e-11,9.032715168281330032e-13,2.527814383593979253e-13,4.783914692337021268e-14,3.333924390898357348e-14,3.720431623367714824e-14,5.618262474173241205e-14,2.242787661317635628e-13,5.566642524539033854e-13,4.506309198406069361e-12,1.374927653826317486e-11,1.235646333245642853e-10,3.390043826982224590e-10,1.813823128531729528e-09,3.366695201730040068e-09,7.026302820464921592e-09,7.916350467350192349e-09,6.458929307546915424e-09,4.852562975602619025e-09,2.133531497983511341e-09,1.320156211046885977e-09,5.095966200288713083e-10,3.355663187913030671e-10,1.809334566123688842e-10,1.516275581654735749e-10,1.404296227100563371e-10,1.534056182051716372e-10,2.226140115345678905e-10,2.866802036917154989e-10,4.991416878343674091e-10,6.530085290589512231e-10,1.024072950435916604e-09,1.203278023173461747e-09,1.424646992742454113e-09,1.434480661886188349e-09,1.271311042333120311e-09,1.136363433527302208e-09,8.596387956127330560e-10,7.429394327659270131e-10,5.744672131654388059e-10,5.215211643886264598e-10,4.682910671380529494e-10,4.640401113495049024e-10,4.933690684997844161e-10,5.248182770800028513e-10,6.143838155781879140e-10,6.675713016776087250e-10,7.730454427902922615e-10,8.169381296386970387e-10,8.684142226394846176e-10,8.725379299016466222e-10,8.414553555346517000e-10,8.119397610847900459e-10,7.427421048534534054e-10,7.094596905939630493e-10,6.562006298310284896e-10,6.383494113350058480e-10,6.219759214501179023e-10,6.230702840064224202e-10,6.407601030712986589e-10,6.554465010566272454e-10,6.905325411411984693e-10,7.082480266596292290e-10,7.374530303636602641e-10,7.468346616048421316e-10,7.527100520838842651e-10,7.494571525607906376e-10,7.338258665003441483e-10,7.233302802209240490e-10,7.020326863783378502e-10,6.929180128712863346e-10,6.804469905282231612e-10,6.775887426287933307e-10,6.786191351969370761e-10,6.820002425213939068e-10,6.925053780740784981e-10,6.985932260732304055e-10,7.099609276395388996e-10,7.143621848573755706e-10,7.191253001339204670e-10,7.193213203088386770e-10,7.159231640678498376e-10,7.093276471021540269e-10
1.960000000000000000e+02,-2.087289511524071728e-04,1.692593726624336812e-05,3.589637137996548664e-05,9.497743105479547737e-05,1.392258359771603898e-04,2.524431688485401660e-04,3.144133960325069051e-04,4.068845183933132367e-04,4.143494558417354519e-04,3.323311317826224665e-04,2.559100899721881549e-04,1.048800610456577853e-04,5.422020420210743206e-05,8.620820376613547381e-06,2.531398155173009232e-06,1.050683632430177410e-07,1.465423254517670380e-08,1.782493530761482953e-10,2.371935024151998472e-11,7.848246520985452390e-13,2.180105054816472432e-13,4.087865029117621063e-14,2.843181961566243476e-14,3.174722854396017091e-14,4.805105423798250452e-14,1.932933793493546437e-13,4.821872339345195657e-13,3.949271655144179216e-12,1.212551188471168440e-11,1.103368577060059863e-10,3.044665606872359875e-10,1.644886953884984807e-09,3.064152984675379970e-09,6.422531581595000011e-09,7.241162707020661407e-09,5.900932040475270063e-09,4.425886622770386011e-09,1.936600075588086264e-09,1.194960578079252989e-09,4.587370624694903781e-10,3.013500873806033292e-10,1.619095841014391024e-10,1.355476616636975412e-10,1.254815006784294751e-10,1.371450040392550168e-10,1.994402982607307306e-10,2.572088571859212913e-10,4.492545133919379624e-10,5.886515381040013928e-10,9.255427739051757391e-10,1.088519039715938469e-09,1.290033686726079973e-09,1.298988859158673945e-09,1.150424837125874414e-09,1.027641103451808896e-09,7.761391790763252918e-10,6.702106892196840054e-10,5.174633233842249047e-10,4.695096764986087662e-10,4.213271289201046127e-10,4.174804843189508508e-10,4.440228041746163007e-10,4.724941976574654340e-10,5.536315021877069587e-10,6.018471674263010940e-10,6.975262600860971524e-10,7.373657373978357438e-10,7.841040742856322104e-10,7.878488872035092905e-10,7.596240745525850019e-10,7.328278532235058679e-10,6.700282207587702349e-10,6.398350254569612483e-10,5.915366533464170434e-10,5.753531398056468960e-10,5.605115876376309120e-10,5.615034671490985729e-10,5.775383638126005414e-10,5.908527820112051410e-10,6.226680825951406290e-10,6.387357161469296024e-10,6.652292035367463052e-10,6.737411057116012014e-10,6.790721207192932513e-10,6.761205672482610562e-10,6.619384168126806606e-10,6.524168337464133355e-10,6.330981609998283938e-10,6.248314342598322579e-10,6.135216255387723749e-10,6.109296847979592965e-10,6.118640609638088118e-10,6.149301738384710392e-10,6.244571818458336671e-10,6.299785786350459160e-10,6.402893042969839271e-10,6.442815878244037564e-10,6.486022647786415796e-10,6.487800796269906078e-10,6.456975476759434229e-10,6.397148736843154271e-10
1.970000000000000000e+02,-2.049644545074465153e-04,1.695457383375109260e-05,3.594203116720029283e-05,9.498332811953281421e-05,1.391371536109517644e-04,2.517684211054562566e-04,3.131577731398196862e-04,4.038567086506878985e-04,4.103636695009970823e-04,3.272766846617503511e-04,2.511485681384297767e-04,1.020493692393798196e-04,5.247872624189310153e-05,8.235589993034453903e-06,2.398930850970468426e-06,9.763050318404155152e-08,1.345875474476477922e-08,1.598169397114181794e-10,2.102714234827017525e-11,6.819097695363873779e-13,1.880224220675991154e-13,3.493090690830091827e-14,2.424674501975976337e-14,2.709058021313492937e-14,4.109638519246561206e-14,1.665887751096245539e-13,4.176745754813637745e-13,3.461090816074888221e-12,1.069350998809254216e-11,9.852512607307593873e-11,2.734474326929626359e-10,1.491685045314694244e-09,2.788797931815986328e-09,5.870641925413916731e-09,6.623561258630806040e-09,5.391140535512470300e-09,4.036726702091961855e-09,1.757845857536157602e-09,1.081637643248747546e-09,4.129534331403627440e-10,2.706227117941530091e-10,1.448859246282446084e-10,1.211730059011168620e-10,1.121245315561028577e-10,1.226079640104845575e-10,1.786789108598058062e-10,2.307672089443130181e-10,4.043533227704194238e-10,5.306371772648317553e-10,8.364925069617983738e-10,9.847047569434396602e-10,1.168139736551715782e-09,1.176294633204420792e-09,1.041033344977623093e-09,9.293207715952572778e-10,7.007500996570464880e-10,6.046015439871172542e-10,4.661158397190751090e-10,4.226852753170997484e-10,3.790730732783353929e-10,3.755924008494535699e-10,3.996120671238660715e-10,4.253867613788608198e-10,4.988865354626972198e-10,5.425936975384740985e-10,6.293845269988215113e-10,6.655438920788979418e-10,7.079791286372909970e-10,7.113797493511330589e-10,6.857508001929021185e-10,6.614242097004608550e-10,6.044329168035031397e-10,5.770431061962160574e-10,5.332448118320915614e-10,5.185736845904169445e-10,5.051211812918173644e-10,5.060201456257799185e-10,5.205544643884126021e-10,5.326246743729123184e-10,5.614731873068799090e-10,5.760457687839070501e-10,6.000786976698146979e-10,6.078012452603691329e-10,6.126381639677287022e-10,6.099601283587018086e-10,5.970931918385449788e-10,5.884555076833726528e-10,5.709324562869644987e-10,5.634350377480955990e-10,5.531786560666451108e-10,5.508282876045059173e-10,5.516755667469685348e-10,5.544559396027451403e-10,5.630956088507801244e-10,5.681030958431133177e-10,5.774548161147606551e-10,5.810760094664482733e-10,5.849952165206100813e-10,5.851565115701923281e-10,5.823603804321498406e-10,5.769337838414448361e-10
1.980000000000000000e+02,-2.010356861201686171e-04,1.698319134444060052e-05,3.598764045405626372e-05,9.498907655009926191e-05,1.390483563212252527e-04,2.510952668030120910e-04,3.119069454366387860e-04,4.008512268731442146e-04,4.064160468384757450e-04,3.222990044024232623e-04,2.464755684086148953e-04,9.929505422935495148e-05,5.079317155677381870e-05,7.867572686519271096e-06,2.273395166684270222e-06,9.071916239042679929e-08,1.236080135450412683e-08,1.432905710318371773e-10,1.864050523637215961e-11,5.924901953606453997e-13,1.621592942389893377e-13,2.984851948939493127e-14,2.067768699320904346e-14,2.311695214592124348e-14,3.514831654893857404e-14,1.435735753375910750e-13,3.617931421031478356e-13,3.033255124938044611e-12,9.430624196057196817e-12,8.797785075323819037e-11,2.455885186782979374e-10,1.352751968249207501e-09,2.538186963965639517e-09,5.366175757952817635e-09,6.058634679319057845e-09,4.925390309203168254e-09,3.681784534881457280e-09,1.595591062866687920e-09,9.790614903819241238e-10,3.717391437263548731e-10,2.430284535084609870e-10,1.296521725971475775e-10,1.083227546289783350e-10,1.001893460772854128e-10,1.096118057973029247e-10,1.600787338513869063e-10,2.070438035156173945e-10,3.639397944522979739e-10,4.783403605124973007e-10,7.560100638505547199e-10,8.907913742034999360e-10,1.057763324439952093e-09,1.065189227458535753e-09,9.420435764741132839e-10,8.404072358002018933e-10,6.326837656751328753e-10,5.454150470564182729e-10,4.198634900040923434e-10,3.805306583075721005e-10,3.410565625760770408e-10,3.379071466266900942e-10,3.596432180926270594e-10,3.829758794436036867e-10,4.495548977024622916e-10,4.891738476689010823e-10,5.678995478898812149e-10,6.007176771803939691e-10,6.392447361378006399e-10,6.423326998875218685e-10,6.190616305711861556e-10,5.969777819596257945e-10,5.452592999235627430e-10,5.204133936666851395e-10,4.806971852901534281e-10,4.673975407827168221e-10,4.552044791724264156e-10,4.560192059036016765e-10,4.691929462953461222e-10,4.801348615836743133e-10,5.062923907970650478e-10,5.195086011497342809e-10,5.413087844445812341e-10,5.483149505454160827e-10,5.527034246672734435e-10,5.502736394530968050e-10,5.386003276946875473e-10,5.307647442485009109e-10,5.148709329976658422e-10,5.080714514469480969e-10,4.987706802477356871e-10,4.966394385043197690e-10,4.974077144094535274e-10,4.999288942075883618e-10,5.077636160112034697e-10,5.123048781800320500e-10,5.207865147157167418e-10,5.240710045019848079e-10,5.276259298990070706e-10,5.277722351759283476e-10,5.252359776492313004e-10,5.203139323475131084e-10
1.990000000000000000e+02,-1.969452013383671946e-04,1.701178980727686149e-05,3.603319927775481884e-05,9.499467669201429126e-05,1.389594447799406840e-04,2.504237031884067521e-04,3.106608958899144835e-04,3.978679102217778235e-04,4.025062243824822786e-04,3.173969268146182784e-04,2.418894464705488329e-04,9.661505588467374250e-05,4.916174465801779678e-05,7.515999394050302575e-06,2.154428410072289609e-06,8.429706989482809408e-08,1.135241667294881185e-08,1.284731497618388230e-10,1.652475625411008175e-11,5.147962405752798398e-13,1.398537047888476215e-13,2.550561216223268257e-14,1.763397912933617473e-14,1.972616406158145264e-14,3.006110443036502655e-14,1.237380423818601471e-13,3.133881500659574382e-13,2.658305270786948116e-12,8.316882420386292885e-12,7.855967140918754255e-11,2.205678598207923280e-10,1.226758772446571652e-09,2.310096538485264389e-09,4.905058057289154658e-09,5.541890410497903735e-09,4.499876642800274690e-09,3.358051479815599497e-09,1.448312770765698004e-09,8.862129758063341106e-10,3.346381640214647624e-10,2.182478463631874060e-10,1.160201340924017777e-10,9.683524869550513836e-11,8.952460330675059141e-11,9.799320163368478720e-11,1.434147918965514995e-10,1.857592031584420766e-10,3.275654109123702501e-10,4.311976055620773962e-10,6.832711121613870009e-10,8.058346378147975692e-10,9.578161881793230414e-10,9.645780539048725427e-10,8.524664695387478008e-10,7.600005083000394707e-10,5.712289045370268908e-10,4.920224735993107557e-10,3.782006954247858765e-10,3.425801125796820029e-10,3.068526278611569819e-10,3.040030349308296687e-10,3.236719899805777512e-10,3.447933144236966369e-10,4.051013083739962023e-10,4.410132908546412350e-10,5.124210305477040067e-10,5.422057057079699566e-10,5.771833940426598225e-10,5.799873570777255849e-10,5.588579238323485715e-10,5.388106986948214272e-10,4.918787008289290247e-10,4.693411522870959834e-10,4.333277294659484274e-10,4.212717466805116634e-10,4.102205713790371688e-10,4.109589304599446657e-10,4.228990749168687335e-10,4.328178473446148838e-10,4.565346452115905118e-10,4.685203458922385100e-10,4.882945775963511842e-10,4.946506127335818792e-10,4.986320908311001748e-10,4.964276145648545413e-10,4.858375397679467328e-10,4.787298023007768161e-10,4.643142132170104130e-10,4.581478958416793784e-10,4.497139699478555630e-10,4.477814877516719111e-10,4.484781045610477385e-10,4.507641804577747907e-10,4.578687223203564693e-10,4.619870353514497069e-10,4.696792932877558169e-10,4.726582908973295943e-10,4.758826900521252040e-10,4.760153943651583563e-10,4.737149317019136163e-10,4.692506694358496849e-10
2.000000000000000000e+02,-1.926957276992694653e-04,1.704036923122121306e-05,3.607870767549355238e-05,9.500012889018538155e-05,1.388704196570610854e-04,2.497537275080972952e-04,3.094196075192904758e-04,3.949065970289420075e-04,3.986338421016265656e-04,3.125693053349917826e-04,2.373885885275478199e-04,9.400736962490535925e-05,4.758270769183157479e-05,7.180135410790377875e-06,2.041686865515896822e-06,7.832959298691741061e-08,1.042629398703004417e-08,1.151879596209253592e-10,1.464914924391089168e-11,4.472903709744346923e-13,1.206163261716769464e-13,2.179460496624929799e-14,1.503831781324294070e-14,1.683275372386938695e-14,2.571022821723500940e-14,1.066428846271949560e-13,2.714593415505117679e-13,2.329703893992271513e-12,7.334671173371554165e-12,7.014971801144395669e-11,1.980962979102659366e-10,1.112500280374580097e-09,2.102502921790721027e-09,4.483563957439779674e-09,5.069219052660466074e-09,4.111123502986268469e-09,3.062783431604168549e-09,1.314628626986925897e-09,8.021696028509116977e-10,3.012399764042768963e-10,1.959939981306928897e-10,1.038214021589593805e-10,8.656597235367179122e-11,7.999507154778096041e-11,8.760613577889903025e-11,1.284855287485633935e-10,1.666626963661103217e-10,2.948264812624099007e-10,3.887009626115604105e-10,6.175306299302518731e-10,7.289803471695159576e-10,8.673128917802922638e-10,8.734699096825393472e-10,7.714070077700398154e-10,6.872867061710405401e-10,5.157433303939595176e-10,4.438566453669832296e-10,3.406720442582829994e-10,3.084143699975949726e-10,2.760789186509200049e-10,2.735006882157841462e-10,2.912985499516074217e-10,3.104175109232970575e-10,3.650434161493656265e-10,3.975942427668268525e-10,4.623622087680887699e-10,4.893929584769574764e-10,5.211472570219692624e-10,5.236932583006954911e-10,5.045089792438638143e-10,4.863111360278119660e-10,4.437239951285334300e-10,4.232809924775964711e-10,3.906261786474143904e-10,3.796979090463139389e-10,3.696820002083243267e-10,3.703511288063402601e-10,3.811728484931498073e-10,3.901638632129982714e-10,4.116669886109012438e-10,4.225364019718076680e-10,4.404723889502113604e-10,4.462384379925240369e-10,4.498505508257564373e-10,4.478505547910859724e-10,4.382435027665190080e-10,4.317962069714034734e-10,4.187217722887142529e-10,4.131298370622146082e-10,4.054822084380901165e-10,4.037300052107430093e-10,4.043616267290685989e-10,4.064344565925508829e-10,4.128766650129175181e-10,4.166113013923632147e-10,4.235874256333562599e-10,4.262892590734933956e-10,4.292137703468344029e-10,4.293341342165302166e-10,4.272476110693448209e-10,4.231986837788942468e-10
2.010000000000000000e+02,-1.882901613970332992e-04,1.706892962523125223e-05,3.612416568444636869e-05,9.500543348890900998e-05,1.387812816205578046e-04,2.490853370078385917e-04,3.081830633969878143e-04,3.919671267899734412e-04,3.947985433724814195e-04,3.078150107604714727e-04,2.329714107326601798e-04,9.147004492271249888e-05,4.605437858966814979e-05,6.859278855243918990e-06,1.934844801186700334e-06,7.278455046652587690e-08,9.575722631412772815e-09,1.032765577972747512e-10,1.298642771552400987e-11,3.886365784310646943e-13,1.040251055867830177e-13,1.862353045216369463e-14,1.282472934273359844e-14,1.436372722152245984e-14,2.198905662588457322e-14,9.190952578001787554e-14,2.351402492856147219e-13,2.041721799224058276e-12,6.468457009172617900e-12,6.264005956188416213e-11,1.779141335666624413e-10,1.008883559702224153e-09,1.913564234558252572e-09,4.098288660829086175e-09,4.636861687039132984e-09,3.755955147485660894e-09,2.793477561817631419e-09,1.193283869448374251e-09,7.260963568681694236e-10,2.711750334916454563e-10,1.760092691439982954e-10,9.290527632692217874e-11,7.738573532521143827e-11,7.147991378485263336e-11,7.832006955954193272e-11,1.151103693700777919e-10,1.495293448523088431e-10,2.653596610567403313e-10,3.503925416687477673e-10,5.581152752952810159e-10,6.594557667137252582e-10,7.853611098311650413e-10,7.909672124358727713e-10,6.980552778607790332e-10,6.215298135913479433e-10,4.656472337436542291e-10,4.004059057786165526e-10,3.068673139487894386e-10,2.776559753056746793e-10,2.483914287633188361e-10,2.460587932679673268e-10,2.621630551806908987e-10,2.794689415595765641e-10,3.289465652178778093e-10,3.584498953353946332e-10,4.171936365436005462e-10,4.417243199092858036e-10,4.705513745035909412e-10,4.728630738381513210e-10,4.554454302845706293e-10,4.389268821992052538e-10,4.002835783103661504e-10,3.817410468135752633e-10,3.521325491937475627e-10,3.422268181189382086e-10,3.331494781108092218e-10,3.337558485334325697e-10,3.435635976558291949e-10,3.517133770911205076e-10,3.712088367268696898e-10,3.810656181877855597e-10,3.973337349785256711e-10,4.025643976154902326e-10,4.058413084762069190e-10,4.040268829132859230e-10,3.953118790428131191e-10,3.894638416022250249e-10,3.776061600717622174e-10,3.725352637322116439e-10,3.656008437885691770e-10,3.640121514760993882e-10,3.645848238381047685e-10,3.664642403010572036e-10,3.723056788264376277e-10,3.756922767404313052e-10,3.820187389352597968e-10,3.844691183257573086e-10,3.871215495518040561e-10,3.872307171367151551e-10,3.853382970239564720e-10,3.816661793467485131e-10
2.020000000000000000e+02,-1.837315636463029912e-04,1.709747099826094399e-05,3.616957334176340100e-05,9.501059083187150540e-05,1.386920313364154703e-04,2.484185289327255053e-04,3.069512466476964846e-04,3.890493401549712286e-04,3.909999749475602938e-04,3.031329309858560718e-04,2.286363586333878500e-04,8.900118384679835072e-05,4.457512927788422757e-05,6.552759202977883647e-06,1.833593528154027789e-06,6.763203911494476868e-08,8.794539366527688931e-09,9.259688537308942424e-11,1.151242886828288126e-11,3.376741160993068647e-13,8.971604925980813938e-14,1.591383817257929767e-14,1.093694362505615025e-14,1.225687845489431549e-14,1.880646246371631136e-14,7.921164809146508112e-14,2.036803343173632097e-13,1.789337937801310785e-12,5.704541006235075429e-12,5.593431913388652310e-11,1.597881251413305753e-10,9.149174694223459470e-10,1.741604110412501086e-09,3.746119935820390809e-09,4.241379984395608413e-09,3.431470183413824759e-09,2.547851104655598706e-09,1.083139551682522905e-09,6.572374091631198040e-10,2.441106693141462808e-10,1.580622896837132613e-10,8.313690092799121134e-11,6.917904758155929423e-11,6.387115529938973413e-11,7.001830083612492484e-11,1.031275360247052575e-10,1.341573340591338537e-10,2.388379199546198511e-10,3.158595790247933216e-10,5.044164898054467883e-10,5.965618565546143559e-10,7.111528298750849353e-10,7.162571577241493709e-10,6.316783777906426200e-10,5.620642319896940881e-10,4.204171227730618687e-10,3.612086850056286241e-10,2.764169872268747163e-10,2.499651163140326204e-10,2.234806511125942557e-10,2.213702819144069966e-10,2.359416533675995353e-10,2.516059169279001584e-10,2.964190791150504711e-10,3.231593980314393516e-10,3.764375887285557887e-10,3.986987433181755219e-10,4.248675848259834270e-10,4.269664794246882944e-10,4.111532799606302385e-10,3.961595295516248671e-10,3.610959305275652370e-10,3.442777175540270851e-10,3.174321846772642369e-10,3.084535941824759903e-10,3.002271275012215190e-10,3.007766089413877603e-10,3.096651184173598859e-10,3.170521424610342476e-10,3.347268353606162178e-10,3.436650472933653472e-10,3.584199304810121306e-10,3.631647704999477200e-10,3.661374934791836178e-10,3.644914714289685526e-10,3.565859321144268512e-10,3.512816187023135028e-10,3.405277895600355986e-10,3.359295263835604395e-10,3.296419976448004135e-10,3.282016026410084636e-10,3.287208114760055422e-10,3.304248087708343273e-10,3.357213376926643927e-10,3.387922360730856453e-10,3.445293585201212455e-10,3.467516170572483569e-10,3.491572062128567994e-10,3.492562159076138817e-10,3.475398953811572461e-10,3.442096235047476666e-10
2.030000000000000000e+02,-1.790231569434165386e-04,1.712599335926048567e-05,3.621493068457114694e-05,9.501560126215018675e-05,1.386026694686367080e-04,2.477533005272307843e-04,3.057241404484616195e-04,3.861530789206373600e-04,3.872377869235945030e-04,2.985219707453895055e-04,2.243819066266860033e-04,8.659893964413608648e-05,4.314338394484162160e-05,6.259935885837166316e-06,1.737640508716215568e-06,6.284427244942396643e-08,8.077083722668985943e-09,8.302157315028153850e-11,1.020573236381119853e-11,2.933944049082065630e-13,7.737525355676344585e-14,1.359838890796494226e-14,9.327066029241048994e-15,1.045902730742453990e-14,1.608449159452851607e-14,6.826809083315676929e-14,1.764295090231349228e-13,1.568151912576670748e-12,5.030842035276192337e-12,4.994643679765223276e-11,1.435087932820031109e-10,8.297031793981068243e-10,1.585096822814000342e-09,3.424212977618315557e-09,3.879628862878689924e-09,3.135017866807239192e-09,2.323822008112224127e-09,9.831618529823789310e-10,5.949086076735034256e-10,2.197474185852265477e-10,1.419452813752539178e-10,7.439559916461863098e-11,6.184266637741624162e-11,5.707231462057614502e-11,6.259649742990092136e-11,9.239209140051059255e-11,1.203655960709329453e-10,2.149669123805743320e-10,2.847299899111019328e-10,4.558842657759534789e-10,5.396662441741178345e-10,6.439563859906259624e-10,6.486037118090710873e-10,5.716130940976171804e-10,5.082880431112567210e-10,3.795803532060347540e-10,3.258485969655049164e-10,2.489882129684886647e-10,2.250358697942957814e-10,2.010681178033022626e-10,1.991588952673754853e-10,2.123428828875329605e-10,2.265208131203670650e-10,2.671080109753563164e-10,2.913433333560228045e-10,3.396630084671631994e-10,3.598639845858210562e-10,3.836190019346295138e-10,3.855246232659353262e-10,3.711685164135922893e-10,3.575592321953657143e-10,3.257447135109319686e-10,3.104909397351560824e-10,2.861512894583410904e-10,2.780133127021095635e-10,2.705581911126037770e-10,2.710561056206220454e-10,2.791112847300766114e-10,2.858067356457764940e-10,3.018302189130087076e-10,3.099352150523048549e-10,3.233172115181103673e-10,3.276212195415725836e-10,3.303179087405568731e-10,3.288247060978608666e-10,3.216536676494807095e-10,3.168426733815826041e-10,3.070902371369449435e-10,3.029206836269778685e-10,2.972198748783013572e-10,2.959139744492748220e-10,2.963846965704959591e-10,2.979296002882537292e-10,3.027319029952259960e-10,3.055164458009781980e-10,3.107189682416064413e-10,3.127342810985232063e-10,3.149159328219488380e-10,3.150057270692903366e-10,3.134491670668711205e-10,3.104290106762698509e-10
2.040000000000000000e+02,-1.741683212270038895e-04,1.715449671717641546e-05,3.626023774997233300e-05,9.502046512221421686e-05,1.385131966792471278e-04,2.470896490352469661e-04,3.045017280285718803e-04,3.832781860221674765e-04,3.835116327101025261e-04,2.939810513582173375e-04,2.202065574240552094e-04,8.426151536038887049e-05,4.175761736361830291e-05,5.980196953731502100e-06,1.646708511380347338e-06,5.839543089079563161e-08,7.418156986984314125e-09,7.443642271033439062e-11,9.047349105789290191e-12,2.549211384518523804e-13,6.673199319517930661e-14,1.161985546845045736e-14,7.954140818222654730e-15,8.924908338411863262e-15,1.375649268976764095e-14,5.883642639932518126e-14,1.528246116894865780e-13,1.374307324842824474e-12,4.436705641546953571e-12,4.459956544160779968e-11,1.288880000448709706e-10,7.524255729921252439e-10,1.442653748605316963e-09,3.129967429091632877e-09,3.548731477919604346e-09,2.864176449506906919e-09,2.119491286146392428e-09,8.924123752799238696e-10,5.384906798895292002e-10,1.978157031625252249e-10,1.274716516965878482e-10,6.657338244044075370e-11,5.528429762049168195e-11,5.099718024714934572e-11,5.596138591586197197e-11,8.277418569904541890e-11,1.079916767988964299e-10,1.934817108232515098e-10,2.566683595262714279e-10,4.120215128821692885e-10,4.881968665047461964e-10,5.831092451339531246e-10,5.873403604564255559e-10,5.172592755866862319e-10,4.596569164248658079e-10,3.427101894100652996e-10,2.939500160750903313e-10,2.242811680190463786e-10,2.025928217774895096e-10,1.809032874400869767e-10,1.791760924742605288e-10,1.911044333576580184e-10,2.039366757335559638e-10,2.406953137777841090e-10,2.626596377463402687e-10,3.064809481775985361e-10,3.248118488855412239e-10,3.463750374846016888e-10,3.481051303602048647e-10,3.350722518999545152e-10,3.227199743603779286e-10,2.938543474306429260e-10,2.800199090614505226e-10,2.579529020940718453e-10,2.505770615144915087e-10,2.438211661921502876e-10,2.442723395518903162e-10,2.515720944550828980e-10,2.576405329856278070e-10,2.721666248492807250e-10,2.795158536594323506e-10,2.916523361251414925e-10,2.955563500374198266e-10,2.980025623239724447e-10,2.966480323375337430e-10,2.901434506335457547e-10,2.857800280057706810e-10,2.769360044562428624e-10,2.731553057203940649e-10,2.679866245092806659e-10,2.668026964993980982e-10,2.672294469041602838e-10,2.686300681952000918e-10,2.729841291980016765e-10,2.755089417510406952e-10,2.802265361217474299e-10,2.820541192911831668e-10,2.840326198251617168e-10,2.841140538708663427e-10,2.827024263556826567e-10,2.799635908301220666e-10
2.050000000000000000e+02,-1.691705899398584742e-04,1.718298108095158523e-05,3.630549457504599585e-05,9.502518275392551048e-05,1.384236136283002034e-04,2.464446508411839124e-04,3.032839926694467537e-04,3.804245055252044086e-04,3.798211689982468960e-04,2.895091104776954826e-04,2.161088415265401141e-04,8.198716249751041507e-05,4.041635326853246961e-05,5.712957796198014264e-06,1.560534810051176450e-06,5.426152253676353419e-08,6.812984535797643459e-09,6.673904441242828334e-11,8.020445283396168690e-12,2.214929086495620592e-13,5.755273102710234401e-14,9.929177705730873882e-15,6.783310892155558491e-15,7.615815530298553071e-15,1.176546382021526060e-14,5.070778324144098459e-14,1.323778597590169470e-13,1.204424418272537212e-12,3.912735722444785069e-12,3.982508439237357478e-11,1.157567746355465249e-10,6.823454504873392723e-10,1.313011047896503816e-09,2.861006376145107388e-09,3.246056345186697570e-09,2.616733396561569600e-09,1.933126922751791932e-09,8.100393356026604902e-10,4.874230801962808890e-10,1.780728492992763451e-10,1.144738339222458462e-10,5.957361611397954393e-11,4.942143477229196669e-11,4.556871728371957031e-11,5.002957951887564148e-11,7.415748603297606101e-11,9.688982258106333678e-11,1.741438657772848009e-10,2.313723292818314903e-10,3.723789669630647725e-10,4.416362181557456634e-10,5.280114750646786731e-10,5.318635428179941532e-10,4.680738370412950572e-10,4.156785996141387773e-10,3.094213452624859639e-10,2.651740873865944537e-10,2.020257799484163896e-10,1.823880249845859225e-10,1.627607445250488921e-10,1.611982697118877900e-10,1.719902299735214662e-10,1.836041620118227663e-10,2.168943895742691391e-10,2.367999241245817565e-10,2.765404561973824199e-10,2.931739000329967870e-10,3.127469060907207138e-10,3.143175915398289944e-10,3.024863346454999269e-10,2.912753000762751537e-10,2.650860207612047020e-10,2.525392291119477051e-10,2.325332658088645477e-10,2.258483870298637342e-10,2.197263206885763376e-10,2.201351284689557347e-10,2.267501051018191299e-10,2.322500841276352312e-10,2.454183196996893163e-10,2.520820538529262855e-10,2.630886159155163689e-10,2.666297026373241896e-10,2.688486363329641027e-10,2.676199376309366246e-10,2.617200517180014174e-10,2.577626818315702922e-10,2.497426962498952574e-10,2.463146906762653937e-10,2.416286079098654838e-10,2.405552922113939063e-10,2.409421668528744648e-10,2.422119424515603581e-10,2.461594813890025796e-10,2.484487213400346506e-10,2.527264591448575431e-10,2.543837500942978253e-10,2.561779624966464136e-10,2.562518124668393404e-10,2.549716612159930867e-10,2.524880168765404609e-10
2.060000000000000000e+02,-1.640336459941047051e-04,1.721144696666080808e-05,3.635070200206454074e-05,9.502975457871868335e-05,1.383339193744231681e-04,2.458118452675242907e-04,3.020708961267546560e-04,3.775918323220875915e-04,3.761659909022383830e-04,2.851050239562411405e-04,2.120872457090742797e-04,7.977414080511398655e-05,3.911814002319693594e-05,5.457655474401453292e-06,1.478869008469555846e-06,5.042018781412321675e-08,6.257171749946043374e-09,5.983751992164054734e-11,7.110082460943731308e-12,1.924476745497616381e-13,4.963599518383043918e-14,8.484478310893939224e-15,5.784814901405033183e-15,6.498707821878113577e-15,1.006253457294659093e-14,4.370207537865433700e-14,1.146664143844566830e-13,1.055538767285799095e-12,3.450638022929955473e-12,3.556164705157544015e-11,1.039631617827472404e-10,6.187913802234781824e-10,1.195016445580633288e-09,2.615152960475748342e-09,2.969191697008545863e-09,2.390663462982153820e-09,1.763146298964157407e-09,7.352683025147258022e-10,4.411976372621379677e-10,1.603001021852068497e-10,1.028011499982096205e-10,5.330972043470459665e-11,4.418023257890361932e-11,4.071800917813429843e-11,4.472644081271112682e-11,6.643763924424339606e-11,8.692909524263443821e-11,1.567384653327914129e-10,2.085689531240025874e-10,3.365499818663419268e-10,3.995154347050024896e-10,4.781189836134801946e-10,4.816258538362962194e-10,4.235645787830765591e-10,3.759072624031668808e-10,2.793654493935676664e-10,2.392146877718687170e-10,1.819784359552260866e-10,1.641979522183992235e-10,1.464374038153380686e-10,1.450239849000098391e-10,1.547875187941395725e-10,1.652984787622099189e-10,1.954466170069751874e-10,2.134857720833584216e-10,2.495244077007664762e-10,2.646171049479079801e-10,2.823830530843639275e-10,2.838089738536279244e-10,2.730688895217613793e-10,2.628939783152085125e-10,2.391336517638866649e-10,2.277550172926062072e-10,2.096181688513235053e-10,2.035597140609586575e-10,1.980121865357165750e-10,1.983825952903833789e-10,2.043768430588874946e-10,2.093614559874664577e-10,2.212983878720382880e-10,2.273403760708579691e-10,2.373219001145735613e-10,2.405336970996273943e-10,2.425464053234550887e-10,2.414318837624766789e-10,2.360806471103302218e-10,2.324916565689394421e-10,2.252191587794136890e-10,2.221110423404962231e-10,2.178626317707581944e-10,2.168896247496665541e-10,2.172403385923993985e-10,2.183914558256169064e-10,2.219703153921726013e-10,2.240458969878737078e-10,2.279246670957094101e-10,2.294274860966793311e-10,2.310545246613209674e-10,2.311214948266283875e-10,2.299606109376108043e-10,2.277084513242939867e-10
2.070000000000000000e+02,-1.587613176418180879e-04,1.723989336863013277e-05,3.639585845673196270e-05,9.503418077429570481e-05,1.382441177707218990e-04,2.451804703943300488e-04,3.008624650239932101e-04,3.747801136781216710e-04,3.725458918608198474e-04,2.807679183383067294e-04,2.081404978364705300e-04,7.762087366880161647e-05,3.786164087276546895e-05,5.213765539727101966e-06,1.401478061713068738e-06,4.685084783873755786e-08,5.746710975601575580e-09,5.364978508106896249e-11,6.303063539853104302e-12,1.672116763627717884e-13,4.280836752787453570e-14,7.250005717301943875e-15,4.933309620189230138e-15,5.545477271828858079e-15,8.606125794646812821e-15,3.766434321546274777e-14,9.932492653873248312e-14,9.250597792116732609e-13,3.043121066552065268e-12,3.175468929147474972e-11,9.337128439130745750e-11,5.611576998161473678e-10,1.087627227728182530e-09,2.390429939657778141e-09,2.715945613237158093e-09,2.184127912736736135e-09,1.608114625403084252e-09,6.674001326362113268e-10,3.993567211678979850e-10,1.443014403443559218e-10,9.231887685410590516e-11,4.770453533608533248e-11,3.949494163245532985e-11,3.638372011983102838e-11,3.998551159232685559e-11,5.952154546150223435e-11,7.799252134963255423e-11,1.410729591683809042e-10,1.880133417388792777e-10,3.041688561179062278e-10,3.614125084817378097e-10,4.329416256380023975e-10,4.361341468094720453e-10,3.832883652935166474e-10,3.399417500152355359e-10,2.522294946418878608e-10,2.157969786209263524e-10,1.639207131848025717e-10,1.478222906223496808e-10,1.317513742148026384e-10,1.304728272308059572e-10,1.393056971317994941e-10,1.488181724119269633e-10,1.761200357102733760e-10,1.924673550418067036e-10,2.251480288827361481e-10,2.388423182375729731e-10,2.549675958373170265e-10,2.562620586923653604e-10,2.465127817586482140e-10,2.372784921832443022e-10,2.157224406160347663e-10,2.054034892206343249e-10,1.889615833868419498e-10,1.834710038517602115e-10,1.784442353808864817e-10,1.787798427094894338e-10,1.842114588038873402e-10,1.887288722383136802e-10,1.995493348469143391e-10,2.050274361636676701e-10,2.140791329472736815e-10,2.169921804631540219e-10,2.188177790276180784e-10,2.178068527131701154e-10,2.129533793228388650e-10,2.096985670231674842e-10,2.031040715656535350e-10,2.002860714192707114e-10,1.964345618674437355e-10,1.955525134455116804e-10,1.958704376264167740e-10,1.969139560068465522e-10,2.001584790923757740e-10,2.020402912626586417e-10,2.055572064559724188e-10,2.069199136849313864e-10,2.083953138092703439e-10,2.084560433339779917e-10,2.074033443090223666e-10,2.053611507734330599e-10
2.080000000000000000e+02,-1.533575742533875878e-04,1.726832080326529801e-05,3.644096478216772702e-05,9.503846176347852213e-05,1.381542078738511405e-04,2.445505127167181569e-04,2.996586611376229566e-04,3.719891463328923423e-04,3.689604727714674735e-04,2.764966997238338777e-04,2.042671363796770838e-04,7.552571028142894809e-05,3.664549369208683067e-05,4.980773634149685642e-06,1.328136868467390611e-06,4.353418251229674608e-08,5.277893018164553710e-09,4.810191245427537787e-11,5.587643520620078075e-12,1.452848800466421952e-13,3.691990289877988829e-14,6.195131213582172336e-15,4.207138110112751406e-15,4.732054591921608377e-15,7.360513023732528914e-15,3.246076909872719352e-14,8.603599603584921596e-14,8.107097350211478481e-13,2.683731221194557426e-12,2.835527277388061318e-11,8.385851111821288062e-11,5.088919215765017739e-10,9.898883638779706895e-10,2.185017409193912297e-09,2.484298966304483713e-09,1.995435308443449865e-09,1.466714591983773672e-09,6.057964073414266737e-10,3.614837496717683563e-10,1.298995045101274115e-10,8.290543709985227772e-11,4.268869686994275492e-11,3.530652037549673883e-11,3.251079811719854995e-11,3.574711002467950705e-11,5.332540575016427031e-11,6.997464822747039015e-11,1.269731589293408847e-10,1.694835833905127681e-10,2.749032529663231889e-10,3.269435377539330750e-10,3.920330312007051787e-10,3.949392987396150440e-10,3.468419344321380798e-10,3.074172666374299506e-10,2.277293504595809259e-10,1.946717081426855428e-10,1.476548455985743358e-10,1.330797820846187779e-10,1.185381783778537840e-10,1.173816674285635409e-10,1.253723537204647076e-10,1.339809457226882189e-10,1.587045339438743208e-10,1.735182590331414004e-10,2.031529937763371096e-10,2.155780820241141871e-10,2.302137769424807828e-10,2.313888670783543350e-10,2.225392512411258905e-10,2.141588721139321694e-10,1.946031725249663252e-10,1.852454895750511865e-10,1.703405628356025048e-10,1.653647749603418676e-10,1.608100133089485073e-10,1.611140801392567379e-10,1.660357312250650141e-10,1.701296159072746006e-10,1.799377479698785476e-10,1.849044442136116989e-10,1.931126925307658643e-10,1.957547021615851923e-10,1.974105373527684781e-10,1.964936038314699096e-10,1.920917208934544429e-10,1.891400568880107630e-10,1.831605290071418313e-10,1.806056396829510552e-10,1.771140530244796896e-10,1.763144834938858846e-10,1.766026752462492022e-10,1.775486248908192399e-10,1.804899594853252159e-10,1.821960422701378313e-10,1.853847674600662271e-10,1.866203899313773062e-10,1.879582451865587783e-10,1.880133140375137707e-10,1.870587457175089396e-10,1.852069973621618681e-10
2.090000000000000000e+02,-1.478265220060375883e-04,1.729672927949435631e-05,3.648602101535630086e-05,9.504259788570996461e-05,1.380641903360243920e-04,2.439219700182321314e-04,2.984594679564626929e-04,3.692187787944580012e-04,3.654094031463810490e-04,2.722903686711301472e-04,2.004657979401988730e-04,7.348708325589044569e-05,3.546840284357344743e-05,4.758192826278596389e-06,1.258633522034711787e-06,4.045230532389774113e-08,4.847320755207865442e-09,4.312773556791778262e-11,4.953425744667200314e-12,1.262333878919441599e-13,3.184139150264053697e-14,5.293752632432036087e-15,3.587841829189031273e-15,4.037975466150700576e-15,6.295203074102584395e-15,2.797610233751246511e-14,7.452502157057061538e-14,7.104948411291306387e-13,2.366784773808611186e-12,2.531976977257835437e-11,7.531490323975723045e-11,4.614940927777540225e-10,9.009326494742193187e-10,1.997256033302308165e-09,2.272409554119779115e-09,1.823044185229882874e-09,1.337747606780645068e-09,5.498789039392899120e-10,3.272024295931062754e-10,1.169349366414353802e-10,7.445184708543620133e-11,3.820023968372290857e-11,3.156227666376021368e-11,2.905013287758141660e-11,3.195796966361068303e-11,4.777427452663622620e-11,6.278103191936952598e-11,1.142825795206071221e-10,1.527800221133145814e-10,2.484534174262195000e-10,2.957619474851236330e-10,3.549898524007194522e-10,3.576354588722460009e-10,3.138611229366785466e-10,2.780045917050947418e-10,2.056089933456361346e-10,1.756144634552057882e-10,1.330030298949454876e-10,1.198075525777903688e-10,1.066501096691572364e-10,1.056040169048790001e-10,1.128326122584646235e-10,1.206229854769456239e-10,1.430111388740860218e-10,1.564347552592080387e-10,1.833066691600722387e-10,1.945798621240477783e-10,2.078631923161343431e-10,2.089298874424598551e-10,2.008971446501323782e-10,1.932919332404969825e-10,1.755514693845255242e-10,1.670657520202838142e-10,1.535545177339461831e-10,1.490453849749273640e-10,1.449184282233291488e-10,1.451939108765114284e-10,1.496533484158027449e-10,1.533633053993517514e-10,1.622535616605490227e-10,1.667564650546706634e-10,1.741996439675111419e-10,1.765957647313371598e-10,1.780975796255700877e-10,1.772659237822028777e-10,1.732737283191045086e-10,1.705970550101073430e-10,1.651753023907635148e-10,1.628590245517438917e-10,1.596938172519248023e-10,1.589690350114070921e-10,1.592302674533353085e-10,1.600877463090507463e-10,1.627541474529849153e-10,1.643008663691249149e-10,1.671919442084932039e-10,1.683123014334549084e-10,1.695253994962123839e-10,1.695753338909391367e-10,1.687097736632805350e-10,1.670307588801708126e-10
2.100000000000000000e+02,-1.421723994850513555e-04,1.732528933315978102e-05,3.653102356210752603e-05,9.504658947983047885e-05,1.379740658075069766e-04,2.432948400806758866e-04,2.972648690209004794e-04,3.664688606618983057e-04,3.618923556280215486e-04,2.681479408748320848e-04,1.967351444264056148e-04,7.150346747285984310e-05,3.432911428225102375e-05,4.545557939402826994e-06,1.192767203331664616e-06,3.758859589669924679e-08,4.451874189279926564e-09,3.866793002330407014e-11,4.391193544851443309e-12,1.096801414881415360e-13,2.746148577634222043e-14,4.523508304044021600e-15,3.059726950971342063e-15,3.445675819321869504e-15,5.384039568345766469e-15,2.411100290776457822e-14,6.455410208119904958e-14,6.226678515245526180e-13,2.087269268015445878e-12,2.260922297905171297e-11,6.764172249119730640e-11,4.185108245472347194e-10,8.199708083746551357e-10,1.825629060089612593e-09,2.078592293051169035e-09,1.665546244948882745e-09,1.220120465571889953e-09,4.991227705393366104e-10,2.961721525039477665e-10,1.052642829672822966e-10,6.686023552838170347e-11,3.418371358546168359e-11,2.821510622255489487e-11,2.595784164330892929e-11,2.857047007288025797e-11,4.280100785510748684e-11,5.632693736348087787e-11,1.028603757887141396e-10,1.377226787474539194e-10,2.245484346694807259e-10,2.675542155720651155e-10,3.214468526969473106e-10,3.238551098843668596e-10,2.840163945770201454e-10,2.514060026240390322e-10,1.856372677919073538e-10,1.584227998893857070e-10,1.198051059400628837e-10,1.078589713203459421e-10,9.595427447398052756e-11,9.500808481415455586e-11,1.015470867658276044e-10,1.085968103636814064e-10,1.288695637561339952e-10,1.410331721741521493e-10,1.653991476386566101e-10,1.756269424595807704e-10,1.876825248762602899e-10,1.886507962377877851e-10,1.813597329226260962e-10,1.744581851485967061e-10,1.583649192143064821e-10,1.506701356832496758e-10,1.384226249790711238e-10,1.343364984681370833e-10,1.305972717122183546e-10,1.308468502276248502e-10,1.348873677141891603e-10,1.382493063171313930e-10,1.463073549573708221e-10,1.503896583546042443e-10,1.571388855625341363e-10,1.593119400777279898e-10,1.606740223183446281e-10,1.599197345727998432e-10,1.562991999281421185e-10,1.538719671698249997e-10,1.489561003026069336e-10,1.468562089155297373e-10,1.439869541414347254e-10,1.433299827565889806e-10,1.435667710744919362e-10,1.443440313293482130e-10,1.467611287760215572e-10,1.481633299393620568e-10,1.507844691391469621e-10,1.518002846903968028e-10,1.529002280418589182e-10,1.529455054087840854e-10,1.521606761759313614e-10,1.506383255438746571e-10
2.110000000000000000e+02,-1.363995732003550935e-04,1.735473273781646406e-05,3.657593835238607605e-05,9.505043688407909094e-05,1.378838349366215443e-04,2.426691206841521422e-04,2.960748479227775219e-04,3.637392426175940600e-04,3.584090059596743943e-04,2.640684469370740538e-04,1.930738625842398073e-04,6.957337894132659313e-05,3.322641422082603878e-05,4.342424579634478112e-06,1.130347600781746913e-06,3.492761036413805607e-08,4.088687841286497635e-09,3.466930597315932838e-11,3.892776400706010609e-12,9.529754914881782835e-14,2.368401698718547443e-14,3.865343375236696133e-15,2.609349368520863521e-15,2.940274976617751612e-15,4.604796361926122295e-15,2.077992725807442653e-14,5.591723915496227271e-14,5.456974390589952595e-13,1.840764194717403601e-12,2.018884544133583980e-11,6.075028991686139135e-11,3.795309552474378928e-10,7.462844899886779404e-10,1.668750069686942075e-09,1.901305817701790662e-09,1.521654852197195512e-09,1.112836085678499745e-09,4.530515999520440956e-10,2.680846107713970305e-10,9.475840674188357182e-11,6.004271054958418286e-11,3.058949849064213078e-11,2.522290010317437825e-11,2.319471264361494534e-11,2.554203848209243843e-11,3.834545129880774506e-11,5.053634038478492518e-11,9.257977923778776264e-11,1.241493115993266838e-10,2.029434554163666443e-10,2.420367207166523177e-10,2.910733057847562227e-10,2.932654472997259232e-10,2.570095475416117603e-10,2.273522611492828638e-10,1.676054708704081270e-10,1.429140904739539114e-10,1.079168058355176735e-10,9.710203097861892785e-11,8.633110665148130414e-11,8.547530351153860562e-11,9.139033234069164624e-11,9.776964272358544539e-11,1.161263601012936519e-10,1.271479210709480084e-10,1.492410273595985715e-10,1.585201051370124792e-10,1.694611087197338273e-10,1.703400131993111633e-10,1.637223360356765411e-10,1.574595234201617983e-10,1.428609257530643467e-10,1.358835519419624577e-10,1.247818801682499396e-10,1.210791816471951804e-10,1.176913529740003517e-10,1.179174568047541144e-10,1.215783046069549012e-10,1.246247853991990645e-10,1.319283226500905792e-10,1.356292084122179969e-10,1.417490106412136464e-10,1.437197096087246967e-10,1.449550254134512883e-10,1.442709276155106080e-10,1.409875460464931479e-10,1.387865705064321442e-10,1.343295126282791074e-10,1.324258466013812641e-10,1.298249456885541137e-10,1.292294575386612743e-10,1.294440829752250416e-10,1.301486093104996938e-10,1.323396507397350819e-10,1.336108013507211756e-10,1.359871389214513393e-10,1.369081416974487347e-10,1.379054569920334233e-10,1.379465104970299671e-10,1.372349025326354000e-10,1.358546371102789529e-10
2.120000000000000000e+02,-1.305125330212447362e-04,1.738415950156214007e-05,3.662080333261756148e-05,9.505414043609431449e-05,1.377934983697522186e-04,2.420448096071016984e-04,2.948893883052773656e-04,3.610297764195619596e-04,3.549590329562821948e-04,2.600509321421039070e-04,1.894806635366266128e-04,6.769537368985168108e-05,3.215912783758372788e-05,4.148368207465021442e-06,1.071194360557410239e-06,3.245499808983941248e-08,3.755129988317236489e-09,3.108417367361955563e-11,3.450931191197395553e-12,8.280098069864127996e-14,2.042617919424671857e-14,3.302940603314152845e-15,2.225243643863561438e-15,2.508979352403017948e-15,3.938310181444970581e-15,1.790904122049574720e-14,4.843591890416054646e-14,4.782416053884103180e-13,1.623371061057823916e-12,1.802757414377277601e-11,5.456096110936087262e-11,3.441816174784301935e-10,6.792198960659402013e-10,1.525351775227487550e-09,1.739140223489237663e-09,1.390194524005395477e-09,1.014985054337280701e-09,4.112329581409165241e-10,2.426607343612285222e-10,8.530105945593960404e-11,5.392034214957153182e-11,2.737319146849624685e-11,2.254801491461018437e-11,2.072570812346706537e-11,2.283461465160847859e-11,3.435371225771893799e-11,4.534103217120229179e-11,8.332669125012126532e-11,1.119136685450231039e-10,1.834171879319407977e-10,2.189528908657853434e-10,2.635697349663655015e-10,2.655651007801330954e-10,2.325707350227940173e-10,2.055998882971067643e-10,1.513251715503770994e-10,1.289235859454167243e-10,9.720817719023090719e-11,8.741788917092721545e-11,7.767303090316403369e-11,7.689900170630703524e-11,8.224945082110045325e-11,8.802194259929785325e-11,1.046432527218241204e-10,1.146297156045909815e-10,1.346614091665265106e-10,1.430795364999737362e-10,1.530087303332119258e-10,1.538064939082470217e-10,1.478001788340378708e-10,1.421171457968196938e-10,1.288747686041882834e-10,1.225480948002007769e-10,1.124853415707810500e-10,1.091301851132136375e-10,1.060608171112639025e-10,1.062656485972379022e-10,1.095824101761660313e-10,1.123429563081295574e-10,1.189624458783258149e-10,1.223174569714869514e-10,1.278663787265127416e-10,1.296535156525887439e-10,1.307738316778678939e-10,1.301534096969335363e-10,1.271758678727218095e-10,1.251801144566775520e-10,1.211391567569261585e-10,1.194134279034874541e-10,1.170558481687535707e-10,1.165161043819792908e-10,1.167106359202096239e-10,1.173492167967551264e-10,1.193352883958193056e-10,1.204876042958536592e-10,1.226419434215662851e-10,1.234769595869367881e-10,1.243811970736904970e-10,1.244184197129408892e-10,1.237732198092374170e-10,1.225218133600689679e-10
2.130000000000000000e+02,-1.245158875321421635e-04,1.741356963110169147e-05,3.666561853947918656e-05,9.505770047291515351e-05,1.377030567513496924e-04,2.414219046263417089e-04,2.937084738628120543e-04,3.583403148938369863e-04,3.515421184755612195e-04,2.560944562342893391e-04,1.859542823314141362e-04,6.586804668769005050e-05,3.112611802575293487e-05,3.962983250794681247e-06,1.015136565584513935e-06,3.015742428252431856e-08,3.448783594616573397e-09,2.786977495571746344e-11,3.059236810274215679e-12,7.194310251701363512e-14,1.761646926425053383e-14,2.822367990359953005e-15,1.897706167555690548e-15,2.140974030007125606e-15,3.368290889260716625e-15,1.543478344266657754e-14,4.195553409899743791e-14,4.191242079960855182e-13,1.431651780632592352e-12,1.609767145429284729e-11,4.900220580326096476e-11,3.121246714863842864e-10,6.181819798081484435e-10,1.394275785890916955e-09,1.590805854829579341e-09,1.270091327330294048e-09,9.257379203486681973e-10,3.732743254032319657e-10,2.196479182889864157e-10,7.678759437654801567e-11,4.842224838870305692e-11,2.449505824412591404e-11,2.015679918983270813e-11,1.851951982067591429e-11,2.041417257675828822e-11,3.077750828175442044e-11,4.067981585267888001e-11,7.499841679224801549e-11,1.008839110340498113e-10,1.657696316098491301e-10,1.980706233794052307e-10,2.386649603533345931e-10,2.404811651191256922e-10,2.104557690228367473e-10,1.859286998179884159e-10,1.366262414076620246e-10,1.163026647915416795e-10,8.756216249034692867e-11,7.869955555295238270e-11,6.988326039267071799e-11,6.918321089079658426e-11,7.402283590230394894e-11,7.924608790899935473e-11,9.429563949331712380e-11,1.033439669289367563e-10,1.215060888004864531e-10,1.291429370939897042e-10,1.381536429039594699e-10,1.388777365676774345e-10,1.334264552684850946e-10,1.282696715499114654e-10,1.162578531165546492e-10,1.105213545736592057e-10,1.014005474909724508e-10,9.836039608127587763e-11,9.557962979563593142e-11,9.576518516987014840e-11,9.877011863013325510e-11,1.012714981589880187e-10,1.072708422740140111e-10,1.103122192116362532e-10,1.153433756113323577e-10,1.169640036951039019e-10,1.179799975976111165e-10,1.174173400381780391e-10,1.147172243808579351e-10,1.129076079050932158e-10,1.092440054704327951e-10,1.076796250906383867e-10,1.055426622291986971e-10,1.050534580116987970e-10,1.052297720531905623e-10,1.058085641401484284e-10,1.076087909101033913e-10,1.086533526724938609e-10,1.106063785482822026e-10,1.113634150986999444e-10,1.121832389353386028e-10,1.122169872487272652e-10,1.116320142878143851e-10,1.104974681361264172e-10
2.140000000000000000e+02,-1.184143593123806521e-04,1.744296313313757477e-05,3.671038400962469610e-05,9.506111733098198335e-05,1.376125107239358630e-04,2.408004035171036812e-04,2.925320883409074217e-04,3.556707119269078760e-04,3.481579473893772693e-04,2.521980931994891148e-04,1.824934774976859657e-04,6.409003079499827000e-05,3.012628418300039026e-05,3.785882257583672562e-06,9.620122418036488720e-07,2.802249808875345322e-08,3.167428798682859342e-09,2.498777302694515923e-11,2.712001047453123370e-12,6.250903928587542291e-14,1.519323675116396322e-14,2.411712865003912132e-15,1.618361477814800331e-15,1.826934870746699247e-15,2.880779382402609556e-15,1.330234750476777528e-14,3.634218577117098725e-14,3.673145365342203594e-13,1.262574354961298884e-12,1.437436901821111113e-11,4.400978113026660782e-11,2.830534709071831634e-10,5.626291665227671837e-10,1.274463249886260974e-09,1.455123049167567593e-09,1.160364106463454038e-09,8.443381633915563941e-10,3.388194124272431509e-10,1.988175127597179362e-10,6.912380890388650917e-11,4.348477478165017895e-11,2.191954225820667151e-11,1.801917024878835205e-11,1.654817212079495725e-11,1.825029294626624027e-11,2.757358295683853822e-11,3.649778571002907507e-11,6.750252466096017673e-11,9.094119373027377551e-11,1.498200285349454014e-10,1.791799514479480021e-10,2.161134252511107828e-10,2.177665116374211118e-10,1.904436805873427688e-10,1.681395774970643672e-10,1.233550770481529196e-10,1.049172542735236219e-10,7.887331964580215210e-11,7.085070988829388766e-11,6.287471472556527968e-11,6.224159156012574329e-11,6.661904369625014366e-11,7.134518643188078602e-11,8.497123911064240198e-11,9.316933667982436190e-11,1.096359262192170628e-10,1.165638157692291607e-10,1.247407734560317810e-10,1.253979824302310989e-10,1.204505808923049884e-10,1.157714440671231068e-10,1.048761318810315438e-10,9.967489714732356149e-11,9.140808914637459787e-11,8.865344322908121077e-11,8.613421130856946384e-11,8.630230003672714062e-11,8.902464792366789059e-11,9.129113014583883912e-11,9.672827849024207003e-11,9.948526517292079901e-11,1.040468437725787162e-10,1.055164365577161353e-10,1.064377974863486842e-10,1.059275401904058792e-10,1.034790690499420504e-10,1.018382740739258094e-10,9.851687933319641655e-11,9.709880076087633316e-11,9.516186292744463482e-11,9.471847805598340025e-11,9.487827628315136791e-11,9.540286312684220782e-11,9.703459074390709954e-11,9.798144863818955552e-11,9.975192469724360883e-11,1.004382451367429388e-10,1.011815152875735618e-10,1.012121127468186554e-10,1.006817593028229083e-10,9.965318876353507910e-11
2.150000000000000000e+02,-1.122127801431227262e-04,1.747234001436986125e-05,3.675509977968453813e-05,9.506439134613764842e-05,1.375218609281087109e-04,2.401803040530718311e-04,2.913602155360918520e-04,3.530208224582136807e-04,3.448062075553930302e-04,2.483609310497168570e-04,1.790970306103004778e-04,6.235999574132621590e-05,2.915856103976956801e-05,3.616695086353845256e-06,9.116678902633775687e-07,2.603870577513292713e-08,2.909026828410853256e-09,2.240379543938086221e-11,2.404177727667773656e-12,5.431207783859748339e-14,1.310334219600806094e-14,2.060810831878978622e-15,1.380135155465422869e-15,1.558960751289750757e-15,2.463822331918996689e-15,1.146454350724190885e-14,3.147985073569808945e-14,3.219092337526999192e-13,1.113464802673415355e-12,1.283554996501807405e-11,3.952598925244243944e-11,2.566899294845475382e-10,5.120685484660955286e-10,1.164946301208079349e-09,1.331012756052864753e-09,1.060116467890446709e-09,7.700957814553389610e-10,3.075448159892612762e-10,1.799625515069239873e-10,6.222490201595633208e-11,3.905075737873232172e-11,1.961482542958258718e-11,1.610823551368573137e-11,1.478666725195955378e-11,1.631578075769746228e-11,2.470318276380587680e-11,3.274568035347216743e-11,6.075582169252826542e-11,8.197838393363132692e-11,1.354050120318988151e-10,1.620909330151895644e-10,1.956927750813679256e-10,1.971973536340435734e-10,1.723345119901539477e-10,1.520524536629489637e-10,1.113729949600182276e-10,9.464640640774631131e-11,7.104666938854801994e-11,6.378463791758930135e-11,5.656904652551805052e-11,5.599646697121863498e-11,5.995577640046864665e-11,6.423200586322917738e-11,7.656887302746450547e-11,8.399643244946970733e-11,9.892537388756818262e-11,1.052099500049993516e-10,1.126301041906412059e-10,1.132265905383691984e-10,1.087366154826603995e-10,1.044909987121854858e-10,9.460868044118986991e-11,8.989289256814293055e-11,8.240032465492604097e-11,7.990443942900056495e-11,7.762220598543038280e-11,7.777446814013783821e-11,8.024073834306429120e-11,8.229432630138533433e-11,8.722182881276598770e-11,8.972095013823084414e-11,9.385666661996649313e-11,9.518926387408217088e-11,9.602478362425673902e-11,9.556205907970335978e-11,9.334183991331016644e-11,9.185415713360966378e-11,8.884308681799974600e-11,8.755766263120277199e-11,8.580207445691052925e-11,8.540022832512813439e-11,8.554505389647693026e-11,8.602049910051701165e-11,8.749945889098120072e-11,8.835772852310366798e-11,8.996267432718162149e-11,9.058486752854758711e-11,9.125871420849994420e-11,9.128645422581439794e-11,9.080563341187786186e-11,8.987316477777809037e-11
2.160000000000000000e+02,-1.059160861446124330e-04,1.750170028149629115e-05,3.679976588626579612e-05,9.506752285362816697e-05,1.374311080025472328e-04,2.395616040064202433e-04,2.901928392957811922e-04,3.503905024726763255e-04,3.414865897889788888e-04,2.445820716110546213e-04,1.757637458624880956e-04,6.067664713164369530e-05,2.822191752521907733e-05,3.455068132851235271e-06,8.639580436931466054e-07,2.419534864056885597e-08,2.671705228782911799e-09,2.008702411218990513e-11,2.131293405649437034e-12,4.718999442512167297e-14,1.130091029435953409e-14,1.760961168550956302e-15,1.176982773395951476e-15,1.330288960585401803e-15,2.107228237388514280e-15,9.880632553457835421e-15,2.726806410877080644e-14,2.821166558827567505e-13,9.819649433862043253e-13,1.146146507780346213e-11,3.549901057787671621e-11,2.327818611019783976e-10,4.660515116189367646e-10,1.064840241413937509e-09,1.217487956099976704e-09,9.685294578468768220e-10,7.023814422603674029e-10,2.791569837025690767e-10,1.628956955218238689e-10,5.601453612199495252e-11,3.506886092825324541e-11,1.755243514553125883e-11,1.439995435989060296e-11,1.321266834548688596e-11,1.458632363114317765e-11,2.213158831003946003e-11,2.937930256604985579e-11,5.468342949678864362e-11,7.389890728428522015e-11,1.223769334430862762e-10,1.466317409967764565e-10,1.772016650845560995e-10,1.785710416205487858e-10,1.559473188740079577e-10,1.375044885896722913e-10,1.005547822606608563e-10,8.538101310489286389e-11,6.399665710831326654e-11,5.742327334392217236e-11,5.089576567000094615e-11,5.037795407344860393e-11,5.395896747538257709e-11,5.782801090737331451e-11,6.899736741694008357e-11,7.572663175236908628e-11,8.926114895510019187e-11,9.496199601677097341e-11,1.016952108054457529e-10,1.022365705549005410e-10,9.816183884616899724e-11,9.430968008763366411e-11,8.534641267635926370e-11,8.107087801100844315e-11,7.428021931809962453e-11,7.201884835023042442e-11,6.995137291404465024e-11,7.008929500424299769e-11,7.232351577433210332e-11,7.418415721668382423e-11,7.864966559696217469e-11,8.091497948287205283e-11,8.466449127875457642e-11,8.587283136093568081e-11,8.663048728894950923e-11,8.621087886271066453e-11,8.419768749128985624e-11,8.284886523297809585e-11,8.011919824953660230e-11,7.895405045087264956e-11,7.736287534253292325e-11,7.699868611362858245e-11,7.712993842245476073e-11,7.756083388120015715e-11,7.890129260395336436e-11,7.967924148981949534e-11,8.113409427537143087e-11,8.169813695728996711e-11,8.230902815060687355e-11,8.233417689762403263e-11,8.189827429509050072e-11,8.105295114821473718e-11
2.170000000000000000e+02,-9.952931284706127420e-05,1.753104394121223300e-05,3.684438236595222963e-05,9.507051218810388298e-05,1.373402525840156162e-04,2.389443011478515233e-04,2.890299435181652361e-04,3.477796089933017426e-04,3.381987878353856915e-04,2.408606303147682831e-04,1.724924496463768283e-04,5.903872547915046780e-05,2.731535566955150087e-05,3.300663591254698751e-06,8.187448462756589723e-07,2.248248532314570461e-08,2.453744294284975619e-09,1.800982771932562593e-11,1.889382435769394741e-12,4.100185631555203214e-14,9.746421877031286041e-15,1.504750642665475535e-15,1.003740818759923936e-15,1.135159674592323142e-15,1.802228613741185814e-15,8.515554255662804994e-15,2.361979156099286437e-14,2.472429948491630669e-13,8.659951011499855689e-13,1.023447926613071240e-11,3.188230483384870556e-11,2.111005675684484925e-10,4.241697554448978918e-10,9.733363932955220107e-10,1.113645811852415068e-09,8.848548723301924782e-10,6.406211487257644152e-10,2.533894585989146173e-10,1.474473717086180816e-10,5.042399231990589425e-11,3.149298457108019866e-11,1.570689243815884262e-11,1.287283563707226908e-11,1.180621616095334225e-11,1.304018618618080910e-11,1.982769443152187366e-11,2.635899868329554668e-11,4.921795340262578172e-11,6.661570718603706392e-11,1.106023498562971538e-10,1.326469356311690481e-10,1.604577751999338928e-10,1.617040668982485871e-10,1.411183623163106068e-10,1.243484222247749280e-10,9.078738837640411286e-11,7.702264709006072935e-11,5.764621760625740499e-11,5.169633541775645047e-11,4.579145130570103084e-11,4.532318152782131154e-11,4.856195838249394159e-11,5.206249610568113029e-11,6.217456399986581728e-11,6.827102160781185064e-11,8.054103514492077370e-11,8.571223438847471593e-11,9.182194288497990547e-11,9.231325778661161885e-11,8.861546513130955788e-11,8.512039399613362256e-11,7.699092181661076201e-11,7.311464231090063909e-11,6.696030051777084741e-11,6.491146303192613098e-11,6.303858650358318272e-11,6.316351578599700700e-11,6.518746694240788730e-11,6.687324568340098641e-11,7.091996857399446297e-11,7.297329467038579653e-11,7.637257655717516469e-11,7.746821669666215798e-11,7.815524688200865128e-11,7.777474717311945451e-11,7.594932738004111367e-11,7.472643683036680334e-11,7.225193987753838337e-11,7.119584228534783094e-11,6.975372093354168662e-11,6.942366855542704551e-11,6.954261655195328323e-11,6.993312627937269682e-11,7.114802205775237059e-11,7.185314828208905907e-11,7.317190966636341609e-11,7.368322304298485781e-11,7.423702582840755598e-11,7.425982477050376007e-11,7.386465457294086323e-11,7.309835291864803797e-11
2.180000000000000000e+02,-9.305759019855853705e-05,1.756037152272423463e-05,3.688895004912553442e-05,9.507335973310593639e-05,1.372492936854409159e-04,2.383283822824509737e-04,2.878714915464296808e-04,3.451879540576468499e-04,3.349424405882001120e-04,2.371956711752769178e-04,1.692819334604297424e-04,5.744497724791576277e-05,2.643789415773720966e-05,3.153156179212617243e-06,7.758969121284757086e-07,2.089085085417484791e-08,2.253561190454045175e-09,1.614740088059889167e-11,1.674925646853557548e-12,3.562508090176191855e-14,8.405724575590023395e-15,1.285809566459183984e-15,8.559776151773057506e-16,9.686533259528617990e-16,1.541383123568329516e-15,7.339045820717315927e-15,2.045957262115927211e-14,2.166796744199755986e-13,7.637195048463066294e-13,9.138826888711697183e-12,2.863401842836867800e-11,1.914383174688805492e-10,3.860510223264524213e-10,8.896941437698188682e-10,1.018658869576935175e-09,8.084078432439145007e-10,5.842904152316644867e-10,2.299999813542598359e-10,1.334638511361375957e-10,4.539132498961474110e-11,2.828167394556841546e-11,1.405536944427618340e-11,1.150764424343812126e-11,1.054945489146509596e-11,1.165791368876265693e-11,1.776359911758156745e-11,2.364914575205424169e-11,4.429865140345452118e-11,6.005019577296280553e-11,9.996047713796852446e-11,1.199956872825454560e-10,1.452957553804787999e-10,1.464299947436095359e-10,1.276992454786246220e-10,1.124508820478722915e-10,8.196859431985024924e-11,6.948238886377369750e-11,5.192583608102166459e-11,4.654046527503841180e-11,4.119896525984437924e-11,4.077550929825098092e-11,4.370467559361955467e-11,4.687171752614481546e-11,5.602632453024364301e-11,6.154932905575241642e-11,7.267266851501436725e-11,7.736329659573451534e-11,8.290708127889432483e-11,8.335296519570555701e-11,7.999733651388191841e-11,7.682634056379623877e-11,6.945330745797891753e-11,6.593909852815535433e-11,6.036160373618093544e-11,5.850537685336745092e-11,5.680883029073567625e-11,5.692198760411625036e-11,5.875540706095153110e-11,6.028271396060942700e-11,6.394982346403718654e-11,6.581094748477588074e-11,6.889262709028516618e-11,6.988605081735457109e-11,7.050902131036304588e-11,7.016399493472904453e-11,6.850887949115796322e-11,6.740019419047404287e-11,6.515707668775048284e-11,6.419984970073080999e-11,6.289285605710123045e-11,6.259374909936641501e-11,6.270154325762299086e-11,6.305544251344365192e-11,6.415650621166817807e-11,6.479560871143139056e-11,6.599097566409740240e-11,6.645447614504057521e-11,6.695651142091339075e-11,6.697717953982242761e-11,6.661894560305858803e-11,6.592429786745832021e-11
2.190000000000000000e+02,-8.650613751348399977e-05,1.758968198740007600e-05,3.693346738379751757e-05,9.507606572060587366e-05,1.371582351818300554e-04,2.377138671312508289e-04,2.867175086704378830e-04,3.426154891151350027e-04,3.317173636315356175e-04,2.335864668376369708e-04,1.661311812828950799e-04,5.589426675814822845e-05,2.558862933056881776e-05,3.012242855080708541e-06,7.352919598992895076e-07,1.941191812574924978e-08,2.069712459997949915e-09,1.447759743848902464e-11,1.484814089172323270e-12,3.095347058095637705e-14,7.249477168742857192e-15,1.098716929069654125e-15,7.299797702073340666e-16,8.265686312486364429e-16,1.318281421525124841e-15,6.325099949008872180e-15,1.772221963364933872e-14,1.898949340871716740e-13,6.735242924363685213e-13,8.160485348985939413e-12,2.571672632874569264e-11,1.736077276403603931e-10,3.513584501742706562e-10,8.132407939746106804e-10,9.317751038377978731e-10,7.385665739878316191e-10,5.329137478797974642e-10,2.087698445921767204e-10,1.208066944819851524e-10,4.086102606986642682e-11,2.539786417743612745e-11,1.257752193682074721e-11,1.028725397239377976e-11,9.426492857231467959e-12,1.042218335288794262e-11,1.591440931673123588e-11,2.121792009397629325e-11,3.987110174083399045e-11,5.413186344755283735e-11,9.034269285359414203e-11,1.085512405061151570e-10,1.315666502881094463e-10,1.325988874365142955e-10,1.155563643091914866e-10,1.016918606071802456e-10,7.400655773154383305e-11,6.268040615351171824e-11,4.677318566639020181e-11,4.189888429153958149e-11,3.706713240384310049e-11,3.668421087190364138e-11,3.933330026159413684e-11,4.219854962694575412e-11,5.048615365555505358e-11,5.548952520617687206e-11,6.557310759918583143e-11,6.982772190599218637e-11,7.485788058219158825e-11,7.526252466031040783e-11,7.221747294139727047e-11,6.934057272594759680e-11,6.265375498688656453e-11,5.946787403872735855e-11,5.441328065750906939e-11,5.273159778837813172e-11,5.119481706237442170e-11,5.129730918740447315e-11,5.295809317874648758e-11,5.434179195767507159e-11,5.766481832780636502e-11,5.935169056800557869e-11,6.214537448556191335e-11,6.304609613506321347e-11,6.361096625297473633e-11,6.329811369878198674e-11,6.179745029501887421e-11,6.079232900229030595e-11,5.875900493165081562e-11,5.789141341056448092e-11,5.670691459534315387e-11,5.643585822463510066e-11,5.653354208921303192e-11,5.685425535310179024e-11,5.785212853746685840e-11,5.843137536592091924e-11,5.951486745374608145e-11,5.993501583977187824e-11,6.039011163968405205e-11,6.040884761545402964e-11,6.008410540208220657e-11,5.945442678760223809e-11
2.200000000000000000e+02,-7.988025836498491132e-05,1.761897586473734547e-05,3.697793520118674340e-05,9.507863053548286218e-05,1.370670760841143988e-04,2.371007424717368867e-04,2.855679582549345750e-04,3.400620279005029506e-04,3.285232010230564352e-04,2.300321065104925602e-04,1.630390259081460123e-04,5.438540490908087572e-05,2.476664038821085672e-05,2.877626409193606073e-06,6.968118767231121658e-07,1.803768163928824372e-08,1.900862145570963828e-09,1.298046713789791778e-11,1.316280919439090369e-12,2.689444804013230161e-14,6.252268668072158420e-15,9.388513187366664958e-16,6.225353349140205772e-16,7.053277233104449095e-16,1.127475391694832130e-15,5.451246550512711675e-15,1.535109658747785266e-14,1.664211439012311389e-13,5.939810682155030608e-13,7.286877847542498621e-12,2.309665178838911370e-11,1.574378666172916719e-10,3.197835045810198951e-10,7.433571755106199719e-10,8.523017735095807929e-10,6.747590800720067866e-10,4.860545863499344046e-10,1.894993372425013770e-10,1.093498800894005668e-10,3.678287217184512264e-11,2.280810711466612489e-11,1.125506130894397827e-11,9.196285795593298062e-12,8.423066497759146287e-12,9.317438734077719553e-12,1.425771886621671203e-11,1.903663241853512794e-11,3.588607251528257158e-11,4.879681650882174843e-11,8.165028484059810854e-11,9.819828560323970446e-11,1.191348080571089790e-10,1.200741925729215467e-10,1.045681366338866922e-10,9.196222751947473462e-11,6.681790937332256902e-11,5.654429902817240117e-11,4.213183404586096081e-11,3.772021491812646565e-11,3.334967705096412993e-11,3.300341880482175055e-11,3.539915020454257460e-11,3.799129901730508019e-11,4.549381939146935477e-11,5.002633150666489087e-11,5.916711401149268162e-11,6.302614461958008091e-11,6.759014677701173646e-11,6.795735590198973691e-11,6.519420733244653959e-11,6.258419403917282742e-11,5.651988099276191585e-11,5.363172704336491292e-11,4.905112969445790672e-11,4.752761733977338421e-11,4.613559286394206677e-11,4.622842264697356318e-11,4.773278800484451884e-11,4.898634952267121728e-11,5.199750058423793092e-11,5.352639644994224011e-11,5.605893397056527228e-11,5.687558311416509443e-11,5.738775833664597203e-11,5.710408667734985511e-11,5.574349716628429485e-11,5.483228926244851364e-11,5.298918453273872980e-11,5.220285515710257340e-11,5.112939822774550253e-11,5.088376814625823752e-11,5.097228769710554497e-11,5.126291944645804122e-11,5.216724979512782356e-11,5.269223326707841298e-11,5.367429566668739660e-11,5.405513698057608923e-11,5.446767144842538932e-11,5.448465548900990191e-11,5.419028138546611029e-11,5.361951010420754754e-11
2.210000000000000000e+02,-7.318533542515791627e-05,1.764825316142196545e-05,3.702235353778381138e-05,9.508105451001371054e-05,1.369758170214477929e-04,2.364890060690920523e-04,2.844228244000695811e-04,3.375274315160520667e-04,3.253596579544678182e-04,2.265317580195710793e-04,1.600043784827531626e-04,5.291726268641199876e-05,2.397105147660094751e-05,2.749025480098266365e-06,6.603454732442745048e-07,1.676072992987673663e-08,1.745786691899060654e-09,1.163815409061658146e-11,1.166876924946214089e-12,2.336771455588998458e-14,5.392238847275188096e-15,8.022553975306490059e-16,5.308931462846833149e-16,6.018677310010156489e-16,9.642894122086076436e-16,4.698119063922812089e-15,1.329722464950278127e-14,1.458490581996221835e-13,5.238318595080296292e-13,6.506792405770213394e-12,2.074351413837612068e-11,1.427740566289741053e-10,2.910460247102213821e-10,6.794787493617261698e-10,7.796068393986239214e-10,6.164640929212606910e-10,4.433157143110674422e-10,1.720075790243198732e-10,9.897957436034564987e-11,3.311173744587926626e-11,2.048241936301875565e-11,1.007164963679352959e-11,8.221014607999801993e-12,7.526451697667004004e-12,8.329795620626301300e-12,1.277348883675470670e-11,1.707958843528544629e-11,3.229933540679214010e-11,4.398756927009427747e-11,7.379421860631129454e-11,8.883272448797358001e-11,1.078776513512838195e-10,1.087325144201803373e-10,9.462476856486167626e-11,8.316349502492451085e-11,6.032752716703202595e-11,5.100888250198290508e-11,3.795104523338348884e-11,3.395829063367224177e-11,3.000504194877653269e-11,2.969194466304839880e-11,3.185849441244073543e-11,3.420351384118922727e-11,4.099514963064841699e-11,4.510100989505924640e-11,5.338693258359703681e-11,5.688707077828366460e-11,6.102801075635096856e-11,6.136123971130572063e-11,5.885396045567179574e-11,5.648613571513933646e-11,5.098651579063528949e-11,4.836833234281301408e-11,4.421738749617581260e-11,4.283720403950360550e-11,4.157633265444715676e-11,4.166040887374107549e-11,4.302305305634371302e-11,4.415868789609065509e-11,4.688716465593972121e-11,4.827284345908580687e-11,5.056858744408292833e-11,5.130899245514748686e-11,5.177337670993903407e-11,5.151617069672383142e-11,5.028261181451269823e-11,4.945656354609674621e-11,4.778592549870702699e-11,4.707326507215857381e-11,4.610046506591924248e-11,4.587788182935492037e-11,4.595809480591531160e-11,4.622145985996427980e-11,4.704099542079780150e-11,4.751678678348650320e-11,4.840689204728756967e-11,4.875209487682514303e-11,4.912603891662082473e-11,4.914143443839232017e-11,4.887459537018974676e-11,4.835723374464404034e-11
2.220000000000000000e+02,-6.642682525665140390e-05,1.767751388413743926e-05,3.706672243005603779e-05,9.508333797588403903e-05,1.368844586210934803e-04,2.358786556872106022e-04,2.832820912561967615e-04,3.350115620658937411e-04,3.222264424120695452e-04,2.230846017977102642e-04,1.570261703685191755e-04,5.148874152534553382e-05,2.320101486065361169e-05,2.626171277328066280e-06,6.257873780815868077e-07,1.557417617963009933e-08,1.603362358585714610e-09,1.043464888605093177e-11,1.034430882423074960e-12,2.030343395579420340e-14,4.650509036023542375e-15,6.855274811354283848e-16,4.527492747027905828e-16,5.135865691063834504e-16,8.247254875554110853e-16,4.049034328310052722e-15,1.151814375214416097e-14,1.278199686935779789e-13,4.619672428884252779e-13,5.810217283967918089e-12,1.863011764443537471e-11,1.294760262546268414e-10,2.648910256723355228e-10,6.210894869696122200e-10,7.131121685857852097e-10,5.632053768533018187e-10,4.043348415821599803e-10,1.561303853266299627e-10,8.959273893518332477e-11,2.980699970970158291e-11,1.839387480219792370e-11,9.012666819991667355e-12,7.349170845992979151e-12,6.725278781137891682e-12,7.446841483304406095e-12,1.144376634469937426e-11,1.532373529553477526e-11,2.907108257734717510e-11,3.965230151604243192e-11,6.669402599363948719e-11,8.036038708655966062e-11,9.768418497322576416e-11,9.846211236478382561e-11,8.562690626803728250e-11,7.520659817833192512e-11,5.446758585066387159e-11,4.601535276947676945e-11,3.418511780345790535e-11,3.057154911710081857e-11,2.699583758576304393e-11,2.671273259828490371e-11,2.867197581787883642e-11,3.079337343924945514e-11,3.694132892921760114e-11,4.066060524030284257e-11,4.817142713366140416e-11,5.134597011891700591e-11,5.510296911684711696e-11,5.540535470195152856e-11,5.313030865142318732e-11,5.098225354794976016e-11,4.599486977808868449e-11,4.362148112884746409e-11,3.985998280032175545e-11,3.860967566439357096e-11,3.746762920536425567e-11,3.754377539378576240e-11,3.877801844822531541e-11,3.980679447092988488e-11,4.227907097770905454e-11,4.353491671977779975e-11,4.561595506435544428e-11,4.628721735869430198e-11,4.670825938480824280e-11,4.647505575099564884e-11,4.535669557222555409e-11,4.460786697435461384e-11,4.309359536965387538e-11,4.244771832748357732e-11,4.156615896204647609e-11,4.136446522492228522e-11,4.143714928475650261e-11,4.167579974699575640e-11,4.241847262440208433e-11,4.284967042647580548e-11,4.365640879670177471e-11,4.396930024664746223e-11,4.430825523919334347e-11,4.432221046614132770e-11,4.408033699610392625e-11,4.361139903797783129e-11
2.230000000000000000e+02,-5.961025305947468156e-05,1.770675803956489852e-05,3.711104191444748951e-05,9.508548126418958060e-05,1.367930015084281917e-04,2.352696890887343972e-04,2.821457430237613094e-04,3.325142826488454179e-04,3.191232651504434721e-04,2.196898306941872281e-04,1.541033527675203529e-04,5.009877248963541036e-05,2.245571002169165643e-05,2.508807019787493906e-06,5.930377334191377935e-07,1.447162107953459424e-08,1.472557077536744592e-09,9.355597581904052940e-12,9.170180009765958873e-13,1.764097900961228427e-14,4.010809425466360656e-15,5.857808812667619769e-16,3.861047224128222322e-16,4.382548469093749954e-16,7.053548283647570472e-16,3.489626664889000640e-15,9.977085889227577109e-15,1.120195245157135089e-13,4.074088072111847758e-13,5.188212544044584762e-12,1.673203730515743226e-11,1.174165686215560521e-10,2.410864362420613027e-10,5.677177018355533504e-10,6.522889369077857283e-10,5.145478385683082898e-10,3.687815332582421342e-10,1.417187262250170672e-10,8.109610694832878469e-11,2.683209105342485370e-11,1.651829283029265447e-11,8.065029987434652742e-12,6.569786103755980572e-12,6.009388313029696838e-12,6.657479465442799754e-12,1.025246732536079161e-11,1.374839003358057851e-11,2.616548477722430849e-11,3.574430014534292141e-11,6.027698097734813035e-11,7.269608444268561495e-11,8.845390149774413208e-11,8.916180004736465672e-11,7.748464317950320632e-11,6.801099340278914107e-11,4.917684823539571898e-11,4.151066249497839186e-11,3.079288515524854913e-11,2.752257305388547057e-11,2.428842408908104059e-11,2.403244480996642382e-11,2.580417377305100138e-11,2.772322661422164242e-11,3.328836892821460808e-11,3.665737593301025138e-11,4.346543390915938096e-11,4.634459783032498711e-11,4.975316912067062960e-11,5.002755934529643997e-11,4.796328792981826780e-11,4.601465327611639969e-11,4.149190875862157624e-11,3.934048081738602751e-11,3.593197566337290663e-11,3.479935160562511176e-11,3.376495776903501791e-11,3.383392017616317082e-11,3.495183341969271273e-11,3.588378241602000265e-11,3.812385970065543250e-11,3.926200889333179497e-11,4.114837451622745806e-11,4.175693579295701105e-11,4.213867132291625184e-11,4.192723545328987458e-11,4.091334120315736830e-11,4.023453065941234863e-11,3.886202434345582130e-11,3.827668702962661387e-11,3.747783060590670692e-11,3.729507044717469272e-11,3.736093060629792212e-11,3.757718035389892575e-11,3.825018256910792461e-11,3.864095660468819943e-11,3.937211793842310820e-11,3.965571532987040987e-11,3.996294744776363039e-11,3.997559680740496446e-11,3.975635859204077610e-11,3.933132260906888750e-11
2.240000000000000000e+02,-5.274120737686600018e-05,1.773598563438315057e-05,3.715531202737901796e-05,9.508748470543661462e-05,1.367014463069474584e-04,2.346621040350884433e-04,2.810137639531841208e-04,3.300354573513765042e-04,3.160498396663971718e-04,2.163466497869318266e-04,1.512348963541075922e-04,4.874631547275820430e-05,2.173434278384394497e-05,2.396687399225338707e-06,5.620019065239150857e-07,1.344711832008504797e-08,1.352422974648724401e-09,8.389373722626769503e-12,8.129319700039827623e-13,1.532766426802500970e-14,3.459099597469955656e-15,5.005490379822452596e-16,3.292721997838476966e-16,3.739684343445626169e-16,6.032636412980907359e-16,3.007509063839008956e-15,8.642216174463424050e-15,9.817225022279094104e-14,3.592937105061262681e-13,4.632795246061784111e-12,1.502733651897276632e-11,1.064803246186092796e-10,2.194210397483465670e-10,5.189322392612884596e-10,5.966534233708639147e-10,4.700939729580235968e-10,3.363544087283082233e-10,1.286373276575638637e-10,7.340525638775772382e-11,2.415409314075224467e-11,1.483395844310494982e-11,7.217031815643770026e-12,5.873055168548971944e-12,5.369702282104725499e-12,5.951788988414231929e-12,9.185182054240268595e-12,1.233499591260078104e-11,2.355029374772688380e-11,3.222145581626605429e-11,5.447735477651224553e-11,6.576275223842522125e-11,8.009579030430384952e-11,8.073994851333626127e-11,7.011662173724182712e-11,6.150384311543431737e-11,4.440002531624518897e-11,3.744695730530014227e-11,2.773726565677382336e-11,2.477767675008926002e-11,2.185253530456428631e-11,2.162108843741308850e-11,2.322321039627522204e-11,2.495917601557599147e-11,2.999663091838656107e-11,3.304828065126431264e-11,3.921917809637147714e-11,4.183038231119276529e-11,4.492276297181569192e-11,4.517174357005285246e-11,4.329876572979314900e-11,4.153108157942467238e-11,3.742979055632077515e-11,3.547961362502854640e-11,3.239105168031117601e-11,3.136505930602688161e-11,3.042819357482011433e-11,3.049064840399736548e-11,3.150317118581552264e-11,3.234738555978706673e-11,3.437702197423486358e-11,3.540847954062011430e-11,3.711834105460691188e-11,3.767004444515291775e-11,3.801613440278933664e-11,3.782443917809980710e-11,3.690527542582738157e-11,3.628995121443025218e-11,3.504596893450558776e-11,3.451550990277076764e-11,3.379161558317474168e-11,3.362601573597169546e-11,3.368569119255098929e-11,3.388163800086343991e-11,3.449149035909251579e-11,3.484562150542908077e-11,3.550826967120600600e-11,3.576530925261146854e-11,3.604378057684484021e-11,3.605524598771382011e-11,3.585652966626691820e-11,3.547129506353136064e-11
2.250000000000000000e+02,-4.582533476413382881e-05,1.776519667526858025e-05,3.719953280524823875e-05,9.508934862954338983e-05,1.366097936382699768e-04,2.340558982865174301e-04,2.798861383447487665e-04,3.275749512406016055e-04,3.130058821731500568e-04,2.130542761975747228e-04,1.484197909137147326e-04,4.743035842061733484e-05,2.103614446847837204e-05,2.289578067675302332e-06,5.325902163562314280e-07,1.249514252475876757e-08,1.242089501550850371e-09,7.527122737496609595e-12,7.206601445155016994e-13,1.331770251803560123e-14,2.983283921547535966e-15,4.277177570455314992e-16,2.808015864101676140e-16,3.191145806803741269e-16,5.159514850951174569e-16,2.592002133761095450e-15,7.485941662561945709e-15,8.603668721473417547e-14,3.168609851497000696e-13,4.136837058891021379e-12,1.349631359090757571e-11,9.656267945619065318e-11,1.997026000715904602e-10,4.743389935189475971e-10,5.457631634624539665e-10,4.294806158253823211e-10,3.067785870646054340e-10,1.167634017156860861e-10,6.644377127489053958e-11,2.174337301191504174e-11,1.332137081444225227e-11,6.458195923300571323e-12,5.250212645278168333e-12,4.798109006192829290e-12,5.320900993844700916e-12,8.229000841202330219e-12,1.106690389015337755e-11,2.119648431249529161e-11,2.904580926905292459e-11,4.923574263272995424e-11,5.949067591494569193e-11,7.252744024387365596e-11,7.311358344517767185e-11,6.344922048699686012e-11,5.561927851740816262e-11,4.008719848040340206e-11,3.378106743444873883e-11,2.498485723460884891e-11,2.230653402062691276e-11,1.966094039011984443e-11,1.945167994504750503e-11,2.090039615985569976e-11,2.247070379161192344e-11,2.703039582527960727e-11,2.979451559602386279e-11,3.538774741990158290e-11,3.775587261318482865e-11,4.056132488124966282e-11,4.078724338119456630e-11,3.908787389491881828e-11,3.748437646974682458e-11,3.376535668767185680e-11,3.199764840702877880e-11,2.919906624701627124e-11,2.826968936448914088e-11,2.742117701659422049e-11,2.747773697757329575e-11,2.839478252406133635e-11,2.915950301856339022e-11,3.099842320222583048e-11,3.193316770543465702e-11,3.348300240855420912e-11,3.398314789293532812e-11,3.429691310818808528e-11,3.412311971477460446e-11,3.328985596570428057e-11,3.273209412795732506e-11,3.160462823658402934e-11,3.112391412847005656e-11,3.046796375036266852e-11,3.031791661391733742e-11,3.037198684013257127e-11,3.054953254206854360e-11,3.110214706901525197e-11,3.142306347850981618e-11,3.202360378690973994e-11,3.225656691079915872e-11,3.250896363357017732e-11,3.251935565718334226e-11,3.233924467869716060e-11,3.199009289346806117e-11
2.260000000000000000e+02,-3.886833442444288529e-05,1.779439116889527188e-05,3.724370428442957232e-05,9.509107336584082912e-05,1.365180441221421070e-04,2.334510696021195033e-04,2.787628505484862412e-04,3.251326303573239050e-04,3.099911115747558030e-04,2.098119389092850781e-04,1.456570449883664035e-04,4.614991657519622933e-05,2.036037107577030883e-05,2.187255147794024180e-06,5.047176744842198992e-07,1.161055945324637609e-08,1.140757127594729109e-09,6.753492316974914894e-12,6.388615697116954706e-13,1.157130353991384086e-14,2.572913399261772538e-15,3.654845523448635447e-16,2.394663785841577575e-16,2.723041518833124730e-16,4.412770604651783390e-16,2.233896932452711370e-15,6.484369248146992781e-15,7.540126699010982203e-14,2.794395642072462771e-13,3.693972733221587840e-12,1.212127405690382673e-11,8.756876195443194857e-11,1.817561559971144630e-10,4.335777242811078395e-10,4.992134303662587765e-10,3.923759771414479791e-10,2.798033569908499850e-10,1.059854941643282276e-10,6.014248246557357680e-11,1.957325517350184604e-11,1.196301753812007915e-11,5.779147451388799706e-12,4.693422706687419566e-12,4.287360248181500133e-12,4.756886562169021504e-12,7.372357851151770114e-12,9.929176472450902680e-12,1.907793223393646972e-11,2.618314229709331475e-11,4.449845535586327908e-11,5.381678971547437101e-11,6.567422710393672550e-11,6.620756774175810475e-11,5.741581845787558855e-11,5.029773285695170182e-11,3.619329785691221407e-11,3.047404915354013158e-11,2.250557228235640708e-11,2.008184310980714801e-11,1.768913941919188909e-11,1.749994322629983001e-11,1.880991106010523536e-11,2.023033472784308701e-11,2.435747657985719988e-11,2.686109731723281685e-11,3.193061708594256698e-11,3.407823962663049031e-11,3.662332464610075153e-11,3.682831225041132556e-11,3.528649665892518231e-11,3.383197122111417446e-11,3.045967386601294499e-11,2.885740034246336155e-11,2.632163364086606214e-11,2.547979455734279003e-11,2.471132182208088043e-11,2.476254207380793743e-11,2.559309346075082717e-11,2.628578871764503805e-11,2.795187314979163604e-11,2.879895222984837563e-11,3.020370309788538224e-11,3.065709789978540711e-11,3.094155059799779187e-11,3.078399105858062659e-11,3.002861788435964852e-11,2.952304582580370443e-11,2.850120768056350548e-11,2.806558411778785345e-11,2.747121493229965489e-11,2.733526312882804746e-11,2.738425342063179058e-11,2.754512214836728895e-11,2.804585879398295567e-11,2.833666871840997276e-11,2.888090915237947337e-11,2.909204589740272545e-11,2.932080397027121352e-11,2.933022286144820051e-11,2.916697920918266337e-11,2.885053823040205703e-11
2.270000000000000000e+02,-3.187595281556973202e-05,1.782356912193490078e-05,3.728782650127422367e-05,9.509265924307339687e-05,1.364261983764428882e-04,2.328476157398824773e-04,2.776438849640610685e-04,3.227083617091266272e-04,3.070052494407622136e-04,2.066188785873536871e-04,1.429456855287504729e-04,4.490403173859378407e-05,1.970630249253541190e-05,2.089504765073360137e-06,4.783037395533973812e-07,1.078859831396409338e-08,1.047691546474278923e-09,6.059374268346014863e-12,5.663474924493330787e-13,1.005392194193890920e-14,2.218995928844613719e-15,3.123112120480275866e-16,2.042162554512227945e-16,2.323648543543777034e-16,3.774039999786260591e-16,1.925265231527556464e-15,5.616804222251248202e-15,6.608052999105065717e-14,2.464376020415957880e-13,3.298518447584445484e-12,1.088632614907941373e-11,7.941253703886916315e-11,1.654224688544918276e-10,3.963191465882810217e-10,4.566340164132332187e-10,3.584769306551782893e-10,2.552000517172200479e-10,9.620243832916862761e-11,5.443878039465077992e-11,1.761972645829843268e-11,1.074317187537950427e-11,5.171497250073577023e-12,4.195680505499413404e-12,3.830979309552961370e-12,4.252657179583483466e-12,6.604891255505927067e-12,8.908411782229154474e-12,1.717112430433924419e-11,2.360260905042441473e-11,4.021696940314373192e-11,4.868404258965815593e-11,5.946857780791004605e-11,5.995386125219864110e-11,5.195612952997759326e-11,4.548533845036804857e-11,3.267763139345059714e-11,2.749077105957927272e-11,2.027230874758912532e-11,1.807902506628829287e-11,1.591508952484546255e-11,1.574403791609587169e-11,1.692851756804380006e-11,1.821333286690070621e-11,2.194886889020407697e-11,2.421648655665268809e-11,2.881122119715749316e-11,3.075882596721571730e-11,3.306765237608318142e-11,3.325364385031248995e-11,3.185480850452504509e-11,3.053544662810119339e-11,2.747762033097206347e-11,2.602533385196240112e-11,2.372775662339314182e-11,2.296522845344648942e-11,2.226926192142866454e-11,2.231564547272536433e-11,2.306784268674621705e-11,2.369528137341914836e-11,2.520473830732242182e-11,2.597235530213837934e-11,2.724557344600982145e-11,2.765657768446540266e-11,2.791445012287471425e-11,2.777161148075600605e-11,2.708686438123927842e-11,2.662860969731119590e-11,2.570252567908343916e-11,2.530777267574025116e-11,2.476921629363275021e-11,2.464603867535384782e-11,2.469042523466904657e-11,2.483617998083218967e-11,2.528989801050488678e-11,2.555341953525613538e-11,2.604662630869246376e-11,2.623797700781289530e-11,2.644530537750881122e-11,2.645384206015431033e-11,2.630588966329259343e-11,2.601910181721737297e-11
2.280000000000000000e+02,-2.485397823170133215e-05,1.785273054105680448e-05,3.733189949211029071e-05,9.509410658940012893e-05,1.363342570171883204e-04,2.322455344567186377e-04,2.765292260406568086e-04,3.203020132635097674e-04,3.040480199811194202e-04,2.034743474025005761e-04,1.402847575527441820e-04,4.369177155690249370e-05,1.907324172548791156e-05,1.996122600949960227e-06,4.532720846025228292e-07,1.002482603634275880e-08,9.622183554154769246e-10,5.436596526155017262e-12,5.020640885455493474e-13,8.735518547669379741e-15,1.913762524103843066e-15,2.668662003619398648e-16,1.741567502190621841e-16,1.982802485568646578e-16,3.227805392760907388e-16,1.659273169167183037e-15,4.865309815183654907e-15,5.791197464069183787e-14,2.173331772794412364e-13,2.945398841546018748e-12,9.777197169149589792e-12,7.201598280388854523e-11,1.505566096835322162e-10,3.622622709215138695e-10,4.176862889204203694e-10,3.275065376264851922e-10,2.327601106308168320e-10,8.732240550831109512e-11,4.927599300480283405e-11,1.586117028394714266e-11,9.647710676684816133e-12,4.627738212033055340e-12,3.750724049107843211e-12,3.423178922398392721e-12,3.801875731823754073e-12,5.917317857765964223e-12,7.992585681970221581e-12,1.545489734791822591e-11,2.127640369727176912e-11,3.634742987412018303e-11,4.404082454558216723e-11,5.384930419662634950e-11,5.429085047804348314e-11,4.701560005844398343e-11,4.113338145369052103e-11,2.950345957125621865e-11,2.479954087613168816e-11,1.826065390409903171e-11,1.627595223852550121e-11,1.431895847755332817e-11,1.416431501507554348e-11,1.523530235888852225e-11,1.639742841494699031e-11,1.977843650102372071e-11,2.183224919412632935e-11,2.599656601098843112e-11,2.776273958651569694e-11,2.985718933917226592e-11,3.002594105018215401e-11,2.875685694208934481e-11,2.756012687624197557e-11,2.478751271351321145e-11,2.347120445185058371e-11,2.138949250940383288e-11,2.069881964531514532e-11,2.006853325420233577e-11,2.011053583589935551e-11,2.079175464677934966e-11,2.136007089790798591e-11,2.272759234026662696e-11,2.342318484625186686e-11,2.457715882005673431e-11,2.494972698696674117e-11,2.518349736035994761e-11,2.505400731713305906e-11,2.443329762959970536e-11,2.401794167806244225e-11,2.317865882477750279e-11,2.282095037031348084e-11,2.233297741684636857e-11,2.222137635371165300e-11,2.226159085563328248e-11,2.239364846578746973e-11,2.280475311830488204e-11,2.304354120984553750e-11,2.349048915589258338e-11,2.366390387814479648e-11,2.385180557768862113e-11,2.385954250537784989e-11,2.372545219233310534e-11,2.346554490634581401e-11
2.290000000000000000e+02,-1.780823536439440647e-05,1.788187595219565938e-05,3.737592407738865162e-05,9.509541575449730012e-05,1.362422190174381520e-04,2.316448128149354820e-04,2.754188385262364949e-04,3.179134115303573890e-04,3.011190980746235920e-04,2.003775540888794431e-04,1.376732777053211630e-04,4.251220808805717712e-05,1.846050341646310024e-05,1.906911912075391353e-06,4.295499650498552579e-07,9.315111174857597202e-09,8.837168280713457533e-10,4.877817469601045119e-12,4.450761895808622720e-13,7.589981025407296911e-15,1.650508072228995538e-15,2.280382100598027373e-16,1.485221451033580387e-16,1.691965252799410013e-16,2.760615900373325493e-16,1.430028784190490176e-15,4.214348054559780010e-15,5.075305207027404342e-14,1.916655548194531183e-13,2.630076562895773684e-12,8.781051711768354112e-12,6.530823035754492085e-11,1.370264433332973181e-10,3.311314415313591341e-10,3.820598902081872444e-10,2.992113026055042042e-10,2.122929632040744356e-10,7.926190627639438310e-11,4.460274348212084350e-11,1.427810073881155377e-11,8.663934255085086605e-12,4.141144377281871791e-12,3.352948723788634622e-12,3.058781709636051310e-12,3.398870018712831648e-12,5.301310456698633822e-12,7.170896282370289865e-12,1.391017728045594766e-11,1.917942532765094799e-11,3.285014212148391899e-11,3.984037659306616415e-11,4.876091346558801554e-11,4.916265460594253234e-11,4.254478802880024522e-11,3.719774208910098766e-11,2.663756301852279046e-11,2.237172772067471532e-11,1.644858685359768848e-11,1.465267630943204932e-11,1.288287871021621955e-11,1.274307300509042694e-11,1.371141809236565111e-11,1.476254423812459714e-11,1.782259453206509227e-11,1.968271416823998664e-11,2.345683796668978499e-11,2.505844128727831473e-11,2.695837142454031617e-11,2.711147749511377998e-11,2.596013851544694447e-11,2.487466939173651852e-11,2.236072839137902800e-11,2.116769681358068173e-11,1.928161652559176251e-11,1.865604363904932970e-11,1.808525341474593456e-11,1.812328786053737061e-11,1.874021032146201519e-11,1.925496213346514565e-11,2.049386310339681300e-11,2.112417315383390524e-11,2.217004442238456642e-11,2.250776242495493643e-11,2.271967807775956104e-11,2.260229214212520002e-11,2.203964533662242098e-11,2.166318174989128632e-11,2.090258348014044885e-11,2.057845141848185094e-11,2.013632207007701354e-11,2.003521212663402808e-11,2.007164579196350253e-11,2.019129042226688008e-11,2.056377454995599215e-11,2.078014514882977823e-11,2.118516273459701907e-11,2.134231871024866271e-11,2.151260971729293710e-11,2.151962163221316122e-11,2.139809770007410593e-11,2.116255742084442552e-11
2.300000000000000000e+02,-1.074457984685298458e-05,1.791100432318629794e-05,3.741989872422330567e-05,9.509658701869813506e-05,1.361500882700160007e-04,2.310454699808857056e-04,2.743127465459912844e-04,3.155425115116211273e-04,2.982183175292210664e-04,1.973278836769086009e-04,1.351104192069616503e-04,4.136450062473157627e-05,1.786745643969976408e-05,1.821689407110454865e-06,4.070696772693351934e-07,8.655651315777032118e-09,8.116208970767842604e-10,4.376478326061864627e-12,3.945576385820355816e-13,6.594678348867920314e-15,1.423471055112847383e-15,1.948582354499572844e-16,1.266602247347245469e-16,1.443784599253900014e-16,2.361053518494526937e-16,1.232458349243424622e-15,3.650493468165642852e-15,4.447919930863995092e-14,1.690297089172428449e-13,2.348515923156517179e-12,7.886412497441069869e-12,5.922535281040793975e-11,1.247123986247928099e-10,3.026762805269248100e-10,3.494727541529426542e-10,2.733610755037272537e-10,1.936258400759194222e-10,7.194556796395474695e-11,4.037276489988648413e-11,1.285305695188576017e-11,7.780487691771173324e-12,3.705721556232521342e-12,2.997364377234574065e-12,2.733179813726939640e-12,3.038589452142716023e-12,4.749439844908181010e-12,6.433693745331171658e-12,1.251987470402178559e-11,1.728915325148298616e-11,2.968940835671905146e-11,3.604061275154914028e-11,4.415341503806696592e-11,4.451893176580536387e-11,3.849918005718205340e-11,3.363872178752818926e-11,2.405009460489495113e-11,2.018162671315714817e-11,1.481636371887052120e-11,1.319132075707635243e-11,1.159084737166319636e-11,1.146445849562719062e-11,1.233997977822946009e-11,1.329068778284662935e-11,1.606018947896499429e-11,1.774484688724933205e-11,2.116526495996625800e-11,2.261760118860904438e-11,2.434104031378561076e-11,2.447994832661763969e-11,2.343545274460540496e-11,2.245092182501977687e-11,2.017157004005219658e-11,1.909029318224739549e-11,1.738149658857507211e-11,1.681489981941155978e-11,1.629800071451263568e-11,1.633244117409788330e-11,1.689112384507872149e-11,1.735734970365759595e-11,1.847970328363202509e-11,1.905084543996060902e-11,1.999872049714590712e-11,2.030484163307298175e-11,2.049694158365723655e-11,2.039053062173319750e-11,1.988052633453173731e-11,1.953932072970522224e-11,1.885004505154522832e-11,1.855634405628549949e-11,1.815576006796901752e-11,1.806415699023898678e-11,1.809716457670340704e-11,1.820556067214768557e-11,1.854304514434636578e-11,1.873909858902467803e-11,1.910611160046440070e-11,1.924853012440566613e-11,1.940285763851192728e-11,1.940921234395650858e-11,1.929907950062750930e-11,1.908562635427461015e-11
2.310000000000000000e+02,-3.668892785717616177e-06,1.794011618025314958e-05,3.746382425389520977e-05,9.509762073297268700e-05,1.360578637459664085e-04,2.304474929904963510e-04,2.732109148700110420e-04,3.131891412872880344e-04,2.953453578781497753e-04,1.943245662068257334e-04,1.325952323124671964e-04,4.024776892862150896e-05,1.729345770452406393e-05,1.740275322860508117e-06,3.857658257984922306e-07,8.042876648352755020e-09,7.454066531306031474e-10,3.926666123280601753e-12,3.497731821517323370e-13,5.729894979170958857e-15,1.227664142761965282e-15,1.665063486394613435e-16,1.080153354997628878e-16,1.232009421781379843e-16,2.019322311089515737e-16,1.062184398054576151e-15,3.162079024185762699e-15,3.898088610186363316e-14,1.490671621005217138e-13,2.097097337092328900e-12,7.082921106045655599e-12,5.370903593570190726e-11,1.135049595994678151e-10,2.766663342985751877e-10,3.196650510289651887e-10,2.497441437860034347e-10,1.766001184988972553e-10,6.530456461706018816e-11,3.654394040827001981e-11,1.157024044156723620e-11,6.987124062838391330e-12,3.316081217924455411e-12,2.679489962479746903e-12,2.442237456969168765e-12,2.716498434955139964e-12,4.255019042018442620e-12,5.772278673601716767e-12,1.126852993494552270e-11,1.558517990481671873e-11,2.683278775454111284e-11,3.260324736390222879e-11,3.998128313566800987e-11,4.031383427707067716e-11,3.483826816762144443e-11,3.042022017035508875e-11,2.171396083128402949e-11,1.820592609147849350e-11,1.334610789878836455e-11,1.187570957261261241e-11,1.042839370443655400e-11,1.031413673010869053e-11,1.110571399704889930e-11,1.196557745718689709e-11,1.447206035870183486e-11,1.599777149995611344e-11,1.909756134030427357e-11,2.041451154833235108e-11,2.197781841423951887e-11,2.210384210769042544e-11,2.115629688089962343e-11,2.026333854077572725e-11,1.819673292738216972e-11,1.721676502679944328e-11,1.566862389871880685e-11,1.515545508668552570e-11,1.468736977479402649e-11,1.471855513758495268e-11,1.522448442085145648e-11,1.564674916358871435e-11,1.666349590432076731e-11,1.718101238442989076e-11,1.804005347171434414e-11,1.831752753577803533e-11,1.849166068088292343e-11,1.839520081830080668e-11,1.793292437408179922e-11,1.762368178113662325e-11,1.699905506851275613e-11,1.673293426519121305e-11,1.637000013963844404e-11,1.628701195999977835e-11,1.631691495260152768e-11,1.641511779130162634e-11,1.672088422328819228e-11,1.689852419363844691e-11,1.723109109197151550e-11,1.736015120160316850e-11,1.750000845122490038e-11,1.750576741425723874e-11,1.740596021468691044e-11,1.721252750942916078e-11
2.320000000000000000e+02,3.412924715409965583e-06,1.796921153005611927e-05,3.750770070263985065e-05,9.509851722314756122e-05,1.359655460539000034e-04,2.298508795967203603e-04,2.721133281444113711e-04,3.108531725968876691e-04,2.924999536466532830e-04,1.913668981569649496e-04,1.301268310187983653e-04,3.916117723926921385e-05,1.673789551060444471e-05,1.662499481912330599e-06,3.655768485919907144e-07,7.473482257584497637e-09,6.845942671678156876e-10,3.523085033817620164e-12,3.100719783844906995e-13,4.978512803968876757e-15,1.058791607584349051e-15,1.422795122820938452e-16,9.211568004685241617e-17,1.051299177649411137e-16,1.727049357474683133e-16,9.154350929098213629e-16,2.739011478020657309e-15,3.416224610800779569e-14,1.314621968142443142e-13,1.872594012785369329e-12,6.361291263389060599e-12,4.870651060106406544e-11,1.033046817318490314e-10,2.528914824141922945e-10,2.923997191168688258e-10,2.281675669630028446e-10,1.610714713627609061e-10,5.927655996107640156e-11,3.307822648509846819e-11,1.041545623882018912e-11,6.274657887202764921e-12,2.967409597038429608e-12,2.395326343483249361e-12,2.182265237436140917e-12,2.428548917497594601e-12,3.812067549035440088e-12,5.178859852727590429e-12,1.014225453059190100e-11,1.404914445726879288e-11,2.425101998953884167e-11,2.949371733541601270e-11,3.620337993295877029e-11,3.650593188422786859e-11,3.152547197894160053e-11,2.750965746585958384e-11,1.960474840778162722e-11,1.642363724106181357e-11,1.202174730951881786e-11,1.069130743730836849e-11,9.382522471037760140e-12,9.279235246344516444e-12,9.994900721749613338e-12,1.077258257031472703e-11,1.304097396959691944e-11,1.442270381069873193e-11,1.723185691987011653e-11,1.842601441451953469e-11,1.984403517514690208e-11,1.995836702168158868e-11,1.909879291265705417e-11,1.828890841642542777e-11,1.641523489995933135e-11,1.552710424529413474e-11,1.412454631887603168e-11,1.365977802485191352e-11,1.323590641783855041e-11,1.326414369558556869e-11,1.372229035613133845e-11,1.410473041040313921e-11,1.502578626148500960e-11,1.549470137174438532e-11,1.627321613364103906e-11,1.652471819183756394e-11,1.668256133186151358e-11,1.659512398545948553e-11,1.617611844466172798e-11,1.589585108320194307e-11,1.532982268246340079e-11,1.508869764650302850e-11,1.475988228377488705e-11,1.468470052452602523e-11,1.471179031361038742e-11,1.480075640879254255e-11,1.507777944898764451e-11,1.523873167214888553e-11,1.554007851999777198e-11,1.565703052107677109e-11,1.578377138927730488e-11,1.578899034000664841e-11,1.569854275921227357e-11,1.552325672137452590e-11
2.330000000000000000e+02,1.049495703645571124e-05,1.799829037925274028e-05,3.755152810666959442e-05,9.509927681446837973e-05,1.358731358005875228e-04,2.292556275516065864e-04,2.710199710642532066e-04,3.085344781062683453e-04,2.896818418783406071e-04,1.884541866667899441e-04,1.277043457753178519e-04,3.810391233890578233e-05,1.620017779746355080e-05,1.588199310547857237e-06,3.464444049359259961e-07,6.944397183142813571e-09,6.287430540705791441e-10,3.160983520899694928e-12,2.748770568122447730e-13,4.325661736356151144e-15,9.131489509851820063e-16,1.215780270511987449e-16,7.855552959425832205e-17,8.970925944370294891e-17,1.477089934739939103e-16,7.889603683905455078e-16,2.372547755588767793e-15,2.993926212903428447e-14,1.159363844348022116e-13,1.672124591906216408e-12,5.713182783646472175e-12,4.416992251928062840e-11,9.402105694139030988e-11,2.311596601644211628e-10,2.674599157989290430e-10,2.084550730204674622e-10,1.469082619954615232e-10,5.380497156959296833e-11,2.994118744339372296e-11,9.375926089729151765e-12,5.634840294696909571e-12,2.655399066863600721e-12,2.141298489365703155e-12,1.949966475792088046e-12,2.171121938373925253e-12,3.415227434487360866e-12,4.646447028538612176e-12,9.128548150673029826e-12,1.266449563390459072e-11,2.191766000530820553e-11,2.668075594070278434e-11,3.278245469037082988e-11,3.305770758247803497e-11,2.852768947278646033e-11,2.487757101321162127e-11,1.770041539791847914e-11,1.481582620192658899e-11,1.082880469728498760e-11,9.625028650546321556e-12,8.441541704271916281e-12,8.348173155769923401e-12,8.995192194864764026e-12,9.698531113614176045e-12,1.175140119457176221e-11,1.300270898473064683e-11,1.554841803370194103e-11,1.663120750600328990e-11,1.791741520166460593e-11,1.802113757259384257e-11,1.724138496733598324e-11,1.650686244593010943e-11,1.480814795329181421e-11,1.400326629283875357e-11,1.273263004938614360e-11,1.231170680778459394e-11,1.192788132058975915e-11,1.195344863232593573e-11,1.236831613892603286e-11,1.271467962382991090e-11,1.354903163913680122e-11,1.397390005019260271e-11,1.467942103423435906e-11,1.490737694318487478e-11,1.505045075553105866e-11,1.497119378778878369e-11,1.459141742809588315e-11,1.433741614879002410e-11,1.382450037387369154e-11,1.360602828964589932e-11,1.330813099152151902e-11,1.324002287133078069e-11,1.326456356219422612e-11,1.334515987706742443e-11,1.359613585114722266e-11,1.374196469575259157e-11,1.401501612551296020e-11,1.412099357089239681e-11,1.423584556511339923e-11,1.424057503286669992e-11,1.415861121040521385e-11,1.399977302732032317e-11
2.340000000000000000e+02,1.757127952110263959e-05,1.802735273449817421e-05,3.759530650217370691e-05,9.509989983160101450e-05,1.357806335909643393e-04,2.286617346063325360e-04,2.699308283734280518e-04,3.062329314010233425e-04,2.868907621114718978e-04,1.855857493756096809e-04,1.253269231785674039e-04,3.707518294461592458e-05,1.567973151402905551e-05,1.517219499030739843e-06,3.283132068953364198e-07,6.452767858107201710e-09,5.774482793988763678e-10,2.836098397823077003e-12,2.436769319311138382e-13,3.758420712238891293e-15,7.875407411709473005e-16,1.038868969148454280e-16,6.699352986423712242e-17,7.655144964105464744e-17,1.263298818852953698e-16,6.799573924742841058e-16,2.055115382341640706e-15,2.623830243787123040e-14,1.022441747694675940e-13,1.493116174184619047e-12,5.131105189717412307e-12,4.005587448372999876e-11,8.557171053493492323e-11,2.112953070431029812e-10,2.446472930821644038e-10,1.904456184191551018e-10,1.339904283242953666e-10,4.883843977222432874e-11,2.710165328511900465e-11,8.440147062830196181e-12,5.060263521411163118e-12,2.376194916829318937e-12,1.914210499500855131e-12,1.742395412522058928e-12,1.940982141316162715e-12,3.059698521157500420e-12,4.168768564534854407e-12,8.216159818333823237e-12,1.141631337329821784e-11,1.980880714517433035e-11,2.413607843386564485e-11,2.968477647054940625e-11,2.993518800559007674e-11,2.581496624673657383e-11,2.249731702471356731e-11,1.598106088923027107e-11,1.336541253309209663e-11,9.754239384658852999e-12,8.665092562476061494e-12,7.594932007522897655e-12,7.510531547404901767e-12,8.095475675316257322e-12,8.731564326821053545e-12,1.058934850003685584e-11,1.172251947679429744e-11,1.402943881808607282e-11,1.501122450558371561e-11,1.617784572483568079e-11,1.627194102591235196e-11,1.556461348830662575e-11,1.489845528237078269e-11,1.335839713178426161e-11,1.262897748413615608e-11,1.147788044418411070e-11,1.109667457070305160e-11,1.074911955777600736e-11,1.077226884625172298e-11,1.114793718085373489e-11,1.146162026779192628e-11,1.221741340433628482e-11,1.260236393255012403e-11,1.324172071838036584e-11,1.344833028236471460e-11,1.357801381840994213e-11,1.350617351181140728e-11,1.316196125003619814e-11,1.293176961456206364e-11,1.246699312930582906e-11,1.226905026074811937e-11,1.199916989703150687e-11,1.193747125821198289e-11,1.195970222067133971e-11,1.203271453287767245e-11,1.226008741549806588e-11,1.239221094175620846e-11,1.263961824405647992e-11,1.273564881212971983e-11,1.283972482778476462e-11,1.284401062815062299e-11,1.276973647402210657e-11,1.262580600304625579e-11
2.350000000000000000e+02,2.463596395246998703e-05,1.805639860244525837e-05,3.763903592531837400e-05,9.510038659863218383e-05,1.356880400281351771e-04,2.280691985112373566e-04,2.688458848645449502e-04,3.039484069799506735e-04,2.841264563554440447e-04,1.827609142637232596e-04,1.229937256727016502e-04,3.607421911688065298e-05,1.517600200841460540e-05,1.449411677069203388e-06,3.111308595805611465e-07,5.995942720032556997e-09,5.303382266016163672e-10,2.544604633204555419e-12,2.160181823457514583e-13,3.265566121549504097e-15,6.792086153489113043e-16,8.877244100403969274e-17,5.713067822640804927e-17,6.532318089225164215e-17,1.080441346199695341e-16,5.860180504919931810e-16,1.780151547003949730e-15,2.299483709998148551e-14,9.016902553934079412e-14,1.333271289053784836e-12,4.608331135447099949e-12,3.632501125659355970e-11,7.788167032062010518e-11,1.931379485494235954e-10,2.237804201993720717e-10,1.739920724925831004e-10,1.222084651560768030e-10,4.433034558063092892e-11,2.453141000475752079e-11,7.597764272246213327e-12,4.544275146337126842e-12,2.126347742900745047e-12,1.711205392743988737e-12,1.556919852508395832e-12,1.735237106591626735e-12,2.741180322822760890e-12,3.740197564096499339e-12,7.394963059872278199e-12,1.029114806745537805e-11,1.790286034315260143e-11,2.183409766735085883e-11,2.687980154620793136e-11,2.710760870600851385e-11,2.336019622368751963e-11,2.034480089347441741e-11,1.442871702041106756e-11,1.205698786117944885e-11,8.786304715339759638e-12,7.800893418507875640e-12,6.833228962863351769e-12,6.756936908592064278e-12,7.285749918141144060e-12,7.861005767905099653e-12,9.542206082365986552e-12,1.056837088206515583e-11,1.265885288506316507e-11,1.354903674335734137e-11,1.460716663525076821e-11,1.469252652281185546e-11,1.405091136418511709e-11,1.344676804528998487e-11,1.205057911842096451e-11,1.138956120307630174e-11,1.034678048331149659e-11,1.000155200222814858e-11,9.686846990367885615e-12,9.707806478446382586e-12,1.004797187429762664e-11,1.033205174926421152e-11,1.101666756545037831e-11,1.136544288858013646e-11,1.194482752251845199e-11,1.213208550751554947e-11,1.224962935042006942e-11,1.218451312339375453e-11,1.187254149701867656e-11,1.166393227120497700e-11,1.124278635819412134e-11,1.106344761964595143e-11,1.081895465617345280e-11,1.076306356661963816e-11,1.078320173767115947e-11,1.084934222404234858e-11,1.105532719948391918e-11,1.117503080360921636e-11,1.139919741241436808e-11,1.148621276827262346e-11,1.158052176559749152e-11,1.158440542860131144e-11,1.151710101054037767e-11,1.138668199239891744e-11
2.360000000000000000e+02,3.168308401993766938e-05,1.808542798974445502e-05,3.768271641224672872e-05,9.510073743907078046e-05,1.355953557133785035e-04,2.274780170158556634e-04,2.677651253788144764e-04,3.016807802485654898e-04,2.813886690675150787e-04,1.799790194959733367e-04,1.207039312554724752e-04,3.510027168406615349e-05,1.468845243728868937e-05,1.384634103777419530e-06,2.948477097710391339e-07,5.571457911336837304e-09,4.870715035048015992e-10,2.283070325674596557e-12,1.914988417947745269e-13,2.837336756603831001e-15,5.857808812667619769e-16,7.585349449251710396e-17,4.872133512606735550e-17,5.574154419291099671e-17,9.240790641365514979e-17,5.050552532616381374e-16,1.541979434763196544e-15,2.015231650174045819e-14,7.951995453173849038e-14,1.190538424409529755e-12,4.138818675530463870e-12,3.294164309955655359e-11,7.088270139436357239e-11,1.765408998594683934e-10,2.046933407414417219e-10,1.589600154996528673e-10,1.114624959238958053e-10,4.023837310579295515e-11,2.220491926587615447e-11,6.839456288105193182e-12,4.080901069814738685e-12,1.902770814716549241e-12,1.529729176717817968e-12,1.391187790238546801e-12,1.551301018795202963e-12,2.455820038971788521e-12,3.355685595661430515e-12,6.655843499232209221e-12,9.276875634052581671e-12,1.618029688233097244e-11,1.975166680060792823e-11,2.433987226720980834e-11,2.454711107503001338e-11,2.113885078807754836e-11,1.839823329493131543e-11,1.302716122502560817e-11,1.087665220611761310e-11,7.914419655394560466e-12,7.022883190515704505e-12,6.147917326051674514e-12,6.078956219966128588e-12,6.557013992099930411e-12,7.077243447588341813e-12,8.598611053864044229e-12,9.527853942555182531e-12,1.142216339279590251e-11,1.222927421357317482e-11,1.318898092003912073e-11,1.326641465275056261e-11,1.268441990033781011e-11,1.213653038744516577e-11,1.087079857148330955e-11,1.027178117411244040e-11,9.327145169223376858e-12,9.014505491350931210e-12,8.729551851077276686e-12,8.748528269007793678e-12,9.056539203202828431e-12,9.313803953070725478e-12,9.933931986467331443e-12,1.024992466120214218e-11,1.077495102690118056e-11,1.094466620739538432e-11,1.105120441230282580e-11,1.099218420685900074e-11,1.070943963528804901e-11,1.052039344176655331e-11,1.013879071302091484e-11,9.976311131907646124e-12,9.754822275463703729e-12,9.704193191747458036e-12,9.722435184678860504e-12,9.782349294485109120e-12,9.968954115435919860e-12,1.007740291496424245e-11,1.028050752437548870e-11,1.035935226489925753e-11,1.044480895138555701e-11,1.044832812933590982e-11,1.038734076779911780e-11,1.026916741339633024e-11
2.370000000000000000e+02,3.870672077280281644e-05,1.811444090304387502e-05,3.772634799907883770e-05,9.510095267584827816e-05,1.355025812461510548e-04,2.268881878689501738e-04,2.666885348059339187e-04,2.994299275126592152e-04,2.786771471297299100e-04,1.772394132676493109e-04,1.184567331896621193e-04,3.415261168242181690e-05,1.421656319419767258e-05,1.322751371487399864e-06,2.794167024593239949e-07,5.177023991911736990e-09,4.473345684827723275e-10,2.048416293629496537e-12,1.697625804579321052e-13,2.465265676061118016e-15,5.052043310603548942e-16,6.482173738747709635e-17,4.155204826050695743e-17,4.756259405422347264e-17,7.903156211061523884e-17,4.352732909350398582e-16,1.335669313866361119e-15,1.766116549881124875e-14,7.012854787982400473e-14,1.063085681768036195e-12,3.717141408587400220e-12,2.987340436870836169e-11,6.451270070993546379e-11,1.613700808652455791e-10,1.872342528550863597e-10,1.452266405006438776e-10,1.016614260696403586e-10,3.652411238849653102e-11,2.009906465165380712e-11,6.156832009008347123e-12,3.664776361338942939e-12,1.702701957835735247e-12,1.367498704606204957e-12,1.243097584504443409e-12,1.386862135278454228e-12,2.200165925641227316e-12,3.010703225083104922e-12,5.990597727351543861e-12,8.362566884898437608e-12,1.462347240912056923e-11,1.786784657270513652e-11,2.203994433247653817e-11,2.222846786601199651e-11,1.912873373290319493e-11,1.663790963048151703e-11,1.176174670082952983e-11,9.811866305607739452e-12,7.129053125826470549e-12,6.322466089894989566e-12,5.531335826381485882e-12,5.469002604030406139e-12,5.901167256943968403e-12,6.371623680870210776e-12,7.748324138063308192e-12,8.589781148740996408e-12,1.030628971651192244e-11,1.103806400394504589e-11,1.190848348343919241e-11,1.197872552695768492e-11,1.145082265769856167e-11,1.095395983256386777e-11,9.806520524823555268e-12,9.263700111096940387e-12,8.407990259974920666e-12,8.124869246633418390e-12,7.866859988686202704e-12,7.884040581572059753e-12,8.162930414620274411e-12,8.395906128807421182e-12,8.957608600994228926e-12,9.243893756732176475e-12,9.719651400733313878e-12,9.873463876455997046e-12,9.970024798962567186e-12,9.916531090476288918e-12,9.660281025092830320e-12,9.488967019088707239e-12,9.143202139144917390e-12,8.996000030515351187e-12,8.795355225111722158e-12,8.749493744266128442e-12,8.766017744316328270e-12,8.820290438511010217e-12,8.989334809568570034e-12,9.087584858073500388e-12,9.271602372841209611e-12,9.343042154828437584e-12,9.420475758790871484e-12,9.423664593891795116e-12,9.368402585543510880e-12,9.261327429510145953e-12
2.380000000000000000e+02,4.570096805645031509e-05,1.814343734898927113e-05,3.776993072191170794e-05,9.510103263132016829e-05,1.354097172240925260e-04,2.262997088185442066e-04,2.656160980839732751e-04,2.971957259718960862e-04,2.759916398260749961e-04,1.745414536527334153e-04,1.162513397198693642e-04,3.323052981117829914e-05,1.375983135623685814e-05,1.263634122792942234e-06,2.647932449009813682e-07,4.810513592333378729e-09,4.108394584956135201e-10,1.837879823915304633e-12,1.504934957034798071e-13,2.141983693280252732e-15,4.357069718040340600e-16,5.538917848685320777e-17,3.543308224954189178e-17,4.058981883242607225e-17,6.759322919089316706e-17,3.751407279435625686e-16,1.156965690786437850e-15,1.547796857044939078e-14,6.184627327409861208e-14,9.492772711015666498e-13,3.338425788254346244e-12,2.709094393585874394e-11,5.871514604675670199e-11,1.475029330787387162e-10,1.712643020159105092e-10,1.326797501415553394e-10,9.272217088367954579e-11,3.315269883434873027e-11,1.819292198173335512e-11,5.542337795031836850e-12,3.291083117834547878e-12,1.523669428474261345e-12,1.222472955655050375e-12,1.110771298887518882e-12,1.239853773577111185e-12,1.971125580737132649e-12,2.701186652554875972e-12,5.391842232567965743e-12,7.538369776495523755e-12,1.321644023063485440e-11,1.616369475873798145e-11,1.995733988496579264e-11,2.012883466135338695e-11,1.730975944042511747e-11,1.504601058002243141e-11,1.061924935599799572e-11,8.851318427662534238e-12,6.421619814134423010e-12,5.691903586370165857e-12,4.976591553673519186e-12,4.920250425350432971e-12,5.310919272991185963e-12,5.736355563733946950e-12,6.982118557635492301e-12,7.744066421921848992e-12,9.299429085671880729e-12,9.962884494176330041e-12,1.075230659716708281e-11,1.081602350543574287e-11,1.033719548897355303e-11,9.886616834453923475e-12,8.846437159746624312e-12,8.354552238822726684e-12,7.579413937024593456e-12,7.323030047211732257e-12,7.089422432893406623e-12,7.104976824164489085e-12,7.357493378380621646e-12,7.568468692476654214e-12,8.077239208427802741e-12,8.336604139218967147e-12,8.767707154917758761e-12,8.907104037897493193e-12,8.994620152857901729e-12,8.946136501953097508e-12,8.713903303623777435e-12,8.558661591939742408e-12,8.245375661809859619e-12,8.112017412236372654e-12,7.930258974996572119e-12,7.888717043697587167e-12,7.903684515675121758e-12,7.952845921686737402e-12,8.105979056656931886e-12,8.194987548802712407e-12,8.361708108686402574e-12,8.426436990934069865e-12,8.496599243948931013e-12,8.499488683396186350e-12,8.449415625987836270e-12,8.352398484759611386e-12
2.390000000000000000e+02,5.265993792671894223e-05,1.817241733422403794e-05,3.781346461681936813e-05,9.510097762726642061e-05,1.353167642430301240e-04,2.257125776119539367e-04,2.645478001992594610e-04,2.949780537134625994e-04,2.733318988198374898e-04,1.718845084544232008e-04,1.140869737945383649e-04,3.233333590233130348e-05,1.331777014848056025e-05,1.207158780234495181e-06,2.509350777776047053e-07,4.469949941051764696e-09,3.773217023929961028e-10,1.648982152538912282e-12,1.334115584390553610e-13,1.861100791707148705e-15,3.757709204563197680e-16,4.732542482899226854e-17,3.021535929445540170e-17,3.463348314733383226e-17,5.780830458421148954e-17,3.233090878351774222e-16,1.002168725609819955e-15,1.356464311534633094e-14,5.454213876333532940e-14,8.476525213620307586e-13,2.998294809045815024e-12,2.456764441405648314e-11,5.343859451896037366e-11,1.348274295621997368e-10,1.566564767176755607e-10,1.212168400458726522e-10,8.456895117325098285e-11,3.009248600495005241e-11,1.646755143000760285e-11,4.989173902844330072e-12,2.955494708559505690e-12,1.363461359332567013e-12,1.092827366685859836e-12,9.925309136854174041e-13,1.108428310887723395e-12,1.765928501790570843e-12,2.423489848472210051e-12,4.852931451875333591e-12,6.795403222601987397e-12,1.194478795252728806e-11,1.462207570600065551e-11,1.807152387125641677e-11,1.822752478873547119e-11,1.566375223022728816e-11,1.360642168732198801e-11,9.587729610618152959e-12,7.984804183407308298e-12,5.784386343391303975e-12,5.124228928817756851e-12,4.477482864724893763e-12,4.426558911899049903e-12,4.779708807835670453e-12,5.164424958644872610e-12,6.291679911709247702e-12,6.981616707554903073e-12,8.390931775358739797e-12,8.992433710099285993e-12,9.708380353432542742e-12,9.766177050277245059e-12,9.331871125178078236e-12,8.923273903636841364e-12,7.980347712678841771e-12,7.534628303218493528e-12,6.832490160397965834e-12,6.600323376227974076e-12,6.388814112890783131e-12,6.402895927218668626e-12,6.631528313950311310e-12,6.822576683294945266e-12,7.283393425048037551e-12,7.518364491360899488e-12,7.908995798501430169e-12,8.035325436441236729e-12,8.114642272472223639e-12,8.070700391901806242e-12,7.860237607277761884e-12,7.719563337627195765e-12,7.435711565245174681e-12,7.314897799081624546e-12,7.150251507689279334e-12,7.112623085447043747e-12,7.126180369540144333e-12,7.170710897351322000e-12,7.309427477349139668e-12,7.390061957832875367e-12,7.541108179803888284e-12,7.599755311280161074e-12,7.663327661517910921e-12,7.665945759042711027e-12,7.620575401452462511e-12,7.532673364728757759e-12
2.400000000000000000e+02,5.957776603814864721e-05,1.820138138142542064e-05,3.785695049440179814e-05,9.510078798031524206e-05,1.352237212380328550e-04,2.251267815680335713e-04,2.634836072574066432e-04,2.927767506207313328e-04,2.706976314105444281e-04,1.692679087824647721e-04,1.119628352921420638e-04,3.146034305855702608e-05,1.288990092412919497e-05,1.153206348359197002e-06,2.378019252824225627e-07,4.153490768423579674e-09,3.465378789249662882e-10,1.479496416329460773e-12,1.182682627504615114e-13,1.617040106417083623e-15,3.240815818830733441e-16,4.044074103370931539e-17,2.577013038726483352e-17,2.955128546380803023e-17,4.943961906533900219e-17,2.786399583287746395e-16,8.680800219276751939e-16,1.188780925911667175e-14,4.810052773836573370e-14,7.569055991240962455e-13,2.692812207211962156e-12,2.227932869794261098e-11,4.863614446891286608e-11,1.232409726231883072e-10,1.432943707403233971e-10,1.107440831068671680e-10,7.713252441404272811e-11,2.731470139725718574e-11,1.490578284581286703e-11,4.491210815792470723e-12,2.654120595990596548e-12,1.220096045679783248e-12,9.769288988339085156e-13,8.868752290175883901e-13,9.909319865315444065e-13,1.582089507686824936e-12,2.174337417743237716e-12,4.367875845897022796e-12,6.125650103805911628e-12,1.079547042037720672e-11,1.322746442542974132e-11,1.636387266602855675e-11,1.650577635995634923e-11,1.417423947311369226e-11,1.230454825621460704e-11,8.656391860370656055e-12,7.203104913477541976e-12,5.210376990700659600e-12,4.613161537340461360e-12,4.028422486270031438e-12,3.982395908538622492e-12,4.301622799011538961e-12,4.649508317418338255e-12,5.669505453488338925e-12,6.294222569091633551e-12,7.571174562943580599e-12,8.116495722862351186e-12,8.765790725933936961e-12,8.818216081928238748e-12,8.424301586992723884e-12,8.053782819686730599e-12,7.199036864953631959e-12,6.795159405862186142e-12,6.159161092115280484e-12,5.948928788544315810e-12,5.757431857655870289e-12,5.770180211731815861e-12,5.977182758346109154e-12,6.150182346362741137e-12,6.567555581402789722e-12,6.780422191321033160e-12,7.134373116151476735e-12,7.248857825028088425e-12,7.320741906289337381e-12,7.280917263140142953e-12,7.090188428504531210e-12,6.962717572910493563e-12,6.705540433354396923e-12,6.596093652831355736e-12,6.446951865857631497e-12,6.412869062546230209e-12,6.425148736351801032e-12,6.465483679582266496e-12,6.591138042527731195e-12,6.664184673120954888e-12,6.801027040257041911e-12,6.854162629989484640e-12,6.911762706770206710e-12,6.914134886913496369e-12,6.873026507734497637e-12,6.793385007362959943e-12
2.410000000000000000e+02,6.644861700180309519e-05,1.823032846486669480e-05,3.790038684072037211e-05,9.510046401786290517e-05,1.351305921176567065e-04,2.245423393122772155e-04,2.624235422717197336e-04,2.905917749963112494e-04,2.680886878426129308e-04,1.666911347135156319e-04,1.098782514551075438e-04,3.061092895005493395e-05,1.247578290961313474e-05,1.101665967817840671e-06,2.253563026086521275e-07,3.859440526524484175e-09,3.182660018912148239e-10,1.327433199168129296e-12,1.048440712502970995e-13,1.404990490269653058e-15,2.795073200667630431e-16,3.455894424797545383e-17,2.198219904714360240e-17,2.522125303744404690e-17,4.228388472693467293e-17,2.401507812055392321e-16,7.519348642001655314e-16,1.041828841079339707e-14,4.241977591672857484e-14,6.758750595867515920e-13,2.418458255925085010e-12,2.020418801338373649e-11,4.426535390132917830e-11,1.126503729436800078e-10,1.310721893163762503e-10,1.011762931871522039e-10,7.035011607276191875e-11,2.479336977693688548e-11,1.349215383243240057e-11,4.042956006328028706e-12,2.383482205548827226e-12,1.091807389939566941e-12,8.733235759995211511e-13,7.924681960994051089e-13,8.858922709992222977e-13,1.417391418535689229e-12,1.950803274887273620e-12,3.931309108546471309e-12,5.521917409542949351e-12,9.756756004248440250e-12,1.196588745515196617e-11,1.481760921644495466e-11,1.494668718491926757e-11,1.282639062506491651e-11,1.112725809117396519e-11,7.815536426044634999e-12,6.497944096315287632e-12,4.693337379976444956e-12,4.153073121949263369e-12,3.624406249300507477e-12,3.582806875615171527e-12,3.871363855032818047e-12,4.185938691481615181e-12,5.108865899230118079e-12,5.674517686250421522e-12,6.831515957312142562e-12,7.325894136656942168e-12,7.914731126349924817e-12,7.962283420483509677e-12,7.605010778023377216e-12,7.269028315468745172e-12,6.494231110450339461e-12,6.128274753977591693e-12,5.552197129788868923e-12,5.361830662624356147e-12,5.188455893222199133e-12,5.199996832325019802e-12,5.387412236701298596e-12,5.544065152709304334e-12,5.922083231245899027e-12,6.114921110157538198e-12,6.435629779739590606e-12,6.539378156274373854e-12,6.604524761290309076e-12,6.568432267279461501e-12,6.395590383245081112e-12,6.280085907686347446e-12,6.047081170762295954e-12,5.947933809434362284e-12,5.812839088108895380e-12,5.781968409916335427e-12,5.793090657245196506e-12,5.829624611275625867e-12,5.943444561918968805e-12,6.009616103906136042e-12,6.133587913828911220e-12,6.181728997504791490e-12,6.233916852236946748e-12,6.236066174623682012e-12,6.198820130158891328e-12,6.126664280070581725e-12
2.420000000000000000e+02,7.326668970837346164e-05,1.825925910751355081e-05,3.794377446719836560e-05,9.510000605778821698e-05,1.350373758149376702e-04,2.239592381383243014e-04,2.613675713703917888e-04,2.884229681759021180e-04,2.655047796102810199e-04,1.641535353743528132e-04,1.078324495150206859e-04,2.978444199527441728e-05,1.207496697950858418e-05,1.052428913616445627e-06,2.135620029941837170e-07,3.586207391174955385e-09,2.923006179141778363e-10,1.190998986716138019e-12,9.294359715455308146e-14,1.220743883582897649e-15,2.410588005249958421e-16,2.953095667307392702e-17,1.874314505684315790e-17,2.152141312383726302e-17,3.617169497954764168e-17,2.069606422003267276e-16,6.513344551206667887e-16,9.130418860206490628e-15,3.740993517568902416e-14,6.035191877501455693e-13,2.172056344463754729e-12,1.832232832794065958e-11,4.028734996704228660e-11,1.029698569926561572e-10,1.198924779984358868e-10,9.243510859892941495e-11,6.416409176440533713e-11,2.250477208016674058e-11,1.221258894522608135e-11,3.639439905044408730e-12,2.140440399250355397e-12,9.770077271081117898e-13,7.807057409402184955e-13,7.081106534467807023e-13,7.919868103348215449e-13,1.269838563727060388e-12,1.750249549242396951e-12,3.538376650057475925e-12,4.977687045101125696e-12,8.817983439247077670e-12,1.082463316843997742e-11,1.341745491838589044e-11,1.353486398479597508e-11,1.160670965263434218e-11,1.006260931513385665e-11,7.056358508573598587e-12,5.861815752846583072e-12,4.227604621627814585e-12,3.738870771687920203e-12,3.260909107300445642e-12,3.223311876199459747e-12,3.484140168215354993e-12,3.768587994294227139e-12,4.603665837215817347e-12,5.115826111259241804e-12,6.164117068337138239e-12,6.612301919656400628e-12,7.146299218076072879e-12,7.189430515221022222e-12,6.865398088353943939e-12,6.560739121029210419e-12,5.858427309349441281e-12,5.526838440573535183e-12,5.005046927581378868e-12,4.832672659943991478e-12,4.675708347519520747e-12,4.686156031361715657e-12,4.855834145694147563e-12,4.997682009986320617e-12,5.340048729270997774e-12,5.514738744328596953e-12,5.805321148929717956e-12,5.899338079129977375e-12,5.958377454623464686e-12,5.925668037309005098e-12,5.769038892433631105e-12,5.664379636996161316e-12,5.453279714189192273e-12,5.363464419773020242e-12,5.241096266836095530e-12,5.213135560169432359e-12,5.223209275577282706e-12,5.256299749297789481e-12,5.359397740054352988e-12,5.419340012012031915e-12,5.531649452188668048e-12,5.575264574553089048e-12,5.622547769707463006e-12,5.624495132334518532e-12,5.590749244848217114e-12,5.525376814072280318e-12
2.430000000000000000e+02,8.002622261228726943e-05,1.828817331600003204e-05,3.798711340981776531e-05,9.509941441957899476e-05,1.349440729184972910e-04,2.233774757909836510e-04,2.603156797316316618e-04,2.862702117341239761e-04,2.629456676719128718e-04,1.616545160351521985e-04,1.058247085579031282e-04,2.898026353554826635e-05,1.168702593097244201e-05,1.005392258590634609e-06,2.023849421268217666e-07,3.332317660511056011e-09,2.684535601086245060e-10,1.068587425034732419e-12,8.239388988792728519e-14,1.060661432815412919e-15,2.078957665740954752e-16,2.523480556460011570e-17,1.597842951700512160e-17,1.836367429647323135e-17,3.092686697014901398e-17,1.783783624281776170e-16,5.641917055071443698e-16,8.001750846121924443e-15,3.299175711270196931e-14,5.389093305722264526e-13,1.950758632862821529e-12,1.661574741999242294e-11,3.666683475670850373e-11,9.412121925486509333e-11,1.096663220439631284e-10,8.444911584533799226e-11,5.852201136072408133e-11,2.042742578279958809e-11,1.105437406380156001e-11,3.276197333714446491e-12,1.922181204895394291e-12,8.742787716660080366e-13,6.979101812524396431e-13,6.327328391049144574e-13,7.080353556059015840e-13,1.137646116092065618e-12,1.570313771051025376e-12,3.184717341730113060e-12,4.487094682902210974e-12,7.969536705912383390e-12,9.792225881609210869e-12,1.214960375145110461e-11,1.225639667610644440e-11,1.050300907985864118e-11,9.099824640015387323e-12,6.370924309482585424e-12,5.287961908628791008e-12,3.808087485211893164e-12,3.365978164054060640e-12,2.933867395988470905e-12,2.899887971354216110e-12,3.135647313632847211e-12,3.392848122677621925e-12,4.148423100804217445e-12,4.612140815205174882e-12,5.561918628568460199e-12,5.968217958144013402e-12,6.452472901146734385e-12,6.491593409195008102e-12,6.197714650518770796e-12,5.921464639696387422e-12,5.284870062188459783e-12,4.984427380929669360e-12,4.511816145843193515e-12,4.355736799889486921e-12,4.213632562441102514e-12,4.223090342594763846e-12,4.376706706473235120e-12,4.505146079867954068e-12,4.815217357332680914e-12,4.973464131849403280e-12,5.236744780759243489e-12,5.321941319710518647e-12,5.375444880884039378e-12,5.345802061651819259e-12,5.203867799999026267e-12,5.109037406461278130e-12,4.917786975713010766e-12,4.836427062331928595e-12,4.725588884503355291e-12,4.700264361208982000e-12,4.709388193540990641e-12,4.739359133008186342e-12,4.832743241505420284e-12,4.887041549976427202e-12,4.988783623943553180e-12,5.028297494092531794e-12,5.071136083755964363e-12,5.072900419503777181e-12,5.042326406130663574e-12,4.983100900229214814e-12
2.440000000000000000e+02,8.672149897256610409e-05,1.831707109695774238e-05,3.803040370453768129e-05,9.509868942215235889e-05,1.348506840151669881e-04,2.227970500145151004e-04,2.592678525813311464e-04,2.841333881020021400e-04,2.604111152551215791e-04,1.591934909811368423e-04,1.038543210591857192e-04,2.819779160072548166e-05,1.131154627835135814e-05,9.604576746525481925e-07,1.917928192660199160e-07,3.096401957861268095e-09,2.465520122861119406e-10,9.587573112810818254e-13,7.304164326323026035e-14,9.215718466126787689e-16,1.792999342747902958e-16,2.156207070530546943e-17,1.363384231900521826e-17,1.566672139241553907e-17,2.645453300864630819e-17,1.537263155312884599e-16,4.887041292478411236e-16,7.012606099109086610e-15,2.909536489775071955e-14,4.812162631264230161e-13,1.752007461092337792e-12,1.506811972559144591e-11,3.337168235707007463e-11,8.603297448636724326e-11,1.003123904064597352e-10,7.715307106842712870e-11,5.337604574366487664e-11,1.854183125126526027e-11,1.000600084288382624e-11,2.949208761861450701e-12,1.726177591165369007e-12,7.823513429976169942e-13,6.238952090413876772e-13,5.653788797809616851e-13,6.329827883632538343e-13,1.019215053609141830e-12,1.408876297960895418e-12,2.866405897361534727e-12,4.044853915783491738e-12,7.202725015812566633e-12,8.858284426620753604e-12,1.100155428183317158e-11,1.109868901156326609e-11,9.504260334476655192e-12,8.229157942097123368e-12,5.752070721858418278e-12,4.770286203266242697e-12,3.430199917511811414e-12,3.030275385002348387e-12,2.639624968798527649e-12,2.608915877387249505e-12,2.822011396265422523e-12,3.054570417676365224e-12,3.738197644769132577e-12,4.158046140474019881e-12,5.018551045110446196e-12,5.386871761918314572e-12,5.826008919003131115e-12,5.861490885218124947e-12,5.594965232758562779e-12,5.344480215915652088e-12,4.767465339606397068e-12,4.495248872573784360e-12,4.067191258804760123e-12,3.925869327433932632e-12,3.797220987622994259e-12,3.805782484945716138e-12,3.944854642598527583e-12,4.061150626400757135e-12,4.341967161248377893e-12,4.485315534242216573e-12,4.723854703128464727e-12,4.801056755388173614e-12,4.849542588249849961e-12,4.822679392337339555e-12,4.694063998719917585e-12,4.608141179838348700e-12,4.434877351423491265e-12,4.361178315725501575e-12,4.260785761754995460e-12,4.237849356375847365e-12,4.246112711653662886e-12,4.273257637500693651e-12,4.357841398936607158e-12,4.407026135623721974e-12,4.499193267839922405e-12,4.534990791097218144e-12,4.573801772977774405e-12,4.575400266450778408e-12,4.547700540799559654e-12,4.494045069349146548e-12
2.450000000000000000e+02,9.334685204620167065e-05,1.834595245701599537e-05,3.807364538729418428e-05,9.509783138385568147e-05,1.347572096899924451e-04,2.222179585526624598e-04,2.582240751929494008e-04,2.820123805608729583e-04,2.579008878353756737e-04,1.567698833761622750e-04,1.019205926352513114e-04,2.743644045913930804e-05,1.094812781282025478e-05,9.175312273073467405e-07,1.817550239165469355e-07,2.877187846655961286e-09,2.264372566269370543e-10,8.602155175240627782e-13,6.475092543308663684e-14,8.007239619620132309e-16,1.546343348507450699e-16,1.841788440509750657e-17,1.162806829990703505e-17,1.337634430303991095e-17,2.261916782347883625e-17,1.324895054777286418e-16,4.233131857198091375e-16,6.145732252098301540e-15,2.565914874238378607e-14,4.296994888814548164e-13,1.573505716456931325e-12,1.366464027433705875e-11,3.037265385486161151e-11,7.863978028878684801e-11,9.175628883268966557e-11,7.048736698760538905e-11,4.868257141540151961e-11,1.683028880378276831e-11,9.057052281552166462e-12,2.654855813812549703e-12,1.550160214493050137e-12,7.000897122222057845e-13,5.577296437186962663e-13,5.051946681084926172e-13,5.658858391642887509e-13,9.131128063952567708e-13,1.264035452913994662e-12,2.579909349305006816e-12,3.646199363488769607e-12,6.509693717231257448e-12,8.013417701754552147e-12,9.961986273334007269e-12,1.005033456089564348e-11,8.600483525226035320e-12,7.441795552183549933e-12,5.193330357769476713e-12,4.303289034791532575e-12,3.089810972725128002e-12,2.728053378900710535e-12,2.374892410549403476e-12,2.347139450571515684e-12,2.539745960739546449e-12,2.750019843463825941e-12,3.368537884068135979e-12,3.748659667185058608e-12,4.528266975799277727e-12,4.862152333854306840e-12,5.260367215063031787e-12,5.292548409079056437e-12,5.050834872414623755e-12,4.823716431715321939e-12,4.300715721592719698e-12,4.054078646680177311e-12,3.666382410345836451e-12,3.538425154552167495e-12,3.421960916125295349e-12,3.429710928779493295e-12,3.555613363958286255e-12,3.660911932759289278e-12,3.915228696262616770e-12,4.045078670893847983e-12,4.261197026744073524e-12,4.331153355885061784e-12,4.375091136816014470e-12,4.350747423464453034e-12,4.234203428415267423e-12,4.156353063913993673e-12,3.999387436894388803e-12,3.932629273769271128e-12,3.841699771885490056e-12,3.820926702206156600e-12,3.828410583884590823e-12,3.852995464456894503e-12,3.929606640085125946e-12,3.974158486021520109e-12,4.057650089951507499e-12,4.090080135471171885e-12,4.125241475998707441e-12,4.126689671945550641e-12,4.101594525173293815e-12,4.052986231676235229e-12
2.460000000000000000e+02,9.989667022984930183e-05,1.837481740280175993e-05,3.811683849400050901e-05,9.509684062246722335e-05,1.346636505262380559e-04,2.216401991486830576e-04,2.571843328873996484e-04,2.799070732363341269e-04,2.554147531147947883e-04,1.543831251283440628e-04,1.000228417995987357e-04,2.669564017970327621e-05,1.059638317615316542e-05,8.765231793500451608e-07,1.722425473852366067e-07,2.673492967983294617e-09,2.079635235855770495e-10,7.718018525714256950e-13,5.740126798360611904e-14,6.957189815567921265e-16,1.333704197428731142e-16,1.574803655535195190e-17,9.906897351086296766e-18,1.141122786540993417e-17,1.935300877886625415e-17,1.141800412898796857e-16,3.666771747345975996e-16,5.386018237310552514e-15,2.262876301270533297e-14,3.836978342474858805e-13,1.413190338405215241e-12,1.239188299770408591e-11,2.764313787367769087e-11,7.188190922482670664e-11,8.392996832197376772e-11,6.439754598444504680e-11,4.440180060921120747e-11,1.527673247506220605e-11,8.198099331010490209e-12,2.389881275191053922e-12,1.392091127159870989e-12,6.264775617758136517e-13,4.985810619613853523e-13,4.514169799681860828e-13,5.059012020067199522e-13,8.180559230236764123e-13,1.134084999846428354e-12,2.322047854561373748e-12,3.286835308590439764e-12,5.883343955786525525e-12,7.249130251152716142e-12,9.020649204276483257e-12,9.101004251979051551e-12,7.782647763006009245e-12,6.729767066423857080e-12,4.688864097338041326e-12,3.882009188931057064e-12,2.783199587680709741e-12,2.455973033450853382e-12,2.136710161018337550e-12,2.111629285057176064e-12,2.285713312415518783e-12,2.475833733449513130e-12,3.035432473950938626e-12,3.379579642938217166e-12,4.085880546118685064e-12,4.388543917372214609e-12,4.749642722851575571e-12,4.778829621517738380e-12,4.559622739596334851e-12,4.353695274303751028e-12,3.879662013200370352e-12,3.656205194288095206e-12,3.305071724656917509e-12,3.189217593897557268e-12,3.083785641124284216e-12,3.090800917071243048e-12,3.204778497157938222e-12,3.300117679670179494e-12,3.530430762728291316e-12,3.648051058826630444e-12,3.843852048723145343e-12,3.907241405962970371e-12,3.947056955366443076e-12,3.924996869945733546e-12,3.819393423493827600e-12,3.748858509863492450e-12,3.606660841292894104e-12,3.546191104978300979e-12,3.463834294804672698e-12,3.445020906999579635e-12,3.451798702013182674e-12,3.474064528348648484e-12,3.543453209889704802e-12,3.583807743298174364e-12,3.659438881477641847e-12,3.688817643270753122e-12,3.720671896121664768e-12,3.721983902723116633e-12,3.699248915002562033e-12,3.655213908241791709e-12
2.470000000000000000e+02,1.063654021456705395e-04,1.840366594093961977e-05,3.815998306054691868e-05,9.509571745519735384e-05,1.345700071053915052e-04,2.210637695453791557e-04,2.561486110329319220e-04,2.778173510922344138e-04,2.529524810011610204e-04,1.520326567577259184e-04,9.816039972350983458e-05,2.597483620581503272e-05,1.025593744817487570e-05,8.373478033320795729e-07,1.632278989653970780e-07,2.484218664016769364e-09,1.909969355525127643e-10,6.924753468123129307e-13,5.088582279069026049e-14,6.044833687421369284e-16,1.150202979735559516e-16,1.345765946597632379e-17,8.456776945386934585e-18,9.730714498057402295e-18,1.654763565756001142e-17,9.840489968021559619e-17,3.176170264296285239e-16,4.720209683187204242e-15,1.995625886763718881e-14,3.426208833789620711e-13,1.269208452529466125e-12,1.123767234595309666e-11,2.515891447539726766e-11,6.570476632119636590e-11,7.677118385180769361e-11,5.883385521387313188e-11,4.049744412970394947e-11,1.386657929865024730e-11,7.420607124651937281e-12,2.151353002536639247e-12,1.250140141688567408e-12,5.606054357711054426e-13,4.457052945033151969e-13,4.033638792986030119e-13,4.522749769099096429e-13,7.328946070904798771e-13,1.017494153710864213e-12,2.089959403998344067e-12,2.962889401056725824e-12,5.317259856702470644e-12,6.557736870345907965e-12,8.168261097889206734e-12,8.241344672671457872e-12,7.042580887493994635e-12,6.085864708775361176e-12,4.233399980395347040e-12,3.501971160431958940e-12,2.507013978467372006e-12,2.211028221946707839e-12,1.922415473879814096e-12,1.899749847993244256e-12,2.057089565419938093e-12,2.228984697012249827e-12,2.735266711479528157e-12,3.046837684494291265e-12,3.686712475017492330e-12,3.961068005173783158e-12,4.288503661345130502e-12,4.314974348966146844e-12,4.116182424746504809e-12,3.929472470066280865e-12,3.499830498110076404e-12,3.297379364453241479e-12,2.979366834623617399e-12,2.874473120466347620e-12,2.779030288226416734e-12,2.785380379035501397e-12,2.888560498106630681e-12,2.974880582216725411e-12,3.183451413720991829e-12,3.289991732822669657e-12,3.467381858523153892e-12,3.524819569252282681e-12,3.560898917311788869e-12,3.540908628048462792e-12,3.445220603487224309e-12,3.381315003382970308e-12,3.252498408947389341e-12,3.197725829788555796e-12,3.123135010698642466e-12,3.106096760005505608e-12,3.112234957052505135e-12,3.132400087468671657e-12,3.195245907054375389e-12,3.231797831735813697e-12,3.300307198209929960e-12,3.326921244463203198e-12,3.355778870929582158e-12,3.356967481771278017e-12,3.336371069283423918e-12,3.296479869673366037e-12
2.480000000000000000e+02,1.127475616671949279e-04,1.843249807805185465e-05,3.820307912280077273e-05,9.509446219868913344e-05,1.344762800071679153e-04,2.204886674851278460e-04,2.551168950450211190e-04,2.757430999247069696e-04,2.505138435871100567e-04,1.497179272659429606e-04,9.633261000117008513e-05,2.527348894074632967e-05,9.926427747455307646e-06,7.999232024064934941e-07,1.546850265065876154e-07,2.308344052891013985e-09,1.754145367643348413e-10,6.213020278377640038e-13,4.510993900468107665e-14,5.252146374062904854e-16,9.919094625526758691e-17,1.149254302834634700e-17,7.209944447028604486e-18,8.307699146670177726e-18,1.414883835093583286e-17,8.481171494267858435e-17,2.751163012681967501e-16,4.136719179009817893e-15,1.759937952750673107e-14,3.059414023119308434e-13,1.139895957572717444e-12,1.019096680415949863e-11,2.289794023065550715e-11,6.005844808293098885e-11,7.022299941246510496e-11,5.375084010967191156e-11,3.693640364269348830e-11,1.258659234509070662e-11,6.716850207001516526e-12,1.936631492107862562e-12,1.122663756663450085e-12,5.016595185048863814e-13,3.984370884439758509e-13,3.604259631636436145e-13,4.043331831458593650e-13,6.565987039014800630e-13,9.128894743002519130e-13,1.881068001016727997e-12,2.670870902915511991e-12,4.805642862815151517e-12,5.932285356848553126e-12,7.396417042748217041e-12,7.462885872971079804e-12,6.372887826722010984e-12,5.503570282882133680e-12,3.822178142563747993e-12,3.159137529481700901e-12,2.258234940190340101e-12,1.990512640240478526e-12,1.729612655355927675e-12,1.709130111201238866e-12,1.851333268545335420e-12,2.006747171863151880e-12,2.464783314514579216e-12,2.746856155077040396e-12,3.326540648843079317e-12,3.575231026487456221e-12,3.872135901847317818e-12,3.896142658716197915e-12,3.715868013135815995e-12,3.546585497071069737e-12,3.157185450575195063e-12,2.973769031044438960e-12,2.685758950307648441e-12,2.590790605595978680e-12,2.504392201431449028e-12,2.510140058591299461e-12,2.603543750490273923e-12,2.681696390557236631e-12,2.870573787353003503e-12,2.967075979983142819e-12,3.127783215805049477e-12,3.179827061383644349e-12,3.212520147902880874e-12,3.194405826553552152e-12,3.107703927095889496e-12,3.049805728599051802e-12,2.933113333377507237e-12,2.883502139318372404e-12,2.815946315102429987e-12,2.800516017546252068e-12,2.806074871162383966e-12,2.824337145450675490e-12,2.881255916362471248e-12,2.914362910613581270e-12,2.976419891803638862e-12,3.000528902489911498e-12,3.026671307245626386e-12,3.027748096185757520e-12,3.009089478240786764e-12,2.972952843648991872e-12
2.490000000000000000e+02,1.190377328811115980e-04,1.846131382075835909e-05,3.824612671660658101e-05,9.509307516901953361e-05,1.343824698095144815e-04,2.199148907099120046e-04,2.540891703862492579e-04,2.736842063562439998e-04,2.480986151295263447e-04,1.474383940078534232e-04,9.453882841912894476e-05,2.459107334420895688e-05,9.607502844818997497e-06,7.641711391766095943e-07,1.465892411406437236e-07,2.144920522784339069e-09,1.611034022386357428e-10,5.574439157886648677e-13,3.998964516731956520e-14,4.563406943991488163e-16,8.555710393626236865e-17,9.825582188149883933e-18,6.152847328855237663e-18,7.087971702623985237e-18,1.210240675036944324e-17,7.308877895267906766e-17,2.383076375123138746e-16,3.625355224357029726e-15,1.552085554263477052e-14,2.731886575681533036e-13,1.023758294392725088e-12,9.241753236711829078e-12,2.084015265587692289e-11,5.489733923794582610e-11,6.423333517640780754e-11,4.910697307233986841e-11,3.368849116499022384e-11,1.142475655367073545e-11,6.079835785754821031e-12,1.743340674186140415e-12,1.008186007009533036e-12,4.489115378253707989e-13,3.561817724442861710e-13,3.220587452322856703e-13,3.614732482521559875e-13,5.882453134624029967e-13,8.190387387405073660e-13,1.693055147033301067e-12,2.407633174859175051e-12,4.343252347398587898e-12,5.366486497803552025e-12,6.697506319073426306e-12,6.757957935659211768e-12,5.766876722251151888e-12,4.976989239030386869e-12,3.450901050377000456e-12,2.849866162827306704e-12,2.034142873672678542e-12,1.791989909867737485e-12,1.556146270870195636e-12,1.537636920459321821e-12,1.666157202441162499e-12,1.806667350987868625e-12,2.221047130934739045e-12,2.476409580328374493e-12,3.001555398001766461e-12,3.226977116511237087e-12,3.496192674560735791e-12,3.517964457071254269e-12,3.354485404185279795e-12,3.201006679772605557e-12,2.848086241673264407e-12,2.681918123454037073e-12,2.421085060948582890e-12,2.335104603169019244e-12,2.256895069593055358e-12,2.262097695032889988e-12,2.346649662240095358e-12,2.417406254557122325e-12,2.588446343658630522e-12,2.675854465306395924e-12,2.821444941287880315e-12,2.868600512294025573e-12,2.898224601933716005e-12,2.881810499326224739e-12,2.803252394751806764e-12,2.750797880495328696e-12,2.645090648790461574e-12,2.600155334098186444e-12,2.538972192754097856e-12,2.524998371738855496e-12,2.530032471503504410e-12,2.546571121835559948e-12,2.598120842274044551e-12,2.628106974124182205e-12,2.684318181145686766e-12,2.706157523004078247e-12,2.729839710400097652e-12,2.730815180647210016e-12,2.713912360357943754e-12,2.681177572712648005e-12
2.500000000000000000e+02,1.252305749809475303e-04,1.849011317567672368e-05,3.828912587778589543e-05,9.509155668170011437e-05,1.342885770886148632e-04,2.193424369613501343e-04,2.530654225661925581e-04,2.716405578298123659e-04,2.457065720291286498e-04,1.451935225651156136e-04,9.277842273004463882e-05,2.392707853979985679e-05,9.298822789260800803e-06,7.300168721914980594e-07,1.389171459460802113e-07,1.993066616070128874e-09,1.479598195266301763e-10,5.001491571159782934e-13,3.545053790451890841e-14,3.964927344779489715e-16,7.377995783763857673e-17,8.402566836762659364e-18,5.231275482242558894e-18,6.044427111606687220e-18,1.035413074723656734e-17,6.299214622140780762e-17,2.064320936412400442e-16,3.177200256360146469e-15,1.368780848214068424e-14,2.439422362027210411e-13,9.194531800423705326e-13,8.380951179364978798e-12,1.896729217372612741e-11,5.017974439290064093e-11,5.875455327884575307e-11,4.486431422223192966e-11,3.072617312492587072e-11,1.037016588052719346e-11,5.503234234418771798e-12,1.569341661830647716e-12,9.053814555709527312e-13,4.017098340167862824e-13,3.184077350740222023e-13,2.877756897796263091e-13,3.231565134844543996e-13,5.270076096439840763e-13,7.348363725238199473e-13,1.523834064574153269e-12,2.170339645848895493e-12,3.925351878394586769e-12,4.854650969415841288e-12,6.064637344833229138e-12,6.119615420961330154e-12,5.218492006792488369e-12,4.500791043028987137e-12,3.115688669520430554e-12,2.570871439995167651e-12,1.832288037658183488e-12,1.613266594965856449e-12,1.400077075759328937e-12,1.383351143054503685e-12,1.499502887310211197e-12,1.626536064039743601e-12,2.001413222435174943e-12,2.232590116469160280e-12,2.708319245953161314e-12,2.912645466609728451e-12,3.156749276041204144e-12,3.176493736014446290e-12,3.028248414830778112e-12,2.889100769601707364e-12,2.569248687498554284e-12,2.418709763724047335e-12,2.182493850358055432e-12,2.104652145921634410e-12,2.033856725614305305e-12,2.038565768015115909e-12,2.115103366973417054e-12,2.179162612078039407e-12,2.334046909739651010e-12,2.413216436576715029e-12,2.545109549544413707e-12,2.587835138236418975e-12,2.614677788517760781e-12,2.599804648905496007e-12,2.528626749176768329e-12,2.481105029544447560e-12,2.385350678915307276e-12,2.344651355663460168e-12,2.289240818393808996e-12,2.276586254582046998e-12,2.281145026561751110e-12,2.296122439317954678e-12,2.342808645651103805e-12,2.369967611916268257e-12,2.420882721718142783e-12,2.440665670868508164e-12,2.462118752150424528e-12,2.463002431131108838e-12,2.447690487794584868e-12,2.418037856532703755e-12
2.510000000000000000e+02,1.313208270886379037e-04,1.851889666224112128e-05,3.833207740716710016e-05,9.508990702111172521e-05,1.341946007433674013e-04,2.187712938138548476e-04,2.520456190020992017e-04,2.696120065853742473e-04,2.433374507922748649e-04,1.429827475234242309e-04,9.105074192900127188e-05,2.328099607568981919e-05,9.000053307799230377e-06,6.973884314501416302e-07,1.316464422217221517e-07,1.851960851762934207e-09,1.358883309967185565e-10,4.487423345238272798e-13,3.142657575144758297e-14,3.445052403072690339e-16,6.364266752489911028e-17,7.182839392716466875e-18,4.472333961502705790e-18,5.149960319306146062e-18,8.863352760068998748e-18,5.429142378721163453e-17,1.788120432971718188e-16,2.784448019377272487e-15,1.207120883285617285e-14,2.178263808477048924e-13,8.257734773753355739e-13,7.600312604749345780e-12,1.726271114444767607e-11,4.586747762201984213e-11,5.374299361657688956e-11,4.098813543890363065e-11,2.802429097700613603e-11,9.412904754691614473e-12,4.981307304575272044e-12,1.412706323450363399e-12,8.130582253469686993e-13,3.594704828940864516e-13,2.846391199996800569e-13,2.571415031859397571e-13,2.889007934790688292e-13,4.721439439501345925e-13,6.592892193551386226e-13,1.371523961025619687e-12,1.956429701403805677e-12,3.547654411992923196e-12,4.391624189954354551e-12,5.491560006211371192e-12,5.541559127807821339e-12,4.722245543816588897e-12,4.070147810366492314e-12,2.813032630184092442e-12,2.319185127145143022e-12,1.650460719699112233e-12,1.452365327612656354e-12,1.259657905327421501e-12,1.244543855992430448e-12,1.349515226130304502e-12,1.464361645180448090e-12,1.803494880563485947e-12,2.012772462806414198e-12,2.443726021235728685e-12,2.628927023989868772e-12,2.850256814422580387e-12,2.868162386196124181e-12,2.733734029078394023e-12,2.607581956349386276e-12,2.317705841701003799e-12,2.181328956438882694e-12,1.967411314158368230e-12,1.896939473989417424e-12,1.832856647487543511e-12,1.837118835962964214e-12,1.906400276356634560e-12,1.964394901084187683e-12,2.104646480965283173e-12,2.176352441362119916e-12,2.295834312590616655e-12,2.334545317478342596e-12,2.358867170603601293e-12,2.345390564704660785e-12,2.280900918442615999e-12,2.237849039106801219e-12,2.151112268996765997e-12,2.114250343809159771e-12,2.064068859407297563e-12,2.052609221914886151e-12,2.056737484316950582e-12,2.070300745074526994e-12,2.112581404299998522e-12,2.137179213983209092e-12,2.183296268385911953e-12,2.201216097418023931e-12,2.220649472682925674e-12,2.221449966251926034e-12,2.207579442598667230e-12,2.180719363767402719e-12
2.520000000000000000e+02,1.373033130000478601e-04,1.854766326113475947e-05,3.837497980960528562e-05,9.508812656044152438e-05,1.341005446960489330e-04,2.182014793656266002e-04,2.510297816458320966e-04,2.675985139913678815e-04,2.409911164862189425e-04,1.408056293373823422e-04,8.935523860957705748e-05,2.265236528886939676e-05,8.710886575562004673e-06,6.662187677619049384e-07,1.247563765154849780e-07,1.720847173959649812e-09,1.248018849180597412e-10,4.026199675304792391e-13,2.785944218375302484e-14,2.993211147689356366e-16,5.488773498207866197e-17,6.125742274543100052e-18,3.821812658011403130e-18,4.418123852878430569e-18,7.562310153086393427e-18,4.678332374274951633e-17,1.548782803395543084e-16,2.440240934667436967e-15,1.064559139625498307e-14,1.945067913157461081e-13,7.416398224713294240e-13,6.892397541374481462e-12,1.571134484990542590e-11,4.192585474215200503e-11,4.915897609770666921e-11,3.744690684924154023e-11,2.556003631947086074e-11,8.544021555794562017e-12,4.508887566697511451e-12,1.271706969330904657e-12,7.301506946798264064e-13,3.216731622821683567e-13,2.544523294324696483e-13,2.297688135675240995e-13,2.582767983858036409e-13,4.229926142424594859e-13,5.915100223866098794e-13,1.234439742266169038e-12,1.763605944225463129e-12,3.206304498163184413e-12,3.972766722797754779e-12,4.972643905800863684e-12,5.018114206502624630e-12,4.273196325867839596e-12,3.680715535961040508e-12,2.539780831391919014e-12,2.092142377310007850e-12,1.486679702955573390e-12,1.307514101329954048e-12,1.133323957683979311e-12,1.119666723703102718e-12,1.214532218286185072e-12,1.318359267241109301e-12,1.625151429445262363e-12,1.814600932622395524e-12,2.204986464682950897e-12,2.372849502605897665e-12,2.573526515590313091e-12,2.589764177846759496e-12,2.467867137858834048e-12,2.353498906176865191e-12,2.090794009278196253e-12,1.967248981988092837e-12,1.773528074617072847e-12,1.709729444609661697e-12,1.651723761019949221e-12,1.655581433664815583e-12,1.718293530465070384e-12,1.770796752504147364e-12,1.897795885285463724e-12,1.962740733829626549e-12,2.070977422755429509e-12,2.106050441463488965e-12,2.128087826401212079e-12,2.115876891013376837e-12,2.057448043315743269e-12,2.018446201195248091e-12,1.939879165505434266e-12,1.906493436428305377e-12,1.861048316322000407e-12,1.850670956543218337e-12,1.854409285633948357e-12,1.866691724155059018e-12,1.904981895969534711e-12,1.927259702739006486e-12,1.969030082211997712e-12,1.985261998196929945e-12,2.002865511245219277e-12,2.003590625658177582e-12,1.991026077731786192e-12,1.966695957564962294e-12
2.530000000000000000e+02,1.431729458505609639e-04,1.857641349207900272e-05,3.841783388674530801e-05,9.508621558527852852e-05,1.340064078435078171e-04,2.176329811669793076e-04,2.500178779375648798e-04,2.655999336309537869e-04,2.386673093973650656e-04,1.386616178276117630e-04,8.769128402704112844e-05,2.204070387146764764e-05,8.431008937966131666e-06,6.364421230871766030e-07,1.182269030225360090e-07,1.599015779160661843e-09,1.146199130074888883e-10,3.612381119059981938e-13,2.469717681231886619e-14,2.600729961249603761e-16,4.732542482899226854e-17,5.231275482242558894e-18,3.252606517456513302e-18,3.767602549387127908e-18,6.478107980600888993e-18,4.033232081646076495e-17,1.341700188450811737e-16,2.138588785227657496e-15,9.388323451986479995e-15,1.736836857061524464e-13,6.660780054682652329e-13,6.250419154691169710e-12,1.429939551641189188e-11,3.832295177269399999e-11,4.496594893307892526e-11,3.421162460856379262e-11,2.331246835656462790e-11,7.755342239712179064e-12,4.081271047029835786e-12,1.144780369674927578e-12,6.556972033475855222e-13,2.878501202587674390e-13,2.274668897250115007e-13,2.053099443927175471e-13,2.308989859121229893e-13,3.789580140575038447e-13,5.306989385705368489e-13,1.111057047146341015e-12,1.589786570617424122e-12,2.897798510479929202e-12,3.593858067044153337e-12,4.502761553372425229e-12,4.544112482129936126e-12,3.866847895486399955e-12,3.328543874987072160e-12,2.293071900980395150e-12,1.887326422532129011e-12,1.339151120723081068e-12,1.177109462419806407e-12,1.019660240573691534e-12,1.007319607500972714e-12,1.093050590360647445e-12,1.186913767140321263e-12,1.464443800600068180e-12,1.635940650524317364e-12,1.989570400789952842e-12,2.141715678503214315e-12,2.323663668164083207e-12,2.338388488919151964e-12,2.227856706624523064e-12,2.124173558402941975e-12,1.886097506474671004e-12,1.774179110916596080e-12,1.598751404700837764e-12,1.540995141820905578e-12,1.488491269260525107e-12,1.491982752621634489e-12,1.548747377089557120e-12,1.596278285335289704e-12,1.711274974806539784e-12,1.770095138173277682e-12,1.868143145603365363e-12,1.899919457870602457e-12,1.919886612970073125e-12,1.908822627955455986e-12,1.855885968992873614e-12,1.820553880175698747e-12,1.749388421666900340e-12,1.719151622274484037e-12,1.677996581744486959e-12,1.668599476254903347e-12,1.671984653593000525e-12,1.683106995789551696e-12,1.717782654401395215e-12,1.737958897889829712e-12,1.775791617702679459e-12,1.790494266523320888e-12,1.806439926029662635e-12,1.807096789915862978e-12,1.795715431820305019e-12,1.773677396361278413e-12
2.540000000000000000e+02,1.489247326969111041e-04,1.860514736168209036e-05,3.846063967431737518e-05,9.508417440888194895e-05,1.339121907549172073e-04,2.170657969583709968e-04,2.490098935736989355e-04,2.636161561709842848e-04,2.363658143014541651e-04,1.365502102565891969e-04,8.605829161882215701e-05,2.144555388469693291e-05,8.160122050452619851e-06,6.079962460502172806e-07,1.120391510534132426e-07,1.485809536034199060e-09,1.052686259017145132e-10,3.241095000890148459e-13,2.189386367514034593e-14,2.259748378002912617e-16,4.082021179407924194e-17,4.472333961502705790e-18,2.764715539838036307e-18,3.198396408832238080e-18,5.529431079676072613e-18,3.474867962816041711e-17,1.161993678361339377e-16,1.874206085467067240e-15,8.279536995239866748e-15,1.550897810783519182e-13,5.982147557263145510e-13,5.668236008598420694e-12,1.301433426629215739e-11,3.502966135476154319e-11,4.113056320228028473e-11,3.125585657263660333e-11,2.126253361746377468e-11,7.039463521645028532e-12,3.694208757258274356e-12,1.030521994778085815e-12,5.888356479927941978e-13,2.575834510964991608e-13,2.033433371771004028e-13,1.834547054199719973e-13,2.064232573935342874e-13,3.395075019729798527e-13,4.761395542163954220e-13,1.000006392797014865e-12,1.433098567116611322e-12,2.618976297765959749e-12,3.251088119419001665e-12,4.077279665152047650e-12,4.114883726726720203e-12,3.499139780011040202e-12,3.010067835176183371e-12,2.070327606183350322e-12,1.702561323261436721e-12,1.206262249375117390e-12,1.059710614615197444e-12,9.173960419453508486e-13,9.062453207569348690e-13,9.837198872326979870e-13,1.068573777639886258e-12,1.319628109043569086e-12,1.474870599997915588e-12,1.795199216060930358e-12,1.933095935928441644e-12,2.098059735926999236e-12,2.111412417517624651e-12,2.011188118171761130e-12,1.917193563193836381e-12,1.701441423732422131e-12,1.600057380427705178e-12,1.441198397601761716e-12,1.388913208619571571e-12,1.341390187944643819e-12,1.344550203596570070e-12,1.395930436130440877e-12,1.438959113539764467e-12,1.543085781765055065e-12,1.596357838669695828e-12,1.685174596437535866e-12,1.713963525143760713e-12,1.732054576803962465e-12,1.722030016412107178e-12,1.674070197786939329e-12,1.642063167297397319e-12,1.577603173964770011e-12,1.550218829173000135e-12,1.512949596334245417e-12,1.504440316898655872e-12,1.507505627490815514e-12,1.517577269362010983e-12,1.548979043988762960e-12,1.567251591092638785e-12,1.601517204442848286e-12,1.614834459727487737e-12,1.629278119754176690e-12,1.629873102801382423e-12,1.619563749603869507e-12,1.599602232355695763e-12
2.550000000000000000e+02,1.545537790114986823e-04,1.863386487654982229e-05,3.850339720802892674e-05,9.508200334395003079e-05,1.338178939977087032e-04,2.164999244800423664e-04,2.480058142970559807e-04,2.616470730699741679e-04,2.340864180188174178e-04,1.344709115095263103e-04,8.445568571854522263e-05,2.086646974401812436e-05,7.897937148788457956e-06,5.808216669557996446e-07,1.061752374191819899e-07,1.380617833409260656e-09,9.668025413448258498e-11,2.907969817635830401e-13,1.940876387558632121e-14,1.963490134371248530e-16,3.520946555146675649e-17,3.821812658011403130e-18,2.358139725155972144e-18,2.737610485525898696e-18,4.743384504624081899e-18,2.995108501491205999e-17,1.006681717152790867e-16,1.642539186261227080e-15,7.301695055875190299e-15,1.384864716392347761e-13,5.372657071837927401e-13,5.140278719166502253e-12,1.184475805740721477e-11,3.201937751940754640e-11,3.762231444350699894e-11,2.855545419805198548e-11,1.939285394054156286e-11,6.389665408107828015e-12,3.343854625701206396e-12,9.276674480668267719e-13,5.287919624744064073e-13,2.304992134660732717e-13,1.817781493905490375e-13,1.639259203638915308e-13,1.845419975686490854e-13,3.041638664026680150e-13,4.271892355914991279e-13,9.000552310834547542e-13,1.291853478574758740e-12,2.366981746238297490e-12,2.941010147005859721e-12,3.692002758202972412e-12,3.726198847088871280e-12,3.166397672489315585e-12,2.722063460053325556e-12,1.869220056516240902e-12,1.535884185674754598e-12,1.086560339315714718e-12,9.540204455420198126e-13,8.253881248181799135e-13,8.153127424494893694e-13,8.853247182669804483e-13,9.620326995966876904e-13,1.189132803726747345e-12,1.329658930702970476e-12,1.619817019231362121e-12,1.744797204937184598e-12,1.894359452289662293e-12,1.906467659521654534e-12,1.815591324201906720e-12,1.730381571536654395e-12,1.534863707484956930e-12,1.443024194060227305e-12,1.299171734818818646e-12,1.251840238457660459e-12,1.208826387513045608e-12,1.211686323108682184e-12,1.258192036885166787e-12,1.297144222546162129e-12,1.391426578990773155e-12,1.439672979355183235e-12,1.520126093144252843e-12,1.546208040076324508e-12,1.562598927204797428e-12,1.553516348765451860e-12,1.510066269076737466e-12,1.481071884058826615e-12,1.422686675498635589e-12,1.397886147114224542e-12,1.364136451367792269e-12,1.356431243368372286e-12,1.359206855140043801e-12,1.368326892764448743e-12,1.396763347344398554e-12,1.413311552208099120e-12,1.444345782298378511e-12,1.456407965148148742e-12,1.469490870133205451e-12,1.470029799928093683e-12,1.460691647931638970e-12,1.442611329872944825e-12
2.560000000000000000e+02,1.600552930854990514e-04,1.866256604328577580e-05,3.854754439213171099e-05,9.507970270262094742e-05,1.337235181375763895e-04,2.159353614720463583e-04,2.470056258967610256e-04,2.596925765724589458e-04,2.318289093950854978e-04,1.324232339789824589e-04,8.288290135380533847e-05,2.030301788595126355e-05,7.644174741487538794e-06,5.548615735007436656e-07,1.006182147581967043e-07,1.282873286848887004e-09,8.879255693878228273e-11,2.609083738988604573e-13,1.720571927120440048e-14,1.705992118405941227e-16,3.035766082959412415e-17,3.279711571768650913e-18,2.005774019098183203e-18,2.331034670843834533e-18,4.038653092508504017e-18,2.580401170515500553e-17,8.719695972214669411e-17,1.439495224409004237e-15,6.439347752934532210e-15,1.236606574517989943e-13,4.825263994791273436e-13,4.661496611890053599e-12,1.078028871682665257e-11,2.926778055480604157e-11,3.441330006332884994e-11,2.608835524453741173e-11,1.768757932002831823e-11,5.799848286098391315e-12,3.026727387602998198e-12,8.350785341004751672e-13,4.748709021493158211e-13,2.062627954720064327e-13,1.625000047716929075e-13,1.464759845533347704e-13,1.649801714513621231e-13,2.724995522198486730e-13,3.832712684552486149e-13,8.100941792377192030e-13,1.164529301982131226e-12,2.139233641574797562e-12,2.660506146986985065e-12,3.343131733902701686e-12,3.374228142987573120e-12,2.865296623013810495e-12,2.461615194451413635e-12,1.687647553172758053e-12,1.385524290783979318e-12,9.787367856277373601e-13,8.588711881453436892e-13,7.426078252759787945e-13,7.335042675245956323e-13,7.967713403118914517e-13,8.661140923384158530e-13,1.071541835297173950e-12,1.198744283090885654e-12,1.461568659068962495e-12,1.574840111833245015e-12,1.710436263110959310e-12,1.721415788776339828e-12,1.639017019978636358e-12,1.561772494098820352e-12,1.384594506105910061e-12,1.301402507893761884e-12,1.171141363141142699e-12,1.128295021432176859e-12,1.089363191666969932e-12,1.091951507513344577e-12,1.134044355817487304e-12,1.169305619127744555e-12,1.254672825053496088e-12,1.298366823125965408e-12,1.371242583456805386e-12,1.394871604288791533e-12,1.409721867235216863e-12,1.401492881166269133e-12,1.362129240780815542e-12,1.335864443152354197e-12,1.282982455084319406e-12,1.260522366824598506e-12,1.229960415200653800e-12,1.222983411590383707e-12,1.225496673541368042e-12,1.233754851753809945e-12,1.259505520712078663e-12,1.274491823926096612e-12,1.302598924991099638e-12,1.313524077917530009e-12,1.325374217927416387e-12,1.325862379955577985e-12,1.317404058022095259e-12,1.301027970253276766e-12
2.570000000000000000e+02,1.654245903371438949e-04,1.869125086849108869e-05,3.859175614487117393e-05,9.507727279647402020e-05,1.336290637384814431e-04,2.153721056742766724e-04,2.460093142081296166e-04,2.577525597033921215e-04,2.295930792820705688e-04,1.304066974512192126e-04,8.133938404768532447e-05,1.975477644387498878e-05,7.398564312103786010e-06,5.300616920381120024e-07,9.535202256694434372e-08,1.192048678652158147e-09,8.154837124584729535e-11,2.340917444696583027e-13,1.525274589790626134e-14,1.482104369787684561e-16,2.618348246552493208e-17,2.791820594150173918e-18,1.707618421664669484e-18,2.005774019098183203e-18,3.469446951953614189e-18,2.225324959026497851e-17,7.551468131361538383e-17,1.261550542849820822e-15,5.678834139044575124e-15,1.104220068246647424e-13,4.333641464345644456e-13,4.227309420481301094e-12,9.811480593908614156e-12,2.675264057592358080e-11,3.147799723787411685e-11,2.383440344502947561e-11,1.613225338362687944e-11,5.264475514592595329e-12,2.739675863559429270e-12,7.517307360361408231e-13,4.264481291964966614e-13,1.845747675793124598e-13,1.452663401894926931e-13,1.308835852198431127e-13,1.474919090940080002e-13,2.441315921121456345e-13,3.438683799511510486e-13,7.291247412690576857e-13,1.049754006594502687e-12,1.933398997540705655e-12,2.406755513200548036e-12,3.027226581388264837e-12,3.055503793774130838e-12,2.592827835030606098e-12,2.226086583947614606e-12,1.523712525510617644e-12,1.249884175108170736e-12,8.816129250244220117e-13,7.732115999987271282e-13,6.681297225544224894e-13,6.599043956678068978e-13,7.170753248998684715e-13,7.797589342880412167e-13,9.655790977978334633e-13,1.080719064586177502e-12,1.318780317154794046e-12,1.421438081171746970e-12,1.544370046343418457e-12,1.554325868317538162e-12,1.479615231335038028e-12,1.409592603231202279e-12,1.249037142160916436e-12,1.173679778582528699e-12,1.055727987669952128e-12,1.016942525198030745e-12,9.817059545922518504e-13,9.840484004909610949e-13,1.022146451680472357e-12,1.054065932844586162e-12,1.131359545977761449e-12,1.170930025032670962e-12,1.236940834047767224e-12,1.258347267531212399e-12,1.271801457550236769e-12,1.264345968416194510e-12,1.228685068185159102e-12,1.204893308607082880e-12,1.156996753178679560e-12,1.136656605426819566e-12,1.108981775767986511e-12,1.102664292339239349e-12,1.104939978489177799e-12,1.112417585347538762e-12,1.135735738311619003e-12,1.149307293215814929e-12,1.174762869447787406e-12,1.184658030310356547e-12,1.195391333662365607e-12,1.195833498413359508e-12,1.188172281917088124e-12,1.173340043831780366e-12
2.580000000000000000e+02,1.706570975216297446e-04,1.871991935876464908e-05,3.863592319655330095e-05,9.507471393653015219e-05,1.335345313626562535e-04,2.148101548264959553e-04,2.450168651125518267e-04,2.558269162625796027e-04,2.273787205188337825e-04,1.284208289942652089e-04,7.982458962396273244e-05,1.922133493256151441e-05,7.160844031080113503e-06,5.063701741464337290e-07,9.036144079283036160e-08,1.107654114452681290e-09,7.489519746571582370e-11,2.100313466982944854e-13,1.352143765877278359e-14,1.287761130369657891e-16,2.257851024201062984e-17,2.385244779468109755e-18,1.463672932855430986e-18,1.707618421664669484e-18,2.954450920022999583e-18,1.916327339868129087e-17,6.543160110950019259e-17,1.105588060337781009e-15,5.008146675145042082e-15,9.860062527740354188e-14,3.892107719016130174e-13,3.833563512207344148e-12,8.929736968312299017e-12,2.445363800774452701e-11,2.879306011281321243e-11,2.177518397799421690e-11,1.471369090477216146e-11,4.778521545470426624e-12,2.479847788705233369e-12,6.767016688755816967e-13,3.829630297776109860e-13,1.651671692210615605e-13,1.298603694195599179e-13,1.169509909922095137e-13,1.318574427162239049e-13,2.187167818818586129e-13,3.085163147089481361e-13,6.562481677865883434e-13,9.462908158886645937e-13,1.747369366171189209e-12,2.177206602938658309e-12,2.741172279397893763e-12,2.766885380750885859e-12,2.346268605834048171e-12,2.013093278229252658e-12,1.375701717256858081e-12,1.127522906855041307e-12,7.941269712131993064e-13,6.960951997106445965e-13,6.011211764900964427e-13,5.936894855937402404e-13,6.453507433307192898e-13,7.020136425298084681e-13,8.700947677197506946e-13,9.743142165459517390e-13,1.189941591442367219e-12,1.282978524851444146e-12,1.394427054293018164e-12,1.403454501051892844e-12,1.335715880349669371e-12,1.272241128636233953e-12,1.126751280168883373e-12,1.058491971373323737e-12,9.516882724588948683e-13,9.165794208690347666e-13,8.846879663310797115e-13,8.868078526288319940e-13,9.212896016821264800e-13,9.501834811586479246e-13,1.020165804046721525e-12,1.056001233722472787e-12,1.115792733815540450e-12,1.135185261763593800e-12,1.147374431792816396e-12,1.140619852258231703e-12,1.108313988544898376e-12,1.086762814071426386e-12,1.043382421477348498e-12,1.024962449983068957e-12,9.999024991238364413e-13,9.941822755668572320e-13,9.962428017956659332e-13,1.003013508837566348e-12,1.024128535882101732e-12,1.036418699343691352e-12,1.059472442502956691e-12,1.068434566080939119e-12,1.078156146175693331e-12,1.078556623353155164e-12,1.071617512608813438e-12,1.058183814010849044e-12
2.590000000000000000e+02,1.757483568391866023e-04,1.874857152070290561e-05,3.868004557725592029e-05,9.507202643325302072e-05,1.334399215706090036e-04,2.142495066683641259e-04,2.440282645373778180e-04,2.539155408191597573e-04,2.251856279129261693e-04,1.264651628476850197e-04,7.833798401591827391e-05,1.870229394121915496e-05,6.930760476848014636e-06,4.837374882664890151e-07,8.563204585549624888e-08,1.029234380963686343e-09,6.878481901358320105e-11,1.884439056621528552e-13,1.198664106340230351e-14,1.118896642005040576e-16,1.948853405042694220e-17,2.032879073410320814e-18,1.246832498358330099e-18,1.463672932855430986e-18,2.547875105340935420e-18,1.653408313040394262e-17,5.667666856667974429e-17,9.689243764959831751e-16,4.416687284999887275e-15,8.804480582103035857e-14,3.495559419176841320e-13,3.476492124775479309e-12,8.127233640849856888e-12,2.235219935574697669e-11,2.633713405242148198e-11,1.989387292595547196e-11,1.341986612980738958e-11,4.337424706511369688e-12,2.244661352407070765e-12,6.091610777001627008e-13,3.439121004037565266e-13,1.478002290868085655e-13,1.160882371134541735e-13,1.045015040213731483e-13,1.178802606742468395e-13,1.959477231080336557e-13,2.767986848842968195e-13,5.906556168645826776e-13,8.530248447706501036e-13,1.579239180832942013e-12,1.969551203986202870e-12,2.482148113349541552e-12,2.505529231354788888e-12,2.123155221512434965e-12,1.820479124435905871e-12,1.242068351382102920e-12,1.017140446304617973e-12,7.153225223526654686e-13,6.266699941089026726e-13,5.408330304868674832e-13,5.341185393276104421e-13,5.808002733267980666e-13,6.320198542037608336e-13,7.840526188365726235e-13,8.783856617327473471e-13,1.073689748221084983e-12,1.158005955665883380e-12,1.259041915863123862e-12,1.267227398319900611e-12,1.205811275481472045e-12,1.148273126973589631e-12,1.016437612246304245e-12,9.546088962711363202e-13,8.579013693020554054e-13,8.261211810120516752e-13,7.972577947216313854e-13,7.991762362557358612e-13,8.303843723744819272e-13,8.565389879571644327e-13,9.199004676486294274e-13,9.523528341805198583e-13,1.006509979528669163e-12,1.024077795220429410e-12,1.035120638292683082e-12,1.029001211495794710e-12,9.997352338336762401e-13,9.802140110877488599e-13,9.409246927612191502e-13,9.242439170768779189e-13,9.015521619179511781e-13,8.963728468248249870e-13,8.982384877131294187e-13,9.043690275822857672e-13,9.234887431586874529e-13,9.346182952996856530e-13,9.554964783796415784e-13,9.636133579439543073e-13,9.724184077321978981e-13,9.727811546740572357e-13,9.664961973104846393e-13,9.543293889510695571e-13
2.600000000000000000e+02,1.806940299379212707e-04,1.877720736090005720e-05,3.872412331703926902e-05,9.506921059654980925e-05,1.333452349211278166e-04,2.136901589394668620e-04,2.430434984558034310e-04,2.520183287061093270e-04,2.230135982218081506e-04,1.245392403140011559e-04,7.687904307869978062e-05,1.819726483481172983e-05,6.708068365878568518e-06,4.621163161800051836e-07,8.115016896905803169e-08,9.563664909648366547e-10,6.317295289854675533e-11,1.690752572669484977e-13,1.062607575715024399e-14,9.722582981763761012e-17,1.680513367352531873e-17,1.734723475976807094e-18,1.057097118173366823e-18,1.246832498358330099e-18,2.168404344971008868e-18,1.423015351387224570e-17,4.908725335928121325e-17,8.491471414906470727e-16,3.895050514762798954e-15,7.861902318398450440e-14,3.139413371194138547e-13,3.152679289505910809e-12,7.396849490337240041e-12,2.043134726074230523e-11,2.409068585351899217e-11,1.817509987997456555e-11,1.223981061903439693e-11,3.937044375408593755e-12,2.031779583987203264e-12,5.483615677422809531e-13,3.088431745588982036e-13,1.322593564615642814e-13,1.037766606589579643e-13,9.337726447102012717e-14,1.053846680060255281e-13,1.755489471236965082e-13,2.483418201984499696e-13,5.316190738492709844e-13,7.689510378265651536e-13,1.427286213480025157e-12,1.781701170064028950e-12,2.247599973975375476e-12,2.268860229900915293e-12,1.921258155823321601e-12,1.646294320485630625e-12,1.121415785752810645e-12,9.175641745972490382e-13,6.443381256066721408e-13,5.641688559463592378e-13,4.865913444743186211e-13,4.805249351636647903e-13,5.227063627852995831e-13,5.690046957912420211e-13,7.065189904474633575e-13,7.919018901996616178e-13,9.687950853869142787e-13,1.045206618737609672e-12,1.136801265101683445e-12,1.144223171073432965e-12,1.088540417743324995e-12,1.036384574080312371e-12,9.169240616346135964e-13,8.609210891928620324e-13,7.733569101948944979e-13,7.445902889483685394e-13,7.184679283803174776e-13,7.202040613191185159e-13,7.484488831650815133e-13,7.721234946984206760e-13,8.294894990063667040e-13,8.588776391482699779e-13,9.079305232986834007e-13,9.238449848875118775e-13,9.338491622785244362e-13,9.283052570998456821e-13,9.017936137417636999e-13,8.841114147208062324e-13,8.485279807349949133e-13,8.334224694921121834e-13,8.128754830707962675e-13,8.081860105191990273e-13,8.098751975039314432e-13,8.154259873664054803e-13,8.327386360768712636e-13,8.428169728964818308e-13,8.617245643178367276e-13,8.690758074129945054e-13,8.770506022826030090e-13,8.773791426459204290e-13,8.716867830847740972e-13,8.606675756198806093e-13
2.610000000000000000e+02,1.854899018081339725e-04,1.880582688594791755e-05,3.876815644594607435e-05,9.506559197507694807e-05,1.332504719712848760e-04,2.131321093793430853e-04,2.420625528867561540e-04,2.501351760148025761e-04,2.208624301344420081e-04,1.226426096517665250e-04,7.544725240515837671e-05,1.770586946342846742e-05,6.492530291399203207e-06,4.414614541130442403e-07,7.690285664540717422e-08,8.886574017884923959e-10,5.801892879976275341e-11,1.516973395856990869e-13,9.419927945314432449e-15,8.445934923662079541e-17,1.447409900268148419e-17,1.490777987167568597e-18,9.215718466126787689e-19,1.057097118173366823e-18,1.843143693225357538e-18,1.227858960339833772e-17,4.252783021574391142e-17,7.441692661397381059e-16,3.435023532977199423e-15,7.020233461392522134e-14,2.819552859419094393e-13,2.859027305266576002e-12,6.732103427237873250e-12,1.867556321177507583e-11,2.203584829798405087e-11,1.660482230772357404e-11,1.116352046611271409e-11,3.573622165331177825e-12,1.839087205007111647e-12,4.936303373438005737e-13,2.773502185294401956e-13,1.183525662456358374e-13,9.277078888078604813e-14,8.343721763851008610e-14,9.421364513192975743e-14,1.572737708295524062e-13,2.228105124447293806e-13,4.784832198425487126e-13,6.931634628261351683e-13,1.289953902158455512e-12,1.611767604147232302e-12,2.035215041201049457e-12,2.054546501461737562e-12,1.738559925364147052e-12,1.488775492860042182e-12,1.012483147452489241e-12,8.277361814631317705e-13,5.803977361652085110e-13,5.079012568593582744e-13,4.377896699672700898e-13,4.323088653550299920e-13,4.704231795771285363e-13,5.122723805480594583e-13,6.366524603514112091e-13,7.139330630585166704e-13,8.741480846466420651e-13,9.433948034657385628e-13,1.026428887631464226e-12,1.033158340780701567e-12,9.826746350232590244e-13,9.353984329728975977e-13,8.271532059549863147e-13,7.764279941636226257e-13,6.971440839973613857e-13,6.711057490976779505e-13,6.474645038861970292e-13,6.490355941492914615e-13,6.745980456104166967e-13,6.960274370748642525e-13,7.479643532141977413e-13,7.745771255299183089e-13,8.190060500450069281e-13,8.334225237022208077e-13,8.424855593974073242e-13,8.374631283586397856e-13,8.134470202460220012e-13,7.974309147035230083e-13,7.652043603791069959e-13,7.515256049851065656e-13,7.329209667557984309e-13,7.286750955230736349e-13,7.302044711075816874e-13,7.352302631730839311e-13,7.509063629142914698e-13,7.600326347011882033e-13,7.771553311910345263e-13,7.838130372615076391e-13,7.910357210840629483e-13,7.913332803703015950e-13,7.861777093047528364e-13,7.761980619878927623e-13
2.620000000000000000e+02,1.901318845648955740e-04,1.883443061205200032e-05,3.881214577756045389e-05,9.505880154358825390e-05,1.331556315855715296e-04,2.125753458166853497e-04,2.410853965142236224e-04,2.482659464008772719e-04,2.187318864665140214e-04,1.207747929373908027e-04,7.404208233734112157e-05,1.722773147442438284e-05,6.283912812991338968e-06,4.217293745809567746e-07,7.287776344146222954e-08,8.257408151072630903e-10,5.328531360723406940e-11,1.361052655128591748e-13,8.350660657754915839e-15,7.340048707726865018e-17,1.249543003789543860e-17,1.273937552670467710e-18,7.860465750519907147e-19,8.944667923005411581e-19,1.599198204416119040e-18,1.057097118173366823e-17,3.683576881019501315e-17,6.521747118043430547e-16,3.029342185087435801e-15,6.268659094414708033e-14,2.532276688685386468e-13,2.592722369264277571e-12,6.127086468396547581e-12,1.707063494466726228e-11,2.015624613830452327e-11,1.517018647745164983e-11,1.018185473542106145e-11,3.243740969187045020e-12,1.664666505769157867e-12,4.443608838094331714e-13,2.490681543388523211e-13,1.059078226593040961e-13,8.293195232107752890e-14,7.455510818085708813e-14,8.422659813524246974e-14,1.409007730369254974e-13,1.999035973646728914e-13,4.306575170261173202e-13,6.248442789656000196e-13,1.165833380355196791e-12,1.458039093106544559e-12,1.842895817503673039e-12,1.860473119964442534e-12,1.573232077381123140e-12,1.346325693074232333e-12,9.141303165816072607e-13,7.467007426872201981e-13,5.228014202107722497e-13,4.572446208554042935e-13,3.938816774910064433e-13,3.889300719591565203e-13,4.233687239760947074e-13,4.611956433073216566e-13,5.736938159771332035e-13,6.436396283570483545e-13,7.887461571463166843e-13,8.514986946876051954e-13,9.267708399752355719e-13,9.328723232261693088e-13,8.871030808803997969e-13,8.442508573746482226e-13,7.461698901985169829e-13,7.002259015675971199e-13,6.284406588868973742e-13,6.048722991664617910e-13,5.834769516502302800e-13,5.848986659590105219e-13,6.080330195498001578e-13,6.274297487812718899e-13,6.744504585896871074e-13,6.985495352735543451e-13,7.387895904851365936e-13,7.518488327577788066e-13,7.600591163392511618e-13,7.555091806072528060e-13,7.337541490202992289e-13,7.192473884271716189e-13,6.900616146207627644e-13,6.776750655860391825e-13,6.608295453815887788e-13,6.569853439487155500e-13,6.583700327533054120e-13,6.629203750611184498e-13,6.771143433274839918e-13,6.853783220215486915e-13,7.008843104418932546e-13,7.069138026685739540e-13,7.134552009509936843e-13,7.137246794009649564e-13,7.090554001148302588e-13,7.000173823847738452e-13
2.630000000000000000e+02,1.946160211157623723e-04,1.886301752627699154e-05,3.885608977397881410e-05,9.505188203596986519e-05,1.330607176980454470e-04,2.120198858357126754e-04,2.401120502768295552e-04,2.464106040797412736e-04,2.166218456515014458e-04,1.189354185952734599e-04,7.266308748181819527e-05,1.676250988442840712e-05,6.082000959339189418e-06,4.028795262006092115e-07,6.906339943172994621e-08,7.672796058992396862e-10,4.893797051082858507e-11,1.221160488267675204e-13,7.402796908459463587e-15,6.377819279645979833e-17,1.078781161623076912e-17,1.084202172485504434e-18,6.505213034913026604e-19,7.589415207398531038e-19,1.355252715606880543e-18,9.107298248878237246e-18,3.190264892538596797e-17,5.715642802800458000e-16,2.671555468167219338e-15,5.597556923184199285e-14,2.274274247659330284e-13,2.351226364213226949e-12,5.576451464223836085e-12,1.560365346046227453e-11,1.843699685651935261e-11,1.385952244354997365e-11,9.286526300548991752e-12,2.944315960744930960e-12,1.506790541947952700e-12,4.000097236951660751e-13,2.236704473978362584e-13,9.477181951537960725e-14,7.413671456249493197e-14,6.661866696310025926e-14,7.529835587515021356e-14,1.262325476352604836e-13,1.793520301891782243e-13,3.876127934246409446e-13,5.632597253196758302e-13,1.053657676516536745e-12,1.318975256705406940e-12,1.668752755337038485e-12,1.684734816931321433e-12,1.423628467715765122e-12,1.217507892463734476e-12,8.253329118225460892e-13,6.735998748803179170e-13,4.709215602107658105e-13,4.116410717066448788e-13,3.543780395000306616e-13,3.499046213363554703e-13,3.810216302625041296e-13,4.152122981375405697e-13,5.169620699400911956e-13,5.802682553207594296e-13,7.116890085069604854e-13,7.685554937689881294e-13,8.367902453853409694e-13,8.423222785502310073e-13,8.008279098453002787e-13,7.619862585957898338e-13,6.731165104467695670e-13,6.315037468646034213e-13,5.665089437053433263e-13,5.451765883353332232e-13,5.258140927874577208e-13,5.271006070853290204e-13,5.480371744522732902e-13,5.655937686515483120e-13,6.081629882852268576e-13,6.299854572473090331e-13,6.664309674855178889e-13,6.782605889692899792e-13,6.856982158725405396e-13,6.815764315784567096e-13,6.618698644711429324e-13,6.487304454478454163e-13,6.222989517353644251e-13,6.110827176306760089e-13,5.958301885732042447e-13,5.923497640742542147e-13,5.936033728361905792e-13,5.977232055663639354e-13,6.105749857533010472e-13,6.180580407275787502e-13,6.320997327988187031e-13,6.375601815152703855e-13,6.434844790261656788e-13,6.437285600402464780e-13,6.394997378866840165e-13,6.313146620057219494e-13
2.640000000000000000e+02,1.989384887106004018e-04,1.889158814511428188e-05,3.889998924954451228e-05,9.504483366303665445e-05,1.329657291711328147e-04,2.114657172420867498e-04,2.391424828817355689e-04,2.445690139491235766e-04,2.145320739111589300e-04,1.171240215835829014e-04,7.130975629539225663e-05,1.630984769434505295e-05,5.886575689993781306e-06,3.848721386362952308e-07,6.544866650400786925e-08,7.129572736493897805e-10,4.494530518161371502e-11,1.095646739567718297e-13,6.562513119728885513e-15,5.540273101400927658e-17,9.297033629063200522e-18,9.215718466126787689e-19,5.692061405548898279e-19,6.505213034913026604e-19,1.165517335421917267e-18,7.860465750519907147e-18,2.764715539838036307e-17,5.009014036883030485e-16,2.356052635973937548e-15,4.998299408913442488e-14,2.042558288305185155e-13,2.132224003479135654e-12,5.075301019296513116e-12,1.426273712307711550e-11,1.686439128536360021e-11,1.266209514083800614e-11,8.469926637225816402e-12,2.672530165920283807e-12,1.363887355918663724e-12,3.600851984208314205e-13,2.008625741862363201e-13,8.480675471773946317e-14,6.627421593290161450e-14,5.952706318319844758e-14,6.731654079647486633e-14,1.130913125733240543e-13,1.609133291023689960e-13,3.488704279890758597e-13,5.077448878010315525e-13,9.522753408302414568e-13,1.193174844951044866e-12,1.511065090328139737e-12,1.525596462310582768e-12,1.288251000016241155e-12,1.101015437675323394e-12,7.451611213921821575e-13,6.076554190381777687e-13,4.241899258065895406e-13,3.705858048815707795e-13,3.188363472978600344e-13,3.147949836999203166e-13,3.429102433862712962e-13,3.738136915894946233e-13,4.658403925193038697e-13,5.231362489466900856e-13,6.421599905472030745e-13,6.936916319144614818e-13,7.555458537457371282e-13,7.605614814158723203e-13,7.229433523180117671e-13,6.877375188438228371e-13,6.072153413763659024e-13,5.695261428260989245e-13,5.106804464981989922e-13,4.913722965842193258e-13,4.738497734382146609e-13,4.750139626259752834e-13,4.939612087417888375e-13,5.098519805131485061e-13,5.483904617301776918e-13,5.681510221056812471e-13,6.011592861964593082e-13,6.118748357378939184e-13,6.186124204034249008e-13,6.148785365416020721e-13,5.970278796080946693e-13,5.851271073567532177e-13,5.611903899482156843e-13,5.510340989924034094e-13,5.372241280304779210e-13,5.340730841515289873e-13,5.352080811957954376e-13,5.389380348247430064e-13,5.505743159561066191e-13,5.573501187482177155e-13,5.700656147220733994e-13,5.750106608307797851e-13,5.803759437015415523e-13,5.805969854194570345e-13,5.767671496653692387e-13,5.693546491474660298e-13
2.650000000000000000e+02,2.030956023705868209e-04,1.892014247514641509e-05,3.894384423423031746e-05,9.503765675484442859e-05,1.328706665550857509e-04,2.109128377754353992e-04,2.381766805296472739e-04,2.427410750802682683e-04,2.124623774798302302e-04,1.153401769477471620e-04,6.998161154763034558e-05,1.586940594222813541e-05,5.697428656255249619e-06,3.676695624204868573e-07,6.202311714789904631e-08,6.624808047246081438e-10,4.127838170017369968e-11,9.830333704170801656e-14,5.817612017122719692e-15,4.813857645835639687e-17,8.023096076392732812e-18,7.860465750519907147e-19,4.878909776184769953e-19,5.692061405548898279e-19,1.002887009549091601e-18,6.776263578034402713e-18,2.393376295761751038e-17,4.389934596393807453e-16,2.077792148405532835e-15,4.463196847694084202e-14,1.834450831256911885e-13,1.933620228994001322e-12,4.619188034458640568e-12,1.303705263861441865e-11,1.542592152647438708e-11,1.156812143364265022e-11,7.725133006159998206e-12,2.425832375686082232e-12,1.234536886780823739e-12,3.241454684960870525e-13,1.803804230548350374e-13,7.588949000464362271e-14,5.924557719416689849e-14,5.319036227094398050e-14,6.018080998815289462e-14,1.013181238126298345e-13,1.443702470939334237e-13,3.140003990327600025e-13,4.577015578609983093e-13,8.606478973504499974e-13,1.079372864958710876e-12,1.368277886826252399e-12,1.381490028710269380e-12,1.165746915231941072e-12,9.956690149009322921e-13,6.727770738516186677e-13,5.481667637169396201e-13,3.820956409345682703e-13,3.336251630861597484e-13,2.868592136832243122e-13,2.832082441825423125e-13,3.086108842434431843e-13,3.365426698171553044e-13,4.197740516732190175e-13,4.716293002839100357e-13,5.794235805132302852e-13,6.261200867670180248e-13,6.821894394867800138e-13,6.867368002386187165e-13,6.526334106384673595e-13,6.207236330837972993e-13,5.477661510142062262e-13,5.136311569207269168e-13,4.603537332153323502e-13,4.428779933930704349e-13,4.270208860991664412e-13,4.280743240350076695e-13,4.452209813928659221e-13,4.596037363625155026e-13,4.944925491214696711e-13,5.123857338851928178e-13,5.422803861770270073e-13,5.519866519160948615e-13,5.580899783107218237e-13,5.547075385831101713e-13,5.385382894837476009e-13,5.277595851657657100e-13,5.060825348200681528e-13,4.968861422576659193e-13,4.843825535984225272e-13,4.815297737371243558e-13,4.825573263460974927e-13,4.859342637476837812e-13,4.964698357284857977e-13,5.026051460872010823e-13,5.141194815792143880e-13,5.185976702324485155e-13,5.234566306886595521e-13,5.236568015147546884e-13,5.201883845548649354e-13,5.134756281190838711e-13
2.660000000000000000e+02,2.070838181935557361e-04,1.894868052295349548e-05,3.898765475799159728e-05,9.503035164082923743e-05,1.327755303984617930e-04,2.103612451754764657e-04,2.372146294664293344e-04,2.409266872761402993e-04,2.104125644338755783e-04,1.135834661783210163e-04,6.867818487497020000e-05,1.544085481150735953e-05,5.514358200312349410e-06,3.512358305065958752e-07,5.877685058653628510e-08,6.155779290711697882e-10,3.791062475337787785e-11,8.819946726093541578e-14,5.157278683970423216e-15,4.182309880362833354e-17,6.911788849595090767e-18,6.776263578034402713e-19,4.065758146820641628e-19,4.878909776184769953e-19,8.402566836762659364e-19,5.827586677109586333e-18,2.073536654878527230e-17,3.847291409064812484e-16,1.832382986663438906e-15,3.985380818763428756e-14,1.647546302944308261e-13,1.753515003555597418e-12,4.204065183000330053e-12,1.191669763626716783e-11,1.411014656353161423e-11,1.056866337609436990e-11,7.045831339159633333e-12,2.201906707096842886e-12,1.117453894174114115e-12,2.917928214590109759e-13,1.619868518834555182e-13,6.790984333031324649e-14,5.296235455407027892e-14,4.752819774030137001e-14,5.380147282546543508e-14,9.077054429276754099e-14,1.295278988233672379e-13,2.826156192750617357e-13,4.125904533389818107e-13,7.778367251513873537e-13,9.764249413353465190e-13,1.238983172785132481e-12,1.250995644965294251e-12,1.054892094900020116e-12,9.004022028837044278e-13,6.074242400299495470e-13,4.945019545753159829e-13,3.441785430876448393e-13,3.003508086771994323e-13,2.580891500948007122e-13,2.547908986658825592e-13,2.777422660350109540e-13,3.029877509910100519e-13,3.782630946750492607e-13,4.251935988627136842e-13,5.228162466754809889e-13,5.651305432733538803e-13,6.159552035089888022e-13,6.200779364799735571e-13,5.891614236405717797e-13,5.602395717480002091e-13,4.941372560695461713e-13,4.632218003272625673e-13,4.149865672452290877e-13,3.991696296418156820e-13,3.848198886283182851e-13,3.857731191783675406e-13,4.012900309355998951e-13,4.143076398448186648e-13,4.458918856971999523e-13,4.620938777021715849e-13,4.891681948827192317e-13,4.979600716145671235e-13,5.034887437527224563e-13,5.004247342031697965e-13,4.857787620510950477e-13,4.760164972698183172e-13,4.563861224701759589e-13,4.480590703147269149e-13,4.367384817509367689e-13,4.341557495457504245e-13,4.350859950097429873e-13,4.381432825058262370e-13,4.476821203244080172e-13,4.532373554157892448e-13,4.636638295529849074e-13,4.677191793589496882e-13,4.721195222961993565e-13,4.723008280044932450e-13,4.691597316804768658e-13,4.630807727296765153e-13
2.670000000000000000e+02,2.108997365329579835e-04,1.897720229511340472e-05,3.903142085076623659e-05,9.502291864980756350e-05,1.326803212481284780e-04,2.098109371820447769e-04,2.362563159829891054e-04,2.391257510662016348e-04,2.083824446742727572e-04,1.118534771133967520e-04,6.739901661612039533e-05,1.502387338431890903e-05,5.337169140413378955e-06,3.355365830934580601e-07,5.570048416687206627e-08,5.719956517170974447e-10,3.481762718849507054e-11,7.913407342602374328e-14,4.571863720936875097e-15,3.634787783257653615e-17,5.963111948670274387e-18,5.692061405548898279e-19,3.523657060577889411e-19,4.065758146820641628e-19,7.318364664277154930e-19,5.041540102057595618e-18,1.797065100894723599e-17,3.371597705886797414e-16,1.615976233035332221e-15,3.558717448330639410e-14,1.479684701589240037e-13,1.590185394386572915e-12,3.826248752515290508e-12,1.089262068130342209e-11,1.290660124348558258e-11,9.655555218215927660e-12,6.426262787965347778e-12,1.998651190295713809e-12,1.011474893642186346e-12,2.626692266471941650e-13,1.454688691553129853e-13,6.076923361221509001e-14,4.734548256918325038e-14,4.246876830239776357e-14,4.809835255775718466e-14,8.132101762814425427e-14,1.162114295853028390e-13,2.543677887680700911e-13,3.719254721909481809e-13,7.029935444533008670e-13,8.832958507416083238e-13,1.121906007765099966e-12,1.132827528614252510e-12,9.545787283456869110e-13,8.142505224760510085e-13,5.484196809787261762e-13,4.460908096907967302e-13,3.100240875651694150e-13,2.703950615929456847e-13,2.322045008530670973e-13,2.292249777578053704e-13,2.499612387733829433e-13,2.727783819135576326e-13,3.408571168372898086e-13,3.833298153725628321e-13,4.717391570690371294e-13,5.100818584787697452e-13,5.561516416667522389e-13,5.598893473412330790e-13,5.318623688167767316e-13,5.056491250016170724e-13,4.457588540906359809e-13,4.177597666670668231e-13,3.740902444586413633e-13,3.597748997590660691e-13,3.467894374442614946e-13,3.476519744825823377e-13,3.616938020790938513e-13,3.734756644571679551e-13,4.020678646791953081e-13,4.167382584852052929e-13,4.412578700867253456e-13,4.492213892537400000e-13,4.542294546137221056e-13,4.514539241572135264e-13,4.381879245302783277e-13,4.293464184439849118e-13,4.115697854138039569e-13,4.040299995608509498e-13,3.937806298485307943e-13,3.914424665484028676e-13,3.922846205858809832e-13,3.950524532069649153e-13,4.036886927169525130e-13,4.087186318557645137e-13,4.181598643737682863e-13,4.218322468673568748e-13,4.258171777422187221e-13,4.259813530561873396e-13,4.231367860263457459e-13,4.176318850208221578e-13
2.680000000000000000e+02,2.145401050478090634e-04,1.900570779820158506e-05,3.907514254247466457e-05,9.501535810997805667e-05,1.325850396492675172e-04,2.092619115351182209e-04,2.353017264151643646e-04,2.373381677012239980e-04,2.063718299093868518e-04,1.101498038424805401e-04,6.614365565051861184e-05,1.461814940148661261e-05,5.165672562933902676e-06,3.205389958085944242e-07,5.278512624662824032e-08,5.314988882495173816e-10,3.197697299008386840e-11,7.100047004320042543e-14,4.052937456131000538e-15,3.157738827364031664e-17,5.149960319306146062e-18,4.878909776184769953e-19,2.981555974335137194e-19,3.523657060577889411e-19,6.234162491791650496e-19,4.336808689942017736e-18,1.555830117516698863e-17,2.954721970566120959e-16,1.425129545623571303e-15,3.177731515424664366e-14,1.328925576353501281e-13,1.442068849315941703e-12,3.482386091730599320e-12,9.956548199839890256e-12,1.180571295562003742e-11,8.821336700383722307e-12,5.861174880942426890e-12,1.814157792089446386e-12,9.155468538250138844e-13,2.364524320699196158e-13,1.306352216071809957e-13,5.437943389856314536e-14,4.232429836291407010e-14,3.794791629367633146e-14,4.299978342142685150e-14,7.285518759461706573e-14,1.042640095354901986e-13,2.289433562435022607e-13,3.352684070038330910e-13,6.353516887949717251e-13,7.990491406560662480e-13,1.015891906187837979e-12,1.025821436259274910e-12,8.638044164503699829e-13,7.363419227655876309e-13,4.951467296072931124e-13,4.024190106578090509e-13,2.792589293490466140e-13,2.434269691202473052e-13,2.089159195032413985e-13,2.062243333999375094e-13,2.249589945747809683e-13,2.455810077864328811e-13,3.071501115513991520e-13,3.455878432815501222e-13,4.256520808564034919e-13,4.603953665787557936e-13,5.021544161390445460e-13,5.055430087139850537e-13,4.801358963191226792e-13,4.563779909538823176e-13,4.021168977224459651e-13,3.767594688921377388e-13,3.372241721977253803e-13,3.242680646567408509e-13,3.125174001961800174e-13,3.132978360249893957e-13,3.260046312764108833e-13,3.366678680630230680e-13,3.625509994217152032e-13,3.758343733884644822e-13,3.980399722932487228e-13,4.052530338215232231e-13,4.097894441314198222e-13,4.072752877136431859e-13,3.952594545067467102e-13,3.872519980466920808e-13,3.711543062907135537e-13,3.643274917863870144e-13,3.550481306527353276e-13,3.529313885412832530e-13,3.536937724039207476e-13,3.561995262548606211e-13,3.640184670621743335e-13,3.685726853927540070e-13,3.771216195228022094e-13,3.804471386363583729e-13,3.840558242523134380e-13,3.842045225802698249e-13,3.816285124285528907e-13,3.766435134697904141e-13
2.690000000000000000e+02,2.180018216211056529e-04,1.903419703879125611e-05,3.911881986301988189e-05,9.500793411413473708e-05,1.324896861453786175e-04,2.087141659748444988e-04,2.343508471436082507e-04,2.355638391481399395e-04,2.043805336378924653e-04,1.084720466118345103e-04,6.491165923978086338e-05,1.422337902897436042e-05,4.999685621118578685e-06,3.062117111001145826e-07,5.002235050019531760e-08,4.938691968944287913e-10,2.936807494782235628e-11,6.370284074547205577e-14,3.592883369291088869e-15,2.743031496388326218e-17,4.445228907190568179e-18,4.336808689942017736e-19,2.439454888092384977e-19,2.981555974335137194e-19,5.421010862427522170e-19,3.740497495074990297e-18,1.347121199313239259e-17,2.589616888981627341e-16,1.256807158345196740e-15,2.837533268247593998e-14,1.193526614345907788e-13,1.307748370314373854e-12,3.169425876262121911e-12,9.100917556462834179e-12,1.079872560187482289e-11,8.059192066955586653e-12,5.345776989476580532e-12,1.646694635032766585e-12,8.287165170674931636e-13,2.128522781207758952e-13,1.173141987199921576e-13,4.866154137625477993e-14,3.783564715871545747e-14,3.390831452426690262e-14,3.844168906808054231e-14,6.527070550710334373e-14,9.354485502183207402e-14,2.060601038758602677e-13,3.022242558211457597e-13,5.742182716730187542e-13,7.228376155011401183e-13,9.198954803186359941e-13,9.289229541825649861e-13,7.816621156765679590e-13,6.658876466718310905e-13,4.470486209950247369e-13,3.630226273667463976e-13,2.515467218203171207e-13,2.191485382919966529e-13,1.879629806834925976e-13,1.855315759965309175e-13,2.024575440021797457e-13,2.210953317129116247e-13,2.767763503195436181e-13,3.115618657165142302e-13,3.840674794256676572e-13,4.155487531767171339e-13,4.533997960062818855e-13,4.564718015468566259e-13,4.334400676916927431e-13,4.119078938612935614e-13,3.627476465907497616e-13,3.397830519551170436e-13,3.039911801016453863e-13,2.922654522910517194e-13,2.816323021147260075e-13,2.823384700947201287e-13,2.938369491299608338e-13,3.034875952975801816e-13,3.269179902915669844e-13,3.389452618313831822e-13,3.590549353064270699e-13,3.655881478624445347e-13,3.696972198860559722e-13,3.674198803278044823e-13,3.565365776052320523e-13,3.492845932189653224e-13,3.347075221149520274e-13,3.285263500043406060e-13,3.201253552607280506e-13,3.182090821309685458e-13,3.188992852339728179e-13,3.211677072293556146e-13,3.282465445286764094e-13,3.323700093361275920e-13,3.401108604819680359e-13,3.431222320160465244e-13,3.463901257841350834e-13,3.465247836939577830e-13,3.441920142996379717e-13,3.396779114494402618e-13
2.700000000000000000e+02,2.212819371443020585e-04,1.906267002345325224e-05,3.916245284228748774e-05,9.500277903747931098e-05,1.323942612782842254e-04,2.081676982415674442e-04,2.334036645936747990e-04,2.338026680849271649e-04,2.024083711318669691e-04,1.068198117312357711e-04,6.370259287209352190e-05,1.383926663063692226e-05,4.839031340284695752e-06,2.925247726942288660e-07,4.740417156894245233e-08,4.589036003413080045e-10,2.697202538897401636e-11,5.715526251066915808e-14,3.185060722110666376e-15,2.382534274036895994e-17,3.821812658011403130e-18,3.523657060577889411e-19,2.168404344971008868e-19,2.439454888092384977e-19,4.607859233063393845e-19,3.225501463144375691e-18,1.168227840853131028e-17,2.269506197555282156e-16,1.108379880931931183e-15,2.533756082549742938e-14,1.071923040781019854e-13,1.185938960967039546e-12,2.884590949350090971e-12,8.318816013645757845e-12,9.877629936856299753e-12,7.362894419594284701e-12,4.875699778812692120e-12,1.494689707290733360e-12,7.501211023858145310e-13,1.916076347065198693e-13,1.053514914195474717e-13,4.354483895858962672e-14,3.382301491834660556e-14,3.029873444151953699e-14,3.436674230784808604e-14,5.847576654664787821e-14,8.392771070134252831e-14,1.854640573062393827e-13,2.724369124393333230e-13,5.189670579126143268e-13,6.538949340762628681e-13,8.329701403457512310e-13,8.411773881611406267e-13,7.073309765594920639e-13,6.021745060057204224e-13,4.036226648046481458e-13,3.274830493588121172e-13,2.265845117869341729e-13,1.972915103856665020e-13,1.691114967245638256e-13,1.669151470685970029e-13,1.822068158244954938e-13,1.990509807762302907e-13,2.494061814711789893e-13,2.808859915492956105e-13,3.465455190605065683e-13,3.750705529579484443e-13,4.093787483484823131e-13,4.121637113638915162e-13,3.912856367041528394e-13,3.717709733813689965e-13,3.272328426024567749e-13,3.064356223197312046e-13,2.740332375079923555e-13,2.634212021689757988e-13,2.537994770943075018e-13,2.544384245396075217e-13,2.648432959485164107e-13,2.735773847045708251e-13,2.947871168088728178e-13,3.056768976394258486e-13,3.238881331104476180e-13,3.298055188324933162e-13,3.335274493653644923e-13,3.314646463119935715e-13,3.216072970001898623e-13,3.150396068150873585e-13,3.018397164156194634e-13,2.962432545366294745e-13,2.886375762966436609e-13,2.869028528206668538e-13,2.875276243225616257e-13,2.895811845524121075e-13,2.959899035939739242e-13,2.997232724597648224e-13,3.067322871391775507e-13,3.094591640231958429e-13,3.124184125378320909e-13,3.125403310721280858e-13,3.104278715592573290e-13,3.063402667386611045e-13
2.710000000000000000e+02,2.243776581655486423e-04,1.909112675875607678e-05,3.920604151014559858e-05,9.499749460050094848e-05,1.322987655881333480e-04,2.076225060758528536e-04,2.324601652353052361e-04,2.320545578955296711e-04,2.004551594200311491e-04,1.051927114821547046e-04,6.251603010949034972e-05,1.346552454709721257e-05,4.683538429277978943e-06,2.794495629809194519e-07,4.492302198562760952e-08,4.264134908886496600e-10,2.477145918944323455e-11,5.128067566938232513e-14,2.823533507695374922e-15,2.070826149447313469e-17,3.306816626080788524e-18,2.981555974335137194e-19,1.897353801849632760e-19,2.168404344971008868e-19,3.794707603699265519e-19,2.764715539838036307e-18,1.011018525842732885e-17,1.988968885424657884e-16,9.774895736586186601e-16,2.262496830510163370e-14,9.627089164916668995e-14,1.075475320778951360e-12,2.625353791784953983e-12,7.603924895337524359e-12,9.035099870959711899e-12,6.726754841080567759e-12,4.446958101235465310e-12,1.356716117489192852e-12,6.789796047450280536e-13,1.724833654809937444e-13,9.460864708842053883e-14,3.896617186902040508e-14,3.023593203067831414e-14,2.707339560870103412e-14,3.072376879818816686e-14,5.238821529363058005e-14,7.529927744699682624e-14,1.669265854015167250e-13,2.455854259102857595e-13,4.690320668746666977e-13,5.915277761971843296e-13,7.542587160316166495e-13,7.617201411725532667e-13,6.400681850857181665e-13,5.445574817897896880e-13,3.644150682168695310e-13,2.954227574375467569e-13,2.040994055620831693e-13,1.776144064723900184e-13,1.521506716190695885e-13,1.501666900636383639e-13,1.639816212505029736e-13,1.792045786937201957e-13,2.247426149262071737e-13,2.532303793739698605e-13,3.126892733455732820e-13,3.385352707798577887e-13,3.696317340748378477e-13,3.721564343587419055e-13,3.532309264964866857e-13,3.355450140830884553e-13,2.951950749813248009e-13,2.763609653622101092e-13,2.470275774300173532e-13,2.374236332709778186e-13,2.287172729854847208e-13,2.292953695838539918e-13,2.387105270396094880e-13,2.466149571882236824e-13,2.658141718889228677e-13,2.756738793404517329e-13,2.921656514810744287e-13,2.975251338702133985e-13,3.008963792103941381e-13,2.990278922913869319e-13,2.900999481868921093e-13,2.841520963837995684e-13,2.721994992686133097e-13,2.671324533104479926e-13,2.602469292584813632e-13,2.586765708318533585e-13,2.592421448951304219e-13,2.611011721501826921e-13,2.669030903408586841e-13,2.702831990337994927e-13,2.766294951352804565e-13,2.790986842679532565e-13,2.817783983574684292e-13,2.818887972436817657e-13,2.799758851406569660e-13,2.762745273440087024e-13
2.720000000000000000e+02,2.272863493995078805e-04,1.911956725126590204e-05,3.924958589644503781e-05,9.499208112715874374e-05,1.322031996134060805e-04,2.070785872185141013e-04,2.315203355829137312e-04,2.303194126648152576e-04,1.985207172711576874e-04,1.035903640273182203e-04,6.135155243796385307e-05,1.310187288058750773e-05,4.533041097982200719e-06,2.669587431975307262e-07,4.257173030639211167e-08,3.962236132996985877e-10,2.275042795211318358e-11,4.600988101795266960e-14,2.503043345508659812e-15,1.799775606325937360e-17,2.846030702774449139e-18,2.710505431213761085e-19,1.626303258728256651e-19,1.897353801849632760e-19,3.252606517456513302e-19,2.385244779468109755e-18,8.754932542820448305e-18,1.743126042813569754e-16,8.620220422889124379e-16,2.020280644166039252e-14,8.646219590985326775e-14,9.753006778925876752e-13,2.389413970502185514e-12,6.950468466829923253e-12,8.264434167397360920e-12,6.145575910145029130e-12,4.055917168961642449e-12,1.231478650607839564e-12,6.145850972236188703e-13,1.552678883902369744e-13,8.496128063237295969e-14,3.486891764908905955e-14,2.702929568533518623e-14,2.419139649885437837e-14,2.746693389225896009e-14,4.693440731548537137e-14,6.755791130512445175e-14,1.502419879045174822e-13,2.213803955691123759e-13,4.239017990792515178e-13,5.351090393273388868e-13,6.829850812510585012e-13,6.897683379331054354e-13,5.792016172234681903e-13,4.924533003602959980e-13,3.290160299155436840e-13,2.665011223854096833e-13,1.838455874082073338e-13,1.598998169115295465e-13,1.368909055120964835e-13,1.350987735310865689e-13,1.475793771042732683e-13,1.613369268911590826e-13,2.025179882732958125e-13,2.282976867447328306e-13,2.821406574083501484e-13,3.055588280228421771e-13,3.337437748038296625e-13,3.360324984848922503e-13,3.188772217197627379e-13,3.028489731129319074e-13,2.662939584553020156e-13,2.492379132940092390e-13,2.226832813197882066e-13,2.139918017091124725e-13,2.061138260935069244e-13,2.066368994316225560e-13,2.151563161575248406e-13,2.223098007764212625e-13,2.396888026598431587e-13,2.486157167722741201e-13,2.635501409123386374e-13,2.684042495638278014e-13,2.714577694573616640e-13,2.697653569711661037e-13,2.616792958536062752e-13,2.562928439354267285e-13,2.454698499586988047e-13,2.408822653062608898e-13,2.346488075458813549e-13,2.332272287623726736e-13,2.337392432383289531e-13,2.354221147454066410e-13,2.406746134851756036e-13,2.437348283271245641e-13,2.494809643160261770e-13,2.517167789310714721e-13,2.541433318133112795e-13,2.542433223586687552e-13,2.525111196527429769e-13,2.491595525819928492e-13
2.730000000000000000e+02,2.300055360966818082e-04,1.914799201397388039e-05,3.929308680587645657e-05,9.498653884089622063e-05,1.321075621858965098e-04,2.065359297509810797e-04,2.305841455434637420e-04,2.285971065936080791e-04,1.966048311982571313e-04,1.020123654143473659e-04,6.020872894425748447e-05,1.274803306553718633e-05,4.387376326876627017e-06,2.550259884498667484e-07,4.034346173369682612e-08,3.681706376671301656e-10,2.089425271798069084e-11,4.128075377189677209e-14,2.218901061154521237e-15,1.563961633810340146e-17,2.466559942404522587e-18,2.168404344971008868e-19,1.355252715606880543e-19,1.626303258728256651e-19,2.710505431213761085e-19,2.059984127722458425e-18,7.589415207398531038e-18,1.527640861032075748e-16,7.602154582925235715e-16,1.803990442271474759e-14,7.765272799775679857e-14,8.844551339145384494e-13,2.174674123504166667e-12,6.353157203878995185e-12,7.559491091912659555e-12,5.614600201864911044e-12,3.699255826791411628e-12,1.117799700457028367e-12,5.562967621275394237e-13,1.397704109569464226e-13,7.629750238720423017e-14,3.120244405734051707e-14,2.416266514128351250e-14,2.161614528865818396e-14,2.455530895804913794e-14,4.204826048979926068e-14,6.061229534774781325e-14,1.352247578235293846e-13,1.995606371124614142e-13,3.831132188835545405e-13,4.840704931081268869e-13,6.184452906385362603e-13,6.246119344400363760e-13,5.241221139821311548e-13,4.453336842086957903e-13,2.970550509132779959e-13,2.404104205207951983e-13,1.656013379810333808e-13,1.439517450553540190e-13,1.231613552463151073e-13,1.215425600876313128e-13,1.328175037399598191e-13,1.452504837327200926e-13,1.824907954785237596e-13,2.058194380986227978e-13,2.545760369003502444e-13,2.757940902563260632e-13,3.013396281635605245e-13,3.034144116509374101e-13,2.878640522566838778e-13,2.733383452305920835e-13,2.402219319731085934e-13,2.247764149289344093e-13,2.007377012010203021e-13,1.928721125952354010e-13,1.857438627819035792e-13,1.862171170301935019e-13,1.939258757917283749e-13,2.003996469636393218e-13,2.161307157549918756e-13,2.242129821649480048e-13,2.377368592786088808e-13,2.421331635627660406e-13,2.448988548845593138e-13,2.433659556429906834e-13,2.360425223335571587e-13,2.311645883393276257e-13,2.213646204275027118e-13,2.172111774299823050e-13,2.115681219626297516e-13,2.102812824041067064e-13,2.107447517277899474e-13,2.122681370952950175e-13,2.170231767732733186e-13,2.197937470048427766e-13,2.249963724446774060e-13,2.270208489512509642e-13,2.292181201790643996e-13,2.293086510604669392e-13,2.277401086724778478e-13,2.247053454765279845e-13
2.740000000000000000e+02,2.325329062702988800e-04,1.917640004029777024e-05,3.933654271775331051e-05,9.498086826202468513e-05,1.320118572495718862e-04,2.059945507565457909e-04,2.296516150883958667e-04,2.268876065403918304e-04,1.947073916863311467e-04,1.004584015417753814e-04,5.908719725141665566e-05,1.240375271300791344e-05,4.246393993360736332e-06,2.436267737498487400e-07,3.823185511301870412e-08,3.421042424226004158e-10,1.918954708676756660e-11,3.703778277998337476e-14,1.967040896486138557e-15,1.357963221038094304e-17,2.114194236346733646e-18,1.897353801849632760e-19,1.084202172485504434e-19,1.355252715606880543e-19,2.439454888092384977e-19,1.788933584601082316e-18,6.559423143537301826e-18,1.338718632476476600e-16,6.704435184107238044e-16,1.610858798781200640e-14,6.974097948447832707e-14,8.020728178848024470e-13,1.979236409098070193e-12,5.807186600082642203e-12,6.914688900671109306e-12,5.129508390310302812e-12,3.373963082661454727e-12,1.014616261016745846e-12,5.035374244302670554e-13,1.258199816035754370e-13,6.851732180755687462e-14,2.792153986318213210e-14,2.160009909650539850e-14,1.931508880788357363e-14,2.195235638234593889e-14,3.767084842849766080e-14,5.438087046644168865e-14,1.217087682806733406e-13,1.798918002407501326e-13,3.462499926533413319e-13,4.379007464798412297e-13,5.600052214484174673e-13,5.656112243065253287e-13,4.742812316927552674e-13,4.027233462076257320e-13,2.681992811431194168e-13,2.168743971301539952e-13,1.491678688122360930e-13,1.295944959418121600e-13,1.108090127901334432e-13,1.093468306352651798e-13,1.195324492598431876e-13,1.307682261086906550e-13,1.644443858427740990e-13,1.855547237129134830e-13,2.297048185342931426e-13,2.489291596203396795e-13,2.720821614884960660e-13,2.739629541021609827e-13,2.598675940233829973e-13,2.467037533461502452e-13,2.167029305565754127e-13,2.027160178001002899e-13,1.809551857315239154e-13,1.738371274186134574e-13,1.673873171147144401e-13,1.678154956576832779e-13,1.747906561242601464e-13,1.806492238784485060e-13,1.948884033754066936e-13,2.022058193627829237e-13,2.144522081616584419e-13,2.184338322198942084e-13,2.209388271293133421e-13,2.195503978272284051e-13,2.129177368269397075e-13,2.085003990206363289e-13,1.996268547601459664e-13,1.958665434703688035e-13,1.907580538841602280e-13,1.895931870700418020e-13,1.900127191006850680e-13,1.913917429489236932e-13,1.956963237292885793e-13,1.982046254553337938e-13,2.029151315290772528e-13,2.047481921420984952e-13,2.067377844437723322e-13,2.068197772330665485e-13,2.053994723871105377e-13,2.026516161910546510e-13
2.750000000000000000e+02,2.348663127789323089e-04,1.920479184351340835e-05,3.937995443751990681e-05,9.497506961508425031e-05,1.319160836341471495e-04,2.054544382946291213e-04,2.287227141480083312e-04,2.251907878544324407e-04,1.928281883172110590e-04,9.892807934873152297e-05,5.798654118688601898e-05,1.206876758381842632e-05,4.109941134641949918e-06,2.327370465726123078e-07,3.623076622651924192e-08,3.178833026071681972e-10,1.762392177182860176e-11,3.323090500689795945e-14,1.743776564117061056e-15,1.179069862577986072e-17,1.816038638913219927e-18,1.626303258728256651e-19,1.084202172485504434e-19,1.084202172485504434e-19,2.168404344971008868e-19,1.517883041479706208e-18,5.692061405548898279e-18,1.173106750629315798e-16,5.912425497106577055e-16,1.438405601225656305e-14,6.263530818138851597e-14,7.273639156257782901e-13,1.801362471730641457e-12,5.308134492934893367e-12,6.324885819079806293e-12,4.686327253989805430e-12,3.077274573397639768e-12,9.209575105566941700e-13,4.557817881792325387e-13,1.132619117851646484e-13,6.153047906257147481e-14,2.498562880030863464e-14,1.930931543131508832e-14,1.725895359787343875e-14,1.962533325954030072e-14,3.374918075040034271e-14,4.879007354380293648e-14,1.095437217497885474e-13,1.621615168534429330e-13,3.129337338304144511e-13,3.961345411852140730e-13,5.070874276036363426e-13,5.121836657052958319e-13,4.291798849902911384e-13,3.641899878458615403e-13,2.421464992494876123e-13,1.956425201964789862e-13,1.343651481310742524e-13,1.166692068475805311e-13,9.969553394634234067e-14,9.837481306992912344e-14,1.075761929623247903e-13,1.177299089379774122e-13,1.481825729829355787e-13,1.672852394801749298e-13,2.072634327620476169e-13,2.246811406630272456e-13,2.456653316103979412e-13,2.473702666316857091e-13,2.345939469159535884e-13,2.226644975171498952e-13,1.954865306089126342e-13,1.828207181996110986e-13,1.631222012934280263e-13,1.566807393462571474e-13,1.508449127326366712e-13,1.512322710638114298e-13,1.575435474351211118e-13,1.628452689535209164e-13,1.757338849092682231e-13,1.823587125488607130e-13,1.934481221044226373e-13,1.970541243200008008e-13,1.993229257861439674e-13,1.980654138963866551e-13,1.920584730748936542e-13,1.880582820544540734e-13,1.800237205400873064e-13,1.766193528235371346e-13,1.719948781921804004e-13,1.709404373693296231e-13,1.713202062852969831e-13,1.725684753515338565e-13,1.764652605897726323e-13,1.787360949349892092e-13,1.830009126006781894e-13,1.846606634964276239e-13,1.864622009312838502e-13,1.865364416750447951e-13,1.852503610580424898e-13,1.827623068075684420e-13
2.760000000000000000e+02,2.370037752631399066e-04,1.923316743017766998e-05,3.942332199495743599e-05,9.496926388966056239e-05,1.318202418714677548e-04,2.049155901072905459e-04,2.277974294134690175e-04,2.235065573745734951e-04,1.909670466570162256e-04,9.742103964573603611e-05,5.690637248855528649e-05,1.174282678887385236e-05,3.977872254313624114e-06,2.223340370904674460e-07,3.433441105483037853e-08,2.953771659501471664e-10,1.618602991980237771e-11,2.981531579786256270e-14,1.545828352475520084e-15,1.024571052998801690e-17,1.572093150103981429e-18,1.355252715606880543e-19,8.131516293641283255e-20,1.084202172485504434e-19,1.897353801849632760e-19,1.328147661294742932e-18,4.933119884809045175e-18,1.028094710059379580e-16,5.214199298025912199e-16,1.284413656162108897e-14,5.625361287897590046e-14,6.596137210653635341e-13,1.639473929879176062e-12,4.851969005606818208e-12,5.785390721178840234e-12,4.281435855802914747e-12,2.806675031274963317e-12,8.359442966402591546e-13,4.125552438734303440e-13,1.019572609933100393e-13,5.525611977523492424e-14,2.235841720099607244e-14,1.726147436792446754e-14,1.542171880648812721e-14,1.754499323602942695e-14,3.023574229529812918e-14,4.377403929785306236e-14,9.859460795534624733e-14,1.461787505277478694e-13,2.828231355708754613e-13,3.583519115127331567e-13,4.591700554935213008e-13,4.638028242714975491e-13,3.883673710316365435e-13,3.293435673918515549e-13,2.186244891719257843e-13,1.764892214577845619e-13,1.210313858683587096e-13,1.050330341364341669e-13,8.969666914597496099e-14,8.850372149558916046e-14,9.681586587116652876e-14,1.059915772771286013e-13,1.335288758903818707e-13,1.508145279667527650e-13,1.870144664128936540e-13,2.027950561384744832e-13,2.218133446016401500e-13,2.233588205884096123e-13,2.117782945537660666e-13,2.009676333767501655e-13,1.763473264984605215e-13,1.648779853966053643e-13,1.470466272617682035e-13,1.412175498066714496e-13,1.359372954912868581e-13,1.362877909485971095e-13,1.419982566860239492e-13,1.467959868245438670e-13,1.584619479903792705e-13,1.644596459883518325e-13,1.745012012492608289e-13,1.777669808231130411e-13,1.798218420955705055e-13,1.786828877133744831e-13,1.732427406826025917e-13,1.696203399091655850e-13,1.623455872772766595e-13,1.592635257615521160e-13,1.550772585432597106e-13,1.541228082657664089e-13,1.544665274594986260e-13,1.555964829636630187e-13,1.591240160470075438e-13,1.611798259963659330e-13,1.650410765084014963e-13,1.665438620346293419e-13,1.681750984132424076e-13,1.682423189479365089e-13,1.670778044995241407e-13,1.648250492255337596e-13
2.770000000000000000e+02,2.389434819345406748e-04,1.926152680684504515e-05,3.946664541982979556e-05,9.496337109382344097e-05,1.317243324917305740e-04,2.043780039369633725e-04,2.268757476198472137e-04,2.218348226158931458e-04,1.891237939312380250e-04,9.593692869247865654e-05,5.584631010950431265e-05,1.142568620884657437e-05,3.850046528753762543e-06,2.123959930191412961e-07,3.253730827406124335e-08,2.744644298077400513e-10,1.486545036914234397e-11,2.675079125227797228e-14,1.370377335913053329e-15,8.917562868693273970e-18,1.355252715606880543e-18,1.084202172485504434e-19,8.131516293641283255e-20,8.131516293641283255e-20,1.626303258728256651e-19,1.138412281109779656e-18,4.282598581317742514e-18,9.009720053354541847e-17,4.598372464054145681e-16,1.146907005131203583e-14,5.052211361940284196e-14,5.981740439347377203e-13,1.492134161455022090e-12,4.435004609653486751e-12,5.291912578715002313e-12,3.911526078080942992e-12,2.559870392916663295e-12,7.587785651533285325e-13,3.734283119272846507e-13,9.178091229730678258e-14,4.962154818988206983e-14,2.000743321017850462e-14,1.543079899968269331e-14,1.378004698196488853e-14,1.568515282934779265e-14,2.708805944308390057e-14,3.927370581524591842e-14,8.873986072875650333e-14,1.317712486435113073e-13,2.556097694617065486e-13,3.241728717059966236e-13,4.157806369163574711e-13,4.199920034149429160e-13,3.514358671696110603e-13,2.978312854586689928e-13,1.973873538577142206e-13,1.592109961662951934e-13,1.090207839369444764e-13,9.455739143071628661e-14,8.070061003999373650e-14,7.962312992097764219e-14,8.713185338168893956e-14,9.542361475642358037e-14,1.203242421064093515e-13,1.359655118528257933e-13,1.687437624527110547e-13,1.830408925557885924e-13,2.002771321181484598e-13,2.016780568502712923e-13,1.911815703577873782e-13,1.813849363676428572e-13,1.590819490027151062e-13,1.486962137621505864e-13,1.325552894445441998e-13,1.272804290349677236e-13,1.225029734770732848e-13,1.228200484024166705e-13,1.279868680655049662e-13,1.323284472450059202e-13,1.428875464129508721e-13,1.483173935230841511e-13,1.574100008325252098e-13,1.603675959388484173e-13,1.622286560729740978e-13,1.611971190210170768e-13,1.562703417189170718e-13,1.529901422561708024e-13,1.464033972178868659e-13,1.436131758219411081e-13,1.398236452836154609e-13,1.389596987824703866e-13,1.392708377009194143e-13,1.402936469253879270e-13,1.434868933739008590e-13,1.453479806130808516e-13,1.488438278879344878e-13,1.502044745093494837e-13,1.516814831289264864e-13,1.517423339758572354e-13,1.506879202580607702e-13,1.486482107109637907e-13
2.780000000000000000e+02,2.406837912158674272e-04,1.928986998006785550e-05,3.950992474188348160e-05,9.495734954209365309e-05,1.316283560234883401e-04,2.038416775264803289e-04,2.259576555460033503e-04,2.201754917648655896e-04,1.872982590090530779e-04,9.447539811528545451e-05,5.480598008404086283e-05,1.111710831156292032e-05,3.726327657082440089e-06,2.029021341490495380e-07,3.083426341573994138e-08,2.550322862507163613e-10,1.365261221675066750e-11,2.400125454285473303e-14,1.214821429215695581e-15,7.752045533271356703e-18,1.165517335421917267e-18,1.084202172485504434e-19,5.421010862427522170e-20,8.131516293641283255e-20,1.355252715606880543e-19,9.757819552369539906e-19,3.686287386450715076e-18,7.895702321125686041e-17,4.055458226182029335e-16,1.024121109097220206e-14,4.537459275498478828e-14,5.424570840260878324e-13,1.358035727058379272e-12,4.053872580504769285e-12,4.840526308773351882e-12,3.573575625952923884e-12,2.334768256550059928e-12,6.887359064143561138e-13,3.380121432316335328e-13,8.262027130154225851e-14,4.456152244078359637e-14,1.790367441974194396e-14,1.379430424053307291e-14,1.231314854764631317e-14,1.402247458773264732e-14,2.426807669750341567e-14,3.523602850469265135e-14,7.987011117586984010e-14,1.187837263445790104e-13,2.310148871243616897e-13,2.932537567813808810e-13,3.764912643797191372e-13,3.803195009356025169e-13,3.180163109847006231e-13,2.693341426621143064e-13,1.782131842271994504e-13,1.436242888942090845e-13,9.820204545374355831e-14,8.512654014851406270e-14,7.260682398195494880e-14,7.163361700687764788e-14,7.841646711310990003e-14,8.590933411704859690e-14,1.084254214189783738e-13,1.225784881583869002e-13,1.522580076341456534e-13,1.652109438837756628e-13,1.808319119445123135e-13,1.821017566339816485e-13,1.725879909906385956e-13,1.637104080770557246e-13,1.435069240090375287e-13,1.341025814699525753e-13,1.194920627289181025e-13,1.147188084544420450e-13,1.103963112331768359e-13,1.106831911280165004e-13,1.153579998452308741e-13,1.192867419425036601e-13,1.288438756727461332e-13,1.337595670076324739e-13,1.419927543599985853e-13,1.446712216170153997e-13,1.463567223143613649e-13,1.454224653023306058e-13,1.409607023120096336e-13,1.379903949352140335e-13,1.320267137804032043e-13,1.295007395589464760e-13,1.260704052003652764e-13,1.252883972784057942e-13,1.255700187927089040e-13,1.264958190277942762e-13,1.293864104398578796e-13,1.310712335108460413e-13,1.342361551776027895e-13,1.354681070011437560e-13,1.368054432758503136e-13,1.368605478512668894e-13,1.359058265232304663e-13,1.340590778577815945e-13
2.790000000000000000e+02,2.422232332306606839e-04,1.931819695639598318e-05,3.955315999084764293e-05,9.495119955960207151e-05,1.315323129936539308e-04,2.033066086190975783e-04,2.250431400144742376e-04,2.185284736745620631e-04,1.854902723877861423e-04,9.303610482582741589e-05,5.378501539622245159e-05,1.081686197431538346e-05,3.606583715935117408e-06,1.938326089081729171e-07,2.922035385538395390e-08,2.369759136101531882e-10,1.253872532061897638e-11,2.153431512968984052e-14,1.076938017929851554e-15,6.722053469410127491e-18,1.002887009549091601e-18,8.131516293641283255e-20,5.421010862427522170e-20,5.421010862427522170e-20,1.084202172485504434e-19,8.402566836762659364e-19,3.198396408832238080e-18,6.919920365888732050e-17,3.576511916486557752e-16,9.144811644046235699e-15,4.075152758645228523e-14,4.919298746564743086e-13,1.235988633489781829e-12,3.705493648465535417e-12,4.427641711384974754e-12,3.264823361746188590e-12,2.129460290826307167e-12,6.251588060158380644e-13,3.059548599713968198e-13,7.437393799783476034e-14,4.001749561062528660e-14,1.602111997754673833e-14,1.233133603908975751e-14,1.100237522616565045e-14,1.253603340925502074e-14,2.174166879517769324e-14,3.161346510092977180e-14,7.188691373942457385e-14,1.070762944456460364e-13,2.087864928689009414e-13,2.652836446608713983e-13,3.409145253423229160e-13,3.443944619502953275e-13,2.877747139976710722e-13,2.435636599091434151e-13,1.609015926138518404e-13,1.295635148647333867e-13,8.845691106679209881e-14,7.663631556610595030e-14,6.532475298540174613e-14,6.444576317911343555e-14,7.057283360131783034e-14,7.734367616848980553e-14,9.770325824429160200e-14,1.105095019399843226e-13,1.373828622478617811e-13,1.491178057769215748e-13,1.632746401188794882e-13,1.644256833552987240e-13,1.558027253219240738e-13,1.477581078324075037e-13,1.294567751608521888e-13,1.209412073526622278e-13,1.077161905678469811e-13,1.033968917429906043e-13,9.948612029672676549e-14,9.974565119176548311e-14,1.039752322868486845e-13,1.075303583154829656e-13,1.161804756132783778e-13,1.206306376403537550e-13,1.280855033581468350e-13,1.305111346685400298e-13,1.320376371172909957e-13,1.311914986368289959e-13,1.271509210854643301e-13,1.244612865460709150e-13,1.190617970967672301e-13,1.167750791897237406e-13,1.136699241677252559e-13,1.129621027794180943e-13,1.132170258152237485e-13,1.140550056743377949e-13,1.166715649873056870e-13,1.181967934985039825e-13,1.210620958948943615e-13,1.221774959848931363e-13,1.233883600761792598e-13,1.234382604811679052e-13,1.225738260890452125e-13,1.209017694986380675e-13
2.800000000000000000e+02,2.435605111413967382e-04,1.934650774237703353e-05,3.959635119643413535e-05,9.494492147087528889e-05,1.314362039275041624e-04,2.027727949585192218e-04,2.241321878913586825e-04,2.168936778598817632e-04,1.836996661775199176e-04,9.161871094106284539e-05,5.278305585081476277e-05,1.052472231096549817e-05,3.490687018898973445e-06,1.851684528658453961e-07,2.769091458673764335e-08,2.201979111744224726e-10,1.151571673847599786e-11,1.932094349961499535e-14,9.546942229821109294e-16,5.854691731421723944e-18,8.673617379884035472e-19,8.131516293641283255e-20,5.421010862427522170e-20,5.421010862427522170e-20,1.084202172485504434e-19,7.318364664277154930e-19,2.764715539838036307e-18,6.066111155056397308e-17,3.153944119760332399e-16,8.165777082291825195e-15,3.659946694670179745e-14,4.461089700771858624e-13,1.124909871199133993e-12,3.387053143380849840e-12,4.049974765274466648e-12,2.982746590950852150e-12,1.942205917577696783e-12,5.674504377668754262e-13,2.769378693381896461e-13,6.695064966831532072e-14,3.593682968393296928e-14,1.433651374699307368e-14,1.102354427358342992e-14,9.831165829338184281e-15,1.120715391149385010e-14,1.947826123484264205e-14,2.836335224846997516e-14,6.470163489182001459e-14,9.652272470878076049e-14,1.886969313441566598e-13,2.399812661958711235e-13,3.086996261912611228e-13,3.118628673446505184e-13,2.604089361681050097e-13,2.202589239469476823e-13,1.452715985700292478e-13,1.168792710184995975e-13,7.967883080758908498e-14,6.899285288040901687e-14,5.877305478234340352e-14,5.797917484659520504e-14,6.351375588659058380e-14,6.963204427119784601e-14,8.804139058418702923e-14,9.962885551273448215e-14,1.239609814535774790e-13,1.345922613811556534e-13,1.474220051589369973e-13,1.484653329095197982e-13,1.406499428643209759e-13,1.333602282424517504e-13,1.167822078190078328e-13,1.090715517036711102e-13,9.710079420209571932e-14,9.319238089555703652e-14,8.965414131575921708e-14,8.988892529621095306e-14,9.371567107410716524e-14,9.693263444514321758e-14,1.047616854377153572e-13,1.087903096601283703e-13,1.155403897556972481e-13,1.177370104622071922e-13,1.191194766523434589e-13,1.183531625568307044e-13,1.146940615398550634e-13,1.122585910947465626e-13,1.073700048141723595e-13,1.052999105011914738e-13,1.024891705791314278e-13,1.018485155154097432e-13,1.020792337377146586e-13,1.028377415775855175e-13,1.052062354334887262e-13,1.065869397950947040e-13,1.091809477028748976e-13,1.101908007113822086e-13,1.112871188431452385e-13,1.113323029686835719e-13,1.105496445254205984e-13,1.090358001370334007e-13
2.810000000000000000e+02,2.446945023349710361e-04,1.937480234455619954e-05,3.963949838833744034e-05,9.493851559983645808e-05,1.313400293486840457e-04,2.022402342889214493e-04,2.232247860862050294e-04,2.152710144928216625e-04,1.819262740858445756e-04,9.022288370438689325e-05,5.179974794664883976e-05,1.024047050370924597e-05,3.378513980461822930e-06,1.768915490905280212e-07,2.624152474034165475e-08,2.046077737577131628e-10,1.057617209955508120e-11,1.733503748532760902e-14,8.463282158421847612e-16,5.095750210681870840e-18,7.589415207398531038e-19,5.421010862427522170e-20,5.421010862427522170e-20,5.421010862427522170e-20,5.421010862427522170e-20,6.505213034913026604e-19,2.385244779468109755e-18,5.318011656041399249e-17,2.781520673511561625e-16,7.291584870616762970e-15,3.287046199465515350e-14,4.045560544549409165e-13,1.023813683571211941e-12,3.095978334810567389e-12,3.704521498587576289e-12,2.725040679218970752e-12,1.771417593773166876e-12,5.150691071570401292e-13,2.506728548692938041e-13,6.026830510347247483e-14,3.227225344598627643e-14,1.282903904636922832e-14,9.854421965937998351e-15,8.784585472237926851e-15,1.001916648604717075e-14,1.745050501669731524e-14,2.544736340051589885e-14,5.823455866832416561e-14,8.700933853619807756e-14,1.705403396626281598e-13,2.170921320314433967e-13,2.795288414798868804e-13,2.824041998514270624e-13,2.356454332878843427e-13,1.991840394878485743e-13,1.311598941435010435e-13,1.054368181305220808e-13,7.177185278386954970e-14,6.211171984724095374e-14,5.287843730591990088e-14,5.216140019914661252e-14,5.716076483669452202e-14,6.268932855463260623e-14,7.933497608858530725e-14,8.981948214706325651e-14,1.118503618717514581e-13,1.214816550305919396e-13,1.331085307081092406e-13,1.340542260530597218e-13,1.269708622096688000e-13,1.203653062636922400e-13,1.053485640736817608e-13,9.836678997385273071e-14,8.753154451257572077e-14,8.399498544614525386e-14,8.079382432177317774e-14,8.100621952736308806e-14,8.446840232476104937e-14,8.737937673766738023e-14,9.446518003594639445e-14,9.811216509364450999e-14,1.042239753702711713e-13,1.062131610961303263e-13,1.074651977649165868e-13,1.067711999543086154e-13,1.034576070646497925e-13,1.012522856357056522e-13,9.682635552718532601e-14,9.495236628215275587e-14,9.240817746419827117e-14,9.182829193224439912e-14,9.203710927066510727e-14,9.272368029639155296e-14,9.486758167226438943e-14,9.611744993670567894e-14,9.846583184230928154e-14,9.938008532425768315e-14,1.003726724131681625e-13,1.004136010451794903e-13,9.970496650524296456e-14,9.833437232889541413e-14
2.820000000000000000e+02,2.456242594545875939e-04,1.940308076947653291e-05,3.968260159623477343e-05,9.493198226980626786e-05,1.312437897792110143e-04,2.017089243549768257e-04,2.223209215518959637e-04,2.136603943977720475e-04,1.801699314027566134e-04,8.884829540797817672e-05,5.083474475232213109e-05,9.963893639380525229e-06,3.269944984328281533e-06,1.689845902790878228e-07,2.486799480780951116e-08,1.901214035922131618e-10,9.713281936586659615e-12,1.555331384517355531e-14,7.502679033599690683e-16,4.391018798566292958e-18,6.505213034913026604e-19,5.421010862427522170e-20,5.421010862427522170e-20,5.421010862427522170e-20,5.421010862427522170e-20,5.421010862427522170e-19,2.059984127722458425e-18,4.656648330825241544e-17,2.453007415248453782e-16,6.510959306427199778e-15,2.952141569395605458e-14,3.668735237480347244e-13,9.318029746234468558e-13,2.829917452717295445e-12,3.388534299073736600e-12,2.489599997511360296e-12,1.615647502936634616e-12,4.675230471859470605e-13,2.268988491017920328e-13,5.425293461008839913e-14,2.898137459184102482e-14,1.148007470336276370e-14,8.809305281770596352e-15,7.849461098469179277e-15,8.957082037880370606e-15,1.563381585648060401e-14,2.283112934819975237e-14,5.241385667500986223e-14,7.843357040238085887e-14,1.541308313618428016e-13,1.963861473615324815e-13,2.531145865819484087e-13,2.557281643389419656e-13,2.132368175263021914e-13,1.801256084392466317e-13,1.184190549438635109e-13,9.511456292715658734e-14,6.464951187237777397e-14,5.591685968420190278e-14,4.757500816909843167e-14,4.692746842158146414e-14,5.144322468009221438e-14,5.643879461003642461e-14,7.148958074826294862e-14,8.097591607664211821e-14,1.009228508055959317e-13,1.096481304189989014e-13,1.201847866019734035e-13,1.210419568395404433e-13,1.146221247257106501e-13,1.086366240021785501e-13,9.503433196639266001e-14,8.871267435928142930e-14,7.890536097773792612e-14,7.570528405553833551e-14,7.280916321239505606e-14,7.300128383735948745e-14,7.613365233388735831e-14,7.876761309172364278e-14,8.518066894197540151e-14,8.848211876730238679e-14,9.401588665566840142e-14,9.581728856525306703e-14,9.695109298712978330e-14,9.632258098773993638e-14,9.332194305516905430e-14,9.132511370399387651e-14,8.731806510481332495e-14,8.562166817563388044e-14,8.331876855116604474e-14,8.279390627946581205e-14,8.298293692823865975e-14,8.360429319329010234e-14,8.554490666182190672e-14,8.667632583891915488e-14,8.880228366883735625e-14,8.963001781742141461e-14,9.052871299819464923e-14,9.056573850238502921e-14,8.992416186681673196e-14,8.868329248040707213e-14
2.830000000000000000e+02,2.463490112772368304e-04,1.943134302367861875e-05,3.972566084978603005e-05,9.492532180350429826e-05,1.311474857394786652e-04,2.011788629018781971e-04,2.214205812845391162e-04,2.120617290468500586e-04,1.784304749856953452e-04,8.749462331631113580e-05,4.988770578420839881e-05,9.694784550166456356e-06,3.164864255964536330e-06,1.614310425777573665e-07,2.356635453405406255e-08,1.766606565352900338e-10,8.920792381704456542e-12,1.395465774184367902e-14,6.651038227112326950e-16,3.848917712323540741e-18,5.421010862427522170e-19,5.421010862427522170e-20,5.421010862427522170e-20,5.421010862427522170e-20,5.421010862427522170e-20,4.878909776184769953e-19,1.788933584601082316e-18,4.082021179407924194e-17,2.163525435194824098e-16,5.813871519627644702e-15,2.651356781693814391e-14,3.327009349442244801e-13,8.480612588047942157e-13,2.586720984978918558e-12,3.099499769256691684e-12,2.274501008543705627e-12,1.473574897086632474e-12,4.243658918191839380e-13,2.053795501721911165e-13,4.883788685960954723e-14,2.602611052018866111e-14,1.027292400451740306e-14,7.875048269739837181e-15,7.013866484134601009e-15,8.007591985326190098e-15,1.400626576525398903e-14,2.048388585487725955e-14,4.717493756745128053e-14,7.070304628223333943e-14,1.393002466848480836e-13,1.776550911589125370e-13,2.291962735052888167e-13,2.315719773056390540e-13,1.929591469246316748e-13,1.628907512346566833e-13,1.069157783140095574e-13,8.580283835865620823e-14,5.823396235712929858e-14,5.033988633926234080e-14,4.280348861809835093e-14,4.221866996625966983e-14,4.629754695936738607e-14,5.081151428429353523e-14,6.441993206235396840e-14,7.300307277094408853e-14,9.106300782879550582e-14,9.896732955719245162e-14,1.085157896700550406e-13,1.092927289468581531e-13,1.034743579882146935e-13,9.805079925068183044e-14,8.572987155244793378e-14,8.000598881313658595e-14,7.112924615623739122e-14,6.823366741418035453e-14,6.561358444415188451e-14,6.578738205240131087e-14,6.862126969084392236e-14,7.100461711651018248e-14,7.680867660647683337e-14,7.979727989493312634e-14,8.480764918453176371e-14,8.643888556314482940e-14,8.746567923059722638e-14,8.689647309004233655e-14,8.417924560535916534e-14,8.237123006252233814e-14,7.874343538327721603e-14,7.720782563627737183e-14,7.512339274956536528e-14,7.464834956769084151e-14,7.481943667050905411e-14,7.538181233737728526e-14,7.713832827702105099e-14,7.816251985925948276e-14,8.008708713563850168e-14,8.083648767726048234e-14,8.165012719760222915e-14,8.168368325484065551e-14,8.110276773082292223e-14,7.997937164980206681e-14
2.840000000000000000e+02,2.468681634360729116e-04,1.945958961695339702e-05,3.976867694485388066e-05,9.491853440095945329e-05,1.310511160302417597e-04,2.006500382620048095e-04,2.205237363714401453e-04,2.104749023808584495e-04,1.767077126905916150e-04,8.616152601472626014e-05,4.895828047812037171e-05,9.432937055681395004e-06,3.063157956111224860e-06,1.542149853371891852e-07,2.233282004595812942e-08,1.641527061849168412e-10,8.192947297154529185e-12,1.252031247775398093e-14,5.895891413976173112e-16,3.306816626080788524e-18,4.878909776184769953e-19,5.421010862427522170e-20,0.000000000000000000e+00,5.421010862427522170e-20,5.421010862427522170e-20,3.794707603699265519e-19,1.572093150103981429e-18,3.577867169202164632e-17,1.907653722488245052e-16,5.191485262512340881e-15,2.381211547386463678e-14,3.017108047773109369e-13,7.718440686935168493e-13,2.364420237290637550e-12,2.835114521620996086e-12,2.077982751147455787e-12,1.343993221835509955e-12,3.851919326038066860e-13,1.859007739413165439e-13,4.396331389211471929e-14,2.337209202216139481e-14,9.192733380070094995e-15,7.039833126165628840e-15,6.267230658052458381e-15,7.158770104487288677e-15,1.254812226347823412e-14,1.837793155504141573e-14,4.245957968898594892e-14,6.373433681858275968e-14,1.258964178567356651e-13,1.607102580354624610e-13,2.075378172268493859e-13,2.096971684836801408e-13,1.746094046260748822e-13,1.473046402737654414e-13,9.652977202290191627e-14,7.740260255656439270e-14,5.245494793734706285e-14,4.531905449869921831e-14,3.851048169592474757e-14,3.798225839748980981e-14,4.166654000992142670e-14,4.574520016259464583e-14,5.804932272715501718e-14,6.581508341790831551e-14,8.216620743170532926e-14,8.932671225966859474e-14,9.797962137805815708e-14,9.868375647897886793e-14,9.341063079287836857e-14,8.849632181576194689e-14,7.733624938360827983e-14,7.215376299912756863e-14,6.411933701003236230e-14,6.149936246022114084e-14,5.912902546062470677e-14,5.928628898574372919e-14,6.185004765291157725e-14,6.400652577398524556e-14,6.925937687946026600e-14,7.196473235035472094e-14,7.650114266025132004e-14,7.797825970004557128e-14,7.890812569327776416e-14,7.839269598047815535e-14,7.593209915002230304e-14,7.429506228978643989e-14,7.101074285878472558e-14,6.962068725344106035e-14,6.773395863288178553e-14,6.730401826138265875e-14,6.745884233161358878e-14,6.796787525159553311e-14,6.955780352743690109e-14,7.048485059502063166e-14,7.222710927609621301e-14,7.290554878552901741e-14,7.364220995162429340e-14,7.367256761245388752e-14,7.314662113858116932e-14,7.212958529068114188e-14
2.850000000000000000e+02,2.471812989871365529e-04,1.948781954904369893e-05,3.981164837784149056e-05,9.491162062561951315e-05,1.309546846035721489e-04,2.001224670305238522e-04,2.196304058608623973e-04,2.088998837114700155e-04,1.750015458674949640e-04,8.484873799843991801e-05,4.804617401171318129e-05,9.178164348202242154e-06,2.964721251164580910e-06,1.473215864445233218e-07,2.116386969012095873e-08,1.525305261870085749e-10,7.524497409698571726e-12,1.123341870912231144e-14,5.226938673552616876e-16,2.873135757086586750e-18,4.336808689942017736e-19,5.421010862427522170e-20,0.000000000000000000e+00,0.000000000000000000e+00,5.421010862427522170e-20,3.252606517456513302e-19,1.355252715606880543e-18,3.133344278483107814e-17,1.682681771697502882e-16,4.635669018787647033e-15,2.138594206238519924e-14,2.736077965755090435e-13,7.024778436899581369e-13,2.161227143429589326e-12,2.593285015981688924e-12,1.898446731849606772e-12,1.225808408771011937e-12,3.496347634156238282e-13,1.682697492629003921e-13,3.957527664952276147e-14,2.098879880660375896e-14,8.226112933190643517e-15,6.293251510192110487e-15,5.600066851213503227e-15,6.399882793856059848e-15,1.124176706585044982e-14,1.648849242905092716e-14,3.821563291511731464e-14,5.745257785141899554e-14,1.137825185633378755e-13,1.453818619309710236e-13,1.879263346500625875e-13,1.898890658429130962e-13,1.580049567746766304e-13,1.332101746617797566e-13,8.715283269372653407e-14,6.982484252252008083e-14,4.724953067691828323e-14,4.079906985171577460e-14,3.464806566655376230e-14,3.417107092076876462e-14,3.749881264877852338e-14,4.118412425327400150e-14,5.230885169460464112e-14,5.933496966328832833e-14,7.413877454662265443e-14,8.062539351427755463e-14,8.846656046612721980e-14,8.910477607496081198e-14,8.432582973907920554e-14,7.987301141668123883e-14,6.976456088172988679e-14,6.507224229942987215e-14,5.780038990835234536e-14,5.542983606832141419e-14,5.328544680147095924e-14,5.342763991639243315e-14,5.574707362399067279e-14,5.769831227381283512e-14,6.245215932940140213e-14,6.490115519661165955e-14,6.900832986642124744e-14,7.034591008661661427e-14,7.118795570387748128e-14,7.072115245851384735e-14,6.849306278394751146e-14,6.701084999394257835e-14,6.403753395611833099e-14,6.277926312484027882e-14,6.107153628295836079e-14,6.068241612325331324e-14,6.082254925404706469e-14,6.128322675713615553e-14,6.272228830067616556e-14,6.356146078217994599e-14,6.513864968249460929e-14,6.575285021320764756e-14,6.641974296950348133e-14,6.644722749457598887e-14,6.597110011052897960e-14,6.505039562565428923e-14
2.860000000000000000e+02,2.472881788200011460e-04,1.951603333002387489e-05,3.985457594535941287e-05,9.490458067857286423e-05,1.308581902581327345e-04,1.995961375187829462e-04,2.187405608635293762e-04,2.073365580411986675e-04,1.733117851370615881e-04,8.355592706108807503e-05,4.715104781540598207e-05,8.930270852078650828e-06,2.869447325151925146e-06,1.407362995781472580e-07,2.005610192290160909e-08,1.417311910737774350e-10,6.910584572032002493e-12,1.007879760553387349e-14,4.633337984116803199e-16,2.493664996716660198e-18,3.794707603699265519e-19,5.421010862427522170e-20,0.000000000000000000e+00,0.000000000000000000e+00,5.421010862427522170e-20,3.252606517456513302e-19,1.192622389734054877e-18,2.748452507250753740e-17,1.483730673046412818e-16,4.139375474332407379e-15,1.920702095634108097e-14,2.481223776787389035e-13,6.393455101276479535e-13,1.975495776077723642e-12,2.372082890354787477e-12,1.734422284613290621e-12,1.118016215630873722e-12,3.173597994642063380e-13,1.523108353850000096e-13,3.562525708461494744e-14,1.884852950800874893e-14,7.361136439981708079e-15,5.625816652810033958e-15,5.003918286672348614e-15,5.721497494531879724e-15,1.007147924086959634e-14,1.479334233236984097e-14,3.439588024123363397e-14,5.178995253485307870e-14,1.028342450255792517e-13,1.315154582459676647e-13,1.701680246365966376e-13,1.719520251013129108e-13,1.429794867571776429e-13,1.204642397119315422e-13,7.868678581976484843e-14,6.298900203510759965e-14,4.256068154157022221e-14,3.672984225794317936e-14,3.117303507341184776e-14,3.074222734017473257e-14,3.374796102295629652e-14,3.707781694520240201e-14,4.713601470945905092e-14,5.349290888717606052e-14,6.689559930300736923e-14,7.277164981722705761e-14,7.987713138493668374e-14,8.045560745406632464e-14,7.612459924574710435e-14,7.208995770127679670e-14,6.293419561528845740e-14,5.868574940240400828e-14,5.210415432443937789e-14,4.995927716661130447e-14,4.801931421938299138e-14,4.814800901725702076e-14,5.024626548166821749e-14,5.201178029934361291e-14,5.631405715009196733e-14,5.853081691195582970e-14,6.224935931303798853e-14,6.346057577003016981e-14,6.422309515793922507e-14,6.380041894099575117e-14,6.178282711821747597e-14,6.044080166911491858e-14,5.774905293548515672e-14,5.661004434318051004e-14,5.506440572608517492e-14,5.471225686046188308e-14,5.483905430453406282e-14,5.525603846007198783e-14,5.655854473998744858e-14,5.731813678203079299e-14,5.874586841286832950e-14,5.930190149702752045e-14,5.990563947677607359e-14,5.993052191663461592e-14,5.949949734296300363e-14,5.866590850264752355e-14
2.870000000000000000e+02,2.471887419120512904e-04,1.954423096642526718e-05,3.989745967699850644e-05,9.489741488014313527e-05,1.307616335078634270e-04,1.990710474742907665e-04,2.178541885473067466e-04,2.057848393870562610e-04,1.716382734796914741e-04,8.228278961447583768e-05,4.627258602151395565e-05,8.689070872363734328e-06,2.777234575980361882e-06,1.344453541733485989e-07,1.900631461688052221e-08,1.316964450904026251e-10,6.346759272649049599e-12,9.042842429723974007e-15,4.107499930461333548e-16,2.168404344971008868e-18,3.252606517456513302e-19,0.000000000000000000e+00,0.000000000000000000e+00,0.000000000000000000e+00,5.421010862427522170e-20,2.710505431213761085e-19,1.029992063861229212e-18,2.406928822917819843e-17,1.308632022190003852e-16,3.696207836328957441e-15,1.725003603500474547e-14,2.250108194386257754e-13,5.818869149541716634e-13,1.805725653638429185e-12,2.169748647244673645e-12,1.584569335553315250e-12,1.019702659983690030e-12,2.880641688726703897e-13,1.378654677398893913e-13,3.206945342962286283e-14,1.692651010673507095e-14,6.587124509044306464e-15,5.029180197291260868e-15,4.471249759330220286e-15,5.114994799243488544e-15,9.022947319858865001e-15,1.327247773491579963e-14,3.095792936239072368e-14,4.668547449668269955e-14,9.293938231860754406e-14,1.189716185810707483e-13,1.540878427457037514e-13,1.557092670946558233e-13,1.293828325726886774e-13,1.089378695758036475e-13,7.104310629363341789e-14,5.682233112855317181e-14,3.833711776854431541e-14,3.306653995754915698e-14,2.804657547872402290e-14,2.765750952912759963e-14,3.037229755892267846e-14,3.338090437746132899e-14,4.247470430929212171e-14,4.822601736356735280e-14,6.036008281737337278e-14,6.568297338319095680e-14,7.212167061482199770e-14,7.264593657532736337e-14,6.872096208060396449e-14,6.506530340552596492e-14,5.677251203872746288e-14,5.292608799140063880e-14,4.696931862543940461e-14,4.502865094679897595e-14,4.327365289019668992e-14,4.339004199341300883e-14,4.528831736710925426e-14,4.688567242783214795e-14,5.077920505955346719e-14,5.278579223028101453e-14,5.615240260617437862e-14,5.724918152386071490e-14,5.793970988751673268e-14,5.755687810041210106e-14,5.572999743977402609e-14,5.451493206506952127e-14,5.207807926219110151e-14,5.104711141637463534e-14,4.964816535321658897e-14,4.932946412461447494e-14,4.944422692457206558e-14,4.982158349070564540e-14,5.100049072295775865e-14,5.168803753063944129e-14,5.298046073035078685e-14,5.348380158892718228e-14,5.403040211418574934e-14,5.405295351937344783e-14,5.366269494738729051e-14,5.290809023533737943e-14
2.880000000000000000e+02,2.468831054262390153e-04,1.957241246477694130e-05,3.994029960233228286e-05,9.489012355005742696e-05,1.306650148651008190e-04,1.985471946451922523e-04,2.169712761227175660e-04,2.042446423909289894e-04,1.699808553704973825e-04,8.102967452140133909e-05,4.541047863329197723e-05,8.454383725208967307e-06,2.687984664852499476e-06,1.284355950720121597e-07,1.801147322678638488e-08,1.223721566787072668e-10,5.828935045141397930e-12,8.113410117360775331e-15,3.641292996292566642e-16,1.897353801849632760e-18,2.710505431213761085e-19,0.000000000000000000e+00,0.000000000000000000e+00,0.000000000000000000e+00,5.421010862427522170e-20,2.168404344971008868e-19,8.673617379884035472e-19,2.108773225484306124e-17,1.154133212610819470e-16,3.300528253480372598e-15,1.549249010329711851e-14,2.040519988220912406e-13,5.295921578878093339e-13,1.650545043523077293e-12,1.984672951156618570e-12,1.447663386736075530e-12,9.300343156194712524e-13,2.614728095498564109e-13,1.247901521700400806e-13,2.886861756590253236e-14,1.520046024813814789e-14,5.894481951151941956e-15,4.495806938537016961e-15,3.995285005609083839e-15,4.572785292783487776e-15,8.083648767726048234e-15,1.190790088062554375e-14,2.786356215200846975e-14,4.208406626654559446e-14,8.399666595951260639e-14,1.076241960135115860e-13,1.395271159894406754e-13,1.410008720025002216e-13,1.170791436889973003e-13,9.851440409963663214e-14,6.414194262532868507e-14,5.125939820174729711e-14,3.453270655540130463e-14,2.976855957917412532e-14,2.523361294221038165e-14,2.488227722821645393e-14,2.733425465140104649e-14,3.005262054836532748e-14,3.827434246275740470e-14,4.347769973905846186e-14,5.446305299111608988e-14,5.928477110270224948e-14,6.511924246360711876e-14,6.559433985559026681e-14,6.203734357820844814e-14,5.872516015137385637e-14,5.121413276104602730e-14,4.773162117291396278e-14,4.234048008033841626e-14,4.058461466199814183e-14,3.899701742082761768e-14,3.910229345177596016e-14,4.081950706266712636e-14,4.226480276869892805e-14,4.578835140905956891e-14,4.760466109851591021e-14,5.065262445591578455e-14,5.164569943580388234e-14,5.227101303878489702e-14,5.192439360424128125e-14,5.027017213957152286e-14,4.917003219515048151e-14,4.696406024490284992e-14,4.603083322493595197e-14,4.476464771779875562e-14,4.447619572980898717e-14,4.458006229793309849e-14,4.492164019237465666e-14,4.598860355031764158e-14,4.661093559732432112e-14,4.778084395154480468e-14,4.823653412464046220e-14,4.873136399616284642e-14,4.875180120711419818e-14,4.839845971910117228e-14,4.771535814032668021e-14
2.890000000000000000e+02,2.463715646522948136e-04,1.960057783160563168e-05,3.998309575091701495e-05,9.488270700744745037e-05,1.305683348405822504e-04,1.980245767802921880e-04,2.160918108428292557e-04,2.027158823151041836e-04,1.683393767651622974e-04,7.979588676856137677e-05,4.456442141590908831e-05,8.226033602677131074e-06,2.601602411474244602e-06,1.226944550221571208e-07,1.706870201976422655e-08,1.137080267183537829e-10,5.353358869478880289e-12,7.279441806284925320e-15,3.227669867489346700e-16,1.626303258728256651e-18,2.168404344971008868e-19,0.000000000000000000e+00,0.000000000000000000e+00,0.000000000000000000e+00,0.000000000000000000e+00,2.168404344971008868e-19,7.589415207398531038e-19,1.848564704087785060e-17,1.017523738877645911e-16,2.947186765467346703e-15,1.391400016037547260e-14,1.850453926373341051e-13,4.819970919785199204e-13,1.508700282759622979e-12,1.815383726590930058e-12,1.322585975200435415e-12,8.482508857647619305e-13,2.373360839455496141e-13,1.129548928349710657e-13,2.598718766219643150e-14,1.365043061224424648e-14,5.274697779250603347e-15,4.018974823077892111e-15,3.569952493343020450e-15,4.088038501465218744e-15,7.242091041442799693e-15,1.068367399756353642e-14,2.507851782143633024e-14,3.793617980515917587e-14,7.591437244450216504e-14,9.735907826463607861e-14,1.263422960001703288e-13,1.276817735741675452e-13,1.059455257898522795e-13,8.908824199183040804e-14,5.791114116027173964e-14,4.624111423628951556e-14,3.110581453871774649e-14,2.679952613993119570e-14,2.270281402108609292e-14,2.238552225530821005e-14,2.460011361282710141e-14,2.705615679415851460e-14,3.448939267861050872e-14,3.919689009132532043e-14,4.914211398920897977e-14,5.350982244106683439e-14,5.879660907454065111e-14,5.922725417745189347e-14,5.600381269843524024e-14,5.300279529510398824e-14,4.619991455373506639e-14,4.304705463614721950e-14,3.816781959931070389e-14,3.657919236607631852e-14,3.514300395829339507e-14,3.523825111914624664e-14,3.679169599188347739e-14,3.809935223211824429e-14,4.128799082139811283e-14,4.293207499575513175e-14,4.569153215505661336e-14,4.659071522680746646e-14,4.715693981138802116e-14,4.684306328245346762e-14,4.534518377105611897e-14,4.434918144530231032e-14,4.235218946380125971e-14,4.150748755121780320e-14,4.036154006500924929e-14,4.010046418187473982e-14,4.019446451022923306e-14,4.050357054960485037e-14,4.146926942463768917e-14,4.203256666335253300e-14,4.309156113532774945e-14,4.350404585184985962e-14,4.395203818952087005e-14,4.397052383656174790e-14,4.365068419567852409e-14,4.303225527649279236e-14
2.900000000000000000e+02,2.456545927915054881e-04,1.962872707343568755e-05,4.002584815229162825e-05,9.487516557085028590e-05,1.304715939434498745e-04,1.975031916290785681e-04,2.152157800031408445e-04,2.011984750378264380e-04,1.667136850859341911e-04,7.858086166747535071e-05,4.373411578944392218e-05,8.003849441202243956e-06,2.517995692627580592e-06,1.172099284064173456e-07,1.617527576431524589e-08,1.056573170426199082e-10,4.916583850114730758e-12,6.531233887052678710e-15,2.861751634275488954e-16,1.409462824231155764e-18,2.168404344971008868e-19,0.000000000000000000e+00,0.000000000000000000e+00,0.000000000000000000e+00,0.000000000000000000e+00,1.626303258728256651e-19,6.505213034913026604e-19,1.620882247865829129e-17,8.977193988179976714e-17,2.631629723165440637e-15,1.249635160974205128e-14,1.678091801800285499e-13,4.386794204801203190e-13,1.379045207021423192e-12,1.660534394449381113e-12,1.208315077768501444e-12,7.736591315504748323e-13,2.154274480158091531e-13,1.022420537989676692e-13,2.339339659485073497e-14,1.225842344299010733e-14,4.720074157915643553e-15,3.592720738965216043e-15,3.189939631886851146e-15,3.654682893122762621e-15,6.488136850696379909e-15,9.585322986727096151e-15,2.257184239864984399e-14,3.419709177290841673e-14,6.860977714781557601e-14,8.807304928762360596e-14,1.144034411475203239e-13,1.156208375568956725e-13,9.587057710203072958e-14,8.056397346120625080e-14,5.228559555800482705e-14,4.171408227518491607e-14,2.801898253343426681e-14,2.412658831399405734e-14,2.042582682854066078e-14,2.013932640446136624e-14,2.213946257226262482e-14,2.435849915868870674e-14,3.107870948440560888e-14,3.533756403814591884e-14,4.434104992900866904e-14,4.829735786651689899e-14,5.308790516564410034e-14,5.347821794773888193e-14,5.055705203441118734e-14,4.783803561614341504e-14,4.167667730023416617e-14,3.882218982051433009e-14,3.440634279219811908e-14,3.296907018224271013e-14,3.166987071895333017e-14,3.175601058155730350e-14,3.316129922742439007e-14,3.434443484814919678e-14,3.722998472011074256e-14,3.871810641195572167e-14,4.121627084768819671e-14,4.203050667922481054e-14,4.254322588659320559e-14,4.225894807696750632e-14,4.090271957940538883e-14,4.000098863254919479e-14,3.819318993014686470e-14,3.742861055811008697e-14,3.639146275991045343e-14,3.615521510652586201e-14,3.624027076695734984e-14,3.651999492745860998e-14,3.739402450880779938e-14,3.790387058041910784e-14,3.886246793122216658e-14,3.923592136953479859e-14,3.964146719215300152e-14,3.965816390560927829e-14,3.936862771544702433e-14,3.880879992368413411e-14
2.910000000000000000e+02,2.447328405853028618e-04,1.965686019678928968e-05,4.006855683597802635e-05,9.486749955820946746e-05,1.303754049412170169e-04,1.969830369417433598e-04,2.143431709414711332e-04,1.996923370488890817e-04,1.651036292077501331e-04,7.738431427062607325e-05,4.291926872386828519e-05,7.787664793596513289e-06,2.437075343999475958e-06,1.119705461442789714e-07,1.532861185421854899e-08,9.817659846981380278e-11,4.515444333545726163e-12,5.859950111958278640e-15,2.536490982529837623e-16,1.246832498358330099e-18,1.626303258728256651e-19,0.000000000000000000e+00,0.000000000000000000e+00,0.000000000000000000e+00,0.000000000000000000e+00,1.626303258728256651e-19,5.963111948670274387e-19,1.420304845956010809e-17,7.914675859144182368e-17,2.349899788645082310e-15,1.122311878848369915e-14,1.521784000896309053e-13,3.992547395123557941e-13,1.260532368589639685e-12,1.518893355274136825e-12,1.103916979529329101e-12,7.056266378493991631e-13,1.955411743984059036e-13,9.254527482890906320e-14,2.105845879618595262e-14,1.100839254822294500e-14,4.223726403351779624e-15,3.211732095553809785e-15,2.850367511464391157e-15,3.267243246785067612e-15,5.812678897237910647e-15,8.599837422046396895e-15,2.031572609792475781e-14,3.082657826919410482e-14,6.200807011955133952e-14,7.967265085520591761e-14,1.035926986553414864e-13,1.046991269723629436e-13,8.675373787403461989e-14,7.285535022494293855e-14,4.720654206077923298e-14,3.763021795208376652e-14,2.523843764187794214e-14,2.172025580227110453e-14,1.837722682362930016e-14,1.811848197516563452e-14,1.992492542485235774e-14,2.192977787210392826e-14,2.800532158606094946e-14,3.185819663631406229e-14,4.000901172862558752e-14,4.359267937945054960e-14,4.793349961743076371e-14,4.828716636609553525e-14,4.563997834175492763e-14,4.317656258565061300e-14,3.759622821397634596e-14,3.501197812574852186e-14,3.101560891796695252e-14,2.971521683228783850e-14,2.853999588742217597e-14,2.861789581351525946e-14,2.988912286075451341e-14,3.095955566564945194e-14,3.357080238797216509e-14,3.491776095695953153e-14,3.717940668876429378e-14,3.791660995594581252e-14,3.838086532620410551e-14,3.812347573045604676e-14,3.689550834989896444e-14,3.607904990390875533e-14,3.444260935486775921e-14,3.375061731827888600e-14,3.281191507734093626e-14,3.259811040892679479e-14,3.267508876317326560e-14,3.292824997044863089e-14,3.371928387549405493e-14,3.418077453021250989e-14,3.504846152885265909e-14,3.538646155612501509e-14,3.575362662183723117e-14,3.576875124214340396e-14,3.550664536694503326e-14,3.499988927152530849e-14
2.920000000000000000e+02,2.436071357880437193e-04,1.968497720818620654e-05,4.011122183148073850e-05,9.485970928687614801e-05,1.302801207647928661e-04,1.964641104692064902e-04,2.134739710378455847e-04,1.981973854452458432e-04,1.635090594444937840e-04,7.620596395172438381e-05,4.211959263597598647e-05,7.577317704509522632e-06,2.358755065162595728e-06,1.069653517158709356e-07,1.452626284442260808e-08,9.122551642586941567e-11,4.147032977436237999e-12,5.257621595033956652e-15,2.248635305734936196e-16,1.084202172485504434e-18,1.355252715606880543e-19,0.000000000000000000e+00,0.000000000000000000e+00,0.000000000000000000e+00,2.710505431213761085e-20,1.355252715606880543e-19,4.878909776184769953e-19,1.244121992927116338e-17,6.979551485375434794e-17,2.098337779574133144e-15,1.007961075716323762e-14,1.380035679916097324e-13,3.633731499291109612e-13,1.152204227210587573e-12,1.389333960377658883e-12,1.008538819948986975e-12,6.435765548956640103e-13,1.774905905842921738e-13,8.376811614155266206e-14,1.895662446460555373e-14,9.885863828940077980e-15,3.779610088447404870e-15,2.871102878013176429e-15,2.546926428440010604e-15,2.920921967838885358e-15,5.207558559719438485e-15,7.715697655438780167e-15,1.828509674402234442e-14,2.778823720607503933e-14,5.604154293403773579e-14,7.207353203836364131e-14,9.380357276524142751e-14,9.480914317516742074e-14,7.850385380821223169e-14,6.588433683167582711e-14,4.262085476214316770e-14,3.394620739019527100e-14,2.273387641332780262e-14,1.955393854648213026e-14,1.653408313040394262e-14,1.630041045717900428e-14,1.793191788633519135e-14,1.974324024579809933e-14,2.523586266171828907e-14,2.872146422604193727e-14,3.610021895132653480e-14,3.934632025574813508e-14,4.327948047687379951e-14,4.360002484916913890e-14,4.120117333243633606e-14,3.896931605532061305e-14,3.391530762827943413e-14,3.157573486532727625e-14,2.795899904824150628e-14,2.678250416582317328e-14,2.571944393570113618e-14,2.578988997185838183e-14,2.693984900610513211e-14,2.790828549162349681e-14,3.027124991644702945e-14,3.149043525940697918e-14,3.353786974698291790e-14,3.420538591952793084e-14,3.462578531190918518e-14,3.439270894987911387e-14,3.328083251694091693e-14,3.254170479090323642e-14,3.106033225758197958e-14,3.043398866253710366e-14,2.958446205028608667e-14,2.939095906755173626e-14,2.946064616218824206e-14,2.968973808123442915e-14,3.040563677572660772e-14,3.082332566267664831e-14,3.160872171642514772e-14,3.191471067455486921e-14,3.224707285053030059e-14,3.226076090295793009e-14,3.202348325750947744e-14,3.156475731833086051e-14
2.930000000000000000e+02,2.422784824844926937e-04,1.971307811414398396e-05,4.015384316828716355e-05,9.485179507360961453e-05,1.301847701252940880e-04,1.959464099631373960e-04,2.126081677143837573e-04,1.967135379266682685e-04,1.619298275353771386e-04,7.504553434028055645e-05,4.133480528822729020e-05,7.372650589245843648e-06,2.282951327607391379e-06,1.021838782569743555e-07,1.376590937806265388e-08,8.476657331786541238e-11,3.808679554465760342e-12,4.717201022158556967e-15,1.993576744657721278e-16,9.486769009248163798e-19,1.355252715606880543e-19,0.000000000000000000e+00,0.000000000000000000e+00,0.000000000000000000e+00,0.000000000000000000e+00,1.084202172485504434e-19,4.336808689942017736e-19,1.092333688779145717e-17,6.155557834286451424e-17,1.873691089435136625e-15,9.052627354330655685e-15,1.251490501941870948e-13,3.307162757624354521e-13,1.053185533575473620e-12,1.270825675594999815e-12,9.214011931907295505e-13,5.869828820052880314e-13,1.611062628789627915e-13,7.582340788223063122e-14,1.706452904329247566e-14,8.877772648963055957e-15,3.382195782122843219e-15,2.566604697870622509e-15,2.275794570155698082e-15,2.611300932431337429e-15,4.665430368422374130e-15,6.922441135939760848e-15,1.645743003680921746e-14,2.504937988805078231e-14,5.064912790390951880e-14,6.519917526877361258e-14,8.493943395859737677e-14,8.585336217989403274e-14,7.103849843440035450e-14,5.958029750986748585e-14,3.848063903112708406e-14,3.062285668098407854e-14,2.047784142776565286e-14,1.760367567861520488e-14,1.487576880253305145e-14,1.466478305976737229e-14,1.613826802228379709e-14,1.777470857132479320e-14,2.274024610109115496e-14,2.589353969954799606e-14,3.257330928423118888e-14,3.551355715579462835e-14,3.907735680180879356e-14,3.936784166887197234e-14,3.719407052314716022e-14,3.517200636640738232e-14,3.059477584471670397e-14,2.847673269065764678e-14,2.520363475214115745e-14,2.413924637435782561e-14,2.317761325747180745e-14,2.324136434521395511e-14,2.428160211960517234e-14,2.515771879013639634e-14,2.729600941976662032e-14,2.839951039092236673e-14,3.025303531994927297e-14,3.085739671594700528e-14,3.123806009870666589e-14,3.102702014583236245e-14,3.002031132362525945e-14,2.935116884782151825e-14,2.801020049583713423e-14,2.744329828489877610e-14,2.667446341933499276e-14,2.649936476847858380e-14,2.656241112480861588e-14,2.676973768524215647e-14,2.741762979846518178e-14,2.779566399095656504e-14,2.850657535545531029e-14,2.878356190547104454e-14,2.908442800833577202e-14,2.909681501815641891e-14,2.888203456778704048e-14,2.846678513572509228e-14
2.940000000000000000e+02,2.407480602526526593e-04,1.974116292117764700e-05,4.019642087586738021e-05,9.484375723457888724e-05,1.300893535483469917e-04,1.954299331759765709e-04,2.117457484351871163e-04,1.952407127914222208e-04,1.603657866314545956e-04,7.390275325716401194e-05,4.056462968946762822e-05,7.173510115850921217e-06,2.209583285726175132e-06,9.761612667757296746e-08,1.304535348291995835e-08,7.876492624900484352e-11,3.497931761950456853e-12,4.232345810623039384e-15,1.767249541151372227e-16,8.131516293641283255e-19,1.084202172485504434e-19,0.000000000000000000e+00,0.000000000000000000e+00,0.000000000000000000e+00,0.000000000000000000e+00,8.131516293641283255e-20,3.794707603699265519e-19,9.568084172184576630e-18,5.429142378721163453e-17,1.673086582471006167e-15,8.130269461142924925e-15,1.134918710659488239e-13,3.009943097716238913e-13,9.626762820062750858e-13,1.162425868452346411e-12,8.417921850030485320e-13,5.353658055068377664e-13,1.462343700991963757e-13,6.863216592267740168e-14,1.536130164042637247e-14,7.972463834937659755e-15,3.026550364493285628e-15,2.294388637413824483e-15,2.033529594713812116e-15,2.334477012741476010e-15,4.179734900203180281e-15,6.210743724865963600e-15,1.481245139565989799e-14,2.258046180592110375e-14,4.577558492847855209e-14,5.898051686804850480e-14,7.691294975041562676e-14,7.774352992970245957e-14,6.428305153807767347e-14,5.387945406672145499e-14,3.474258099094018615e-14,2.762484793868147381e-14,1.844569419082175976e-14,1.584791868049217900e-14,1.338379819297574880e-14,1.319327676621573353e-14,1.452399940767012954e-14,1.600244459512567552e-14,2.049144816503034594e-14,2.334406539600264452e-14,2.939095906755173626e-14,3.205413907393650508e-14,3.528321840425008293e-14,3.554648979678387555e-14,3.357668418475789895e-14,3.174473487896345425e-14,2.759934208257375232e-14,2.568187633042451345e-14,2.271980889013980320e-14,2.175684762559249030e-14,2.088699222260737010e-14,2.094464467312928679e-14,2.188562373862945609e-14,2.267825684187929625e-14,2.461320535405986387e-14,2.561197239535351056e-14,2.728991078254638936e-14,2.783713472405413558e-14,2.818180259468727744e-14,2.799071196178670728e-14,2.707922319537814371e-14,2.647342523150186810e-14,2.525957958424140948e-14,2.474648090611264450e-14,2.405069416192007203e-14,2.389223801441131556e-14,2.394929415373836523e-14,2.413691533968698177e-14,2.472327897962145471e-14,2.506542608020356777e-14,2.570890006957371465e-14,2.595962182196098755e-14,2.623194630263503413e-14,2.624319490017457124e-14,2.604874324053929602e-14,2.567285034733857163e-14
2.950000000000000000e+02,2.390172231727216820e-04,1.976923213589237014e-05,4.023895574132121174e-05,9.483559593881965002e-05,1.299938698556975226e-04,1.949146686890432354e-04,2.108866854264057644e-04,1.937788029755726713e-04,1.588167638095617606e-04,7.277733274775773087e-05,3.980878065331592544e-05,6.979743684218918127e-06,2.138571445671813825e-06,9.325246875589005523e-08,1.236250037387441603e-08,7.318810339132682252e-11,3.212532426492484272e-12,3.797336793967542867e-15,1.566672139241553907e-16,7.047314121155778821e-19,8.131516293641283255e-20,0.000000000000000000e+00,0.000000000000000000e+00,0.000000000000000000e+00,0.000000000000000000e+00,8.131516293641283255e-20,3.252606517456513302e-19,8.375461782450521753e-18,4.786752591523502076e-17,1.493976383576400835e-15,7.301884791255375262e-15,1.029203306780746008e-13,2.739430047821872494e-13,8.799437686748262655e-13,1.063270646658662222e-12,7.690600814600628832e-13,4.882868740417600772e-13,1.327350772697966086e-13,6.212286002456324230e-14,1.382805003315168424e-14,7.159474835899404255e-15,2.708309921814477939e-15,2.051066564853765151e-15,1.817041525922769019e-15,2.087007866871659623e-15,3.744590358276123077e-15,5.572229960434937901e-15,1.333186490891369314e-14,2.035483869129717238e-14,4.137090518253894178e-14,5.335486284556434367e-14,6.964481075177886282e-14,7.039963230426327101e-14,5.816991311378971741e-14,4.872399142138994499e-14,3.136759515326437153e-14,2.492030561941638300e-14,1.661518145290585835e-14,1.426726033322556209e-14,1.204144748322144576e-14,1.186941170350230834e-14,1.307119560159386573e-14,1.440685136293307078e-14,1.846499298949200174e-14,2.104555679033337512e-14,2.651944961372387777e-14,2.893166392223256445e-14,3.185741058973901030e-14,3.209598927779444555e-14,3.031104013617724746e-14,2.865137055559074941e-14,2.489713079797950535e-14,2.316126890972158847e-14,2.048071456352273945e-14,1.960955811793063663e-14,1.882272549630359393e-14,1.887487562080014669e-14,1.972602853630989195e-14,2.044311985319180458e-14,2.219402504659295783e-14,2.309800571295705929e-14,2.461697295660925100e-14,2.511242624438081439e-14,2.542448673467645470e-14,2.525147517300208033e-14,2.442620758436042649e-14,2.387779102046294621e-14,2.277906053886613602e-14,2.231464253828197020e-14,2.168496502155670136e-14,2.154155217919118126e-14,2.159318730765580341e-14,2.176297336786703340e-14,2.229363612119006355e-14,2.260331136670623575e-14,2.318571766871113660e-14,2.341266828846666481e-14,2.365918875743555638e-14,2.366935315280260799e-14,2.349336003515389848e-14,2.315311028837363505e-14
2.960000000000000000e+02,2.370874986830856588e-04,1.979728476432765136e-05,4.028144627801460011e-05,9.482731179222012659e-05,1.298983229730327671e-04,1.944006326219260719e-04,2.100309968551679308e-04,1.923277800672005351e-04,1.572826702141729403e-04,7.166904893568962838e-05,3.906701832769219848e-05,6.791213031066497836e-06,2.069842601906538623e-06,8.908393457548189134e-08,1.171540043397160426e-08,6.800621914562765546e-11,2.950423244477487494e-12,3.407024011872761271e-15,1.388862982953931180e-16,6.234162491791650496e-19,8.131516293641283255e-20,0.000000000000000000e+00,0.000000000000000000e+00,0.000000000000000000e+00,0.000000000000000000e+00,5.421010862427522170e-20,2.710505431213761085e-19,7.345469718589292540e-18,4.222967461831039770e-17,1.334029458080476793e-15,6.557905260495822120e-15,9.333367954368620989e-14,2.493232671100381603e-13,8.043224831826012444e-13,9.725748581056875564e-13,7.026132063311929521e-13,4.453486733037304024e-13,1.204821561528318652e-13,5.623100726367957769e-14,1.244786066757763709e-14,6.429400198001977706e-15,2.423517116156848061e-15,1.833521398944548686e-15,1.623619858351355028e-15,1.865776413575992443e-15,3.354765467158959957e-15,4.999337532493597358e-15,1.199929912376607177e-14,1.834863099132999498e-14,3.739012138098685156e-14,4.826588889846050723e-14,6.306359514457460236e-14,6.374959696416049315e-14,5.263820520955142523e-14,4.406192207970227592e-14,2.832049915760248560e-14,2.248057968078087665e-14,1.496632678898990321e-14,1.284427208689264965e-14,1.083375468328984237e-14,1.067838851197266958e-14,1.176372909673928380e-14,1.297039190460702596e-14,1.663897969059191517e-14,1.897340249322476691e-14,2.392855878718957996e-14,2.611341590012805636e-14,2.876429021185511470e-14,2.898048012504872428e-14,2.736306732413484877e-14,2.585946864627763908e-14,2.245951905358034573e-14,2.088810352983416774e-14,1.846230958911510012e-14,1.767420302993538694e-14,1.696250561886158970e-14,1.700966841336470914e-14,1.777958748110097797e-14,1.842831985100767955e-14,2.001266448566074718e-14,2.083083055007262097e-14,2.220586995532736196e-14,2.265443149913892729e-14,2.293700169034296188e-14,2.278033447641880649e-14,2.203318365430473325e-14,2.153667326941499649e-14,2.054213461659404327e-14,2.012181653937572534e-14,1.955195987751734421e-14,1.942220798252514147e-14,1.946893709615926671e-14,1.962256854400046269e-14,2.010281589630291688e-14,2.038308215789041977e-14,2.091022125415287203e-14,2.111565046078456298e-14,2.133880637293639193e-14,2.134802209140251872e-14,2.118867147710146170e-14,2.088070385000695417e-14
2.970000000000000000e+02,2.349605862843875070e-04,1.982532131337072035e-05,4.032389327378972177e-05,9.481890496483460877e-05,1.298027117199954269e-04,1.938878135358466622e-04,2.091786549710513755e-04,1.908875379837704782e-04,1.557633354126752878e-04,7.057762162823716509e-05,3.833906728591059436e-05,6.607773405933181762e-06,2.003322165287056700e-06,8.510172709005935435e-08,1.110217054544498406e-08,6.319121639256249090e-11,2.709699110058083615e-12,3.056826710159943339e-15,1.231111566857290285e-16,5.421010862427522170e-19,8.131516293641283255e-20,0.000000000000000000e+00,0.000000000000000000e+00,0.000000000000000000e+00,0.000000000000000000e+00,5.421010862427522170e-20,2.439454888092384977e-19,6.423897871976613771e-18,3.724234462487707731e-17,1.191212926909823722e-15,5.889738566647317874e-15,8.463995021350256831e-14,2.269161421264431766e-13,7.351999597223629612e-13,8.896152044191030228e-13,6.419072901258510155e-13,4.061862608414901210e-13,1.093603018472583122e-13,5.089792519744062993e-14,1.120541918801787329e-14,5.773783144299993175e-15,2.168675395514130244e-15,1.639069739309273466e-15,1.450770927002853483e-15,1.667990832260324296e-15,3.005516842347066842e-15,4.485371492626843981e-15,1.079992757550829463e-14,1.654012755751554931e-14,3.379235910191957792e-14,4.366228515892411899e-14,5.710427790350802724e-14,5.772769415268719229e-14,4.763252509434878768e-14,3.984592061682945552e-14,2.556941746008345451e-14,2.027970348074392692e-14,1.348113244301063496e-14,1.156320590493808975e-14,9.747167266024869825e-15,9.606898609959557689e-15,1.058704447894076583e-14,1.167715555326631627e-14,1.499354026351928937e-14,1.710526793992361849e-14,2.159077495782202316e-14,2.356966076304256585e-14,2.597146673069539169e-14,2.616738206326352234e-14,2.470178467155192958e-14,2.333964727214976609e-14,2.026056731239955777e-14,1.883803985198995168e-14,1.664285571335855085e-14,1.592988436473208314e-14,1.528611221976450274e-14,1.532877557525180734e-14,1.602518573569355897e-14,1.661209147671427466e-14,1.804567779928323290e-14,1.878618788309083243e-14,2.003093329226712793e-14,2.043704832102588576e-14,2.069289292867815266e-14,2.055105217946273655e-14,1.987456423394040606e-14,1.942510822333654019e-14,1.852489515952182586e-14,1.814447572225097449e-14,1.762877495890824431e-14,1.751135586362806418e-14,1.755363974835499885e-14,1.769268867697626479e-14,1.812726401276276711e-14,1.838091311101575087e-14,1.885804338207230924e-14,1.904398405465357325e-14,1.924599802444193486e-14,1.925431927611576111e-14,1.911009328212087688e-14,1.883131779852054155e-14
2.980000000000000000e+02,2.326383560928445737e-04,1.985334178952746775e-05,4.036629675804810679e-05,9.481037577047920833e-05,1.297070366156837483e-04,1.933762091865494164e-04,2.083296474049667031e-04,1.894579973749506668e-04,1.542586180711542606e-04,6.950279478664013336e-05,3.762467056597762743e-05,6.429287371086795082e-06,1.938939187501824814e-06,8.129751841038160287e-08,1.052103799076948253e-08,5.871712022305873580e-11,2.488615325098308961e-12,2.742624920573644154e-15,1.091520537149781589e-16,4.607859233063393845e-19,5.421010862427522170e-20,0.000000000000000000e+00,0.000000000000000000e+00,0.000000000000000000e+00,0.000000000000000000e+00,5.421010862427522170e-20,2.168404344971008868e-19,5.637851296924623057e-18,3.282422077199864674e-17,1.063683646371216263e-15,5.289632664176591170e-15,7.675603859100266213e-14,2.065227600479141445e-13,6.720176715449555083e-13,8.137318672617882553e-13,5.864463374551792674e-13,3.704675997397155474e-13,9.926510568386559541e-14,4.607067765477479426e-14,1.008698333193613905e-14,5.185007154531739992e-15,1.940640573586116524e-15,1.465245026005534967e-15,1.296353432586605514e-15,1.491184562982250661e-15,2.692616095367750262e-15,4.024206098560134670e-15,9.720441682473102141e-15,1.490989406591203270e-14,3.054080968158123799e-14,3.949778329924436004e-14,5.170809527083042312e-14,5.227464511606272346e-14,4.310286394297591084e-14,3.603329657222986704e-14,2.308556449302778812e-14,1.829431246248847120e-14,1.214330827732645890e-14,1.040991294901094655e-14,8.769569272149002614e-15,8.642907353348383559e-15,9.528050006965549379e-15,1.051285794528844519e-14,1.351081247748242564e-14,1.542106828518463590e-14,1.948140542114285001e-14,2.127372713753294953e-14,2.344982931792860548e-14,2.362736742367310683e-14,2.229935528764992458e-14,2.106534347998123557e-14,1.827691101762007886e-14,1.698917699230473310e-14,1.500267466682247974e-14,1.435768279441085316e-14,1.377541201767751300e-14,1.381398250996368482e-14,1.444390397217776290e-14,1.497483777604391442e-14,1.627205857036850833e-14,1.694223103823611076e-14,1.806901525104598338e-14,1.843669531279013007e-14,1.866833510694165810e-14,1.853991135961075010e-14,1.792744555237368864e-14,1.752057158209419097e-14,1.670573943936271011e-14,1.636145103948993818e-14,1.589475621434355279e-14,1.578850440143997336e-14,1.582677673812871166e-14,1.595257129519134232e-14,1.634586563326045905e-14,1.657544544328426461e-14,1.700728316858524103e-14,1.717557845080930345e-14,1.735842914719898378e-14,1.736596435229775803e-14,1.723542641073050330e-14,1.698307835508450214e-14
2.990000000000000000e+02,2.301228472441149025e-04,1.988134619930150742e-05,4.040865676017388374e-05,9.480172452238424261e-05,1.296112981775740113e-04,1.928658173306579786e-04,2.074839618292467877e-04,1.880390794677576035e-04,1.527683782019743073e-04,6.844431625561422320e-05,3.692357598284118705e-05,6.255621197986076373e-06,1.876624999141654091e-06,7.766335283524664762e-08,9.970322829958066027e-09,5.455979458913844116e-11,2.285569465892284269e-12,2.460732355727413001e-15,9.673793884001913312e-17,4.065758146820641628e-19,5.421010862427522170e-20,0.000000000000000000e+00,0.000000000000000000e+00,0.000000000000000000e+00,0.000000000000000000e+00,5.421010862427522170e-20,1.897353801849632760e-19,4.933119884809045175e-18,2.894819800536296839e-17,9.497882081516140218e-16,4.750675764234046916e-15,6.960645709992718810e-14,1.879621675318632334e-13,6.142651491625183979e-13,7.443212441792662615e-13,5.357771518110787667e-13,3.378898994366857922e-13,9.010180839277848186e-14,4.170123447944096284e-14,9.080193194566099635e-15,4.656268860064871618e-15,1.736593724724344590e-15,1.309851749634050044e-15,1.158334496029200800e-15,1.333107886233864114e-15,2.412295623671623090e-15,3.610501654593978316e-15,8.748833905600217342e-15,1.344033933627086785e-14,2.760210679811359036e-14,3.573047890545466565e-14,4.682184002492706387e-14,4.733670053158611779e-14,3.900395631473152491e-14,3.258550655867165080e-14,2.084300071945877075e-14,1.650326468365104216e-14,1.093821756260882072e-14,9.371653843584515364e-15,7.890010259720137142e-15,7.775654035577228562e-15,8.574982087242166706e-15,9.464651284929459507e-15,1.217469593021991425e-14,1.390272445778162336e-14,1.757808850734454698e-14,1.920143731515278063e-14,2.117300475570904617e-14,2.133390035810589502e-14,2.013057147191854579e-14,1.901265061186874217e-14,1.648748954204137807e-14,1.532175536618496370e-14,1.352414816420399735e-14,1.294065766002661100e-14,1.241400645474177722e-14,1.244889065964149832e-14,1.301866600633694304e-14,1.349896756874802151e-14,1.467272484068082861e-14,1.527928174607784406e-14,1.629924493984358236e-14,1.663212211185094436e-14,1.684186102211826519e-14,1.672558033911919484e-14,1.617109224305579573e-14,1.580276166000815774e-14,1.506520602712058121e-14,1.475363342780255937e-14,1.433130957656514326e-14,1.423516794891999115e-14,1.426978110327659088e-14,1.438362233138756885e-14,1.473953879956024782e-14,1.494729904086278260e-14,1.533812681898949482e-14,1.549048432927802033e-14,1.565598779090793258e-14,1.566281826459459126e-14,1.554464022779367127e-14,1.531625304015959976e-14
