time_ps,raw_memory_ps2,fitted_memory_ps2
0.000000000000e+00,9.554660847348e+00,9.553094785260e+00
1.000000000000e-03,9.552740714265e+00,9.551955836716e+00
2.000000000000e-03,9.549579145160e+00,9.548947554535e+00
3.000000000000e-03,9.545178728572e+00,9.544560304520e+00
4.000000000000e-03,9.539541753783e+00,9.538925777615e+00
5.000000000000e-03,9.532672673559e+00,9.532059051849e+00
6.000000000000e-03,9.524576222218e+00,9.523965131372e+00
7.000000000000e-03,9.515257279509e+00,9.514649303228e+00
8.000000000000e-03,9.504722187326e+00,9.504117650689e+00
9.000000000000e-03,9.492977945359e+00,9.492376873139e+00
1.000000000000e-02,9.480031413904e+00,9.479434058078e+00
1.100000000000e-02,9.465889666704e+00,9.465297057150e+00
1.200000000000e-02,9.450562662784e+00,9.449974832612e+00
1.300000000000e-02,9.434059766405e+00,9.433477066858e+00
1.400000000000e-02,9.416391401395e+00,9.415813886719e+00
1.500000000000e-02,9.397567730364e+00,9.396995873508e+00
1.600000000000e-02,9.377600278413e+00,9.377034216824e+00
1.700000000000e-02,9.356500150787e+00,9.355941002401e+00
1.800000000000e-02,9.334281777882e+00,9.333729332694e+00
1.900000000000e-02,9.310958481877e+00,9.310412643113e+00
2.000000000000e-02,9.286543250093e+00,9.286004474072e+00
2.100000000000e-02,9.261050284984e+00,9.260518923594e+00
2.200000000000e-02,9.234494327712e+00,9.233970866981e+00
2.300000000000e-02,9.206891447222e+00,9.206375845385e+00
2.400000000000e-02,9.178256963781e+00,9.177750012772e+00
2.500000000000e-02,9.148608442388e+00,9.148110265917e+00
2.600000000000e-02,9.117963952049e+00,9.117473580025e+00
2.700000000000e-02,9.086338161287e+00,9.085856654134e+00
2.800000000000e-02,9.053749332582e+00,9.053276729099e+00
2.900000000000e-02,9.020215130347e+00,9.019751683350e+00
3.000000000000e-02,8.985753904367e+00,8.985299840651e+00
3.100000000000e-02,8.950384306473e+00,8.949940060233e+00
3.200000000000e-02,8.914126235574e+00,8.913691631293e+00
3.300000000000e-02,8.876998968437e+00,8.876573830523e+00
3.400000000000e-02,8.839021256323e+00,8.838605831058e+00
3.500000000000e-02,8.800212630220e+00,8.799806989468e+00
3.600000000000e-02,8.760592535727e+00,8.760197020961e+00
3.700000000000e-02,8.720181254013e+00,8.719796086145e+00
3.800000000000e-02,8.678999823596e+00,8.678624537759e+00
3.900000000000e-02,8.637067366492e+00,8.636702779220e+00
4.000000000000e-02,8.594406091222e+00,8.594051417538e+00
4.100000000000e-02,8.551034971911e+00,8.550691100472e+00
4.200000000000e-02,8.506976441461e+00,8.506642575588e+00
4.300000000000e-02,8.462250044914e+00,8.461926347027e+00
4.400000000000e-02,8.416876018131e+00,8.416562907034e+00
4.500000000000e-02,8.370875965781e+00,8.370572975422e+00
4.600000000000e-02,8.324269593919e+00,8.323977335503e+00
4.700000000000e-02,8.277078856697e+00,8.276796946600e+00
4.800000000000e-02,8.229324201161e+00,8.229052735442e+00
4.900000000000e-02,8.181026556761e+00,8.180765550863e+00
5.000000000000e-02,8.132207023985e+00,8.131956087477e+00
5.100000000000e-02,8.082885594988e+00,8.082644716469e+00
5.200000000000e-02,8.033082119464e+00,8.032851796722e+00
5.300000000000e-02,7.982818441001e+00,7.982597670528e+00
5.400000000000e-02,7.932112816971e+00,7.931902323316e+00
5.500000000000e-02,7.880986433770e+00,7.880785722692e+00
5.600000000000e-02,7.829458415016e+00,7.829267791469e+00
5.700000000000e-02,7.777549441430e+00,7.777368212600e+00
5.800000000000e-02,7.725277805666e+00,7.725106276557e+00
5.900000000000e-02,7.672663284729e+00,7.672501079181e+00
6.000000000000e-02,7.619724075731e+00,7.619571699604e+00
6.100000000000e-02,7.566480335405e+00,7.566337221892e+00
6.200000000000e-02,7.512950490440e+00,7.512816270369e+00
6.300000000000e-02,7.459152013379e+00,7.459027011478e+00
6.400000000000e-02,7.405103740730e+00,7.404987483879e+00
6.500000000000e-02,7.350822793002e+00,7.350715550799e+00
6.600000000000e-02,7.296327437315e+00,7.296228950312e+00
6.700000000000e-02,7.241635366168e+00,7.241545002995e+00
6.800000000000e-02,7.186762329831e+00,7.186680588520e+00
6.900000000000e-02,7.131725720970e+00,7.131652756345e+00
7.000000000000e-02,7.076543535779e+00,7.076478534654e+00
7.100000000000e-02,7.021231118204e+00,7.021174444474e+00
7.200000000000e-02,6.965805652304e+00,6.965756589124e+00
7.300000000000e-02,6.910282128394e+00,6.910240464692e+00
7.400000000000e-02,6.854675058494e+00,6.854641207678e+00
7.500000000000e-02,6.799000606986e+00,6.798973850339e+00
7.600000000000e-02,6.743272547389e+00,6.743252990266e+00
7.700000000000e-02,6.687505504783e+00,6.687492885594e+00
7.800000000000e-02,6.631713043311e+00,6.631707736984e+00
7.900000000000e-02,6.575910069876e+00,6.575911817447e+00
8.000000000000e-02,6.520110800458e+00,6.520119044942e+00
8.100000000000e-02,6.464328100770e+00,6.464342620593e+00
8.200000000000e-02,6.408574331095e+00,6.408595381011e+00
8.300000000000e-02,6.352862636512e+00,6.352890215447e+00
8.400000000000e-02,6.297206478098e+00,6.297239702984e+00
8.500000000000e-02,6.241616666324e+00,6.241655659557e+00
8.600000000000e-02,6.186105018129e+00,6.186149437483e+00
8.700000000000e-02,6.130682010952e+00,6.130732293766e+00
8.800000000000e-02,6.075359635643e+00,6.075415597416e+00
8.900000000000e-02,6.020149544968e+00,6.020210343905e+00
9.000000000000e-02,5.965060916925e+00,5.965126808204e+00
9.100000000000e-02,5.910104097542e+00,5.910175082796e+00
9.200000000000e-02,5.855289220604e+00,5.855365321897e+00
9.300000000000e-02,5.800626816175e+00,5.800707401971e+00
9.400000000000e-02,5.746125624721e+00,5.746210598710e+00
9.500000000000e-02,5.691794215716e+00,5.691883942396e+00
9.600000000000e-02,5.637642495956e+00,5.637736422121e+00
9.700000000000e-02,5.583678857822e+00,5.583776503799e+00
9.800000000000e-02,5.529910107712e+00,5.530012337163e+00
9.900000000000e-02,5.476346213955e+00,5.476452170811e+00
1.000000000000e-01,5.422994357556e+00,5.423103757121e+00
1.010000000000e-01,5.369861013634e+00,5.369974517525e+00
1.020000000000e-01,5.316954863980e+00,5.317072062283e+00
1.030000000000e-01,5.264283406843e+00,5.264403630889e+00
1.040000000000e-01,5.211852185009e+00,5.211975845907e+00
1.050000000000e-01,5.159668600229e+00,5.159795050473e+00
1.060000000000e-01,5.107737835589e+00,5.107867186453e+00
1.070000000000e-01,5.056066005234e+00,5.056197824839e+00
1.080000000000e-01,5.004657562744e+00,5.004792407665e+00
1.090000000000e-01,4.953519018695e+00,4.953656471736e+00
1.100000000000e-01,4.902655490213e+00,4.902795312055e+00
1.110000000000e-01,4.852071508992e+00,4.852213888612e+00
1.120000000000e-01,4.801772582235e+00,4.801916913477e+00
1.130000000000e-01,4.751762192591e+00,4.751908738052e+00
1.140000000000e-01,4.702045008314e+00,4.702193586741e+00
1.150000000000e-01,4.652624961875e+00,4.652775674267e+00
1.160000000000e-01,4.603506261370e+00,4.603659316560e+00
1.170000000000e-01,4.554693860531e+00,4.554848789604e+00
1.180000000000e-01,4.506191677080e+00,4.506347705777e+00
1.190000000000e-01,4.458001203372e+00,4.458159084968e+00
1.200000000000e-01,4.410126755779e+00,4.410285988487e+00
1.210000000000e-01,4.362570824498e+00,4.362731284123e+00
1.220000000000e-01,4.315335824309e+00,4.315497564255e+00
1.230000000000e-01,4.268424186026e+00,4.268587500784e+00
1.240000000000e-01,4.221839398157e+00,4.222003777011e+00
1.250000000000e-01,4.175583650566e+00,4.175748531390e+00
1.260000000000e-01,4.129657216061e+00,4.129823648130e+00
1.270000000000e-01,4.084063797958e+00,4.084231459537e+00
1.280000000000e-01,4.038806233824e+00,4.038973975663e+00
1.290000000000e-01,3.993883705981e+00,3.994052499587e+00
1.300000000000e-01,3.949298970780e+00,3.949468446858e+00
1.310000000000e-01,3.905053395440e+00,3.905223154578e+00
1.320000000000e-01,3.861146998560e+00,3.861317805584e+00
1.330000000000e-01,3.817582537632e+00,3.817753763943e+00
1.340000000000e-01,3.774360526411e+00,3.774532132823e+00
1.350000000000e-01,3.731481877508e+00,3.731653602308e+00
1.360000000000e-01,3.688946554166e+00,3.689118742577e+00
1.370000000000e-01,3.646755570823e+00,3.646928325725e+00
1.380000000000e-01,3.604910463127e+00,3.605083063928e+00
1.390000000000e-01,3.563410195681e+00,3.563583390197e+00
1.400000000000e-01,3.522256766338e+00,3.522429674222e+00
1.410000000000e-01,3.481448936433e+00,3.481621972096e+00
1.420000000000e-01,3.440987472519e+00,3.441160104502e+00
1.430000000000e-01,3.400871031214e+00,3.401043840138e+00
1.440000000000e-01,3.361100230954e+00,3.361273187085e+00
1.450000000000e-01,3.321675767095e+00,3.321848002618e+00
1.460000000000e-01,3.282595385624e+00,3.282767782541e+00
1.470000000000e-01,3.243859920290e+00,3.244032321080e+00
1.480000000000e-01,3.205469366243e+00,3.205641498330e+00
1.490000000000e-01,3.167423262164e+00,3.167594712075e+00
1.500000000000e-01,3.129720071036e+00,3.129890873457e+00
1.510000000000e-01,3.092358308855e+00,3.092528872603e+00
1.520000000000e-01,3.055338034070e+00,3.055507701435e+00
1.530000000000e-01,3.018656687076e+00,3.018826361085e+00
1.540000000000e-01,2.982314972103e+00,2.982484132029e+00
1.550000000000e-01,2.946311572882e+00,2.946480163429e+00
1.560000000000e-01,2.910645620736e+00,2.910813144925e+00
1.570000000000e-01,2.875314390186e+00,2.875481593845e+00
1.580000000000e-01,2.840317784430e+00,2.840484279905e+00
1.590000000000e-01,2.805654210323e+00,2.805819927829e+00
1.600000000000e-01,2.771322025998e+00,2.771487146594e+00
1.610000000000e-01,2.737320034409e+00,2.737484719712e+00
1.620000000000e-01,2.703647564327e+00,2.703811518951e+00
1.630000000000e-01,2.670303037947e+00,2.670466198249e+00
1.640000000000e-01,2.637284879354e+00,2.637447240599e+00
1.650000000000e-01,2.604591239928e+00,2.604753282235e+00
1.660000000000e-01,2.572221973083e+00,2.572383115800e+00
1.670000000000e-01,2.540174978938e+00,2.540335222349e+00
1.680000000000e-01,2.508448570553e+00,2.508607741215e+00
1.690000000000e-01,2.477040510682e+00,2.477198671180e+00
1.700000000000e-01,2.445948629318e+00,2.446106183680e+00
1.710000000000e-01,2.415171893429e+00,2.415328817810e+00
1.720000000000e-01,2.384709150550e+00,2.384865121319e+00
1.730000000000e-01,2.354558473302e+00,2.354713308271e+00
1.740000000000e-01,2.324717096163e+00,2.324871613213e+00
1.750000000000e-01,2.295185219042e+00,2.295338470516e+00
1.760000000000e-01,2.265959720205e+00,2.266111928270e+00
1.770000000000e-01,2.237038753921e+00,2.237189745403e+00
1.780000000000e-01,2.208419698496e+00,2.208569659641e+00
1.790000000000e-01,2.180100659289e+00,2.180249409268e+00
1.800000000000e-01,2.152079266028e+00,2.152226627682e+00
1.810000000000e-01,2.124352040265e+00,2.124499226551e+00
1.820000000000e-01,2.096919846799e+00,2.097065453889e+00
1.830000000000e-01,2.069778865800e+00,2.069922921756e+00
1.840000000000e-01,2.042925495446e+00,2.043069213225e+00
1.850000000000e-01,2.016359827464e+00,2.016502682800e+00
1.860000000000e-01,1.990080122684e+00,1.990221550373e+00
1.870000000000e-01,1.964083049776e+00,1.964223565143e+00
1.880000000000e-01,1.938367090544e+00,1.938506539879e+00
1.890000000000e-01,1.912930296327e+00,1.913068138058e+00
1.900000000000e-01,1.887768905268e+00,1.887905740873e+00
1.910000000000e-01,1.862881476201e+00,1.863016794479e+00
1.920000000000e-01,1.838264415377e+00,1.838398863163e+00
1.930000000000e-01,1.813916225151e+00,1.814049927257e+00
1.940000000000e-01,1.789835679772e+00,1.789968134339e+00
1.950000000000e-01,1.766019952119e+00,1.766151305064e+00
1.960000000000e-01,1.742467209330e+00,1.742596905328e+00
1.970000000000e-01,1.719173667243e+00,1.719302153714e+00
1.980000000000e-01,1.696137118334e+00,1.696264455934e+00
1.990000000000e-01,1.673355214214e+00,1.673481497588e+00
2.000000000000e-01,1.650826003492e+00,1.650951036712e+00
2.010000000000e-01,1.628546657575e+00,1.628670925235e+00
2.020000000000e-01,1.606515957099e+00,1.606639248532e+00
2.030000000000e-01,1.584732019334e+00,1.584853951218e+00
2.040000000000e-01,1.563191819386e+00,1.563312663900e+00
2.050000000000e-01,1.541893465464e+00,1.542012940112e+00
2.060000000000e-01,1.520833983834e+00,1.520952248726e+00
2.070000000000e-01,1.500011191969e+00,1.500127985983e+00
2.080000000000e-01,1.479421756516e+00,1.479537656797e+00
2.090000000000e-01,1.459064118824e+00,1.459179215520e+00
2.100000000000e-01,1.438936762728e+00,1.439050805731e+00
2.110000000000e-01,1.419037826156e+00,1.419150077280e+00
2.120000000000e-01,1.399363192834e+00,1.399474138682e+00
2.130000000000e-01,1.379910299714e+00,1.380020377846e+00
2.140000000000e-01,1.360677679394e+00,1.360786676971e+00
2.150000000000e-01,1.341663126729e+00,1.341770949758e+00
2.160000000000e-01,1.322863960779e+00,1.322971200212e+00
2.170000000000e-01,1.304279535981e+00,1.304385611405e+00
2.180000000000e-01,1.285907471876e+00,1.286011962303e+00
2.190000000000e-01,1.267743946924e+00,1.267847864026e+00
2.200000000000e-01,1.249788471713e+00,1.249891390499e+00
2.210000000000e-01,1.232039040202e+00,1.232140411484e+00
2.220000000000e-01,1.214492499299e+00,1.214592056998e+00
2.230000000000e-01,1.197144654292e+00,1.197243401697e+00
2.240000000000e-01,1.179994409405e+00,1.180092237678e+00
2.250000000000e-01,1.163039823392e+00,1.163136685899e+00
2.260000000000e-01,1.146279194426e+00,1.146374616851e+00
2.270000000000e-01,1.129709199151e+00,1.129803652539e+00
2.280000000000e-01,1.113328219452e+00,1.113421582487e+00
2.290000000000e-01,1.097133764866e+00,1.097226486101e+00
2.300000000000e-01,1.081124974138e+00,1.081216614213e+00
2.310000000000e-01,1.065299414305e+00,1.065390039607e+00
2.320000000000e-01,1.049655251422e+00,1.049744590852e+00
2.330000000000e-01,1.034189624919e+00,1.034278032061e+00
2.340000000000e-01,1.018900796324e+00,1.018988362151e+00
2.350000000000e-01,1.003787179830e+00,1.003873690698e+00
2.360000000000e-01,9.888468271761e-01,9.889318175310e-01
2.370000000000e-01,9.740760202076e-01,9.741604450573e-01
2.380000000000e-01,9.594743763633e-01,9.595575922447e-01
2.390000000000e-01,9.450392716388e-01,9.451210924305e-01
2.400000000000e-01,9.307673442651e-01,9.308488317315e-01
2.410000000000e-01,9.166586946391e-01,9.167392419809e-01
2.420000000000e-01,9.027112241928e-01,9.027906181598e-01
2.430000000000e-01,8.889224075488e-01,8.890009721190e-01
2.440000000000e-01,8.752907773654e-01,8.753684678215e-01
2.450000000000e-01,8.618144154202e-01,8.618914541553e-01
2.460000000000e-01,8.484924090844e-01,8.485681749788e-01
2.470000000000e-01,8.353219420743e-01,8.353963993991e-01
2.480000000000e-01,8.223003097150e-01,8.223737220527e-01
2.490000000000e-01,8.094253551622e-01,8.094981585788e-01
2.500000000000e-01,7.966959169735e-01,7.967683717517e-01
2.510000000000e-01,7.841115117991e-01,7.841833632479e-01
2.520000000000e-01,7.716708312427e-01,7.717419558357e-01
2.530000000000e-01,7.593726738332e-01,7.594425029735e-01
2.540000000000e-01,7.472138581335e-01,7.472830176386e-01
2.550000000000e-01,7.351937772637e-01,7.352614142698e-01
2.560000000000e-01,7.233087722678e-01,7.233753957424e-01
2.570000000000e-01,7.115566292804e-01,7.116232167643e-01
2.580000000000e-01,6.999378126162e-01,7.000040179573e-01
2.590000000000e-01,6.884518209448e-01,6.885166797698e-01
2.600000000000e-01,6.770953202410e-01,6.771593030283e-01
2.610000000000e-01,6.658667939759e-01,6.659299625864e-01
2.620000000000e-01,6.547646101002e-01,6.548270140284e-01
2.630000000000e-01,6.437871054781e-01,6.438491013505e-01
2.640000000000e-01,6.329335157335e-01,6.329952290796e-01
2.650000000000e-01,6.222038350328e-01,6.222642365659e-01
2.660000000000e-01,6.115945557437e-01,6.116545120520e-01
2.670000000000e-01,6.011052472287e-01,6.011646768028e-01
2.680000000000e-01,5.907350553501e-01,5.907933891606e-01
2.690000000000e-01,5.804813495005e-01,5.805390003529e-01
2.700000000000e-01,5.703429074771e-01,5.704000553998e-01
2.710000000000e-01,5.603186822311e-01,5.603754369780e-01
2.720000000000e-01,5.504084229363e-01,5.504637235011e-01
2.730000000000e-01,5.406087370478e-01,5.406627132348e-01
2.740000000000e-01,5.309164054928e-01,5.309705324455e-01
2.750000000000e-01,5.213323799515e-01,5.213865871553e-01
2.760000000000e-01,5.118572461417e-01,5.119104190572e-01
2.770000000000e-01,5.024882977948e-01,5.025406934875e-01
2.780000000000e-01,4.932242690034e-01,4.932756807000e-01
2.790000000000e-01,4.840628894039e-01,4.841137584158e-01
2.800000000000e-01,4.750031487134e-01,4.750537270456e-01
2.810000000000e-01,4.660447951694e-01,4.660946471776e-01
2.820000000000e-01,4.571858381776e-01,4.572356354064e-01
2.830000000000e-01,4.484266313903e-01,4.484760175854e-01
2.840000000000e-01,4.397664959643e-01,4.398148336554e-01
2.850000000000e-01,4.312025946849e-01,4.312508043902e-01
2.860000000000e-01,4.227355116400e-01,4.227828402996e-01
2.870000000000e-01,4.143627342073e-01,4.144098924468e-01
2.880000000000e-01,4.060845415498e-01,4.061309725009e-01
2.890000000000e-01,3.978992459425e-01,3.979448450392e-01
2.900000000000e-01,3.898050351091e-01,3.898500684101e-01
2.910000000000e-01,3.818009745431e-01,3.818453407245e-01
2.920000000000e-01,3.738854263125e-01,3.739295685485e-01
2.930000000000e-01,3.660585279154e-01,3.661016835353e-01
2.940000000000e-01,3.583177306958e-01,3.583603745719e-01
2.950000000000e-01,3.506620695173e-01,3.507045213529e-01
2.960000000000e-01,3.430917916934e-01,3.431330489673e-01
2.970000000000e-01,3.356036058103e-01,3.356446423650e-01
2.980000000000e-01,3.281973140532e-01,3.282386219377e-01
2.990000000000e-01,3.208739115507e-01,3.209148980960e-01
3.000000000000e-01,3.136324491872e-01,3.136731440325e-01
3.010000000000e-01,3.064723644598e-01,3.065127870025e-01
3.020000000000e-01,2.993932567741e-01,2.994331341833e-01
3.030000000000e-01,2.923937877558e-01,2.924333656581e-01
3.040000000000e-01,2.854735628715e-01,2.855127107301e-01
3.050000000000e-01,2.786314711815e-01,2.786704890578e-01
3.060000000000e-01,2.718677720809e-01,2.719058808122e-01
3.070000000000e-01,2.651801623590e-01,2.652176838692e-01
3.080000000000e-01,2.585672582841e-01,2.586049275669e-01
3.090000000000e-01,2.520302294221e-01,2.520669126897e-01
3.100000000000e-01,2.455662831782e-01,2.456025726344e-01
3.110000000000e-01,2.391748436265e-01,2.392109885719e-01
3.120000000000e-01,2.328557427712e-01,2.328916463994e-01
3.130000000000e-01,2.266085097975e-01,2.266440600215e-01
3.140000000000e-01,2.204322412444e-01,2.204676993717e-01
3.150000000000e-01,2.143271579900e-01,2.143619227793e-01
3.160000000000e-01,2.082915916616e-01,2.083257601211e-01
3.170000000000e-01,2.023238855175e-01,2.023584988856e-01
3.180000000000e-01,1.964259603076e-01,1.964598769756e-01
3.190000000000e-01,1.905955746774e-01,1.906293589542e-01
3.200000000000e-01,1.848328710582e-01,1.848663600154e-01
3.210000000000e-01,1.791370293643e-01,1.791704349042e-01
3.220000000000e-01,1.735082293030e-01,1.735410571132e-01
3.230000000000e-01,1.679449806749e-01,1.679774341610e-01
3.240000000000e-01,1.624466640760e-01,1.624787268314e-01
3.250000000000e-01,1.570124548718e-01,1.570442005829e-01
3.260000000000e-01,1.516416497410e-01,1.516732584741e-01
3.270000000000e-01,1.463342778244e-01,1.463653740847e-01
3.280000000000e-01,1.410886328858e-01,1.411201463615e-01
3.290000000000e-01,1.359066730480e-01,1.359372506502e-01
3.300000000000e-01,1.307853858287e-01,1.308160285123e-01
3.310000000000e-01,1.257254852689e-01,1.257560827463e-01
3.320000000000e-01,1.207267534625e-01,1.207572766325e-01
3.330000000000e-01,1.157894032933e-01,1.158191637763e-01
3.340000000000e-01,1.109111368971e-01,1.109411131729e-01
3.350000000000e-01,1.060928871120e-01,1.061230051219e-01
3.360000000000e-01,1.013350334556e-01,1.013648992565e-01
3.370000000000e-01,9.663691397997e-02,9.666647530313e-02
3.380000000000e-01,9.199798908385e-02,9.202716406755e-02
3.390000000000e-01,8.741707948961e-02,8.744655752779e-02
3.400000000000e-01,8.289560056856e-02,8.292433181124e-02
3.410000000000e-01,7.843153593108e-02,7.845956321169e-02
3.420000000000e-01,7.402340394124e-02,7.405110583379e-02
3.430000000000e-01,6.967044125666e-02,6.969835956717e-02
3.440000000000e-01,6.537361378052e-02,6.540110844391e-02
3.450000000000e-01,6.113170298957e-02,6.115883852110e-02
3.460000000000e-01,5.694426539115e-02,5.697070103363e-02
3.470000000000e-01,5.280920773766e-02,5.283602772623e-02
3.480000000000e-01,4.872809924353e-02,4.875473347663e-02
3.490000000000e-01,4.470006391330e-02,4.472684537364e-02
3.500000000000e-01,4.072590227487e-02,4.075217762845e-02
3.510000000000e-01,3.680410999722e-02,3.683027494054e-02
3.520000000000e-01,3.293456163678e-02,3.296080491148e-02
3.530000000000e-01,2.911780539682e-02,2.914347722140e-02
3.540000000000e-01,2.535214361948e-02,2.537773232969e-02
3.550000000000e-01,2.163786502395e-02,2.166295834384e-02
3.560000000000e-01,1.797371325616e-02,1.799848234906e-02
3.570000000000e-01,1.435883755484e-02,1.438385276680e-02
3.580000000000e-01,1.079437886138e-02,1.081890017958e-02
3.590000000000e-01,7.278451324850e-03,7.303438520333e-03
3.600000000000e-01,3.813299578785e-03,3.837102170850e-03
3.610000000000e-01,3.950914451816e-04,4.190858015422e-04
3.620000000000e-01,-2.974929572092e-03,-2.950985794820e-03
3.630000000000e-01,-6.297332484008e-03,-6.272937598292e-03
3.640000000000e-01,-9.570465008709e-03,-9.546628176047e-03
3.650000000000e-01,-1.279628045053e-02,-1.277235282059e-02
3.660000000000e-01,-1.597380640715e-02,-1.595066743712e-02
3.670000000000e-01,-1.910539407119e-02,-1.908241256853e-02
3.680000000000e-01,-2.219060841699e-02,-2.216848868005e-02
3.690000000000e-01,-2.523239479290e-02,-2.520945875883e-02
3.700000000000e-01,-2.822747118300e-02,-2.820542318309e-02
3.710000000000e-01,-3.117894249929e-02,-3.115677130849e-02
3.720000000000e-01,-3.408612745814e-02,-3.406366073693e-02
3.730000000000e-01,-3.694800888531e-02,-3.692607944623e-02
3.740000000000e-01,-3.976619715105e-02,-3.974444129205e-02
3.750000000000e-01,-4.254105621463e-02,-4.251906043398e-02
3.760000000000e-01,-4.527160342428e-02,-4.525007108145e-02
3.770000000000e-01,-4.795917168395e-02,-4.793795875193e-02
3.780000000000e-01,-5.060434025447e-02,-5.058333588847e-02
3.790000000000e-01,-5.320756112528e-02,-5.318656163379e-02
3.800000000000e-01,-5.576894508691e-02,-5.574768315905e-02
3.810000000000e-01,-5.828720270636e-02,-5.826699584498e-02
3.820000000000e-01,-6.076544467516e-02,-6.074540179608e-02
3.830000000000e-01,-6.320385657527e-02,-6.318335218254e-02
3.840000000000e-01,-6.560084333671e-02,-6.558081424983e-02
3.850000000000e-01,-6.795778937766e-02,-6.793830062786e-02
3.860000000000e-01,-7.027571504603e-02,-7.025679046387e-02
3.870000000000e-01,-7.255607324095e-02,-7.253708225743e-02
3.880000000000e-01,-7.479822326154e-02,-7.477958209770e-02
3.890000000000e-01,-7.700331672553e-02,-7.698460993284e-02
3.900000000000e-01,-7.917064770612e-02,-7.915258031647e-02
3.910000000000e-01,-8.130216378921e-02,-8.128401824906e-02
3.920000000000e-01,-8.339744956626e-02,-8.337902005110e-02
3.930000000000e-01,-8.545576477085e-02,-8.543737078602e-02
3.940000000000e-01,-8.747700052137e-02,-8.745927162236e-02
3.950000000000e-01,-8.946319827055e-02,-8.944529067961e-02
3.960000000000e-01,-9.141312586288e-02,-9.139591058946e-02
3.970000000000e-01,-9.332912660841e-02,-9.331159114610e-02
3.980000000000e-01,-9.520961564773e-02,-9.519264326827e-02
3.990000000000e-01,-9.705640176891e-02,-9.703956624915e-02
4.000000000000e-01,-9.886927371054e-02,-9.885305658851e-02
4.010000000000e-01,-1.006498917143e-01,-1.006339014726e-01
4.020000000000e-01,-1.023985527466e-01,-1.023827356176e-01
4.030000000000e-01,-1.041153620365e-01,-1.041001924513e-01
4.040000000000e-01,-1.058019867164e-01,-1.057870526821e-01
4.050000000000e-01,-1.074590791673e-01,-1.074436529343e-01
4.060000000000e-01,-1.090847737938e-01,-1.090700190030e-01
4.070000000000e-01,-1.106812574921e-01,-1.106666223307e-01
4.080000000000e-01,-1.122482846497e-01,-1.122340603910e-01
4.090000000000e-01,-1.137871957983e-01,-1.137726818579e-01
4.100000000000e-01,-1.152968065459e-01,-1.152826439826e-01
4.110000000000e-01,-1.167778149466e-01,-1.167645259736e-01
4.120000000000e-01,-1.182331090163e-01,-1.182188634717e-01
4.130000000000e-01,-1.196590849027e-01,-1.196456537942e-01
4.140000000000e-01,-1.210582843242e-01,-1.210455756684e-01
4.150000000000e-01,-1.224324000560e-01,-1.224196272162e-01
4.160000000000e-01,-1.237807742923e-01,-1.237683222808e-01
4.170000000000e-01,-1.251042404825e-01,-1.250921180435e-01
4.180000000000e-01,-1.264036265647e-01,-1.263914076968e-01
4.190000000000e-01,-1.276786515267e-01,-1.276661219438e-01
4.200000000000e-01,-1.289285344872e-01,-1.289158932242e-01
4.210000000000e-01,-1.301530571834e-01,-1.301405768041e-01
4.220000000000e-01,-1.313523638295e-01,-1.313406456579e-01
4.230000000000e-01,-1.325283953418e-01,-1.325171428580e-01
4.240000000000e-01,-1.336817659968e-01,-1.336711697906e-01
4.250000000000e-01,-1.348145127852e-01,-1.348033160629e-01
4.260000000000e-01,-1.359244704935e-01,-1.359134477796e-01
4.270000000000e-01,-1.370125548827e-01,-1.370014683275e-01
4.280000000000e-01,-1.380781238023e-01,-1.380677430410e-01
4.290000000000e-01,-1.391230167522e-01,-1.391131837543e-01
4.300000000000e-01,-1.401483719926e-01,-1.401387772858e-01
4.310000000000e-01,-1.411544066242e-01,-1.411451791864e-01
4.320000000000e-01,-1.421425848089e-01,-1.421324201293e-01
4.330000000000e-01,-1.431099413290e-01,-1.430999822365e-01
4.340000000000e-01,-1.440569974312e-01,-1.440481744359e-01
4.350000000000e-01,-1.449868927760e-01,-1.449781388312e-01
4.360000000000e-01,-1.458991913976e-01,-1.458905334837e-01
4.370000000000e-01,-1.467944152279e-01,-1.467853270242e-01
4.380000000000e-01,-1.476712853444e-01,-1.476622152925e-01
4.390000000000e-01,-1.485297020133e-01,-1.485213844525e-01
4.400000000000e-01,-1.493717703637e-01,-1.493636075273e-01
4.410000000000e-01,-1.501974261823e-01,-1.501895949837e-01
4.420000000000e-01,-1.510072513915e-01,-1.510000663688e-01
4.430000000000e-01,-1.518031433987e-01,-1.517955996300e-01
4.440000000000e-01,-1.525838629411e-01,-1.525761071976e-01
4.450000000000e-01,-1.533488596394e-01,-1.533414209390e-01
4.460000000000e-01,-1.540989988287e-01,-1.540918998690e-01
4.470000000000e-01,-1.548348621963e-01,-1.548282143371e-01
4.480000000000e-01,-1.555577171545e-01,-1.555509038389e-01
4.490000000000e-01,-1.562666736823e-01,-1.562602504545e-01
4.500000000000e-01,-1.569629052454e-01,-1.569566193144e-01
4.510000000000e-01,-1.576466491201e-01,-1.576402919495e-01
4.520000000000e-01,-1.583175610019e-01,-1.583113705311e-01
4.530000000000e-01,-1.589761888828e-01,-1.589699886720e-01
4.540000000000e-01,-1.596222884421e-01,-1.596163610320e-01
4.550000000000e-01,-1.602565507929e-01,-1.602508947859e-01
4.560000000000e-01,-1.608794463453e-01,-1.608741090318e-01
4.570000000000e-01,-1.614919799966e-01,-1.614862498416e-01
4.580000000000e-01,-1.620928889677e-01,-1.620870954887e-01
4.590000000000e-01,-1.626821817824e-01,-1.626765169068e-01
4.600000000000e-01,-1.632598164449e-01,-1.632549665451e-01
4.610000000000e-01,-1.638282359719e-01,-1.638231504013e-01
4.620000000000e-01,-1.643862747894e-01,-1.643812853497e-01
4.630000000000e-01,-1.649345519980e-01,-1.649292448083e-01
4.640000000000e-01,-1.654719459603e-01,-1.654669053206e-01
4.650000000000e-01,-1.659993244867e-01,-1.659944490812e-01
4.660000000000e-01,-1.665169759352e-01,-1.665121796177e-01
4.670000000000e-01,-1.670250750640e-01,-1.670202456281e-01
4.680000000000e-01,-1.675235423261e-01,-1.675186771036e-01
4.690000000000e-01,-1.680119818896e-01,-1.680077410547e-01
4.700000000000e-01,-1.684921650167e-01,-1.684880769176e-01
4.710000000000e-01,-1.689641560498e-01,-1.689602006673e-01
4.720000000000e-01,-1.694282307455e-01,-1.694243750325e-01
4.730000000000e-01,-1.698847853450e-01,-1.698806562118e-01
4.740000000000e-01,-1.703327052734e-01,-1.703290843703e-01
4.750000000000e-01,-1.707737286251e-01,-1.707699211570e-01
4.760000000000e-01,-1.712069285331e-01,-1.712033709945e-01
4.770000000000e-01,-1.716329479626e-01,-1.716297701330e-01
4.780000000000e-01,-1.720529198582e-01,-1.720494004840e-01
4.790000000000e-01,-1.724657862441e-01,-1.724619835547e-01
4.800000000000e-01,-1.728711426100e-01,-1.728668975934e-01
4.810000000000e-01,-1.732677750360e-01,-1.732636338195e-01
4.820000000000e-01,-1.736561310998e-01,-1.736521441935e-01
4.830000000000e-01,-1.740364910525e-01,-1.740327201761e-01
4.840000000000e-01,-1.744092817334e-01,-1.744058149310e-01
4.850000000000e-01,-1.747750662834e-01,-1.747720132492e-01
4.860000000000e-01,-1.751350345104e-01,-1.751317664437e-01
4.870000000000e-01,-1.754882144480e-01,-1.754851960702e-01
4.880000000000e-01,-1.758356497745e-01,-1.758322561132e-01
4.890000000000e-01,-1.761761967953e-01,-1.761726594304e-01
4.900000000000e-01,-1.765094296023e-01,-1.765062721770e-01
4.910000000000e-01,-1.768366812236e-01,-1.768332046352e-01
4.920000000000e-01,-1.771567637443e-01,-1.771533874915e-01
4.930000000000e-01,-1.774701750772e-01,-1.774667250522e-01
4.940000000000e-01,-1.777767974864e-01,-1.777730461270e-01
4.950000000000e-01,-1.780756696968e-01,-1.780721951027e-01
4.960000000000e-01,-1.783675631725e-01,-1.783643698175e-01
4.970000000000e-01,-1.786535809983e-01,-1.786495448634e-01
4.980000000000e-01,-1.789310724324e-01,-1.789271908252e-01
4.990000000000e-01,-1.792007253415e-01,-1.791972939998e-01
5.000000000000e-01,-1.794635169135e-01,-1.794604890106e-01
5.010000000000e-01,-1.797205006755e-01,-1.797172468090e-01
5.020000000000e-01,-1.799710559437e-01,-1.799673484503e-01
5.030000000000e-01,-1.802140761451e-01,-1.802102395244e-01
5.040000000000e-01,-1.804492108021e-01,-1.804457535845e-01
5.050000000000e-01,-1.806775796253e-01,-1.806741332320e-01
5.060000000000e-01,-1.808992983948e-01,-1.808953472703e-01
5.070000000000e-01,-1.811126621591e-01,-1.811092142156e-01
5.080000000000e-01,-1.813192521508e-01,-1.813160419966e-01
5.090000000000e-01,-1.815197384381e-01,-1.815160146814e-01
5.100000000000e-01,-1.817125730498e-01,-1.817087678368e-01
5.110000000000e-01,-1.818977303639e-01,-1.818940606149e-01
5.120000000000e-01,-1.820755257168e-01,-1.820719996485e-01
5.130000000000e-01,-1.822465237356e-01,-1.822425870970e-01
5.140000000000e-01,-1.824093979323e-01,-1.824055830257e-01
5.150000000000e-01,-1.825646922276e-01,-1.825609351541e-01
5.160000000000e-01,-1.827124905043e-01,-1.827087585825e-01
5.170000000000e-01,-1.828527196236e-01,-1.828491664283e-01
5.180000000000e-01,-1.829862220507e-01,-1.829820188634e-01
5.190000000000e-01,-1.831110327243e-01,-1.831068071674e-01
5.200000000000e-01,-1.832272808333e-01,-1.832233568772e-01
5.210000000000e-01,-1.833357550255e-01,-1.833319791957e-01
5.220000000000e-01,-1.834366794071e-01,-1.834329706561e-01
5.230000000000e-01,-1.835304019159e-01,-1.835262563603e-01
5.240000000000e-01,-1.836157388782e-01,-1.836114079247e-01
5.250000000000e-01,-1.836921092218e-01,-1.836883008010e-01
5.260000000000e-01,-1.837610850244e-01,-1.837572881767e-01
5.270000000000e-01,-1.838226525035e-01,-1.838184485104e-01
5.280000000000e-01,-1.838754505908e-01,-1.838716184548e-01
5.290000000000e-01,-1.839207928445e-01,-1.839169314858e-01
5.300000000000e-01,-1.839583457660e-01,-1.839545738246e-01
5.310000000000e-01,-1.839883209329e-01,-1.839847211317e-01
5.320000000000e-01,-1.840111441579e-01,-1.840075624047e-01
5.330000000000e-01,-1.840269762405e-01,-1.840229921624e-01
5.340000000000e-01,-1.840347904612e-01,-1.840305628465e-01
5.350000000000e-01,-1.840338207998e-01,-1.840301031810e-01
5.360000000000e-01,-1.840256586837e-01,-1.840219854050e-01
5.370000000000e-01,-1.840099720397e-01,-1.840066361445e-01
5.380000000000e-01,-1.839879287880e-01,-1.839842686808e-01
5.390000000000e-01,-1.839582985320e-01,-1.839548265847e-01
5.400000000000e-01,-1.839219523090e-01,-1.839182189000e-01
5.410000000000e-01,-1.838779818405e-01,-1.838743576943e-01
5.420000000000e-01,-1.838265843006e-01,-1.838234494550e-01
5.430000000000e-01,-1.837692831789e-01,-1.837658037899e-01
5.440000000000e-01,-1.837049664464e-01,-1.837012339662e-01
5.450000000000e-01,-1.836329996015e-01,-1.836294696946e-01
5.460000000000e-01,-1.835540003748e-01,-1.835506215254e-01
5.470000000000e-01,-1.834683679335e-01,-1.834648446971e-01
5.480000000000e-01,-1.833756255240e-01,-1.833720813227e-01
5.490000000000e-01,-1.832757836483e-01,-1.832722495509e-01
5.500000000000e-01,-1.831689193824e-01,-1.831653372028e-01
5.510000000000e-01,-1.830546899642e-01,-1.830515092693e-01
5.520000000000e-01,-1.829342085066e-01,-1.829312008367e-01
5.530000000000e-01,-1.828077624369e-01,-1.828048239559e-01
5.540000000000e-01,-1.826752473064e-01,-1.826727810749e-01
5.550000000000e-01,-1.825379998620e-01,-1.825355748105e-01
5.560000000000e-01,-1.823958504425e-01,-1.823934625304e-01
5.570000000000e-01,-1.822492367491e-01,-1.822462247567e-01
5.580000000000e-01,-1.820962459112e-01,-1.820933633834e-01
5.590000000000e-01,-1.819376032144e-01,-1.819346733579e-01
5.600000000000e-01,-1.817730631084e-01,-1.817701931282e-01
5.610000000000e-01,-1.816026160087e-01,-1.816001732269e-01
5.620000000000e-01,-1.814274684560e-01,-1.814250191707e-01
5.630000000000e-01,-1.812475219934e-01,-1.812448568156e-01
5.640000000000e-01,-1.810619136486e-01,-1.810597074695e-01
5.650000000000e-01,-1.808723188505e-01,-1.808697101441e-01
5.660000000000e-01,-1.806771303057e-01,-1.806748748562e-01
5.670000000000e-01,-1.804776534585e-01,-1.804753543581e-01
5.680000000000e-01,-1.802733631676e-01,-1.802714327006e-01
5.690000000000e-01,-1.800654459575e-01,-1.800634243832e-01
5.700000000000e-01,-1.798532447011e-01,-1.798515770262e-01
5.710000000000e-01,-1.796380449323e-01,-1.796360685621e-01
5.720000000000e-01,-1.794184925615e-01,-1.794170241811e-01
5.730000000000e-01,-1.791962973912e-01,-1.791947493768e-01
5.740000000000e-01,-1.789708844392e-01,-1.789694664492e-01
5.750000000000e-01,-1.787426958834e-01,-1.787413267968e-01
5.760000000000e-01,-1.785116159580e-01,-1.785105929014e-01
5.770000000000e-01,-1.782787273448e-01,-1.782774957457e-01
5.780000000000e-01,-1.780434241021e-01,-1.780418449406e-01
5.790000000000e-01,-1.778048184913e-01,-1.778033286550e-01
5.800000000000e-01,-1.775628391099e-01,-1.775623087251e-01
5.810000000000e-01,-1.773203164885e-01,-1.773196634181e-01
5.820000000000e-01,-1.770761659912e-01,-1.770759605251e-01
5.830000000000e-01,-1.768319299669e-01,-1.768314763216e-01
5.840000000000e-01,-1.765867079028e-01,-1.765861594772e-01
5.850000000000e-01,-1.763402176267e-01,-1.763399597015e-01
5.860000000000e-01,-1.760934174149e-01,-1.760930432794e-01
5.870000000000e-01,-1.758456669894e-01,-1.758455891202e-01
5.880000000000e-01,-1.755978748218e-01,-1.755978737090e-01
5.890000000000e-01,-1.753500503831e-01,-1.753501897662e-01
5.900000000000e-01,-1.751024282050e-01,-1.751028441892e-01
5.910000000000e-01,-1.748558528636e-01,-1.748560041507e-01
5.920000000000e-01,-1.746097293723e-01,-1.746093193478e-01
5.930000000000e-01,-1.743623050145e-01,-1.743624280845e-01
5.940000000000e-01,-1.741152927335e-01,-1.741156775994e-01
5.950000000000e-01,-1.738690064841e-01,-1.738696745002e-01
5.960000000000e-01,-1.736242379395e-01,-1.736247877472e-01
5.970000000000e-01,-1.733804312870e-01,-1.733810982277e-01
5.980000000000e-01,-1.731381819040e-01,-1.731385570478e-01
5.990000000000e-01,-1.728962740413e-01,-1.728971916191e-01
6.000000000000e-01,-1.726566260389e-01,-1.726571921167e-01
6.010000000000e-01,-1.724179569613e-01,-1.724184644053e-01
6.020000000000e-01,-1.721802018197e-01,-1.721808944817e-01
6.030000000000e-01,-1.719439905682e-01,-1.719445492175e-01
6.040000000000e-01,-1.717087382768e-01,-1.717094881429e-01
6.050000000000e-01,-1.714750659712e-01,-1.714758207863e-01
6.060000000000e-01,-1.712430218845e-01,-1.712435068803e-01
6.070000000000e-01,-1.710118106168e-01,-1.710123126895e-01
6.080000000000e-01,-1.707816783685e-01,-1.707821061545e-01
6.090000000000e-01,-1.705521797411e-01,-1.705530079239e-01
6.100000000000e-01,-1.703245325926e-01,-1.703253489815e-01
6.110000000000e-01,-1.700985000147e-01,-1.700993862267e-01
6.120000000000e-01,-1.698739046768e-01,-1.698756111952e-01
6.130000000000e-01,-1.696530024635e-01,-1.696549024790e-01
6.140000000000e-01,-1.694360054456e-01,-1.694377336939e-01
6.150000000000e-01,-1.692226133763e-01,-1.692238381334e-01
6.160000000000e-01,-1.690114372135e-01,-1.690127009464e-01
6.170000000000e-01,-1.688027419783e-01,-1.688041370383e-01
6.180000000000e-01,-1.685971661977e-01,-1.685980157067e-01
6.190000000000e-01,-1.683928414745e-01,-1.683940888450e-01
6.200000000000e-01,-1.681912861982e-01,-1.681924673334e-01
6.210000000000e-01,-1.679917294697e-01,-1.679936004814e-01
6.220000000000e-01,-1.677961720078e-01,-1.677981864995e-01
6.230000000000e-01,-1.676046761703e-01,-1.676066641420e-01
6.240000000000e-01,-1.674172577789e-01,-1.674189796131e-01
6.250000000000e-01,-1.672332103958e-01,-1.672348345194e-01
6.260000000000e-01,-1.670523531421e-01,-1.670540718182e-01
6.270000000000e-01,-1.668748151766e-01,-1.668769156997e-01
6.280000000000e-01,-1.667015442131e-01,-1.667038485661e-01
6.290000000000e-01,-1.665330661067e-01,-1.665351056482e-01
6.300000000000e-01,-1.663686776658e-01,-1.663704112850e-01
6.310000000000e-01,-1.662076223667e-01,-1.662093198846e-01
6.320000000000e-01,-1.660501758791e-01,-1.660513909443e-01
6.330000000000e-01,-1.658950182730e-01,-1.658961608305e-01
6.340000000000e-01,-1.657416853806e-01,-1.657438169160e-01
6.350000000000e-01,-1.655930077304e-01,-1.655952900811e-01
6.360000000000e-01,-1.654488994493e-01,-1.654512470722e-01
6.370000000000e-01,-1.653093884086e-01,-1.653119937577e-01
6.380000000000e-01,-1.651752510118e-01,-1.651777199121e-01
6.390000000000e-01,-1.650461284010e-01,-1.650482048790e-01
6.400000000000e-01,-1.649212667972e-01,-1.649227437903e-01
6.410000000000e-01,-1.647990724982e-01,-1.648007044875e-01
6.420000000000e-01,-1.646798233991e-01,-1.646823402659e-01
6.430000000000e-01,-1.645660916419e-01,-1.645684027619e-01
6.440000000000e-01,-1.644569567591e-01,-1.644590237083e-01
6.450000000000e-01,-1.643518652132e-01,-1.643538984366e-01
6.460000000000e-01,-1.642508955858e-01,-1.642527885196e-01
6.470000000000e-01,-1.641537007292e-01,-1.641555038970e-01
6.480000000000e-01,-1.640599721887e-01,-1.640620097314e-01
6.490000000000e-01,-1.639704020401e-01,-1.639724955455e-01
6.500000000000e-01,-1.638850683852e-01,-1.638871022228e-01
6.510000000000e-01,-1.638037016436e-01,-1.638058809029e-01
6.520000000000e-01,-1.637268056641e-01,-1.637289003482e-01
6.530000000000e-01,-1.636540301025e-01,-1.636561799265e-01
6.540000000000e-01,-1.635855594934e-01,-1.635877605830e-01
6.550000000000e-01,-1.635215172144e-01,-1.635236550383e-01
6.560000000000e-01,-1.634619526017e-01,-1.634636019807e-01
6.570000000000e-01,-1.634053897494e-01,-1.634071731047e-01
6.580000000000e-01,-1.633526061490e-01,-1.633541619996e-01
6.590000000000e-01,-1.633026182667e-01,-1.633046311508e-01
6.600000000000e-01,-1.632567891368e-01,-1.632589464236e-01
6.610000000000e-01,-1.632155526437e-01,-1.632172675505e-01
6.620000000000e-01,-1.631772526701e-01,-1.631795529404e-01
6.630000000000e-01,-1.631439668101e-01,-1.631460007949e-01
6.640000000000e-01,-1.631146190744e-01,-1.631165902713e-01
6.650000000000e-01,-1.630892518914e-01,-1.630910718632e-01
6.660000000000e-01,-1.630676334565e-01,-1.630690996218e-01
6.670000000000e-01,-1.630486593467e-01,-1.630503508689e-01
6.680000000000e-01,-1.630334632779e-01,-1.630346389077e-01
6.690000000000e-01,-1.630200315012e-01,-1.630219314402e-01
6.700000000000e-01,-1.630107719407e-01,-1.630126350124e-01
6.710000000000e-01,-1.630052380511e-01,-1.630069671281e-01
6.720000000000e-01,-1.630031832379e-01,-1.630047105178e-01
6.730000000000e-01,-1.630042448156e-01,-1.630054871958e-01
6.740000000000e-01,-1.630075082112e-01,-1.630090980452e-01
6.750000000000e-01,-1.630141172610e-01,-1.630156774668e-01
6.760000000000e-01,-1.630240294175e-01,-1.630251661685e-01
6.770000000000e-01,-1.630358529873e-01,-1.630373742115e-01
6.780000000000e-01,-1.630508242630e-01,-1.630524885032e-01
6.790000000000e-01,-1.630694294451e-01,-1.630705418060e-01
6.800000000000e-01,-1.630899639375e-01,-1.630911617534e-01
6.810000000000e-01,-1.631129121461e-01,-1.631141964000e-01
6.820000000000e-01,-1.631385463993e-01,-1.631396476814e-01
6.830000000000e-01,-1.631663131436e-01,-1.631674148905e-01
6.840000000000e-01,-1.631961122963e-01,-1.631975732562e-01
6.850000000000e-01,-1.632291335804e-01,-1.632302813702e-01
6.860000000000e-01,-1.632643863112e-01,-1.632653173696e-01
6.870000000000e-01,-1.633014416779e-01,-1.633023377006e-01
6.880000000000e-01,-1.633402119012e-01,-1.633412958541e-01
6.890000000000e-01,-1.633810717152e-01,-1.633824511307e-01
6.900000000000e-01,-1.634250994227e-01,-1.634258552307e-01
6.910000000000e-01,-1.634704029461e-01,-1.634710070520e-01
6.920000000000e-01,-1.635169105533e-01,-1.635174210696e-01
6.930000000000e-01,-1.635644822041e-01,-1.635648155619e-01
6.940000000000e-01,-1.636126547564e-01,-1.636129845922e-01
6.950000000000e-01,-1.636613997661e-01,-1.636619620034e-01
6.960000000000e-01,-1.637112424426e-01,-1.637120663704e-01
6.970000000000e-01,-1.637629690489e-01,-1.637635381415e-01
6.980000000000e-01,-1.638156236303e-01,-1.638163530497e-01
6.990000000000e-01,-1.638698741574e-01,-1.638704296264e-01
7.000000000000e-01,-1.639254517399e-01,-1.639254175586e-01
7.010000000000e-01,-1.639803847711e-01,-1.639810057384e-01
7.020000000000e-01,-1.640369805500e-01,-1.640374068461e-01
7.030000000000e-01,-1.640943057995e-01,-1.640947141959e-01
7.040000000000e-01,-1.641525277469e-01,-1.641527892910e-01
7.050000000000e-01,-1.642111188279e-01,-1.642115302963e-01
7.060000000000e-01,-1.642707670692e-01,-1.642708209727e-01
7.070000000000e-01,-1.643304287848e-01,-1.643303492028e-01
7.080000000000e-01,-1.643897245766e-01,-1.643899955924e-01
7.090000000000e-01,-1.644497326103e-01,-1.644499716924e-01
7.100000000000e-01,-1.645102988567e-01,-1.645102782081e-01
7.110000000000e-01,-1.645707788187e-01,-1.645705793129e-01
7.120000000000e-01,-1.646308880283e-01,-1.646304761761e-01
7.130000000000e-01,-1.646900807602e-01,-1.646896848719e-01
7.140000000000e-01,-1.647484595887e-01,-1.647482074948e-01
7.150000000000e-01,-1.648061332877e-01,-1.648064219605e-01
7.160000000000e-01,-1.648647768844e-01,-1.648647301968e-01
7.170000000000e-01,-1.649231961754e-01,-1.649230035255e-01
7.180000000000e-01,-1.649813503016e-01,-1.649808054503e-01
7.190000000000e-01,-1.650381994542e-01,-1.650378147894e-01
7.200000000000e-01,-1.650942117809e-01,-1.650941289512e-01
7.210000000000e-01,-1.651503631957e-01,-1.651498842544e-01
7.220000000000e-01,-1.652054431583e-01,-1.652047606355e-01
7.230000000000e-01,-1.652591832802e-01,-1.652582891525e-01
7.240000000000e-01,-1.653110386874e-01,-1.653101999635e-01
7.250000000000e-01,-1.653610731837e-01,-1.653606171655e-01
7.260000000000e-01,-1.654103807127e-01,-1.654098773223e-01
7.270000000000e-01,-1.654587403727e-01,-1.654580200215e-01
7.280000000000e-01,-1.655055712590e-01,-1.655048181288e-01
7.290000000000e-01,-1.655509475829e-01,-1.655500493715e-01
7.300000000000e-01,-1.655945688787e-01,-1.655934906236e-01
7.310000000000e-01,-1.656357250986e-01,-1.656351568198e-01
7.320000000000e-01,-1.656759477610e-01,-1.656754353649e-01
7.330000000000e-01,-1.657152844616e-01,-1.657144312326e-01
7.340000000000e-01,-1.657529442980e-01,-1.657517127748e-01
7.350000000000e-01,-1.657878568979e-01,-1.657869051083e-01
7.360000000000e-01,-1.658209700066e-01,-1.658200661931e-01
7.370000000000e-01,-1.658524774398e-01,-1.658511679165e-01
7.380000000000e-01,-1.658811089532e-01,-1.658799387216e-01
7.390000000000e-01,-1.659075088365e-01,-1.659062439068e-01
7.400000000000e-01,-1.659315076128e-01,-1.659298487203e-01
7.410000000000e-01,-1.659520279131e-01,-1.659503581459e-01
7.420000000000e-01,-1.659691143432e-01,-1.659676980696e-01
7.430000000000e-01,-1.659833944182e-01,-1.659821743627e-01
7.440000000000e-01,-1.659953120203e-01,-1.659941307093e-01
7.450000000000e-01,-1.660047081043e-01,-1.660038667626e-01
7.460000000000e-01,-1.660126776306e-01,-1.660116039029e-01
7.470000000000e-01,-1.660184411214e-01,-1.660172030293e-01
7.480000000000e-01,-1.660217692538e-01,-1.660203292581e-01
7.490000000000e-01,-1.660220251411e-01,-1.660208219875e-01
7.500000000000e-01,-1.660199565052e-01,-1.660188278388e-01
7.510000000000e-01,-1.660156783191e-01,-1.660145102265e-01
7.520000000000e-01,-1.660089686068e-01,-1.660079375800e-01
7.530000000000e-01,-1.660003646115e-01,-1.659991106798e-01
7.540000000000e-01,-1.659891486577e-01,-1.659878733355e-01
7.550000000000e-01,-1.659754140373e-01,-1.659740331175e-01
7.560000000000e-01,-1.659590493129e-01,-1.659573300094e-01
7.570000000000e-01,-1.659388630957e-01,-1.659376276269e-01
7.580000000000e-01,-1.659165134373e-01,-1.659151171784e-01
7.590000000000e-01,-1.658913423129e-01,-1.658898423608e-01
7.600000000000e-01,-1.658629167854e-01,-1.658618577784e-01
7.610000000000e-01,-1.658326866451e-01,-1.658313542681e-01
7.620000000000e-01,-1.657998561617e-01,-1.657981286709e-01
7.630000000000e-01,-1.657631211215e-01,-1.657620280065e-01
7.640000000000e-01,-1.657243822183e-01,-1.657234814327e-01
7.650000000000e-01,-1.656842830624e-01,-1.656825631718e-01
7.660000000000e-01,-1.656403059245e-01,-1.656387125073e-01
7.670000000000e-01,-1.655931803388e-01,-1.655917333092e-01
7.680000000000e-01,-1.655431490379e-01,-1.655418622109e-01
7.690000000000e-01,-1.654905672805e-01,-1.654893298983e-01
7.700000000000e-01,-1.654357303465e-01,-1.654340644588e-01
7.710000000000e-01,-1.653773190100e-01,-1.653758374257e-01
7.720000000000e-01,-1.653156357123e-01,-1.653150185523e-01
7.730000000000e-01,-1.652532501807e-01,-1.652523244777e-01
7.740000000000e-01,-1.651888204131e-01,-1.651878584626e-01
7.750000000000e-01,-1.651227149087e-01,-1.651212448602e-01
7.760000000000e-01,-1.650533221594e-01,-1.650521201484e-01
7.770000000000e-01,-1.649815665431e-01,-1.649806142053e-01
7.780000000000e-01,-1.649079360379e-01,-1.649071838692e-01
7.790000000000e-01,-1.648326606768e-01,-1.648322950927e-01
7.800000000000e-01,-1.647572369670e-01,-1.647559937967e-01
7.810000000000e-01,-1.646788371900e-01,-1.646777455172e-01
7.820000000000e-01,-1.645983270463e-01,-1.645973408431e-01
7.830000000000e-01,-1.645158041553e-01,-1.645149741281e-01
7.840000000000e-01,-1.644317504221e-01,-1.644307932546e-01
7.850000000000e-01,-1.643456927162e-01,-1.643448066840e-01
7.860000000000e-01,-1.642578158045e-01,-1.642571392519e-01
7.870000000000e-01,-1.641685790874e-01,-1.641681064894e-01
7.880000000000e-01,-1.640785246902e-01,-1.640779156638e-01
7.890000000000e-01,-1.639873758667e-01,-1.639863841744e-01
7.900000000000e-01,-1.638939055426e-01,-1.638933600807e-01
7.910000000000e-01,-1.637991998716e-01,-1.637994188930e-01
7.920000000000e-01,-1.637054020979e-01,-1.637052837732e-01
7.930000000000e-01,-1.636113411502e-01,-1.636108877722e-01
7.940000000000e-01,-1.635161381955e-01,-1.635158792143e-01
7.950000000000e-01,-1.634206106117e-01,-1.634201675675e-01
7.960000000000e-01,-1.633240717167e-01,-1.633237042246e-01
7.970000000000e-01,-1.632267865681e-01,-1.632265147609e-01
7.980000000000e-01,-1.631291073938e-01,-1.631285979344e-01
7.990000000000e-01,-1.630303013836e-01,-1.630298072472e-01
8.000000000000e-01,-1.629304044236e-01,-1.629302195621e-01
8.010000000000e-01,-1.628300675835e-01,-1.628302994359e-01
8.020000000000e-01,-1.627305515278e-01,-1.627303920071e-01
8.030000000000e-01,-1.626305374601e-01,-1.626303567309e-01
8.040000000000e-01,-1.625300641320e-01,-1.625301210835e-01
8.050000000000e-01,-1.624297948191e-01,-1.624298674534e-01
8.060000000000e-01,-1.623297805199e-01,-1.623295922888e-01
8.070000000000e-01,-1.622293396665e-01,-1.622290459636e-01
8.080000000000e-01,-1.621280687520e-01,-1.621282283924e-01
8.090000000000e-01,-1.620272992523e-01,-1.620275176743e-01
8.100000000000e-01,-1.619270108523e-01,-1.619271140073e-01
8.110000000000e-01,-1.618270096142e-01,-1.618268335364e-01
8.120000000000e-01,-1.617264730853e-01,-1.617264278077e-01
8.130000000000e-01,-1.616259102093e-01,-1.616258765334e-01
8.140000000000e-01,-1.615253196229e-01,-1.615252159871e-01
8.150000000000e-01,-1.614244060040e-01,-1.614245107966e-01
8.160000000000e-01,-1.613236768555e-01,-1.613240508799e-01
8.170000000000e-01,-1.612238100953e-01,-1.612241586380e-01
8.180000000000e-01,-1.611247280062e-01,-1.611248330198e-01
8.190000000000e-01,-1.610257475994e-01,-1.610258020787e-01
8.200000000000e-01,-1.609270691292e-01,-1.609266984104e-01
8.210000000000e-01,-1.608273834283e-01,-1.608271963080e-01
8.220000000000e-01,-1.607272818683e-01,-1.607273445946e-01
8.230000000000e-01,-1.606277215706e-01,-1.606271854639e-01
8.240000000000e-01,-1.605264876653e-01,-1.605266740985e-01
8.250000000000e-01,-1.604257835101e-01,-1.604263958600e-01
8.260000000000e-01,-1.603265657926e-01,-1.603269817523e-01
8.270000000000e-01,-1.602279555042e-01,-1.602285501847e-01
8.280000000000e-01,-1.601309537295e-01,-1.601309185730e-01
8.290000000000e-01,-1.600332525323e-01,-1.600339114602e-01
8.300000000000e-01,-1.599372877361e-01,-1.599377799993e-01
8.310000000000e-01,-1.598422978093e-01,-1.598425640608e-01
8.320000000000e-01,-1.597477604080e-01,-1.597480009905e-01
8.330000000000e-01,-1.596536785998e-01,-1.596539497441e-01
8.340000000000e-01,-1.595602529149e-01,-1.595603392533e-01
8.350000000000e-01,-1.594667803104e-01,-1.594671396444e-01
8.360000000000e-01,-1.593742221778e-01,-1.593744515241e-01
8.370000000000e-01,-1.592820440493e-01,-1.592822724445e-01
8.380000000000e-01,-1.591903843887e-01,-1.591905281858e-01
8.390000000000e-01,-1.590988182602e-01,-1.590992666605e-01
8.400000000000e-01,-1.590084268865e-01,-1.590086048432e-01
8.410000000000e-01,-1.589181721395e-01,-1.589184887539e-01
8.420000000000e-01,-1.588287709275e-01,-1.588287738532e-01
8.430000000000e-01,-1.587392577263e-01,-1.587392142928e-01
8.440000000000e-01,-1.586495142024e-01,-1.586497143779e-01
8.450000000000e-01,-1.585605339414e-01,-1.585602603300e-01
8.460000000000e-01,-1.584704867654e-01,-1.584708146566e-01
8.470000000000e-01,-1.583814981151e-01,-1.583816184604e-01
8.480000000000e-01,-1.582925708939e-01,-1.582927537373e-01
8.490000000000e-01,-1.582042781237e-01,-1.582039876877e-01
8.500000000000e-01,-1.581150995540e-01,-1.581149930249e-01
8.510000000000e-01,-1.580257831428e-01,-1.580257161035e-01
8.520000000000e-01,-1.579364858164e-01,-1.579361368890e-01
8.530000000000e-01,-1.578462211145e-01,-1.578462056307e-01
8.540000000000e-01,-1.577559343552e-01,-1.577562444208e-01
8.550000000000e-01,-1.576664810174e-01,-1.576666078886e-01
8.560000000000e-01,-1.575772263372e-01,-1.575772397625e-01
8.570000000000e-01,-1.574880383777e-01,-1.574878972084e-01
8.580000000000e-01,-1.573983919832e-01,-1.573984526647e-01
8.590000000000e-01,-1.573091224586e-01,-1.573088624438e-01
8.600000000000e-01,-1.572191140179e-01,-1.572190035127e-01
8.610000000000e-01,-1.571288803124e-01,-1.571289372115e-01
8.620000000000e-01,-1.570389499074e-01,-1.570387695001e-01
8.630000000000e-01,-1.569484342684e-01,-1.569484493672e-01
8.640000000000e-01,-1.568582080864e-01,-1.568578734280e-01
8.650000000000e-01,-1.567671903600e-01,-1.567667592665e-01
8.660000000000e-01,-1.566752278838e-01,-1.566748904146e-01
8.670000000000e-01,-1.565827680219e-01,-1.565822370059e-01
8.680000000000e-01,-1.564887531094e-01,-1.564890534902e-01
8.690000000000e-01,-1.563958656699e-01,-1.563958701347e-01
8.700000000000e-01,-1.563028502844e-01,-1.563027532447e-01
8.710000000000e-01,-1.562096671216e-01,-1.562094430398e-01
8.720000000000e-01,-1.561160059817e-01,-1.561157240046e-01
8.730000000000e-01,-1.560217735270e-01,-1.560214500269e-01
8.740000000000e-01,-1.559269282616e-01,-1.559264819838e-01
8.750000000000e-01,-1.558311975241e-01,-1.558306631156e-01
8.760000000000e-01,-1.557341561103e-01,-1.557340466405e-01
8.770000000000e-01,-1.556371912977e-01,-1.556368565678e-01
8.780000000000e-01,-1.555395164796e-01,-1.555389829574e-01
8.790000000000e-01,-1.554407557310e-01,-1.554400336301e-01
8.800000000000e-01,-1.553407358108e-01,-1.553395153700e-01
8.810000000000e-01,-1.552377360615e-01,-1.552371868572e-01
8.820000000000e-01,-1.551340244614e-01,-1.551333163663e-01
8.830000000000e-01,-1.550289918873e-01,-1.550278698059e-01
8.840000000000e-01,-1.549214270387e-01,-1.549205597259e-01
8.850000000000e-01,-1.548121615421e-01,-1.548115495326e-01
8.860000000000e-01,-1.547016327062e-01,-1.547013185270e-01
8.870000000000e-01,-1.545906489660e-01,-1.545901765630e-01
8.880000000000e-01,-1.544788764240e-01,-1.544778489980e-01
8.890000000000e-01,-1.543649408885e-01,-1.543636565669e-01
8.900000000000e-01,-1.542481290364e-01,-1.542472341246e-01
8.910000000000e-01,-1.541300585297e-01,-1.541284782621e-01
8.920000000000e-01,-1.540082645972e-01,-1.540071702168e-01
8.930000000000e-01,-1.538845667298e-01,-1.538835020123e-01
8.940000000000e-01,-1.537583366561e-01,-1.537580185727e-01
8.950000000000e-01,-1.536322424145e-01,-1.536309811157e-01
8.960000000000e-01,-1.535032479555e-01,-1.535017845287e-01
8.970000000000e-01,-1.533712671953e-01,-1.533698392662e-01
8.980000000000e-01,-1.532364345861e-01,-1.532350739308e-01
8.990000000000e-01,-1.530987864221e-01,-1.530976614082e-01
9.000000000000e-01,-1.529591250774e-01,-1.529577097189e-01
9.010000000000e-01,-1.528165222912e-01,-1.528150553658e-01
9.020000000000e-01,-1.526708550560e-01,-1.526695588362e-01
9.030000000000e-01,-1.525230972849e-01,-1.525209949710e-01
9.040000000000e-01,-1.523702800791e-01,-1.523691496569e-01
9.050000000000e-01,-1.522159172415e-01,-1.522142982532e-01
9.060000000000e-01,-1.520580328073e-01,-1.520563946266e-01
9.070000000000e-01,-1.518970560131e-01,-1.518951200446e-01
9.080000000000e-01,-1.517317963048e-01,-1.517304301676e-01
9.090000000000e-01,-1.515641537826e-01,-1.515625729367e-01
9.100000000000e-01,-1.513934920767e-01,-1.513913714106e-01
9.110000000000e-01,-1.512181569109e-01,-1.512164944017e-01
9.120000000000e-01,-1.510395698423e-01,-1.510382754407e-01
9.130000000000e-01,-1.508584766720e-01,-1.508572974243e-01
9.140000000000e-01,-1.506751521070e-01,-1.506737378451e-01
9.150000000000e-01,-1.504890617556e-01,-1.504872644836e-01
9.160000000000e-01,-1.502992196878e-01,-1.502973894819e-01
9.170000000000e-01,-1.501057821481e-01,-1.501038094741e-01
9.180000000000e-01,-1.499083694717e-01,-1.499063481251e-01
9.190000000000e-01,-1.497067558006e-01,-1.497049630275e-01
9.200000000000e-01,-1.495020270421e-01,-1.494995357278e-01
9.210000000000e-01,-1.492915923149e-01,-1.492898934394e-01
9.220000000000e-01,-1.490783680591e-01,-1.490762000197e-01
9.230000000000e-01,-1.488606447804e-01,-1.488582852997e-01
9.240000000000e-01,-1.486380767496e-01,-1.486358587869e-01
9.250000000000e-01,-1.484111164361e-01,-1.484089643551e-01
9.260000000000e-01,-1.481798701082e-01,-1.481777845820e-01
9.270000000000e-01,-1.479442325132e-01,-1.479426973359e-01
9.280000000000e-01,-1.477057143871e-01,-1.477043184685e-01
9.290000000000e-01,-1.474644129790e-01,-1.474630688046e-01
9.300000000000e-01,-1.472204864595e-01,-1.472190102846e-01
9.310000000000e-01,-1.469737060698e-01,-1.469719001015e-01
9.320000000000e-01,-1.467230821523e-01,-1.467214867530e-01
9.330000000000e-01,-1.464692739364e-01,-1.464679629044e-01
9.340000000000e-01,-1.462127152434e-01,-1.462118935052e-01
9.350000000000e-01,-1.459549279768e-01,-1.459536085019e-01
9.360000000000e-01,-1.456945175978e-01,-1.456925973278e-01
9.370000000000e-01,-1.454300981880e-01,-1.454279978642e-01
9.380000000000e-01,-1.451614281321e-01,-1.451593892847e-01
9.390000000000e-01,-1.448883704626e-01,-1.448869894761e-01
9.400000000000e-01,-1.446132506277e-01,-1.446110822186e-01
9.410000000000e-01,-1.443330483403e-01,-1.443315403387e-01
9.420000000000e-01,-1.440506113410e-01,-1.440482705410e-01
9.430000000000e-01,-1.437625989070e-01,-1.437613300812e-01
9.440000000000e-01,-1.434723749462e-01,-1.434715717714e-01
9.450000000000e-01,-1.431806765503e-01,-1.431799413657e-01
9.460000000000e-01,-1.428874859198e-01,-1.428867855478e-01
9.470000000000e-01,-1.425930823224e-01,-1.425920035455e-01
9.480000000000e-01,-1.422963600556e-01,-1.422952587118e-01
9.490000000000e-01,-1.419973854937e-01,-1.419963596369e-01
9.500000000000e-01,-1.416966203322e-01,-1.416951787833e-01
9.510000000000e-01,-1.413924496140e-01,-1.413917136073e-01
9.520000000000e-01,-1.410871456330e-01,-1.410863743975e-01
9.530000000000e-01,-1.407804634650e-01,-1.407791320029e-01
9.540000000000e-01,-1.404712772768e-01,-1.404690901353e-01
9.550000000000e-01,-1.401571821318e-01,-1.401554107432e-01
9.560000000000e-01,-1.398395212869e-01,-1.398383082388e-01
9.570000000000e-01,-1.395196357631e-01,-1.395185038389e-01
9.580000000000e-01,-1.391974574359e-01,-1.391963880665e-01
9.590000000000e-01,-1.388732843920e-01,-1.388719924488e-01
9.600000000000e-01,-1.385462896841e-01,-1.385453173336e-01
9.610000000000e-01,-1.382173552967e-01,-1.382167070893e-01
9.620000000000e-01,-1.378872856195e-01,-1.378865258787e-01
9.630000000000e-01,-1.375558589824e-01,-1.375546009317e-01
9.640000000000e-01,-1.372217091422e-01,-1.372204201233e-01
9.650000000000e-01,-1.368849599458e-01,-1.368837132949e-01
9.660000000000e-01,-1.365458454334e-01,-1.365443940011e-01
9.670000000000e-01,-1.362036039205e-01,-1.362024715627e-01
9.680000000000e-01,-1.358590640857e-01,-1.358583700405e-01
9.690000000000e-01,-1.355132051192e-01,-1.355127249042e-01
9.700000000000e-01,-1.351666471965e-01,-1.351658021503e-01
9.710000000000e-01,-1.348180783047e-01,-1.348174838113e-01
9.720000000000e-01,-1.344687176313e-01,-1.344675764376e-01
9.730000000000e-01,-1.341167047918e-01,-1.341157477509e-01
9.740000000000e-01,-1.337630691640e-01,-1.337617620545e-01
9.750000000000e-01,-1.334064823793e-01,-1.334055105120e-01
9.760000000000e-01,-1.330482036862e-01,-1.330470243499e-01
9.770000000000e-01,-1.326876199910e-01,-1.326861279056e-01
9.780000000000e-01,-1.323237022576e-01,-1.323226784287e-01
9.790000000000e-01,-1.319579758416e-01,-1.319570072700e-01
9.800000000000e-01,-1.315899862662e-01,-1.315896809700e-01
9.810000000000e-01,-1.312218836520e-01,-1.312211196282e-01
9.820000000000e-01,-1.308522139049e-01,-1.308510784472e-01
9.830000000000e-01,-1.304798071557e-01,-1.304793637729e-01
9.840000000000e-01,-1.301068373088e-01,-1.301064303467e-01
9.850000000000e-01,-1.297329878634e-01,-1.297326265261e-01
9.860000000000e-01,-1.293586893097e-01,-1.293577737841e-01
9.870000000000e-01,-1.289823502856e-01,-1.289813737526e-01
9.880000000000e-01,-1.286038617826e-01,-1.286033404556e-01
9.890000000000e-01,-1.282243899899e-01,-1.282241673289e-01
9.900000000000e-01,-1.278447183320e-01,-1.278441866947e-01
9.910000000000e-01,-1.274639549243e-01,-1.274631500224e-01
9.920000000000e-01,-1.270814697701e-01,-1.270807209257e-01
9.930000000000e-01,-1.266972830042e-01,-1.266970078748e-01
9.940000000000e-01,-1.263129766925e-01,-1.263122215924e-01
9.950000000000e-01,-1.259269779397e-01,-1.259260770496e-01
9.960000000000e-01,-1.255391882973e-01,-1.255382258656e-01
9.970000000000e-01,-1.251492223867e-01,-1.251488242881e-01
9.980000000000e-01,-1.247584021732e-01,-1.247586468054e-01
9.990000000000e-01,-1.243685739944e-01,-1.243683176248e-01
1.000000000000e+00,-1.239779538214e-01,-1.239776956385e-01
1.001000000000e+00,-1.235870255381e-01,-1.235863777723e-01
1.002000000000e+00,-1.231945956461e-01,-1.231939987640e-01
1.003000000000e+00,-1.228010155143e-01,-1.228003872214e-01
1.004000000000e+00,-1.224062816548e-01,-1.224053566084e-01
1.005000000000e+00,-1.220097353640e-01,-1.220085678245e-01
1.006000000000e+00,-1.216101694634e-01,-1.216102486484e-01
1.007000000000e+00,-1.212114403125e-01,-1.212113095344e-01
1.008000000000e+00,-1.208123559805e-01,-1.208121199911e-01
1.009000000000e+00,-1.204126078883e-01,-1.204126863795e-01
1.010000000000e+00,-1.200132829198e-01,-1.200131191516e-01
1.011000000000e+00,-1.196134603074e-01,-1.196133806008e-01
1.012000000000e+00,-1.192135558227e-01,-1.192133688982e-01
1.013000000000e+00,-1.188134525295e-01,-1.188127860687e-01
1.014000000000e+00,-1.184117190539e-01,-1.184111892689e-01
1.015000000000e+00,-1.180091918626e-01,-1.180083471749e-01
1.016000000000e+00,-1.176044935559e-01,-1.176043462182e-01
1.017000000000e+00,-1.171998884752e-01,-1.171996365506e-01
1.018000000000e+00,-1.167946846607e-01,-1.167944591606e-01
1.019000000000e+00,-1.163890516605e-01,-1.163888753964e-01
1.020000000000e+00,-1.159828494371e-01,-1.159831856450e-01
1.021000000000e+00,-1.155775557573e-01,-1.155778579657e-01
1.022000000000e+00,-1.151729676486e-01,-1.151729882367e-01
1.023000000000e+00,-1.147681818417e-01,-1.147684167372e-01
1.024000000000e+00,-1.143641064627e-01,-1.143640961450e-01
1.025000000000e+00,-1.139597388609e-01,-1.139599936142e-01
1.026000000000e+00,-1.135562420105e-01,-1.135559761095e-01
1.027000000000e+00,-1.131521008953e-01,-1.131515310808e-01
1.028000000000e+00,-1.127466984394e-01,-1.127461911732e-01
1.029000000000e+00,-1.123401124728e-01,-1.123400368977e-01
1.030000000000e+00,-1.119336763864e-01,-1.119333708986e-01
1.031000000000e+00,-1.115265140508e-01,-1.115262013356e-01
1.032000000000e+00,-1.111186637476e-01,-1.111185622601e-01
1.033000000000e+00,-1.107104563545e-01,-1.107108747039e-01
1.034000000000e+00,-1.103034207391e-01,-1.103036197781e-01
1.035000000000e+00,-1.098966247635e-01,-1.098968904943e-01
1.036000000000e+00,-1.094904190937e-01,-1.094906479198e-01
1.037000000000e+00,-1.090846639223e-01,-1.090848604910e-01
1.038000000000e+00,-1.086792960677e-01,-1.086794608299e-01
1.039000000000e+00,-1.082743155867e-01,-1.082743124830e-01
1.040000000000e+00,-1.078693152084e-01,-1.078691759982e-01
1.041000000000e+00,-1.074639815186e-01,-1.074638135886e-01
1.042000000000e+00,-1.070584258740e-01,-1.070579631496e-01
1.043000000000e+00,-1.066519541056e-01,-1.066511805476e-01
1.044000000000e+00,-1.062438019809e-01,-1.062430764019e-01
1.045000000000e+00,-1.058340583422e-01,-1.058337216482e-01
1.046000000000e+00,-1.054237844456e-01,-1.054235118255e-01
1.047000000000e+00,-1.050130126808e-01,-1.050126678956e-01
1.048000000000e+00,-1.046014895317e-01,-1.046012176792e-01
1.049000000000e+00,-1.041893908560e-01,-1.041892619941e-01
1.050000000000e+00,-1.037771252440e-01,-1.037769317144e-01
1.051000000000e+00,-1.033644509870e-01,-1.033642310551e-01
1.052000000000e+00,-1.029512984708e-01,-1.029511253125e-01
1.053000000000e+00,-1.025379022387e-01,-1.025375744530e-01
1.054000000000e+00,-1.021237024825e-01,-1.021235728425e-01
1.055000000000e+00,-1.017091674680e-01,-1.017093728382e-01
1.056000000000e+00,-1.012953877248e-01,-1.012951993559e-01
1.057000000000e+00,-1.008808654055e-01,-1.008810343337e-01
1.058000000000e+00,-1.004668901554e-01,-1.004669847581e-01
1.059000000000e+00,-1.000531524446e-01,-1.000530267837e-01
1.060000000000e+00,-9.963907357333e-02,-9.963895127171e-02
1.061000000000e+00,-9.922468397645e-02,-9.922476552038e-02
1.062000000000e+00,-9.881039507861e-02,-9.881080762428e-02
1.063000000000e+00,-9.839709805417e-02,-9.839744811089e-02
1.064000000000e+00,-9.798451398422e-02,-9.798477574728e-02
1.065000000000e+00,-9.757226768249e-02,-9.757288573282e-02
1.066000000000e+00,-9.716127086066e-02,-9.716218672398e-02
1.067000000000e+00,-9.675238846726e-02,-9.675290854973e-02
1.068000000000e+00,-9.634455327625e-02,-9.634467057232e-02
1.069000000000e+00,-9.593662200958e-02,-9.593707539796e-02
1.070000000000e+00,-9.552985506328e-02,-9.553011405362e-02
1.071000000000e+00,-9.512356506255e-02,-9.512373494690e-02
1.072000000000e+00,-9.471733953947e-02,-9.471801068842e-02
1.073000000000e+00,-9.431280850668e-02,-9.431319307081e-02
1.074000000000e+00,-9.390905216081e-02,-9.390915615650e-02
1.075000000000e+00,-9.350508454308e-02,-9.350590260801e-02
1.076000000000e+00,-9.310285509307e-02,-9.310418692430e-02
1.077000000000e+00,-9.270351419558e-02,-9.270473914108e-02
1.078000000000e+00,-9.230680647906e-02,-9.230747284630e-02
1.079000000000e+00,-9.191121329916e-02,-9.191181331737e-02
1.080000000000e+00,-9.151678701219e-02,-9.151742392534e-02
1.081000000000e+00,-9.112377960921e-02,-9.112421344851e-02
1.082000000000e+00,-9.073123308434e-02,-9.073233846872e-02
1.083000000000e+00,-9.034121534196e-02,-9.034228746641e-02
1.084000000000e+00,-8.995346830800e-02,-8.995417472699e-02
1.085000000000e+00,-8.956691498310e-02,-8.956774616781e-02
1.086000000000e+00,-8.918206498215e-02,-8.918297595155e-02
1.087000000000e+00,-8.879903717014e-02,-8.879997631490e-02
1.088000000000e+00,-8.841805739605e-02,-8.841867088340e-02
1.089000000000e+00,-8.803806785343e-02,-8.803889298647e-02
1.090000000000e+00,-8.765972447593e-02,-8.766082828718e-02
1.091000000000e+00,-8.728359213816e-02,-8.728487790143e-02
1.092000000000e+00,-8.691039192728e-02,-8.691106681963e-02
1.093000000000e+00,-8.653819703306e-02,-8.653903550150e-02
1.094000000000e+00,-8.616757727970e-02,-8.616885264398e-02
1.095000000000e+00,-8.579975635530e-02,-8.580092020277e-02
1.096000000000e+00,-8.543414755808e-02,-8.543538961220e-02
1.097000000000e+00,-8.507114397109e-02,-8.507226261840e-02
1.098000000000e+00,-8.471011677701e-02,-8.471165828468e-02
1.099000000000e+00,-8.435241347325e-02,-8.435386640145e-02
1.100000000000e+00,-8.399757655338e-02,-8.399899237102e-02
1.101000000000e+00,-8.364551643676e-02,-8.364705364485e-02
1.102000000000e+00,-8.329646190422e-02,-8.329822663594e-02
1.103000000000e+00,-8.295123856724e-02,-8.295255311275e-02
1.104000000000e+00,-8.260848213549e-02,-8.260967294099e-02
1.105000000000e+00,-8.226808896195e-02,-8.226930004316e-02
1.106000000000e+00,-8.192988241310e-02,-8.193159458934e-02
1.107000000000e+00,-8.159550420494e-02,-8.159686697348e-02
1.108000000000e+00,-8.126355333427e-02,-8.126515268414e-02
1.109000000000e+00,-8.093496172460e-02,-8.093650470244e-02
1.110000000000e+00,-8.060935296837e-02,-8.061099962601e-02
1.111000000000e+00,-8.028724697493e-02,-8.028854726853e-02
1.112000000000e+00,-7.996759336603e-02,-7.996881201780e-02
1.113000000000e+00,-7.965055820248e-02,-7.965136887357e-02
1.114000000000e+00,-7.933483779869e-02,-7.933592173936e-02
1.115000000000e+00,-7.902137631992e-02,-7.902257261014e-02
1.116000000000e+00,-7.871037693882e-02,-7.871151850615e-02
1.117000000000e+00,-7.840156399908e-02,-7.840282996232e-02
1.118000000000e+00,-7.809543688458e-02,-7.809651820506e-02
1.119000000000e+00,-7.779131305673e-02,-7.779258137129e-02
1.120000000000e+00,-7.748964404444e-02,-7.749129333004e-02
1.121000000000e+00,-7.719144975446e-02,-7.719303903502e-02
1.122000000000e+00,-7.689656731306e-02,-7.689779330861e-02
1.123000000000e+00,-7.660387280600e-02,-7.660531894501e-02
1.124000000000e+00,-7.631417344848e-02,-7.631564037524e-02
1.125000000000e+00,-7.602747592402e-02,-7.602881851684e-02
1.126000000000e+00,-7.574328775150e-02,-7.574489224169e-02
1.127000000000e+00,-7.546240312613e-02,-7.546404158597e-02
1.128000000000e+00,-7.518496238180e-02,-7.518624633566e-02
1.129000000000e+00,-7.490991818343e-02,-7.491118606176e-02
1.130000000000e+00,-7.463756536878e-02,-7.463857785562e-02
1.131000000000e+00,-7.436685018180e-02,-7.436840172852e-02
1.132000000000e+00,-7.409969120009e-02,-7.410085678610e-02
1.133000000000e+00,-7.383453557504e-02,-7.383595154845e-02
1.134000000000e+00,-7.357240717221e-02,-7.357366621981e-02
1.135000000000e+00,-7.331284304454e-02,-7.331381285478e-02
1.136000000000e+00,-7.305510973925e-02,-7.305604511038e-02
1.137000000000e+00,-7.279923892011e-02,-7.280017607214e-02
1.138000000000e+00,-7.254529659408e-02,-7.254614578689e-02
1.139000000000e+00,-7.229290025247e-02,-7.229399868088e-02
1.140000000000e+00,-7.204278584396e-02,-7.204395844438e-02
1.141000000000e+00,-7.179504287543e-02,-7.179621109001e-02
1.142000000000e+00,-7.154960774707e-02,-7.155080351989e-02
1.143000000000e+00,-7.130668568854e-02,-7.130765176439e-02
1.144000000000e+00,-7.106556501018e-02,-7.106655035276e-02
1.145000000000e+00,-7.082657466231e-02,-7.082727476033e-02
1.146000000000e+00,-7.058878641560e-02,-7.058966351448e-02
1.147000000000e+00,-7.035267586581e-02,-7.035388269739e-02
1.148000000000e+00,-7.011931826342e-02,-7.012014192565e-02
1.149000000000e+00,-6.988723642471e-02,-6.988845348270e-02
1.150000000000e+00,-6.965775903711e-02,-6.965902183104e-02
1.151000000000e+00,-6.943091551061e-02,-6.943200273689e-02
1.152000000000e+00,-6.920591356889e-02,-6.920753090753e-02
1.153000000000e+00,-6.898445014691e-02,-6.898592334272e-02
1.154000000000e+00,-6.876599480013e-02,-6.876709226387e-02
1.155000000000e+00,-6.854975803079e-02,-6.855047250118e-02
1.156000000000e+00,-6.833468073399e-02,-6.833562032613e-02
1.157000000000e+00,-6.812166137859e-02,-6.812248238653e-02
1.158000000000e+00,-6.791019943864e-02,-6.791109020268e-02
1.159000000000e+00,-6.770042614338e-02,-6.770164458334e-02
1.160000000000e+00,-6.749304155294e-02,-6.749463376629e-02
1.161000000000e+00,-6.728922255753e-02,-6.729034585378e-02
1.162000000000e+00,-6.708735263185e-02,-6.708861893793e-02
1.163000000000e+00,-6.688808079722e-02,-6.688938926347e-02
1.164000000000e+00,-6.669149120105e-02,-6.669270467166e-02
1.165000000000e+00,-6.649718389788e-02,-6.649860076961e-02
1.166000000000e+00,-6.630585774314e-02,-6.630715633156e-02
1.167000000000e+00,-6.611712500297e-02,-6.611829405621e-02
1.168000000000e+00,-6.593066348564e-02,-6.593184033388e-02
1.169000000000e+00,-6.574666616521e-02,-6.574766128718e-02
1.170000000000e+00,-6.556441076901e-02,-6.556574055994e-02
1.171000000000e+00,-6.538506728548e-02,-6.538623519579e-02
1.172000000000e+00,-6.520783808353e-02,-6.520928530024e-02
1.173000000000e+00,-6.503364900792e-02,-6.503508002869e-02
1.174000000000e+00,-6.486230524819e-02,-6.486374328295e-02
1.175000000000e+00,-6.469376627500e-02,-6.469536504048e-02
1.176000000000e+00,-6.452852003020e-02,-6.453007722406e-02
1.177000000000e+00,-6.436634313363e-02,-6.436793523003e-02
1.178000000000e+00,-6.420739263293e-02,-6.420895489555e-02
1.179000000000e+00,-6.405146294829e-02,-6.405323074545e-02
1.180000000000e+00,-6.389910432639e-02,-6.390102526073e-02
1.181000000000e+00,-6.375055515156e-02,-6.375265375650e-02
1.182000000000e+00,-6.360638568183e-02,-6.360824972511e-02
1.183000000000e+00,-6.346584928326e-02,-6.346769654356e-02
1.184000000000e+00,-6.332888273429e-02,-6.333101383972e-02
1.185000000000e+00,-6.319629487058e-02,-6.319849369453e-02
1.186000000000e+00,-6.306796555852e-02,-6.307048675523e-02
1.187000000000e+00,-6.294489701991e-02,-6.294724422479e-02
1.188000000000e+00,-6.282652199429e-02,-6.282870517380e-02
1.189000000000e+00,-6.271226734064e-02,-6.271483411672e-02
1.190000000000e+00,-6.260334904317e-02,-6.260583913884e-02
1.191000000000e+00,-6.249953167683e-02,-6.250167803446e-02
1.192000000000e+00,-6.239970278400e-02,-6.240218501768e-02
1.193000000000e+00,-6.230496009667e-02,-6.230752144011e-02
1.194000000000e+00,-6.221549396817e-02,-6.221778782461e-02
1.195000000000e+00,-6.213039369565e-02,-6.213293093051e-02
1.196000000000e+00,-6.205033555794e-02,-6.205322165022e-02
1.197000000000e+00,-6.197616178417e-02,-6.197906628045e-02
1.198000000000e+00,-6.190805685182e-02,-6.191036272443e-02
1.199000000000e+00,-6.184438848107e-02,-6.184651702615e-02
1.200000000000e+00,-6.178474165788e-02,-6.178726034616e-02
1.201000000000e+00,-6.173033963105e-02,-6.173279625928e-02
1.202000000000e+00,-6.168088528672e-02,-6.168316170295e-02
1.203000000000e+00,-6.163591997432e-02,-6.163818999081e-02
1.204000000000e+00,-6.159538693229e-02,-6.159790321127e-02
1.205000000000e+00,-6.155999810313e-02,-6.156252053765e-02
1.206000000000e+00,-6.152963354332e-02,-6.153213954551e-02
1.207000000000e+00,-6.150446649061e-02,-6.150659894385e-02
1.208000000000e+00,-6.148320838097e-02,-6.148574410175e-02
1.209000000000e+00,-6.146720159465e-02,-6.146976845818e-02
1.210000000000e+00,-6.145642180943e-02,-6.145875928056e-02
1.211000000000e+00,-6.145027913905e-02,-6.145249127169e-02
1.212000000000e+00,-6.144842051844e-02,-6.145085022609e-02
1.213000000000e+00,-6.145146221551e-02,-6.145403921529e-02
1.214000000000e+00,-6.145969571909e-02,-6.146235517138e-02
1.215000000000e+00,-6.147309967895e-02,-6.147611888445e-02
1.216000000000e+00,-6.149284790639e-02,-6.149560099047e-02
1.217000000000e+00,-6.151776349125e-02,-6.152086178628e-02
1.218000000000e+00,-6.154942952907e-02,-6.155174035485e-02
1.219000000000e+00,-6.158518721001e-02,-6.158780806562e-02
1.220000000000e+00,-6.162641886324e-02,-6.162894094507e-02
1.221000000000e+00,-6.167259390852e-02,-6.167516565249e-02
1.222000000000e+00,-6.172408762517e-02,-6.172637538360e-02
1.223000000000e+00,-6.177987625152e-02,-6.178242918475e-02
1.224000000000e+00,-6.184113833952e-02,-6.184319674333e-02
1.225000000000e+00,-6.190626132222e-02,-6.190837661433e-02
1.226000000000e+00,-6.197554623902e-02,-6.197792569987e-02
1.227000000000e+00,-6.204968710266e-02,-6.205210028477e-02
1.228000000000e+00,-6.212871016350e-02,-6.213101136141e-02
1.229000000000e+00,-6.221227316197e-02,-6.221457006663e-02
1.230000000000e+00,-6.230055142382e-02,-6.230259861274e-02
1.231000000000e+00,-6.239278490381e-02,-6.239485857473e-02
1.232000000000e+00,-6.248929964306e-02,-6.249113512690e-02
1.233000000000e+00,-6.258938749633e-02,-6.259122610429e-02
1.234000000000e+00,-6.269301310065e-02,-6.269515712323e-02
1.235000000000e+00,-6.280117527436e-02,-6.280307352699e-02
1.236000000000e+00,-6.291307027003e-02,-6.291488749147e-02
1.237000000000e+00,-6.302831265994e-02,-6.303066366210e-02
1.238000000000e+00,-6.314865521365e-02,-6.315066343433e-02
1.239000000000e+00,-6.327293174079e-02,-6.327471765775e-02
1.240000000000e+00,-6.340070217881e-02,-6.340245961751e-02
1.241000000000e+00,-6.353205215497e-02,-6.353367012315e-02
1.242000000000e+00,-6.366653382507e-02,-6.366819431438e-02
1.243000000000e+00,-6.380456407123e-02,-6.380579729871e-02
1.244000000000e+00,-6.394483090317e-02,-6.394614312708e-02
1.245000000000e+00,-6.408771753956e-02,-6.408917149196e-02
1.246000000000e+00,-6.423353833503e-02,-6.423504742817e-02
1.247000000000e+00,-6.438247604779e-02,-6.438378930871e-02
1.248000000000e+00,-6.453405302670e-02,-6.453513731775e-02
1.249000000000e+00,-6.468770257940e-02,-6.468875508008e-02
1.250000000000e+00,-6.484360012846e-02,-6.484438316695e-02
1.251000000000e+00,-6.500072328967e-02,-6.500196054074e-02
1.252000000000e+00,-6.516060932076e-02,-6.516171658971e-02
1.253000000000e+00,-6.532257577286e-02,-6.532376917973e-02
1.254000000000e+00,-6.548708482873e-02,-6.548804131037e-02
1.255000000000e+00,-6.565341009627e-02,-6.565433439016e-02
1.256000000000e+00,-6.582155097045e-02,-6.582249767246e-02
1.257000000000e+00,-6.599177910072e-02,-6.599230011764e-02
1.258000000000e+00,-6.616298973761e-02,-6.616322587380e-02
1.259000000000e+00,-6.633450143521e-02,-6.633489071920e-02
1.260000000000e+00,-6.650677162561e-02,-6.650737498896e-02
1.261000000000e+00,-6.668038566788e-02,-6.668091823883e-02
1.262000000000e+00,-6.685488237193e-02,-6.685565078602e-02
1.263000000000e+00,-6.703132251785e-02,-6.703144817260e-02
1.264000000000e+00,-6.720774554290e-02,-6.720779647832e-02
1.265000000000e+00,-6.738421055223e-02,-6.738438547689e-02
1.266000000000e+00,-6.756108367216e-02,-6.756125797422e-02
1.267000000000e+00,-6.773830346675e-02,-6.773844526100e-02
1.268000000000e+00,-6.791588953301e-02,-6.791580137077e-02
1.269000000000e+00,-6.809328306812e-02,-6.809301494699e-02
1.270000000000e+00,-6.827002168540e-02,-6.826988237847e-02
1.271000000000e+00,-6.844641629173e-02,-6.844651724371e-02
1.272000000000e+00,-6.862332791292e-02,-6.862299182497e-02
1.273000000000e+00,-6.879926942070e-02,-6.879910241226e-02
1.274000000000e+00,-6.897503943912e-02,-6.897474807467e-02
1.275000000000e+00,-6.915010797269e-02,-6.914989309451e-02
1.276000000000e+00,-6.932494246884e-02,-6.932439428702e-02
1.277000000000e+00,-6.949852252528e-02,-6.949794841056e-02
1.278000000000e+00,-6.967107310426e-02,-6.967026940534e-02
1.279000000000e+00,-6.984182640029e-02,-6.984116935907e-02
1.280000000000e+00,-7.001149874155e-02,-7.001052645918e-02
1.281000000000e+00,-7.017898820784e-02,-7.017817700726e-02
1.282000000000e+00,-7.034504480895e-02,-7.034404514326e-02
1.283000000000e+00,-7.050888545660e-02,-7.050811804503e-02
1.284000000000e+00,-7.067143401669e-02,-7.067040767668e-02
1.285000000000e+00,-7.083174253710e-02,-7.083084049199e-02
1.286000000000e+00,-7.099029409770e-02,-7.098941336892e-02
1.287000000000e+00,-7.114722135990e-02,-7.114606844060e-02
1.288000000000e+00,-7.130162787633e-02,-7.130061513503e-02
1.289000000000e+00,-7.145430667728e-02,-7.145279815400e-02
1.290000000000e+00,-7.160382825094e-02,-7.160214912225e-02
1.291000000000e+00,-7.174975924753e-02,-7.174843610394e-02
1.292000000000e+00,-7.189333928399e-02,-7.189174640976e-02
1.293000000000e+00,-7.203359588588e-02,-7.203199324457e-02
1.294000000000e+00,-7.217064785042e-02,-7.216904602385e-02
1.295000000000e+00,-7.230458810207e-02,-7.230285469781e-02
1.296000000000e+00,-7.243469508389e-02,-7.243358491676e-02
1.297000000000e+00,-7.256303704036e-02,-7.256156925153e-02
1.298000000000e+00,-7.268829235331e-02,-7.268673536476e-02
1.299000000000e+00,-7.281037738063e-02,-7.280891300292e-02
1.300000000000e+00,-7.292948558937e-02,-7.292814745289e-02
1.301000000000e+00,-7.304631405252e-02,-7.304427467353e-02
1.302000000000e+00,-7.315855842480e-02,-7.315691814711e-02
1.303000000000e+00,-7.326764300746e-02,-7.326618312451e-02
1.304000000000e+00,-7.337401349275e-02,-7.337227194849e-02
1.305000000000e+00,-7.347662313049e-02,-7.347513877512e-02
1.306000000000e+00,-7.357660352455e-02,-7.357471354039e-02
1.307000000000e+00,-7.367241763988e-02,-7.367089467679e-02
1.308000000000e+00,-7.376551877920e-02,-7.376367404064e-02
1.309000000000e+00,-7.385482078729e-02,-7.385285960516e-02
1.310000000000e+00,-7.394012313001e-02,-7.393828440184e-02
1.311000000000e+00,-7.402164871034e-02,-7.402014451485e-02
1.312000000000e+00,-7.410036791345e-02,-7.409875710419e-02
1.313000000000e+00,-7.417575302494e-02,-7.417421590583e-02
1.314000000000e+00,-7.424823177610e-02,-7.424643785946e-02
1.315000000000e+00,-7.431691043446e-02,-7.431528408121e-02
1.316000000000e+00,-7.438253832015e-02,-7.438067146812e-02
1.317000000000e+00,-7.444430838926e-02,-7.444246832203e-02
1.318000000000e+00,-7.450233632204e-02,-7.450067043812e-02
1.319000000000e+00,-7.455717513848e-02,-7.455542553809e-02
1.320000000000e+00,-7.460821624116e-02,-7.460696955170e-02
1.321000000000e+00,-7.465717079072e-02,-7.465550858476e-02
1.322000000000e+00,-7.470279911387e-02,-7.470068062676e-02
1.323000000000e+00,-7.474396808596e-02,-7.474196852468e-02
1.324000000000e+00,-7.478099605378e-02,-7.477942861030e-02
1.325000000000e+00,-7.481525151107e-02,-7.481334345161e-02
1.326000000000e+00,-7.484539282782e-02,-7.484373456937e-02
1.327000000000e+00,-7.487238738525e-02,-7.487063022315e-02
1.328000000000e+00,-7.489589753087e-02,-7.489395479569e-02
1.329000000000e+00,-7.491541390517e-02,-7.491356056873e-02
1.330000000000e+00,-7.493114390906e-02,-7.492956639557e-02
1.331000000000e+00,-7.494386128320e-02,-7.494225418328e-02
1.332000000000e+00,-7.495327019408e-02,-7.495176727263e-02
1.333000000000e+00,-7.495991850781e-02,-7.495807371979e-02
1.334000000000e+00,-7.496235777528e-02,-7.496125005184e-02
1.335000000000e+00,-7.496308172532e-02,-7.496166481854e-02
1.336000000000e+00,-7.496079653754e-02,-7.495936286967e-02
1.337000000000e+00,-7.495568015604e-02,-7.495418134429e-02
1.338000000000e+00,-7.494757552939e-02,-7.494602648972e-02
1.339000000000e+00,-7.493618463660e-02,-7.493495054979e-02
1.340000000000e+00,-7.492268434752e-02,-7.492099000540e-02
1.341000000000e+00,-7.490558399219e-02,-7.490385040492e-02
1.342000000000e+00,-7.488503218630e-02,-7.488328536709e-02
1.343000000000e+00,-7.486093624759e-02,-7.485928532673e-02
1.344000000000e+00,-7.483358948295e-02,-7.483196393451e-02
1.345000000000e+00,-7.480283179323e-02,-7.480160281436e-02
1.346000000000e+00,-7.476963726192e-02,-7.476875010175e-02
1.347000000000e+00,-7.473483667487e-02,-7.473388040168e-02
1.348000000000e+00,-7.469809323096e-02,-7.469705457631e-02
1.349000000000e+00,-7.465944133274e-02,-7.465797661889e-02
1.350000000000e+00,-7.461761749300e-02,-7.461628688624e-02
1.351000000000e+00,-7.457309154256e-02,-7.457203966661e-02
1.352000000000e+00,-7.452652971601e-02,-7.452560560055e-02
1.353000000000e+00,-7.447810150627e-02,-7.447727685917e-02
1.354000000000e+00,-7.442823094271e-02,-7.442700737497e-02
1.355000000000e+00,-7.437590244955e-02,-7.437432476687e-02
1.356000000000e+00,-7.432013939012e-02,-7.431887725205e-02
1.357000000000e+00,-7.426190549764e-02,-7.426086707428e-02
1.358000000000e+00,-7.420173374013e-02,-7.420062785235e-02
1.359000000000e+00,-7.413909884449e-02,-7.413837829314e-02
1.360000000000e+00,-7.407551511307e-02,-7.407415607161e-02
1.361000000000e+00,-7.400876261183e-02,-7.400773053005e-02
1.362000000000e+00,-7.393998653366e-02,-7.393926683899e-02
1.363000000000e+00,-7.386988011114e-02,-7.386919053740e-02
1.364000000000e+00,-7.379842185291e-02,-7.379764471024e-02
1.365000000000e+00,-7.372549582983e-02,-7.372446299003e-02
1.366000000000e+00,-7.365030481102e-02,-7.364947905044e-02
1.367000000000e+00,-7.357346818714e-02,-7.357285775609e-02
1.368000000000e+00,-7.349552179339e-02,-7.349487054165e-02
1.369000000000e+00,-7.341621239879e-02,-7.341564674779e-02
1.370000000000e+00,-7.333574265019e-02,-7.333534693630e-02
1.371000000000e+00,-7.325447710823e-02,-7.325419780039e-02
1.372000000000e+00,-7.317293698095e-02,-7.317215582531e-02
1.373000000000e+00,-7.308953924995e-02,-7.308888287777e-02
1.374000000000e+00,-7.300491851354e-02,-7.300427804425e-02
1.375000000000e+00,-7.291887307159e-02,-7.291852714078e-02
1.376000000000e+00,-7.283233960047e-02,-7.283185426514e-02
1.377000000000e+00,-7.274472767788e-02,-7.274432902838e-02
1.378000000000e+00,-7.265625837330e-02,-7.265608091988e-02
1.379000000000e+00,-7.256758494915e-02,-7.256729336795e-02
1.380000000000e+00,-7.247826054481e-02,-7.247797606289e-02
1.381000000000e+00,-7.238839140793e-02,-7.238809040673e-02
1.382000000000e+00,-7.229784316521e-02,-7.229767919761e-02
1.383000000000e+00,-7.220707157052e-02,-7.220675920092e-02
1.384000000000e+00,-7.211587727879e-02,-7.211501292200e-02
1.385000000000e+00,-7.202248884158e-02,-7.202205563491e-02
1.386000000000e+00,-7.192864436289e-02,-7.192788352497e-02
1.387000000000e+00,-7.183278749525e-02,-7.183271285765e-02
1.388000000000e+00,-7.173710357109e-02,-7.173704341022e-02
1.389000000000e+00,-7.164132843265e-02,-7.164114794910e-02
1.390000000000e+00,-7.154512453414e-02,-7.154495922663e-02
1.391000000000e+00,-7.144866849302e-02,-7.144837064603e-02
1.392000000000e+00,-7.135151568664e-02,-7.135132202348e-02
1.393000000000e+00,-7.125393917101e-02,-7.125395156540e-02
1.394000000000e+00,-7.115644823604e-02,-7.115659271152e-02
1.395000000000e+00,-7.105897515246e-02,-7.105970522862e-02
1.396000000000e+00,-7.096370997432e-02,-7.096333136489e-02
1.397000000000e+00,-7.086744841164e-02,-7.086650131191e-02
1.398000000000e+00,-7.076872765186e-02,-7.076862857494e-02
1.399000000000e+00,-7.066988837732e-02,-7.067047960294e-02
1.400000000000e+00,-7.057267303999e-02,-7.057292450565e-02
1.401000000000e+00,-7.047570096748e-02,-7.047612045786e-02
1.402000000000e+00,-7.037959740193e-02,-7.038007897698e-02
1.403000000000e+00,-7.028483775580e-02,-7.028451894538e-02
1.404000000000e+00,-7.018915945210e-02,-7.018869296006e-02
1.405000000000e+00,-7.009230670407e-02,-7.009236264785e-02
1.406000000000e+00,-6.999552089076e-02,-6.999614999270e-02
1.407000000000e+00,-6.990048352801e-02,-6.990059168287e-02
1.408000000000e+00,-6.980530196390e-02,-6.980561105685e-02
1.409000000000e+00,-6.971086383324e-02,-6.971115675915e-02
1.410000000000e+00,-6.961701329304e-02,-6.961725309589e-02
1.411000000000e+00,-6.952366222617e-02,-6.952385075089e-02
1.412000000000e+00,-6.943048302235e-02,-6.943105916624e-02
1.413000000000e+00,-6.933867734739e-02,-6.933913642259e-02
1.414000000000e+00,-6.924786154720e-02,-6.924804466286e-02
1.415000000000e+00,-6.915713162937e-02,-6.915768329825e-02
1.416000000000e+00,-6.906758546159e-02,-6.906835721805e-02
1.417000000000e+00,-6.897967867305e-02,-6.898042542333e-02
1.418000000000e+00,-6.889323040445e-02,-6.889398624199e-02
1.419000000000e+00,-6.880838855004e-02,-6.880891338177e-02
1.420000000000e+00,-6.872466549832e-02,-6.872482019127e-02
1.421000000000e+00,-6.864104526066e-02,-6.864132399771e-02
1.422000000000e+00,-6.855795466253e-02,-6.855845656553e-02
1.423000000000e+00,-6.847595651512e-02,-6.847647761255e-02
1.424000000000e+00,-6.839498788936e-02,-6.839555237118e-02
1.425000000000e+00,-6.831508911887e-02,-6.831585132296e-02
1.426000000000e+00,-6.823667503218e-02,-6.823764795124e-02
1.427000000000e+00,-6.816060428813e-02,-6.816095081199e-02
1.428000000000e+00,-6.808474298199e-02,-6.808550267421e-02
1.429000000000e+00,-6.801055424240e-02,-6.801143093144e-02
1.430000000000e+00,-6.793828795484e-02,-6.793883305963e-02
1.431000000000e+00,-6.786711827640e-02,-6.786735420295e-02
1.432000000000e+00,-6.779608209241e-02,-6.779669662854e-02
1.433000000000e+00,-6.772681998812e-02,-6.772670484762e-02
1.434000000000e+00,-6.765679566918e-02,-6.765706230223e-02
1.435000000000e+00,-6.758750094053e-02,-6.758778942448e-02
1.436000000000e+00,-6.751883556664e-02,-6.751897192769e-02
1.437000000000e+00,-6.745044415922e-02,-6.745045111562e-02
1.438000000000e+00,-6.738190973624e-02,-6.738217083878e-02
1.439000000000e+00,-6.731389662947e-02,-6.731442802590e-02
1.440000000000e+00,-6.724704594859e-02,-6.724757077058e-02
1.441000000000e+00,-6.718137909954e-02,-6.718157829047e-02
1.442000000000e+00,-6.711598402639e-02,-6.711620256883e-02
1.443000000000e+00,-6.705074274970e-02,-6.705159094318e-02
1.444000000000e+00,-6.698764050713e-02,-6.698811360048e-02
1.445000000000e+00,-6.692546863464e-02,-6.692550769993e-02
1.446000000000e+00,-6.686332160129e-02,-6.686312685322e-02
1.447000000000e+00,-6.680052451174e-02,-6.680075889559e-02
1.448000000000e+00,-6.673814693773e-02,-6.673890436024e-02
1.449000000000e+00,-6.667765994682e-02,-6.667811257783e-02
1.450000000000e+00,-6.661777611868e-02,-6.661851624821e-02
1.451000000000e+00,-6.655956262097e-02,-6.656021091393e-02
1.452000000000e+00,-6.650260792217e-02,-6.650321539736e-02
1.453000000000e+00,-6.644684152622e-02,-6.644744049050e-02
1.454000000000e+00,-6.639244031459e-02,-6.639270264982e-02
1.455000000000e+00,-6.633827291672e-02,-6.633880179945e-02
1.456000000000e+00,-6.628542078680e-02,-6.628570663151e-02
1.457000000000e+00,-6.623296398968e-02,-6.623336999077e-02
1.458000000000e+00,-6.618133643159e-02,-6.618187050169e-02
1.459000000000e+00,-6.613074908527e-02,-6.613143670969e-02
1.460000000000e+00,-6.608169379741e-02,-6.608218569737e-02
1.461000000000e+00,-6.603351294590e-02,-6.603401033029e-02
1.462000000000e+00,-6.598642820212e-02,-6.598673198869e-02
1.463000000000e+00,-6.593986935866e-02,-6.594015772856e-02
1.464000000000e+00,-6.589386597956e-02,-6.589415750112e-02
1.465000000000e+00,-6.584866599141e-02,-6.584853174495e-02
1.466000000000e+00,-6.580279119731e-02,-6.580309882443e-02
1.467000000000e+00,-6.575779408303e-02,-6.575796715875e-02
1.468000000000e+00,-6.571329427665e-02,-6.571294573884e-02
1.469000000000e+00,-6.566790723264e-02,-6.566743977471e-02
1.470000000000e+00,-6.562168547741e-02,-6.562104231659e-02
1.471000000000e+00,-6.557362440146e-02,-6.557397117522e-02
1.472000000000e+00,-6.552689374602e-02,-6.552688254943e-02
1.473000000000e+00,-6.547988182469e-02,-6.547999051222e-02
1.474000000000e+00,-6.543304807244e-02,-6.543331984201e-02
1.475000000000e+00,-6.538720050330e-02,-6.538661748890e-02
1.476000000000e+00,-6.533998400977e-02,-6.533896715545e-02
1.477000000000e+00,-6.529059297125e-02,-6.528961281688e-02
1.478000000000e+00,-6.523893972151e-02,-6.523866409533e-02
1.479000000000e+00,-6.518715415003e-02,-6.518661711416e-02
1.480000000000e+00,-6.513437810125e-02,-6.513334357129e-02
1.481000000000e+00,-6.507923548440e-02,-6.507836956359e-02
1.482000000000e+00,-6.502250788079e-02,-6.502157533833e-02
1.483000000000e+00,-6.496373422557e-02,-6.496312704330e-02
1.484000000000e+00,-6.490380677255e-02,-6.490342809671e-02
1.485000000000e+00,-6.484308678637e-02,-6.484291087071e-02
1.486000000000e+00,-6.478239627773e-02,-6.478158822550e-02
1.487000000000e+00,-6.471974036715e-02,-6.471904190206e-02
1.488000000000e+00,-6.465573911316e-02,-6.465509659952e-02
1.489000000000e+00,-6.459051504758e-02,-6.458978292996e-02
1.490000000000e+00,-6.452374557888e-02,-6.452300900509e-02
1.491000000000e+00,-6.445589306090e-02,-6.445439396157e-02
1.492000000000e+00,-6.438435506749e-02,-6.438357909395e-02
1.493000000000e+00,-6.431163688324e-02,-6.431087410107e-02
1.494000000000e+00,-6.423729074806e-02,-6.423662574963e-02
1.495000000000e+00,-6.416190673425e-02,-6.416072374049e-02
1.496000000000e+00,-6.408386122117e-02,-6.408279651884e-02
1.497000000000e+00,-6.400373082474e-02,-6.400274387132e-02
1.498000000000e+00,-6.392164490860e-02,-6.392064812680e-02
1.499000000000e+00,-6.383770409837e-02,-6.383644533014e-02
1.500000000000e+00,-6.375088200855e-02,-6.375014463449e-02
1.501000000000e+00,-6.366284779367e-02,-6.366203166904e-02
1.502000000000e+00,-6.357338570633e-02,-6.357202286822e-02
1.503000000000e+00,-6.348082042670e-02,-6.347976968131e-02
1.504000000000e+00,-6.338617734975e-02,-6.338537860299e-02
1.505000000000e+00,-6.329032472621e-02,-6.328891266313e-02
1.506000000000e+00,-6.319131614616e-02,-6.319003718126e-02
1.507000000000e+00,-6.308959826064e-02,-6.308880311239e-02
1.508000000000e+00,-6.298670620129e-02,-6.298556970907e-02
1.509000000000e+00,-6.288094176381e-02,-6.288066082008e-02
1.510000000000e+00,-6.277523793887e-02,-6.277445996018e-02
1.511000000000e+00,-6.266791655936e-02,-6.266673100533e-02
1.512000000000e+00,-6.255783863759e-02,-6.255708215570e-02
1.513000000000e+00,-6.244670091589e-02,-6.244540907389e-02
1.514000000000e+00,-6.233282777411e-02,-6.233137676102e-02
1.515000000000e+00,-6.221557720906e-02,-6.221502979156e-02
1.516000000000e+00,-6.209776149912e-02,-6.209698515652e-02
1.517000000000e+00,-6.197823511744e-02,-6.197743349413e-02
1.518000000000e+00,-6.185730384777e-02,-6.185614698570e-02
1.519000000000e+00,-6.173358620745e-02,-6.173305835383e-02
1.520000000000e+00,-6.160929690667e-02,-6.160844331184e-02
1.521000000000e+00,-6.148287220807e-02,-6.148252708274e-02
1.522000000000e+00,-6.135612047173e-02,-6.135559664053e-02
1.523000000000e+00,-6.122794078691e-02,-6.122793972673e-02
1.524000000000e+00,-6.110029683297e-02,-6.109968025403e-02
1.525000000000e+00,-6.097109847384e-02,-6.097049668463e-02
1.526000000000e+00,-6.084078028401e-02,-6.084015213435e-02
1.527000000000e+00,-6.070887298108e-02,-6.070891993797e-02
1.528000000000e+00,-6.057741612584e-02,-6.057731467748e-02
1.529000000000e+00,-6.044589922754e-02,-6.044526058083e-02
1.530000000000e+00,-6.031291315594e-02,-6.031221815767e-02
1.531000000000e+00,-6.017832545567e-02,-6.017803057030e-02
1.532000000000e+00,-6.004358879593e-02,-6.004279843649e-02
1.533000000000e+00,-5.990678247953e-02,-5.990654093142e-02
1.534000000000e+00,-5.976964017653e-02,-5.976967680196e-02
1.535000000000e+00,-5.963270190481e-02,-5.963265785885e-02
1.536000000000e+00,-5.949569173917e-02,-5.949550713149e-02
1.537000000000e+00,-5.935825969322e-02,-5.935811034084e-02
1.538000000000e+00,-5.922031946032e-02,-5.922064657526e-02
1.539000000000e+00,-5.908336909584e-02,-5.908346753731e-02
1.540000000000e+00,-5.894637302949e-02,-5.894669722778e-02
1.541000000000e+00,-5.881023401805e-02,-5.881037075206e-02
1.542000000000e+00,-5.867422607151e-02,-5.867446552829e-02
1.543000000000e+00,-5.853871314688e-02,-5.853899802252e-02
1.544000000000e+00,-5.840398398596e-02,-5.840386777933e-02
1.545000000000e+00,-5.826870314573e-02,-5.826882930487e-02
1.546000000000e+00,-5.813400299825e-02,-5.813375868954e-02
1.547000000000e+00,-5.799839712500e-02,-5.799870840198e-02
1.548000000000e+00,-5.786344772473e-02,-5.786422323174e-02
1.549000000000e+00,-5.773049708215e-02,-5.773071760109e-02
1.550000000000e+00,-5.759766848148e-02,-5.759798399637e-02
1.551000000000e+00,-5.746552979154e-02,-5.746592114024e-02
1.552000000000e+00,-5.733399066221e-02,-5.733479781321e-02
1.553000000000e+00,-5.720443236030e-02,-5.720480912918e-02
1.554000000000e+00,-5.707562161655e-02,-5.707557602856e-02
1.555000000000e+00,-5.694638082849e-02,-5.694670883897e-02
1.556000000000e+00,-5.681792522547e-02,-5.681841676964e-02
1.557000000000e+00,-5.669038036130e-02,-5.669112265944e-02
1.558000000000e+00,-5.656455822854e-02,-5.656507770174e-02
1.559000000000e+00,-5.643941598014e-02,-5.644046266627e-02
1.560000000000e+00,-5.631663194934e-02,-5.631768050853e-02
1.561000000000e+00,-5.619581330232e-02,-5.619702497720e-02
1.562000000000e+00,-5.607779177860e-02,-5.607836669037e-02
1.563000000000e+00,-5.596059095208e-02,-5.596117194152e-02
1.564000000000e+00,-5.584482656797e-02,-5.584496489305e-02
1.565000000000e+00,-5.572878644791e-02,-5.572962243056e-02
1.566000000000e+00,-5.561497854336e-02,-5.561536263622e-02
1.567000000000e+00,-5.550164159299e-02,-5.550221866262e-02
1.568000000000e+00,-5.538922528257e-02,-5.539054655129e-02
1.569000000000e+00,-5.527980691504e-02,-5.528104185208e-02
1.570000000000e+00,-5.517295567595e-02,-5.517382754875e-02
1.571000000000e+00,-5.506765506474e-02,-5.506865915077e-02
1.572000000000e+00,-5.496415191132e-02,-5.496571326389e-02
1.573000000000e+00,-5.486432871583e-02,-5.486527120048e-02
1.574000000000e+00,-5.476588281706e-02,-5.476725937240e-02
1.575000000000e+00,-5.467037116198e-02,-5.467188241744e-02
1.576000000000e+00,-5.457782480298e-02,-5.457956987630e-02
1.577000000000e+00,-5.448875232826e-02,-5.449070285457e-02
1.578000000000e+00,-5.440390844587e-02,-5.440538501532e-02
1.579000000000e+00,-5.432156139489e-02,-5.432353378633e-02
1.580000000000e+00,-5.424340493784e-02,-5.424541770071e-02
1.581000000000e+00,-5.416914825183e-02,-5.417134147956e-02
1.582000000000e+00,-5.409970491536e-02,-5.410118053945e-02
1.583000000000e+00,-5.403276076575e-02,-5.403446289303e-02
1.584000000000e+00,-5.396943938914e-02,-5.397105377967e-02
1.585000000000e+00,-5.390893749403e-02,-5.391133582852e-02
1.586000000000e+00,-5.385353166468e-02,-5.385607320360e-02
1.587000000000e+00,-5.380326133108e-02,-5.380575620878e-02
1.588000000000e+00,-5.375793132656e-02,-5.376048307718e-02
1.589000000000e+00,-5.371771584393e-02,-5.372033539441e-02
1.590000000000e+00,-5.368264204391e-02,-5.368552546348e-02
1.591000000000e+00,-5.365349761917e-02,-5.365630805867e-02
1.592000000000e+00,-5.362983381891e-02,-5.363281920561e-02
1.593000000000e+00,-5.361235803776e-02,-5.361508061511e-02
1.594000000000e+00,-5.360009850917e-02,-5.360300790267e-02
1.595000000000e+00,-5.359388239752e-02,-5.359655250218e-02
1.596000000000e+00,-5.359275293530e-02,-5.359569518277e-02
1.597000000000e+00,-5.359770858945e-02,-5.360046303409e-02
1.598000000000e+00,-5.360831458464e-02,-5.361057516087e-02
1.599000000000e+00,-5.362308468815e-02,-5.362558260127e-02
1.600000000000e+00,-5.364326803950e-02,-5.364519287698e-02
1.601000000000e+00,-5.366685699041e-02,-5.366923157982e-02
1.602000000000e+00,-5.369502605165e-02,-5.369823913085e-02
1.603000000000e+00,-5.373016086063e-02,-5.373299820503e-02
1.604000000000e+00,-5.377073755367e-02,-5.377356397976e-02
1.605000000000e+00,-5.381722505184e-02,-5.381952389335e-02
1.606000000000e+00,-5.386808792701e-02,-5.387033366247e-02
1.607000000000e+00,-5.392347004099e-02,-5.392569044618e-02
1.608000000000e+00,-5.398315027584e-02,-5.398570655861e-02
1.609000000000e+00,-5.404787166831e-02,-5.405087795365e-02
1.610000000000e+00,-5.411898098822e-02,-5.412153208922e-02
1.611000000000e+00,-5.419521488624e-02,-5.419716904420e-02
1.612000000000e+00,-5.427533426786e-02,-5.427686598733e-02
1.613000000000e+00,-5.435802821292e-02,-5.436027571630e-02
1.614000000000e+00,-5.444546310227e-02,-5.444788079834e-02
1.615000000000e+00,-5.453801085266e-02,-5.453987858488e-02
1.616000000000e+00,-5.463422489775e-02,-5.463568358346e-02
1.617000000000e+00,-5.473318034766e-02,-5.473467024199e-02
1.618000000000e+00,-5.483514123615e-02,-5.483661693638e-02
1.619000000000e+00,-5.494016310001e-02,-5.494131765357e-02
1.620000000000e+00,-5.504763412689e-02,-5.504818967801e-02
1.621000000000e+00,-5.515585759215e-02,-5.515664172790e-02
1.622000000000e+00,-5.526569728363e-02,-5.526663938343e-02
1.623000000000e+00,-5.537760407350e-02,-5.537828368322e-02
1.624000000000e+00,-5.549072320495e-02,-5.549140392342e-02
1.625000000000e+00,-5.560538881634e-02,-5.560568026084e-02
1.626000000000e+00,-5.572053843790e-02,-5.572063317979e-02
1.627000000000e+00,-5.583588202659e-02,-5.583575713502e-02
1.628000000000e+00,-5.595111827364e-02,-5.595046230489e-02
1.629000000000e+00,-5.606489836476e-02,-5.606402914097e-02
1.630000000000e+00,-5.617693170465e-02,-5.617590270471e-02
1.631000000000e+00,-5.628692089384e-02,-5.628571239860e-02
1.632000000000e+00,-5.639445701536e-02,-5.639318932140e-02
1.633000000000e+00,-5.649930889453e-02,-5.649826280228e-02
1.634000000000e+00,-5.660242774274e-02,-5.660081444324e-02
1.635000000000e+00,-5.670212483461e-02,-5.670036472806e-02
1.636000000000e+00,-5.679816282277e-02,-5.679662119057e-02
1.637000000000e+00,-5.689120252648e-02,-5.688969699270e-02
1.638000000000e+00,-5.698127557157e-02,-5.697966854037e-02
1.639000000000e+00,-5.706815721763e-02,-5.706636451154e-02
1.640000000000e+00,-5.715152423767e-02,-5.714945323253e-02
1.641000000000e+00,-5.723039859487e-02,-5.722876402888e-02
1.642000000000e+00,-5.730648274858e-02,-5.730423558042e-02
1.643000000000e+00,-5.737795042307e-02,-5.737532416448e-02
1.644000000000e+00,-5.744394276685e-02,-5.744148723803e-02
1.645000000000e+00,-5.750510601568e-02,-5.750263620186e-02
1.646000000000e+00,-5.756149876530e-02,-5.755862429034e-02
1.647000000000e+00,-5.761197262371e-02,-5.760907043363e-02
1.648000000000e+00,-5.765661786171e-02,-5.765379717084e-02
1.649000000000e+00,-5.769558178211e-02,-5.769287102604e-02
1.650000000000e+00,-5.772942571086e-02,-5.772618913515e-02
1.651000000000e+00,-5.775643979819e-02,-5.775346574885e-02
1.652000000000e+00,-5.777751788256e-02,-5.777479762344e-02
1.653000000000e+00,-5.779342891855e-02,-5.779037072038e-02
1.654000000000e+00,-5.780290977302e-02,-5.780013067101e-02
1.655000000000e+00,-5.780713906662e-02,-5.780402800271e-02
1.656000000000e+00,-5.780490635485e-02,-5.780193249466e-02
1.657000000000e+00,-5.779688106229e-02,-5.779375796455e-02
1.658000000000e+00,-5.778248236345e-02,-5.777951338932e-02
1.659000000000e+00,-5.776201970093e-02,-5.775948393845e-02
1.660000000000e+00,-5.773670658144e-02,-5.773403482911e-02
1.661000000000e+00,-5.770629000325e-02,-5.770292499220e-02
1.662000000000e+00,-5.766880525228e-02,-5.766552734145e-02
1.663000000000e+00,-5.762469747253e-02,-5.762175467169e-02
1.664000000000e+00,-5.757470232038e-02,-5.757203779185e-02
1.665000000000e+00,-5.751970342041e-02,-5.751665386820e-02
1.666000000000e+00,-5.745808189636e-02,-5.745574141209e-02
1.667000000000e+00,-5.739216533365e-02,-5.738970447176e-02
1.668000000000e+00,-5.732139317131e-02,-5.731856895732e-02
1.669000000000e+00,-5.724491920862e-02,-5.724192656752e-02
1.670000000000e+00,-5.716212397080e-02,-5.715973117395e-02
1.671000000000e+00,-5.707479908900e-02,-5.707244978690e-02
1.672000000000e+00,-5.698283806822e-02,-5.698030931807e-02
1.673000000000e+00,-5.688584601864e-02,-5.688312712658e-02
1.674000000000e+00,-5.678312175024e-02,-5.678083302570e-02
1.675000000000e+00,-5.667618198403e-02,-5.667358214553e-02
1.676000000000e+00,-5.656378049407e-02,-5.656143163375e-02
1.677000000000e+00,-5.644662459959e-02,-5.644467938304e-02
1.678000000000e+00,-5.632576152203e-02,-5.632372103669e-02
1.679000000000e+00,-5.620108566501e-02,-5.619837686610e-02
1.680000000000e+00,-5.607048136918e-02,-5.606824271304e-02
1.681000000000e+00,-5.593554928060e-02,-5.593351018366e-02
1.682000000000e+00,-5.579667398356e-02,-5.579447473869e-02
1.683000000000e+00,-5.565337649950e-02,-5.565105542959e-02
1.684000000000e+00,-5.550536483126e-02,-5.550308823490e-02
1.685000000000e+00,-5.535286122400e-02,-5.535054297446e-02
1.686000000000e+00,-5.519554282006e-02,-5.519356447668e-02
1.687000000000e+00,-5.503441642986e-02,-5.503246156079e-02
1.688000000000e+00,-5.486937467474e-02,-5.486744929210e-02
1.689000000000e+00,-5.470036435987e-02,-5.469874036096e-02
1.690000000000e+00,-5.452816132050e-02,-5.452669214680e-02
1.691000000000e+00,-5.435318586386e-02,-5.435151026852e-02
1.692000000000e+00,-5.417461762780e-02,-5.417317746452e-02
1.693000000000e+00,-5.399357604552e-02,-5.399149942979e-02
1.694000000000e+00,-5.380814887658e-02,-5.380598443844e-02
1.695000000000e+00,-5.361805822748e-02,-5.361658138480e-02
1.696000000000e+00,-5.342540249548e-02,-5.342377086638e-02
1.697000000000e+00,-5.322940504649e-02,-5.322771109228e-02
1.698000000000e+00,-5.303002226869e-02,-5.302830405277e-02
1.699000000000e+00,-5.282709089875e-02,-5.282558021686e-02
1.700000000000e+00,-5.262129866097e-02,-5.261962372132e-02
1.701000000000e+00,-5.241218546549e-02,-5.241025392506e-02
1.702000000000e+00,-5.219913829923e-02,-5.219716418886e-02
1.703000000000e+00,-5.198194288211e-02,-5.198035914631e-02
1.704000000000e+00,-5.176186945610e-02,-5.176005276663e-02
1.705000000000e+00,-5.153803976345e-02,-5.153624712024e-02
1.706000000000e+00,-5.131049497464e-02,-5.130898764285e-02
1.707000000000e+00,-5.108027373243e-02,-5.107834754019e-02
1.708000000000e+00,-5.084584992062e-02,-5.084422001703e-02
1.709000000000e+00,-5.060838071894e-02,-5.060666090587e-02
1.710000000000e+00,-5.036727288629e-02,-5.036585574172e-02
1.711000000000e+00,-5.012349364090e-02,-5.012206640352e-02
1.712000000000e+00,-4.987670798097e-02,-4.987551326206e-02
1.713000000000e+00,-4.962787402950e-02,-4.962617082825e-02
1.714000000000e+00,-4.937542242343e-02,-4.937368857837e-02
1.715000000000e+00,-4.911930826514e-02,-4.911800733248e-02
1.716000000000e+00,-4.886084775988e-02,-4.885943908151e-02
1.717000000000e+00,-4.859944201716e-02,-4.859815288830e-02
1.718000000000e+00,-4.833553720377e-02,-4.833422912830e-02
1.719000000000e+00,-4.806891761935e-02,-4.806778135942e-02
1.720000000000e+00,-4.780014314995e-02,-4.779891967633e-02
1.721000000000e+00,-4.752890155041e-02,-4.752759542886e-02
1.722000000000e+00,-4.725510606530e-02,-4.725361025696e-02
1.723000000000e+00,-4.697819332298e-02,-4.697678006507e-02
1.724000000000e+00,-4.669853196101e-02,-4.669705608554e-02
1.725000000000e+00,-4.641586741398e-02,-4.641444130597e-02
1.726000000000e+00,-4.613032757446e-02,-4.612902180166e-02
1.727000000000e+00,-4.584216600019e-02,-4.584098545031e-02
1.728000000000e+00,-4.555174377182e-02,-4.555045665199e-02
1.729000000000e+00,-4.525870168566e-02,-4.525739839733e-02
1.730000000000e+00,-4.496303401774e-02,-4.496178424283e-02
1.731000000000e+00,-4.466481581703e-02,-4.466372648038e-02
1.732000000000e+00,-4.436451667081e-02,-4.436343001604e-02
1.733000000000e+00,-4.406176825463e-02,-4.406122152110e-02
1.734000000000e+00,-4.375836523755e-02,-4.375741853710e-02
1.735000000000e+00,-4.345282846987e-02,-4.345198661480e-02
1.736000000000e+00,-4.314548255264e-02,-4.314500389766e-02
1.737000000000e+00,-4.283760050482e-02,-4.283657401374e-02
1.738000000000e+00,-4.252733831768e-02,-4.252646161713e-02
1.739000000000e+00,-4.221529941949e-02,-4.221469896938e-02
1.740000000000e+00,-4.190210291787e-02,-4.190164186992e-02
1.741000000000e+00,-4.158813498801e-02,-4.158743893630e-02
1.742000000000e+00,-4.127275686810e-02,-4.127188245563e-02
1.743000000000e+00,-4.095542599758e-02,-4.095484615585e-02
1.744000000000e+00,-4.063705070474e-02,-4.063654277118e-02
1.745000000000e+00,-4.031764100300e-02,-4.031725217894e-02
1.746000000000e+00,-3.999733045997e-02,-3.999731043325e-02
1.747000000000e+00,-3.967719779820e-02,-3.967708465004e-02
1.748000000000e+00,-3.935668032343e-02,-3.935675154916e-02
1.749000000000e+00,-3.903651408436e-02,-3.903631226767e-02
1.750000000000e+00,-3.871589181348e-02,-3.871552210502e-02
1.751000000000e+00,-3.839441748270e-02,-3.839417930630e-02
1.752000000000e+00,-3.807241438945e-02,-3.807240077398e-02
1.753000000000e+00,-3.775063940585e-02,-3.775028873940e-02
1.754000000000e+00,-3.742797640197e-02,-3.742769216106e-02
1.755000000000e+00,-3.710469660337e-02,-3.710464074105e-02
1.756000000000e+00,-3.678131362460e-02,-3.678144938894e-02
1.757000000000e+00,-3.645832156984e-02,-3.645838639559e-02
1.758000000000e+00,-3.613533572352e-02,-3.613558414052e-02
1.759000000000e+00,-3.581290548895e-02,-3.581319762739e-02
1.760000000000e+00,-3.549116761916e-02,-3.549126022118e-02
1.761000000000e+00,-3.516947819113e-02,-3.516967586232e-02
1.762000000000e+00,-3.484819081831e-02,-3.484850851322e-02
1.763000000000e+00,-3.452754315137e-02,-3.452790182982e-02
1.764000000000e+00,-3.420788470591e-02,-3.420772270353e-02
1.765000000000e+00,-3.388750127005e-02,-3.388773131770e-02
1.766000000000e+00,-3.356756221771e-02,-3.356824421198e-02
1.767000000000e+00,-3.324930696765e-02,-3.324972749748e-02
1.768000000000e+00,-3.293165078101e-02,-3.293228726397e-02
1.769000000000e+00,-3.261539215086e-02,-3.261603096417e-02
1.770000000000e+00,-3.230029281967e-02,-3.230117582047e-02
1.771000000000e+00,-3.198702248349e-02,-3.198798471286e-02
1.772000000000e+00,-3.167582868431e-02,-3.167647087099e-02
1.773000000000e+00,-3.136597208066e-02,-3.136620309269e-02
1.774000000000e+00,-3.105627401674e-02,-3.105678737401e-02
1.775000000000e+00,-3.074773632618e-02,-3.074827627973e-02
1.776000000000e+00,-3.044031192221e-02,-3.044078703555e-02
1.777000000000e+00,-3.013374847270e-02,-3.013434251966e-02
1.778000000000e+00,-2.982847068155e-02,-2.982898330649e-02
1.779000000000e+00,-2.952415844810e-02,-2.952470247000e-02
1.780000000000e+00,-2.922097295835e-02,-2.922150153504e-02
1.781000000000e+00,-2.891870945022e-02,-2.891947508519e-02
1.782000000000e+00,-2.861825596423e-02,-2.861871773970e-02
1.783000000000e+00,-2.831830762799e-02,-2.831932417479e-02
1.784000000000e+00,-2.802075946045e-02,-2.802158021123e-02
1.785000000000e+00,-2.772468807851e-02,-2.772556913561e-02
1.786000000000e+00,-2.743059407394e-02,-2.743109947503e-02
1.787000000000e+00,-2.713732217503e-02,-2.713790544980e-02
1.788000000000e+00,-2.684503401357e-02,-2.684611724217e-02
1.789000000000e+00,-2.655519554657e-02,-2.655614917349e-02
1.790000000000e+00,-2.626721473872e-02,-2.626812294090e-02
1.791000000000e+00,-2.598090499765e-02,-2.598205358874e-02
1.792000000000e+00,-2.569720863355e-02,-2.569792185289e-02
1.793000000000e+00,-2.541470845400e-02,-2.541545551095e-02
1.794000000000e+00,-2.513375402314e-02,-2.513446807276e-02
1.795000000000e+00,-2.485422458197e-02,-2.485492180621e-02
1.796000000000e+00,-2.457601123934e-02,-2.457685456379e-02
1.797000000000e+00,-2.429959998586e-02,-2.430034597867e-02
1.798000000000e+00,-2.402460926330e-02,-2.402539529270e-02
1.799000000000e+00,-2.375122099652e-02,-2.375198017565e-02
1.800000000000e+00,-2.347939118000e-02,-2.348002442038e-02
1.801000000000e+00,-2.320880732036e-02,-2.320937559686e-02
1.802000000000e+00,-2.293927483043e-02,-2.293996137018e-02
1.803000000000e+00,-2.267124289795e-02,-2.267182691558e-02
1.804000000000e+00,-2.240410753986e-02,-2.240514135404e-02
1.805000000000e+00,-2.213934850301e-02,-2.214016900277e-02
1.806000000000e+00,-2.187614877097e-02,-2.187691576063e-02
1.807000000000e+00,-2.161433010458e-02,-2.161537628577e-02
1.808000000000e+00,-2.135484423087e-02,-2.135567927686e-02
1.809000000000e+00,-2.109679907691e-02,-2.109784817189e-02
1.810000000000e+00,-2.084115335911e-02,-2.084184404058e-02
1.811000000000e+00,-2.058647211303e-02,-2.058767698546e-02
1.812000000000e+00,-2.033447515946e-02,-2.033562140027e-02
1.813000000000e+00,-2.008479966134e-02,-2.008576107236e-02
1.814000000000e+00,-1.983699811920e-02,-1.983788737583e-02
1.815000000000e+00,-1.959096509108e-02,-1.959182589658e-02
1.816000000000e+00,-1.934663626678e-02,-1.934754747955e-02
1.817000000000e+00,-1.910399055689e-02,-1.910518728579e-02
1.818000000000e+00,-1.886417181797e-02,-1.886471233963e-02
1.819000000000e+00,-1.862511665801e-02,-1.862567311406e-02
1.820000000000e+00,-1.838715006838e-02,-1.838786062241e-02
1.821000000000e+00,-1.815060402736e-02,-1.815143399190e-02
1.822000000000e+00,-1.791590178441e-02,-1.791646983095e-02
1.823000000000e+00,-1.768206151053e-02,-1.768289786156e-02
1.824000000000e+00,-1.745025200860e-02,-1.745058427800e-02
1.825000000000e+00,-1.721899429608e-02,-1.721913613644e-02
1.826000000000e+00,-1.698750940488e-02,-1.698857104927e-02
1.827000000000e+00,-1.675879523272e-02,-1.675937997698e-02
1.828000000000e+00,-1.653104894137e-02,-1.653152003384e-02
1.829000000000e+00,-1.630410315201e-02,-1.630478810206e-02
1.830000000000e+00,-1.607878953861e-02,-1.607914142044e-02
1.831000000000e+00,-1.585396214927e-02,-1.585442507402e-02
1.832000000000e+00,-1.563015401352e-02,-1.563063593339e-02
1.833000000000e+00,-1.540699279669e-02,-1.540818607337e-02
1.834000000000e+00,-1.518644345374e-02,-1.518780072298e-02
1.835000000000e+00,-1.496892299408e-02,-1.496975256459e-02
1.836000000000e+00,-1.475253170803e-02,-1.475392278525e-02
1.837000000000e+00,-1.453941106569e-02,-1.454039743339e-02
1.838000000000e+00,-1.432790480224e-02,-1.432921799375e-02
1.839000000000e+00,-1.411910007408e-02,-1.412054363370e-02
1.840000000000e+00,-1.391358683058e-02,-1.391427465808e-02
1.841000000000e+00,-1.370899243500e-02,-1.370995192603e-02
1.842000000000e+00,-1.350624988939e-02,-1.350767075788e-02
1.843000000000e+00,-1.330671011400e-02,-1.330781533761e-02
1.844000000000e+00,-1.310905895619e-02,-1.311054965229e-02
1.845000000000e+00,-1.291434032603e-02,-1.291624193461e-02
1.846000000000e+00,-1.272411661851e-02,-1.272492153636e-02
1.847000000000e+00,-1.253484428921e-02,-1.253593891296e-02
1.848000000000e+00,-1.234794749441e-02,-1.234910794769e-02
1.849000000000e+00,-1.216310644299e-02,-1.216480151581e-02
1.850000000000e+00,-1.198219470285e-02,-1.198325957900e-02
1.851000000000e+00,-1.180306885446e-02,-1.180415575080e-02
1.852000000000e+00,-1.162632339423e-02,-1.162709226912e-02
1.853000000000e+00,-1.145080471004e-02,-1.145192135846e-02
1.854000000000e+00,-1.127770337735e-02,-1.127886113846e-02
1.855000000000e+00,-1.110666447192e-02,-1.110835966179e-02
1.856000000000e+00,-1.093931727275e-02,-1.094089079739e-02
1.857000000000e+00,-1.077507272283e-02,-1.077662089168e-02
1.858000000000e+00,-1.061367034462e-02,-1.061573768094e-02
1.859000000000e+00,-1.045674140309e-02,-1.045859781375e-02
1.860000000000e+00,-1.030340222703e-02,-1.030525577687e-02
1.861000000000e+00,-1.015379604611e-02,-1.015560115794e-02
1.862000000000e+00,-1.000784942157e-02,-1.000950453984e-02
1.863000000000e+00,-9.865116724712e-03,-9.866814004676e-03
1.864000000000e+00,-9.725901641433e-03,-9.727395650958e-03
1.865000000000e+00,-9.589560692368e-03,-9.591115509767e-03
1.866000000000e+00,-9.456272504019e-03,-9.458068893873e-03
1.867000000000e+00,-9.326522239625e-03,-9.328636459612e-03
1.868000000000e+00,-9.201297457245e-03,-9.203106049087e-03
1.869000000000e+00,-9.079344400831e-03,-9.081558055535e-03
1.870000000000e+00,-8.962041119555e-03,-8.964191680093e-03
1.871000000000e+00,-8.849092962494e-03,-8.851056899734e-03
1.872000000000e+00,-8.739828351788e-03,-8.742156550554e-03
1.873000000000e+00,-8.635341660728e-03,-8.637779548608e-03
1.874000000000e+00,-8.535807517350e-03,-8.538103994141e-03
1.875000000000e+00,-8.441000469061e-03,-8.442850016175e-03
1.876000000000e+00,-8.349728030450e-03,-8.351516332488e-03
1.877000000000e+00,-8.261967919531e-03,-8.263911431205e-03
1.878000000000e+00,-8.178038365107e-03,-8.180308065138e-03
1.879000000000e+00,-8.098584149633e-03,-8.101248839845e-03
1.880000000000e+00,-8.024868231583e-03,-8.027033239232e-03
1.881000000000e+00,-7.955132980623e-03,-7.957479164694e-03
1.882000000000e+00,-7.890354482429e-03,-7.892343804129e-03
1.883000000000e+00,-7.829489150265e-03,-7.831311959728e-03
1.884000000000e+00,-7.771895546583e-03,-7.774387303563e-03
1.885000000000e+00,-7.719658996697e-03,-7.722048083536e-03
1.886000000000e+00,-7.672038048683e-03,-7.674649504753e-03
1.887000000000e+00,-7.629547202679e-03,-7.632539836419e-03
1.888000000000e+00,-7.593461354033e-03,-7.595882035339e-03
1.889000000000e+00,-7.562031436586e-03,-7.564226671369e-03
1.890000000000e+00,-7.534987757833e-03,-7.537007857224e-03
1.891000000000e+00,-7.512011356260e-03,-7.513826460273e-03
1.892000000000e+00,-7.492547406729e-03,-7.494477022871e-03
1.893000000000e+00,-7.476793800444e-03,-7.479167780827e-03
1.894000000000e+00,-7.466043440634e-03,-7.468285521547e-03
1.895000000000e+00,-7.459738967457e-03,-7.461837331488e-03
1.896000000000e+00,-7.457795350286e-03,-7.459436337860e-03
1.897000000000e+00,-7.458825171399e-03,-7.460689672162e-03
1.898000000000e+00,-7.463712523682e-03,-7.465573506782e-03
1.899000000000e+00,-7.472294063888e-03,-7.474190685189e-03
1.900000000000e+00,-7.484666407478e-03,-7.486626094949e-03
1.901000000000e+00,-7.500899949635e-03,-7.503044548468e-03
1.902000000000e+00,-7.521508994438e-03,-7.523647186134e-03
1.903000000000e+00,-7.546377113121e-03,-7.548514541266e-03
1.904000000000e+00,-7.575574745090e-03,-7.577556186989e-03
1.905000000000e+00,-7.608834027699e-03,-7.610416694691e-03
1.906000000000e+00,-7.645214929712e-03,-7.646519721308e-03
1.907000000000e+00,-7.684058706663e-03,-7.685476672919e-03
1.908000000000e+00,-7.725659577762e-03,-7.727393682469e-03
1.909000000000e+00,-7.770836675538e-03,-7.772600007695e-03
1.910000000000e+00,-7.819719084894e-03,-7.821110639090e-03
1.911000000000e+00,-7.871138064986e-03,-7.872689013991e-03
1.912000000000e+00,-7.925751829408e-03,-7.927267734936e-03
1.913000000000e+00,-7.983526553736e-03,-7.984758352210e-03
1.914000000000e+00,-8.043419095652e-03,-8.045117437289e-03
1.915000000000e+00,-8.106944236455e-03,-8.108608652860e-03
1.916000000000e+00,-8.173855473977e-03,-8.175346521526e-03
1.917000000000e+00,-8.243508086459e-03,-8.245289608235e-03
1.918000000000e+00,-8.317157313874e-03,-8.318361225060e-03
1.919000000000e+00,-8.392706827341e-03,-8.394385792194e-03
1.920000000000e+00,-8.471909082289e-03,-8.473411701938e-03
1.921000000000e+00,-8.554361317217e-03,-8.555168183934e-03
1.922000000000e+00,-8.637832651672e-03,-8.639227323847e-03
1.923000000000e+00,-8.724504964783e-03,-8.725664440849e-03
1.924000000000e+00,-8.813381569334e-03,-8.814505709840e-03
1.925000000000e+00,-8.904427851094e-03,-8.905743691142e-03
1.926000000000e+00,-8.998065726586e-03,-8.999613974415e-03
1.927000000000e+00,-9.095120156761e-03,-9.096246196988e-03
1.928000000000e+00,-9.193964476310e-03,-9.195617048631e-03
1.929000000000e+00,-9.296503075414e-03,-9.297895352692e-03
1.930000000000e+00,-9.401645164009e-03,-9.403116041775e-03
1.931000000000e+00,-9.509745287015e-03,-9.511224307105e-03
1.932000000000e+00,-9.621109551682e-03,-9.621997275914e-03
1.933000000000e+00,-9.733654782278e-03,-9.735218969957e-03
1.934000000000e+00,-9.849746448865e-03,-9.851139750954e-03
1.935000000000e+00,-9.968538909714e-03,-9.969876683343e-03
1.936000000000e+00,-1.008996566895e-02,-1.009132340018e-02
1.937000000000e+00,-1.021428541787e-02,-1.021530257744e-02
1.938000000000e+00,-1.034041018564e-02,-1.034164785418e-02
1.939000000000e+00,-1.046882723209e-02,-1.047069181360e-02
1.940000000000e+00,-1.060136483000e-02,-1.060298256932e-02
1.941000000000e+00,-1.073699865007e-02,-1.073856124588e-02
1.942000000000e+00,-1.087594970248e-02,-1.087707875969e-02
1.943000000000e+00,-1.101693432954e-02,-1.101811887909e-02
1.944000000000e+00,-1.116033502093e-02,-1.116150384507e-02
1.945000000000e+00,-1.130612536003e-02,-1.130713559015e-02
1.946000000000e+00,-1.145396489938e-02,-1.145478354954e-02
1.947000000000e+00,-1.160323623882e-02,-1.160428239063e-02
1.948000000000e+00,-1.175490774788e-02,-1.175558918064e-02
1.949000000000e+00,-1.190751805610e-02,-1.190869135435e-02
1.950000000000e+00,-1.206287064941e-02,-1.206368456096e-02
1.951000000000e+00,-1.221982300851e-02,-1.222030972273e-02
1.952000000000e+00,-1.237750789698e-02,-1.237825812052e-02
1.953000000000e+00,-1.253670960047e-02,-1.253775016914e-02
1.954000000000e+00,-1.269797279884e-02,-1.269927965044e-02
1.955000000000e+00,-1.286212538712e-02,-1.286308836454e-02
1.956000000000e+00,-1.302796617936e-02,-1.302903978995e-02
1.957000000000e+00,-1.319618137463e-02,-1.319696581929e-02
1.958000000000e+00,-1.336558380176e-02,-1.336684444175e-02
1.959000000000e+00,-1.353794558917e-02,-1.353877413148e-02
1.960000000000e+00,-1.371170864874e-02,-1.371260036298e-02
1.961000000000e+00,-1.388732382194e-02,-1.388811882076e-02
1.962000000000e+00,-1.406475044594e-02,-1.406498377941e-02
1.963000000000e+00,-1.424228676089e-02,-1.424275390524e-02
1.964000000000e+00,-1.442084483161e-02,-1.442147589202e-02
1.965000000000e+00,-1.460045788551e-02,-1.460166190494e-02
1.966000000000e+00,-1.478277443630e-02,-1.478384454679e-02
1.967000000000e+00,-1.496737992236e-02,-1.496795617654e-02
1.968000000000e+00,-1.515283034106e-02,-1.515360276988e-02
1.969000000000e+00,-1.533990663677e-02,-1.534072735317e-02
1.970000000000e+00,-1.552873805906e-02,-1.552932573313e-02
1.971000000000e+00,-1.571868577547e-02,-1.571915516135e-02
1.972000000000e+00,-1.590956590873e-02,-1.590992188227e-02
1.973000000000e+00,-1.610126517178e-02,-1.610132176756e-02
1.974000000000e+00,-1.629278389668e-02,-1.629314897723e-02
1.975000000000e+00,-1.648536169352e-02,-1.648537546728e-02
1.976000000000e+00,-1.667769707003e-02,-1.667790377368e-02
1.977000000000e+00,-1.687057458698e-02,-1.687073210097e-02
1.978000000000e+00,-1.706374485405e-02,-1.706386232307e-02
1.979000000000e+00,-1.725720459874e-02,-1.725716062636e-02
1.980000000000e+00,-1.745054665487e-02,-1.745039757264e-02
1.981000000000e+00,-1.764360091167e-02,-1.764333651918e-02
1.982000000000e+00,-1.783609421169e-02,-1.783577609061e-02
1.983000000000e+00,-1.802800938226e-02,-1.802752108769e-02
1.984000000000e+00,-1.821888371606e-02,-1.821838792684e-02
1.985000000000e+00,-1.840868366954e-02,-1.840835624465e-02
1.986000000000e+00,-1.859799393170e-02,-1.859745889211e-02
1.987000000000e+00,-1.878621038891e-02,-1.878549769937e-02
1.988000000000e+00,-1.897294569430e-02,-1.897220059288e-02
1.989000000000e+00,-1.915817356152e-02,-1.915744018024e-02
1.990000000000e+00,-1.934198737089e-02,-1.934116929318e-02
1.991000000000e+00,-1.952405506355e-02,-1.952338223307e-02
1.992000000000e+00,-1.970487919317e-02,-1.970416560458e-02
1.993000000000e+00,-1.988413735426e-02,-1.988367670525e-02
1.994000000000e+00,-2.006254236264e-02,-2.006213644946e-02
1.995000000000e+00,-2.024039117540e-02,-2.023943089183e-02
1.996000000000e+00,-2.041619445579e-02,-2.041496737961e-02
1.997000000000e+00,-2.058935275519e-02,-2.058833404792e-02
1.998000000000e+00,-2.076055573602e-02,-2.075955876603e-02
1.999000000000e+00,-2.092990858597e-02,-2.092860076490e-02
2.000000000000e+00,-2.109649040728e-02,-2.109519969648e-02
2.001000000000e+00,-2.126054545782e-02,-2.125919429059e-02
2.002000000000e+00,-2.142182913594e-02,-2.142054613512e-02
2.003000000000e+00,-2.158065042748e-02,-2.157920426254e-02
2.004000000000e+00,-2.173655753713e-02,-2.173497208948e-02
2.005000000000e+00,-2.188930113799e-02,-2.188755563424e-02
2.006000000000e+00,-2.203858760579e-02,-2.203665517949e-02
2.007000000000e+00,-2.218378160754e-02,-2.218216675494e-02
2.008000000000e+00,-2.232591061579e-02,-2.232425519939e-02
2.009000000000e+00,-2.246477643922e-02,-2.246290820020e-02
2.010000000000e+00,-2.259996688747e-02,-2.259779983315e-02
2.011000000000e+00,-2.273051855725e-02,-2.272873420911e-02
2.012000000000e+00,-2.285768113757e-02,-2.285589634271e-02
2.013000000000e+00,-2.298136170272e-02,-2.297935152524e-02
2.014000000000e+00,-2.310088395435e-02,-2.309893092210e-02
2.015000000000e+00,-2.321662124548e-02,-2.321451574678e-02
2.016000000000e+00,-2.332794402135e-02,-2.332611890517e-02
2.017000000000e+00,-2.343574967502e-02,-2.343393795291e-02
2.018000000000e+00,-2.353989465054e-02,-2.353809882203e-02
2.019000000000e+00,-2.364066652447e-02,-2.363844308166e-02
2.020000000000e+00,-2.373667062270e-02,-2.373474443211e-02
2.021000000000e+00,-2.382883059857e-02,-2.382721360821e-02
2.022000000000e+00,-2.391794366193e-02,-2.391616823192e-02
2.023000000000e+00,-2.400353715066e-02,-2.400146398558e-02
2.024000000000e+00,-2.408504152871e-02,-2.408260376093e-02
2.025000000000e+00,-2.416134988707e-02,-2.415930233253e-02
2.026000000000e+00,-2.423361005031e-02,-2.423185183543e-02
2.027000000000e+00,-2.430262092438e-02,-2.430052682120e-02
2.028000000000e+00,-2.436728754550e-02,-2.436514221216e-02
2.029000000000e+00,-2.442776746862e-02,-2.442539220932e-02
2.030000000000e+00,-2.448334282886e-02,-2.448103097741e-02
2.031000000000e+00,-2.453452163786e-02,-2.453182534130e-02
2.032000000000e+00,-2.458004240942e-02,-2.457756004310e-02
2.033000000000e+00,-2.462056423491e-02,-2.461838845836e-02
2.034000000000e+00,-2.465695563525e-02,-2.465456309687e-02
2.035000000000e+00,-2.468853207162e-02,-2.468595177607e-02
2.036000000000e+00,-2.471489120382e-02,-2.471227094932e-02
2.037000000000e+00,-2.473600420104e-02,-2.473343467470e-02
2.038000000000e+00,-2.475172811313e-02,-2.474972829964e-02
2.039000000000e+00,-2.476381973693e-02,-2.476160388678e-02
2.040000000000e+00,-2.477128521591e-02,-2.476919923100e-02
2.041000000000e+00,-2.477471849596e-02,-2.477251072706e-02
2.042000000000e+00,-2.477356292592e-02,-2.477157651319e-02
2.043000000000e+00,-2.476860539988e-02,-2.476644626045e-02
2.044000000000e+00,-2.475940738975e-02,-2.475689794231e-02
2.045000000000e+00,-2.474497255643e-02,-2.474262252422e-02
2.046000000000e+00,-2.472583650909e-02,-2.472365630726e-02
2.047000000000e+00,-2.470253121639e-02,-2.470011535489e-02
2.048000000000e+00,-2.467416218233e-02,-2.467204030867e-02
2.049000000000e+00,-2.464149535830e-02,-2.463979896366e-02
2.050000000000e+00,-2.460566380986e-02,-2.460386643248e-02
2.051000000000e+00,-2.456617360799e-02,-2.456437796417e-02
2.052000000000e+00,-2.452306233906e-02,-2.452132517116e-02
2.053000000000e+00,-2.447659855339e-02,-2.447467881821e-02
2.054000000000e+00,-2.442609420562e-02,-2.442437184426e-02
2.055000000000e+00,-2.437246808207e-02,-2.437033341263e-02
2.056000000000e+00,-2.431406763103e-02,-2.431260727385e-02
2.057000000000e+00,-2.425300090139e-02,-2.425170608716e-02
2.058000000000e+00,-2.418939643010e-02,-2.418806363866e-02
2.059000000000e+00,-2.412319258899e-02,-2.412175180068e-02
2.060000000000e+00,-2.405367183006e-02,-2.405300989114e-02
2.061000000000e+00,-2.398344541242e-02,-2.398219513248e-02
2.062000000000e+00,-2.391059694756e-02,-2.390897668905e-02
2.063000000000e+00,-2.383419719973e-02,-2.383294171112e-02
2.064000000000e+00,-2.375548723313e-02,-2.375418818959e-02
2.065000000000e+00,-2.367417527807e-02,-2.367279547653e-02
2.066000000000e+00,-2.359009076805e-02,-2.358867447446e-02
2.067000000000e+00,-2.350311719923e-02,-2.350178229148e-02
2.068000000000e+00,-2.341356523289e-02,-2.341212100736e-02
2.069000000000e+00,-2.332105639108e-02,-2.331967313508e-02
2.070000000000e+00,-2.322568120688e-02,-2.322462604150e-02
2.071000000000e+00,-2.312817165403e-02,-2.312750314854e-02
2.072000000000e+00,-2.302941689629e-02,-2.302884611680e-02
2.073000000000e+00,-2.292979891299e-02,-2.292870090538e-02
2.074000000000e+00,-2.282767217996e-02,-2.282672534473e-02
2.075000000000e+00,-2.272370592351e-02,-2.272286902405e-02
2.076000000000e+00,-2.261801454725e-02,-2.261735678698e-02
2.077000000000e+00,-2.251118509593e-02,-2.251033224442e-02
2.078000000000e+00,-2.240245761677e-02,-2.240176755093e-02
2.079000000000e+00,-2.229260815795e-02,-2.229153332668e-02
2.080000000000e+00,-2.218047514314e-02,-2.217931257130e-02
2.081000000000e+00,-2.206587367269e-02,-2.206494195049e-02
2.082000000000e+00,-2.194966298190e-02,-2.194843106018e-02
2.083000000000e+00,-2.183079041723e-02,-2.182971240103e-02
2.084000000000e+00,-2.170962721185e-02,-2.170905397238e-02
2.085000000000e+00,-2.158741768977e-02,-2.158707562857e-02
2.086000000000e+00,-2.146476982812e-02,-2.146403166491e-02
2.087000000000e+00,-2.134065077882e-02,-2.133950704061e-02
2.088000000000e+00,-2.121398020468e-02,-2.121306534616e-02
2.089000000000e+00,-2.108551791948e-02,-2.108482678477e-02
2.090000000000e+00,-2.095559135525e-02,-2.095523261668e-02
2.091000000000e+00,-2.082527418594e-02,-2.082451693664e-02
2.092000000000e+00,-2.069325075202e-02,-2.069245883445e-02
2.093000000000e+00,-2.055972744098e-02,-2.055878464870e-02
2.094000000000e+00,-2.042414856888e-02,-2.042338288715e-02
2.095000000000e+00,-2.028729825614e-02,-2.028613886383e-02
2.096000000000e+00,-2.014806254276e-02,-2.014674196012e-02
2.097000000000e+00,-2.000564196426e-02,-2.000531648775e-02
2.098000000000e+00,-1.986331254205e-02,-1.986242133266e-02
2.099000000000e+00,-1.971875509410e-02,-1.971812493883e-02
2.100000000000e+00,-1.957321653502e-02,-1.957225546748e-02
2.101000000000e+00,-1.942583286348e-02,-1.942435958761e-02
2.102000000000e+00,-1.927519955264e-02,-1.927386621063e-02
2.103000000000e+00,-1.912216973283e-02,-1.912049731405e-02
2.104000000000e+00,-1.896539396447e-02,-1.896425386068e-02
2.105000000000e+00,-1.880649198696e-02,-1.880554108313e-02
2.106000000000e+00,-1.864595353431e-02,-1.864456013063e-02
2.107000000000e+00,-1.848242314393e-02,-1.848107285417e-02
2.108000000000e+00,-1.831596993296e-02,-1.831515035540e-02
2.109000000000e+00,-1.814829609836e-02,-1.814709694527e-02
2.110000000000e+00,-1.797801763211e-02,-1.797686854571e-02
2.111000000000e+00,-1.780530577241e-02,-1.780450467496e-02
2.112000000000e+00,-1.763131181478e-02,-1.763013879351e-02
2.113000000000e+00,-1.745487513540e-02,-1.745353981912e-02
2.114000000000e+00,-1.727554013615e-02,-1.727452099676e-02
2.115000000000e+00,-1.709456019470e-02,-1.709301159178e-02
2.116000000000e+00,-1.691026303920e-02,-1.690862590839e-02
2.117000000000e+00,-1.672266901768e-02,-1.672100319963e-02
2.118000000000e+00,-1.653195247201e-02,-1.652991107747e-02
2.119000000000e+00,-1.633653750358e-02,-1.633545683122e-02
2.120000000000e+00,-1.613941338709e-02,-1.613838821095e-02
2.121000000000e+00,-1.594006669665e-02,-1.593935349784e-02
2.122000000000e+00,-1.573949410183e-02,-1.573867253156e-02
2.123000000000e+00,-1.553715136084e-02,-1.553640828283e-02
2.124000000000e+00,-1.533361170458e-02,-1.533236564656e-02
2.125000000000e+00,-1.512721106020e-02,-1.512626608155e-02
2.126000000000e+00,-1.491901275922e-02,-1.491822131173e-02
2.127000000000e+00,-1.470929540475e-02,-1.470851388920e-02
2.128000000000e+00,-1.449788051625e-02,-1.449737823295e-02
2.129000000000e+00,-1.428561371025e-02,-1.428499773162e-02
2.130000000000e+00,-1.407232191865e-02,-1.407109591425e-02
2.131000000000e+00,-1.385640077289e-02,-1.385504287313e-02
2.132000000000e+00,-1.363737067449e-02,-1.363677370288e-02
2.133000000000e+00,-1.341758856677e-02,-1.341680225584e-02
2.134000000000e+00,-1.319613911978e-02,-1.319536541656e-02
2.135000000000e+00,-1.297281193300e-02,-1.297276718856e-02
2.136000000000e+00,-1.274983537504e-02,-1.274958481275e-02
2.137000000000e+00,-1.252614474274e-02,-1.252609608285e-02
2.138000000000e+00,-1.230234848683e-02,-1.230249212285e-02
2.139000000000e+00,-1.207917687521e-02,-1.207887841929e-02
2.140000000000e+00,-1.185466717462e-02,-1.185545911697e-02
2.141000000000e+00,-1.163249824069e-02,-1.163282077214e-02
2.142000000000e+00,-1.141057150445e-02,-1.141114508735e-02
2.143000000000e+00,-1.119008642448e-02,-1.119037135736e-02
2.144000000000e+00,-1.096984830877e-02,-1.097050284912e-02
2.145000000000e+00,-1.075114632705e-02,-1.075169760621e-02
2.146000000000e+00,-1.053354596348e-02,-1.053396994266e-02
2.147000000000e+00,-1.031668082187e-02,-1.031726317439e-02
2.148000000000e+00,-1.010093169622e-02,-1.010176911944e-02
2.149000000000e+00,-9.887061549920e-03,-9.887699852008e-03
2.150000000000e+00,-9.674348644933e-03,-9.675045578470e-03
2.151000000000e+00,-9.462959298256e-03,-9.463905429021e-03
2.152000000000e+00,-9.253503710970e-03,-9.254591991713e-03
2.153000000000e+00,-9.046318212930e-03,-9.047294391214e-03
2.154000000000e+00,-8.841150168886e-03,-8.841896590613e-03
2.155000000000e+00,-8.637228808087e-03,-8.638369168963e-03
2.156000000000e+00,-8.435430473503e-03,-8.437301254817e-03
2.157000000000e+00,-8.237811438360e-03,-8.239396843618e-03
2.158000000000e+00,-8.043316285758e-03,-8.044641774240e-03
2.159000000000e+00,-7.851385284366e-03,-7.852703270832e-03
2.160000000000e+00,-7.661973497829e-03,-7.663584889336e-03
2.161000000000e+00,-7.475817214137e-03,-7.477648093423e-03
2.162000000000e+00,-7.293426046665e-03,-7.295248403786e-03
2.163000000000e+00,-7.114550678473e-03,-7.116608330162e-03
2.164000000000e+00,-6.939971371518e-03,-6.941912935462e-03
2.165000000000e+00,-6.769041783374e-03,-6.771294952674e-03
2.166000000000e+00,-6.603002410918e-03,-6.604756636574e-03
2.167000000000e+00,-6.440210826987e-03,-6.442038098816e-03
2.168000000000e+00,-6.280950683704e-03,-6.283174599860e-03
2.169000000000e+00,-6.126300633654e-03,-6.128520954726e-03
2.170000000000e+00,-5.976245073508e-03,-5.978108719343e-03
2.171000000000e+00,-5.829665421575e-03,-5.831713349036e-03
2.172000000000e+00,-5.687314420786e-03,-5.689311891661e-03
2.173000000000e+00,-5.548864651456e-03,-5.551013141988e-03
2.174000000000e+00,-5.414692798935e-03,-5.417019423797e-03
2.175000000000e+00,-5.285343002815e-03,-5.287457664402e-03
2.176000000000e+00,-5.160156561558e-03,-5.162166143463e-03
2.177000000000e+00,-5.039030108401e-03,-5.040842435621e-03
2.178000000000e+00,-4.921573491825e-03,-4.923154845246e-03
2.179000000000e+00,-4.806947079850e-03,-4.809059007963e-03
2.180000000000e+00,-4.696708250024e-03,-4.699056837158e-03
2.181000000000e+00,-4.591087984461e-03,-4.593781545059e-03
2.182000000000e+00,-4.491023030335e-03,-4.493650345524e-03
2.183000000000e+00,-4.396294987957e-03,-4.398687330124e-03
2.184000000000e+00,-4.306056023360e-03,-4.308845552270e-03
2.185000000000e+00,-4.221660047753e-03,-4.224257549570e-03
2.186000000000e+00,-4.142539509664e-03,-4.144709348486e-03
2.187000000000e+00,-4.067660742406e-03,-4.069664773447e-03
2.188000000000e+00,-3.996616810156e-03,-3.998872958676e-03
2.189000000000e+00,-3.930214308742e-03,-3.932482630654e-03
2.190000000000e+00,-3.868241413540e-03,-3.870765476927e-03
2.191000000000e+00,-3.811253906087e-03,-3.814108618122e-03
2.192000000000e+00,-3.760392354980e-03,-3.762659812051e-03
2.193000000000e+00,-3.713740403901e-03,-3.716083241499e-03
2.194000000000e+00,-3.671877627153e-03,-3.674141561613e-03
2.195000000000e+00,-3.634476282107e-03,-3.636775122245e-03
2.196000000000e+00,-3.601780661127e-03,-3.603934848112e-03
2.197000000000e+00,-3.573127546944e-03,-3.575694554924e-03
2.198000000000e+00,-3.549861292678e-03,-3.552273827255e-03
2.199000000000e+00,-3.531498459815e-03,-3.533590132457e-03
2.200000000000e+00,-3.516976349817e-03,-3.519523062630e-03
2.201000000000e+00,-3.507709090453e-03,-3.510414670673e-03
2.202000000000e+00,-3.503816486503e-03,-3.506706463550e-03
2.203000000000e+00,-3.505801808149e-03,-3.508650002088e-03
2.204000000000e+00,-3.513464434802e-03,-3.516291046137e-03
2.205000000000e+00,-3.526792312920e-03,-3.529596083490e-03
2.206000000000e+00,-3.545637006486e-03,-3.548608194204e-03
2.207000000000e+00,-3.570538796141e-03,-3.573416821023e-03
2.208000000000e+00,-3.601214549087e-03,-3.603937426876e-03
2.209000000000e+00,-3.637293023758e-03,-3.639932459306e-03
2.210000000000e+00,-3.678766633598e-03,-3.681094636163e-03
2.211000000000e+00,-3.724728032452e-03,-3.727134547977e-03
2.212000000000e+00,-3.775473232834e-03,-3.778043159805e-03
2.213000000000e+00,-3.831477311470e-03,-3.833933713236e-03
2.214000000000e+00,-3.892372096216e-03,-3.894708644448e-03
2.215000000000e+00,-3.958064308233e-03,-3.960050629042e-03
2.216000000000e+00,-4.027462085313e-03,-4.029673691340e-03
2.217000000000e+00,-4.101466274576e-03,-4.103541095126e-03
2.218000000000e+00,-4.179557590883e-03,-4.181613682770e-03
2.219000000000e+00,-4.261724612238e-03,-4.263864908660e-03
2.220000000000e+00,-4.348172879993e-03,-4.350355757744e-03
2.221000000000e+00,-4.439189708793e-03,-4.440984671095e-03
2.222000000000e+00,-4.533542935783e-03,-4.535488737102e-03
2.223000000000e+00,-4.631906579904e-03,-4.633809386581e-03
2.224000000000e+00,-4.733956437523e-03,-4.736078630843e-03
2.225000000000e+00,-4.840254188605e-03,-4.842577148802e-03
2.226000000000e+00,-4.951352588037e-03,-4.953490188036e-03
2.227000000000e+00,-5.066760705450e-03,-5.068626897335e-03
2.228000000000e+00,-5.185755779175e-03,-5.187700672348e-03
2.229000000000e+00,-5.308620480174e-03,-5.310674240320e-03
2.230000000000e+00,-5.435818546264e-03,-5.437473472026e-03
2.231000000000e+00,-5.566176738589e-03,-5.567718377111e-03
2.232000000000e+00,-5.699707537584e-03,-5.700977898296e-03
2.233000000000e+00,-5.835693950644e-03,-5.836895750946e-03
2.234000000000e+00,-5.974030325401e-03,-5.975347077925e-03
2.235000000000e+00,-6.114873860277e-03,-6.116534600067e-03
2.236000000000e+00,-6.259417273435e-03,-6.260623941247e-03
2.237000000000e+00,-6.406001641995e-03,-6.407490564567e-03
2.238000000000e+00,-6.555867698414e-03,-6.557035203749e-03
2.239000000000e+00,-6.707894433222e-03,-6.709090534129e-03
2.240000000000e+00,-6.862313758483e-03,-6.863545835118e-03
2.241000000000e+00,-7.019332067118e-03,-7.020282152596e-03
2.242000000000e+00,-7.178211288705e-03,-7.178950538174e-03
2.243000000000e+00,-7.338537264013e-03,-7.339198487308e-03
2.244000000000e+00,-7.500006616962e-03,-7.500987171061e-03
2.245000000000e+00,-7.663634894366e-03,-7.664529706793e-03
2.246000000000e+00,-7.828923480922e-03,-7.829944559083e-03
2.247000000000e+00,-7.996470197960e-03,-7.997181175290e-03
2.248000000000e+00,-8.165208008982e-03,-8.166106853852e-03
2.249000000000e+00,-8.335785834274e-03,-8.336783034437e-03
2.250000000000e+00,-8.508527535515e-03,-8.509197148965e-03
2.251000000000e+00,-8.682623546940e-03,-8.682946275367e-03
2.252000000000e+00,-8.857122495009e-03,-8.857645205983e-03
2.253000000000e+00,-9.032822418913e-03,-9.033191942850e-03
2.254000000000e+00,-9.209407540415e-03,-9.209300818468e-03
2.255000000000e+00,-9.385490452973e-03,-9.385515678372e-03
2.256000000000e+00,-9.561855276511e-03,-9.561556863852e-03
2.257000000000e+00,-9.737484338579e-03,-9.737155703574e-03
2.258000000000e+00,-9.912416293632e-03,-9.912204435584e-03
2.259000000000e+00,-1.008686511001e-02,-1.008690041194e-02
2.260000000000e+00,-1.026147845145e-02,-1.026148613086e-02
2.261000000000e+00,-1.043634686433e-02,-1.043579854056e-02
2.262000000000e+00,-1.060980182490e-02,-1.060941259187e-02
2.263000000000e+00,-1.078246494848e-02,-1.078231837155e-02
2.264000000000e+00,-1.095494867662e-02,-1.095476042638e-02
2.265000000000e+00,-1.112710952589e-02,-1.112678155012e-02
2.266000000000e+00,-1.129836957657e-02,-1.129845035978e-02
2.267000000000e+00,-1.146992067486e-02,-1.147009201321e-02
2.268000000000e+00,-1.164206864736e-02,-1.164173603113e-02
2.269000000000e+00,-1.181330830384e-02,-1.181291475592e-02
2.270000000000e+00,-1.198409775989e-02,-1.198300268930e-02
2.271000000000e+00,-1.215222045155e-02,-1.215145112121e-02
2.272000000000e+00,-1.231901608792e-02,-1.231820776514e-02
2.273000000000e+00,-1.248407164247e-02,-1.248345276046e-02
2.274000000000e+00,-1.264797850601e-02,-1.264738153065e-02
2.275000000000e+00,-1.281060397008e-02,-1.281015779255e-02
2.276000000000e+00,-1.297258377431e-02,-1.297176613759e-02
2.277000000000e+00,-1.313269304735e-02,-1.313197814057e-02
2.278000000000e+00,-1.329151615433e-02,-1.329060948018e-02
2.279000000000e+00,-1.344853649355e-02,-1.344740564975e-02
2.280000000000e+00,-1.360317938277e-02,-1.360207959840e-02
2.281000000000e+00,-1.375572077085e-02,-1.375449196185e-02
2.282000000000e+00,-1.390560980358e-02,-1.390466930502e-02
2.283000000000e+00,-1.405374430671e-02,-1.405279156849e-02
2.284000000000e+00,-1.420013200539e-02,-1.419878959128e-02
2.285000000000e+00,-1.434367090558e-02,-1.434230803077e-02
2.286000000000e+00,-1.448443977782e-02,-1.448317894247e-02
2.287000000000e+00,-1.462278696209e-02,-1.462137272763e-02
2.288000000000e+00,-1.475840249223e-02,-1.475664351032e-02
2.289000000000e+00,-1.489022103692e-02,-1.488874729570e-02
2.290000000000e+00,-1.501919665352e-02,-1.501783361824e-02
2.291000000000e+00,-1.514540211474e-02,-1.514417929611e-02
2.292000000000e+00,-1.526936994572e-02,-1.526784000930e-02
2.293000000000e+00,-1.539007196396e-02,-1.538864486175e-02
2.294000000000e+00,-1.550808034572e-02,-1.550648138683e-02
2.295000000000e+00,-1.562263245473e-02,-1.562142113372e-02
2.296000000000e+00,-1.573488009642e-02,-1.573378363232e-02
2.297000000000e+00,-1.584512703737e-02,-1.584368837939e-02
2.298000000000e+00,-1.595231988358e-02,-1.595084925743e-02
2.299000000000e+00,-1.605686443107e-02,-1.605486720933e-02
2.300000000000e+00,-1.615671745755e-02,-1.615569479643e-02
2.301000000000e+00,-1.625502927703e-02,-1.625395262453e-02
2.302000000000e+00,-1.635107829326e-02,-1.635003706355e-02
2.303000000000e+00,-1.644525057090e-02,-1.644382850588e-02
2.304000000000e+00,-1.653632658124e-02,-1.653503843539e-02
2.305000000000e+00,-1.662501553772e-02,-1.662347017178e-02
2.306000000000e+00,-1.671058806021e-02,-1.670885553458e-02
2.307000000000e+00,-1.679247976421e-02,-1.679104376662e-02
2.308000000000e+00,-1.687168944276e-02,-1.687015230561e-02
2.309000000000e+00,-1.694778002264e-02,-1.694619358781e-02
2.310000000000e+00,-1.702072844398e-02,-1.701899949598e-02
2.311000000000e+00,-1.709032735909e-02,-1.708822679611e-02
2.312000000000e+00,-1.715556073542e-02,-1.715350658422e-02
2.313000000000e+00,-1.721651378223e-02,-1.721493676909e-02
2.314000000000e+00,-1.727442567902e-02,-1.727301629294e-02
2.315000000000e+00,-1.732982968802e-02,-1.732788705822e-02
2.316000000000e+00,-1.738100681684e-02,-1.737928705560e-02
2.317000000000e+00,-1.742872253860e-02,-1.742727738619e-02
2.318000000000e+00,-1.747390229592e-02,-1.747200699897e-02
2.319000000000e+00,-1.751476710779e-02,-1.751353156987e-02
2.320000000000e+00,-1.755345937152e-02,-1.755221266287e-02
2.321000000000e+00,-1.758995431612e-02,-1.758803101188e-02
2.322000000000e+00,-1.762208606919e-02,-1.762063331019e-02
2.323000000000e+00,-1.765145074167e-02,-1.765022290442e-02
2.324000000000e+00,-1.767850462782e-02,-1.767708773523e-02
2.325000000000e+00,-1.770282714542e-02,-1.770095370770e-02
2.326000000000e+00,-1.772331637497e-02,-1.772120936464e-02
2.327000000000e+00,-1.773944665072e-02,-1.773752864482e-02
2.328000000000e+00,-1.775155547814e-02,-1.775023384495e-02
2.329000000000e+00,-1.776134891785e-02,-1.775989062970e-02
2.330000000000e+00,-1.776814206776e-02,-1.776665096071e-02
2.331000000000e+00,-1.777201834895e-02,-1.777039593438e-02
2.332000000000e+00,-1.777249181881e-02,-1.777114570700e-02
2.333000000000e+00,-1.777011346537e-02,-1.776933848043e-02
2.334000000000e+00,-1.776671344960e-02,-1.776532723625e-02
2.335000000000e+00,-1.776027447414e-02,-1.775878810935e-02
2.336000000000e+00,-1.775088184965e-02,-1.774934750851e-02
2.337000000000e+00,-1.773829241730e-02,-1.773702351940e-02
2.338000000000e+00,-1.772314858767e-02,-1.772215836989e-02
2.339000000000e+00,-1.770626031916e-02,-1.770502475192e-02
2.340000000000e+00,-1.768670923714e-02,-1.768560909347e-02
2.341000000000e+00,-1.766505929476e-02,-1.766390216950e-02
2.342000000000e+00,-1.764106540434e-02,-1.763991456320e-02
2.343000000000e+00,-1.761471107457e-02,-1.761372109162e-02
2.344000000000e+00,-1.758635176851e-02,-1.758553540996e-02
2.345000000000e+00,-1.755661606131e-02,-1.755545045330e-02
2.346000000000e+00,-1.752415934808e-02,-1.752342522258e-02
2.347000000000e+00,-1.749065046780e-02,-1.748950427935e-02
2.348000000000e+00,-1.745456118985e-02,-1.745361382485e-02
2.349000000000e+00,-1.741652475342e-02,-1.741590275955e-02
2.350000000000e+00,-1.737752855245e-02,-1.737658800262e-02
2.351000000000e+00,-1.733650695441e-02,-1.733549483817e-02
2.352000000000e+00,-1.729358923538e-02,-1.729228755015e-02
2.353000000000e+00,-1.724784215370e-02,-1.724680587398e-02
2.354000000000e+00,-1.719988352446e-02,-1.719942177250e-02
2.355000000000e+00,-1.715134188425e-02,-1.715066538957e-02
2.356000000000e+00,-1.710142655177e-02,-1.710054606056e-02
2.357000000000e+00,-1.704956202329e-02,-1.704892076640e-02
2.358000000000e+00,-1.699648940753e-02,-1.699593642596e-02
2.359000000000e+00,-1.694237726945e-02,-1.694171793528e-02
2.360000000000e+00,-1.688700480483e-02,-1.688613076112e-02
2.361000000000e+00,-1.682967999060e-02,-1.682905725503e-02
2.362000000000e+00,-1.677117999880e-02,-1.677068769417e-02
2.363000000000e+00,-1.671170241707e-02,-1.671131363558e-02
2.364000000000e+00,-1.665142721974e-02,-1.665123382040e-02
2.365000000000e+00,-1.659058169418e-02,-1.659095008795e-02
2.366000000000e+00,-1.653080671821e-02,-1.653095381618e-02
2.367000000000e+00,-1.647138605422e-02,-1.647114624279e-02
2.368000000000e+00,-1.641120970900e-02,-1.641112192867e-02
2.369000000000e+00,-1.635132694929e-02,-1.635045439678e-02
2.370000000000e+00,-1.628916223223e-02,-1.628868046901e-02
2.371000000000e+00,-1.622609721995e-02,-1.622591491475e-02
2.372000000000e+00,-1.616295949996e-02,-1.616244982458e-02
2.373000000000e+00,-1.609841929656e-02,-1.609842463093e-02
2.374000000000e+00,-1.603395564527e-02,-1.603436311554e-02
2.375000000000e+00,-1.597050192435e-02,-1.597086336903e-02
2.376000000000e+00,-1.590759719207e-02,-1.590822305264e-02
2.377000000000e+00,-1.584618357705e-02,-1.584651724750e-02
2.378000000000e+00,-1.578549414567e-02,-1.578537348759e-02
2.379000000000e+00,-1.572442035259e-02,-1.572420312816e-02
2.380000000000e+00,-1.566281393871e-02,-1.566273414578e-02
2.381000000000e+00,-1.560122393450e-02,-1.560094163296e-02
2.382000000000e+00,-1.553882021016e-02,-1.553886062133e-02
2.383000000000e+00,-1.547665066861e-02,-1.547671722769e-02
2.384000000000e+00,-1.541456284699e-02,-1.541478730376e-02
2.385000000000e+00,-1.535274565181e-02,-1.535348348108e-02
2.386000000000e+00,-1.529275972438e-02,-1.529319294249e-02
2.387000000000e+00,-1.523362602588e-02,-1.523377231952e-02
2.388000000000e+00,-1.517450517771e-02,-1.517506960533e-02
2.389000000000e+00,-1.511642105998e-02,-1.511754413732e-02
2.390000000000e+00,-1.506120095634e-02,-1.506149457917e-02
2.391000000000e+00,-1.500619324149e-02,-1.500643888750e-02
2.392000000000e+00,-1.495158042571e-02,-1.495207871263e-02
2.393000000000e+00,-1.489807426472e-02,-1.489857937582e-02
2.394000000000e+00,-1.484559570311e-02,-1.484602251758e-02
2.395000000000e+00,-1.479403221672e-02,-1.479427530201e-02
2.396000000000e+00,-1.474276054905e-02,-1.474326157336e-02
2.397000000000e+00,-1.469255997477e-02,-1.469318647459e-02
2.398000000000e+00,-1.464367000315e-02,-1.464429090241e-02
2.399000000000e+00,-1.459591451934e-02,-1.459672095828e-02
2.400000000000e+00,-1.454998382390e-02,-1.455048039500e-02
2.401000000000e+00,-1.450507112669e-02,-1.450521660832e-02
2.402000000000e+00,-1.446015769945e-02,-1.446058837151e-02
2.403000000000e+00,-1.441637630569e-02,-1.441653124601e-02
2.404000000000e+00,-1.437280996939e-02,-1.437287440920e-02
2.405000000000e+00,-1.432928795970e-02,-1.432946973327e-02
2.406000000000e+00,-1.428622551129e-02,-1.428639658771e-02
2.407000000000e+00,-1.424317025390e-02,-1.424400327376e-02
2.408000000000e+00,-1.420225830244e-02,-1.420272178030e-02
2.409000000000e+00,-1.416208423744e-02,-1.416254960797e-02
2.410000000000e+00,-1.412271542923e-02,-1.412346088700e-02
2.411000000000e+00,-1.408511976030e-02,-1.408548173838e-02
2.412000000000e+00,-1.404829088768e-02,-1.404821447133e-02
2.413000000000e+00,-1.401082798781e-02,-1.401137785999e-02
2.414000000000e+00,-1.397485756058e-02,-1.397525566842e-02
2.415000000000e+00,-1.393945756450e-02,-1.394011364120e-02
2.416000000000e+00,-1.390554064355e-02,-1.390609884032e-02
2.417000000000e+00,-1.387271342641e-02,-1.387320035928e-02
2.418000000000e+00,-1.384083825946e-02,-1.384126441033e-02
2.419000000000e+00,-1.381000538458e-02,-1.380995609262e-02
2.420000000000e+00,-1.377889909088e-02,-1.377872733318e-02
2.421000000000e+00,-1.374755561746e-02,-1.374711180098e-02
2.422000000000e+00,-1.371507920657e-02,-1.371498349621e-02
2.423000000000e+00,-1.368222457994e-02,-1.368287728560e-02
2.424000000000e+00,-1.365114327778e-02,-1.365150421195e-02
2.425000000000e+00,-1.362057061681e-02,-1.362102008127e-02
2.426000000000e+00,-1.359097691601e-02,-1.359137968974e-02
2.427000000000e+00,-1.356215018181e-02,-1.356255112618e-02
2.428000000000e+00,-1.353424664816e-02,-1.353438924862e-02
2.429000000000e+00,-1.350650578268e-02,-1.350663846648e-02
2.430000000000e+00,-1.347911757324e-02,-1.347912669111e-02
2.431000000000e+00,-1.345148196739e-02,-1.345196122219e-02
2.432000000000e+00,-1.342493368857e-02,-1.342558352818e-02
2.433000000000e+00,-1.339989023767e-02,-1.340020551504e-02
2.434000000000e+00,-1.337536108805e-02,-1.337554003127e-02
2.435000000000e+00,-1.335132049584e-02,-1.335115378340e-02
2.436000000000e+00,-1.332662750990e-02,-1.332680606693e-02
2.437000000000e+00,-1.330251242225e-02,-1.330258734396e-02
2.438000000000e+00,-1.327851269536e-02,-1.327852417217e-02
2.439000000000e+00,-1.325449629263e-02,-1.325455600714e-02
2.440000000000e+00,-1.323056072560e-02,-1.323070322062e-02
2.441000000000e+00,-1.320718577922e-02,-1.320680012715e-02
2.442000000000e+00,-1.318283475271e-02,-1.318236064961e-02
2.443000000000e+00,-1.315749288595e-02,-1.315705507863e-02
2.444000000000e+00,-1.313139745699e-02,-1.313073954272e-02
2.445000000000e+00,-1.310387263507e-02,-1.310323773942e-02
2.446000000000e+00,-1.307509382314e-02,-1.307449518510e-02
2.447000000000e+00,-1.304502496863e-02,-1.304465048510e-02
2.448000000000e+00,-1.301433586209e-02,-1.301383686499e-02
2.449000000000e+00,-1.298287742416e-02,-1.298175291516e-02
2.450000000000e+00,-1.294881194700e-02,-1.294784370233e-02
2.451000000000e+00,-1.291294842934e-02,-1.291194911579e-02
2.452000000000e+00,-1.287484922419e-02,-1.287429321865e-02
2.453000000000e+00,-1.283591686553e-02,-1.283518946620e-02
2.454000000000e+00,-1.279550423378e-02,-1.279463657799e-02
2.455000000000e+00,-1.275319545641e-02,-1.275253166316e-02
2.456000000000e+00,-1.270977165679e-02,-1.270888784553e-02
2.457000000000e+00,-1.266436091080e-02,-1.266365822904e-02
2.458000000000e+00,-1.261785938991e-02,-1.261666641266e-02
2.459000000000e+00,-1.256881046058e-02,-1.256749113925e-02
2.460000000000e+00,-1.251692659720e-02,-1.251593369324e-02
2.461000000000e+00,-1.246331470339e-02,-1.246207943031e-02
2.462000000000e+00,-1.240719636415e-02,-1.240576624086e-02
2.463000000000e+00,-1.234811752613e-02,-1.234673986320e-02
2.464000000000e+00,-1.228630054731e-02,-1.228494642687e-02
2.465000000000e+00,-1.222182435757e-02,-1.222036404687e-02
2.466000000000e+00,-1.215444360239e-02,-1.215280053742e-02
2.467000000000e+00,-1.208387423108e-02,-1.208187390241e-02
2.468000000000e+00,-1.200904472885e-02,-1.200733019227e-02
2.469000000000e+00,-1.193064645746e-02,-1.192952822223e-02
2.470000000000e+00,-1.185039482257e-02,-1.184902953861e-02
2.471000000000e+00,-1.176718978496e-02,-1.176598323544e-02
2.472000000000e+00,-1.168172281514e-02,-1.168036008012e-02
2.473000000000e+00,-1.159353556501e-02,-1.159203200310e-02
2.474000000000e+00,-1.150208089763e-02,-1.150100317212e-02
2.475000000000e+00,-1.140872741110e-02,-1.140750673641e-02
2.476000000000e+00,-1.131297289649e-02,-1.131152448026e-02
2.477000000000e+00,-1.121400889322e-02,-1.121301315046e-02
2.478000000000e+00,-1.111333071238e-02,-1.111220426108e-02
2.479000000000e+00,-1.101033927374e-02,-1.100913412619e-02
2.480000000000e+00,-1.090504066427e-02,-1.090357497960e-02
2.481000000000e+00,-1.079658737306e-02,-1.079536384157e-02
2.482000000000e+00,-1.068575770293e-02,-1.068467834626e-02
2.483000000000e+00,-1.057269188050e-02,-1.057185834814e-02
2.484000000000e+00,-1.045823389999e-02,-1.045703301524e-02
2.485000000000e+00,-1.034121815460e-02,-1.033997646247e-02
2.486000000000e+00,-1.022165837934e-02,-1.022057258073e-02
2.487000000000e+00,-1.009989253527e-02,-1.009907964517e-02
2.488000000000e+00,-9.976437581703e-03,-9.976018529755e-03
2.489000000000e+00,-9.852304374689e-03,-9.851866058701e-03
2.490000000000e+00,-9.727440708006e-03,-9.726609576725e-03
2.491000000000e+00,-9.600817049558e-03,-9.599824803421e-03
2.492000000000e+00,-9.472089049137e-03,-9.471274790339e-03
2.493000000000e+00,-9.341650846250e-03,-9.341228137953e-03
2.494000000000e+00,-9.210439089805e-03,-9.210248251268e-03
2.495000000000e+00,-9.078867126214e-03,-9.078825330798e-03
2.496000000000e+00,-8.947245562481e-03,-8.947192417679e-03
2.497000000000e+00,-8.815797063456e-03,-8.815131861602e-03
2.498000000000e+00,-8.682662929315e-03,-8.682171648676e-03
2.499000000000e+00,-8.548573778954e-03,-8.548187392084e-03
2.500000000000e+00,-8.414081161467e-03,-8.413028576495e-03
2.501000000000e+00,-8.276951293198e-03,-8.276383634465e-03
2.502000000000e+00,-8.138892384388e-03,-8.138415744494e-03
2.503000000000e+00,-7.999985378309e-03,-7.999368433048e-03
2.504000000000e+00,-7.859548035649e-03,-7.859429656024e-03
2.505000000000e+00,-7.719096131053e-03,-7.719023612876e-03
2.506000000000e+00,-7.578437180259e-03,-7.578468251914e-03
2.507000000000e+00,-7.437989756578e-03,-7.437804999047e-03
2.508000000000e+00,-7.297050468945e-03,-7.296923048563e-03
2.509000000000e+00,-7.155809496212e-03,-7.155870799472e-03
2.510000000000e+00,-7.014739360187e-03,-7.014844030702e-03
2.511000000000e+00,-6.874044207324e-03,-6.873858250410e-03
2.512000000000e+00,-6.732649764860e-03,-6.732875529295e-03
2.513000000000e+00,-6.591916399509e-03,-6.592104234697e-03
2.514000000000e+00,-6.451648286464e-03,-6.451603576490e-03
2.515000000000e+00,-6.310988300017e-03,-6.311358483008e-03
2.516000000000e+00,-6.171341633881e-03,-6.171625124294e-03
2.517000000000e+00,-6.031909714848e-03,-6.032777231152e-03
2.518000000000e+00,-5.894690089018e-03,-5.895122756552e-03
2.519000000000e+00,-5.758108300408e-03,-5.758560952083e-03
2.520000000000e+00,-5.622348683237e-03,-5.623015524520e-03
2.521000000000e+00,-5.488182362313e-03,-5.488535213263e-03
2.522000000000e+00,-5.354393246561e-03,-5.355096903201e-03
2.523000000000e+00,-5.222299342835e-03,-5.222806778500e-03
2.524000000000e+00,-5.090923988504e-03,-5.091785458016e-03
2.525000000000e+00,-4.961674412200e-03,-4.962053906418e-03
2.526000000000e+00,-4.832897563310e-03,-4.833403697927e-03
2.527000000000e+00,-4.705085293099e-03,-4.705835721756e-03
2.528000000000e+00,-4.579052464456e-03,-4.579445317316e-03
2.529000000000e+00,-4.453560331673e-03,-4.454145475420e-03
2.530000000000e+00,-4.329147543941e-03,-4.330153255185e-03
2.531000000000e+00,-4.206965545934e-03,-4.207901745697e-03
2.532000000000e+00,-4.086574399837e-03,-4.087571060050e-03
2.533000000000e+00,-3.968221826271e-03,-3.969155301180e-03
2.534000000000e+00,-3.851861636102e-03,-3.852435548382e-03
2.535000000000e+00,-3.736571020834e-03,-3.736982221598e-03
2.536000000000e+00,-3.621958032404e-03,-3.622579634687e-03
2.537000000000e+00,-3.508594664687e-03,-3.509446339738e-03
2.538000000000e+00,-3.396947662033e-03,-3.397981883368e-03
2.539000000000e+00,-3.287426832023e-03,-3.288489265241e-03
2.540000000000e+00,-3.180066940490e-03,-3.181053505701e-03
2.541000000000e+00,-3.074683233867e-03,-3.075583486394e-03
2.542000000000e+00,-2.971077727251e-03,-2.971967765482e-03
2.543000000000e+00,-2.869167654634e-03,-2.870252147067e-03
2.544000000000e+00,-2.769459135524e-03,-2.770663340694e-03
2.545000000000e+00,-2.672226683995e-03,-2.673377378036e-03
2.546000000000e+00,-2.577296579885e-03,-2.578382230165e-03
2.547000000000e+00,-2.484504409317e-03,-2.485599099774e-03
2.548000000000e+00,-2.393928619724e-03,-2.394970997582e-03
2.549000000000e+00,-2.305456738836e-03,-2.306409851315e-03
2.550000000000e+00,-2.218825954428e-03,-2.219822783639e-03
2.551000000000e+00,-2.134273648597e-03,-2.135141603490e-03
2.552000000000e+00,-2.051393769102e-03,-2.052296392425e-03
2.553000000000e+00,-1.970200619263e-03,-1.971388136140e-03
2.554000000000e+00,-1.891602416799e-03,-1.892603926231e-03
2.555000000000e+00,-1.814870571039e-03,-1.815962279201e-03
2.556000000000e+00,-1.740330632452e-03,-1.741521774685e-03
2.557000000000e+00,-1.668189453399e-03,-1.669435036883e-03
2.558000000000e+00,-1.598551492226e-03,-1.599792390756e-03
2.559000000000e+00,-1.531496920974e-03,-1.532517423875e-03
2.560000000000e+00,-1.466347956030e-03,-1.467466177982e-03
2.561000000000e+00,-1.403385801939e-03,-1.404737745821e-03
2.562000000000e+00,-1.343200366494e-03,-1.344575424202e-03
2.563000000000e+00,-1.285951426265e-03,-1.286938821347e-03
2.564000000000e+00,-1.230430329684e-03,-1.231567202502e-03
2.565000000000e+00,-1.177252169833e-03,-1.178413821169e-03
2.566000000000e+00,-1.126473542294e-03,-1.127488534796e-03
2.567000000000e+00,-1.077608006999e-03,-1.078742110805e-03
2.568000000000e+00,-1.031009772867e-03,-1.032272770248e-03
2.569000000000e+00,-9.870217117544e-04,-9.881873872703e-04
2.570000000000e+00,-9.454522455058e-04,-9.463239502633e-04
2.571000000000e+00,-9.054733680849e-04,-9.063723066074e-04
2.572000000000e+00,-8.674163801020e-04,-8.681501966969e-04
2.573000000000e+00,-8.305539916047e-04,-8.317417974508e-04
2.574000000000e+00,-7.961261212697e-04,-7.975857314382e-04
2.575000000000e+00,-7.650402684223e-04,-7.657986200636e-04
2.576000000000e+00,-7.351850742620e-04,-7.358517298568e-04
2.577000000000e+00,-7.065812561282e-04,-7.073848232132e-04
2.578000000000e+00,-6.797546069882e-04,-6.803225798893e-04
2.579000000000e+00,-6.539956192670e-04,-6.544947915210e-04
2.580000000000e+00,-6.290651392031e-04,-6.298846197201e-04
2.581000000000e+00,-6.059441769864e-04,-6.067351023466e-04
2.582000000000e+00,-5.843108803354e-04,-5.852236946748e-04
2.583000000000e+00,-5.646460906954e-04,-5.653668235284e-04
2.584000000000e+00,-5.463767004091e-04,-5.470028081116e-04
2.585000000000e+00,-5.292827032607e-04,-5.300289991119e-04
2.586000000000e+00,-5.136166981668e-04,-5.146101443992e-04
2.587000000000e+00,-5.001328024194e-04,-5.008900964754e-04
2.588000000000e+00,-4.882579932616e-04,-4.885624487630e-04
2.589000000000e+00,-4.767410804754e-04,-4.771667440515e-04
2.590000000000e+00,-4.661318540256e-04,-4.666051168357e-04
2.591000000000e+00,-4.564773612559e-04,-4.569889687556e-04
2.592000000000e+00,-4.477470612849e-04,-4.484575933259e-04
2.593000000000e+00,-4.407491335931e-04,-4.409943008688e-04
2.594000000000e+00,-4.339664649766e-04,-4.343435041665e-04
2.595000000000e+00,-4.279211816517e-04,-4.285225500049e-04
2.596000000000e+00,-4.231497822822e-04,-4.238141512274e-04
2.597000000000e+00,-4.196772036743e-04,-4.204037686873e-04
2.598000000000e+00,-4.178722764266e-04,-4.181755678198e-04
2.599000000000e+00,-4.165560664988e-04,-4.167230607229e-04
2.600000000000e+00,-4.153614484784e-04,-4.158867416817e-04
2.601000000000e+00,-4.154314157348e-04,-4.158734454055e-04
2.602000000000e+00,-4.162881955755e-04,-4.168300582452e-04
2.603000000000e+00,-4.182270799139e-04,-4.188595188364e-04
2.604000000000e+00,-4.215774701797e-04,-4.219860672771e-04
2.605000000000e+00,-4.255713412157e-04,-4.260821816297e-04
2.606000000000e+00,-4.308268651104e-04,-4.309519241452e-04
2.607000000000e+00,-4.361162301248e-04,-4.362894145265e-04
2.608000000000e+00,-4.418893285338e-04,-4.418663273453e-04
2.609000000000e+00,-4.474687405196e-04,-4.475425543385e-04
2.610000000000e+00,-4.533372050225e-04,-4.532597833096e-04
2.611000000000e+00,-4.588109534904e-04,-4.590720033719e-04
2.612000000000e+00,-4.650500929067e-04,-4.651575083803e-04
2.613000000000e+00,-4.713365482612e-04,-4.715888505958e-04
2.614000000000e+00,-4.783164256279e-04,-4.782851827780e-04
2.615000000000e+00,-4.852698116167e-04,-4.848823881603e-04
2.616000000000e+00,-4.912090873338e-04,-4.910551011931e-04
2.617000000000e+00,-4.967783542085e-04,-4.970107058861e-04
2.618000000000e+00,-5.030495679151e-04,-5.031204000689e-04
2.619000000000e+00,-5.094067466313e-04,-5.094051901263e-04
2.620000000000e+00,-5.156996619012e-04,-5.157490116485e-04
2.621000000000e+00,-5.222405468873e-04,-5.220034339854e-04
2.622000000000e+00,-5.282668445817e-04,-5.278416827934e-04
2.623000000000e+00,-5.332999190094e-04,-5.330576469461e-04
2.624000000000e+00,-5.377942585844e-04,-5.378259504178e-04
2.625000000000e+00,-5.426648021105e-04,-5.422936336124e-04
2.626000000000e+00,-5.465052129031e-04,-5.463187744905e-04
2.627000000000e+00,-5.501067411503e-04,-5.498401142253e-04
2.628000000000e+00,-5.532198083893e-04,-5.527952112790e-04
2.629000000000e+00,-5.552250476286e-04,-5.551698741865e-04
2.630000000000e+00,-5.574876985523e-04,-5.570641621450e-04
2.631000000000e+00,-5.585303556662e-04,-5.584942242175e-04
2.632000000000e+00,-5.597440152382e-04,-5.596022164308e-04
2.633000000000e+00,-5.606402326690e-04,-5.604080171746e-04
2.634000000000e+00,-5.611038983197e-04,-5.607450129916e-04
2.635000000000e+00,-5.607037892168e-04,-5.604884063898e-04
2.636000000000e+00,-5.601892027408e-04,-5.594843612354e-04
2.637000000000e+00,-5.578609610376e-04,-5.575136626518e-04
2.638000000000e+00,-5.550690803976e-04,-5.546090166230e-04
2.639000000000e+00,-5.513869667787e-04,-5.507013762839e-04
2.640000000000e+00,-5.462758950622e-04,-5.455653661637e-04
2.641000000000e+00,-5.394717234955e-04,-5.393448169671e-04
2.642000000000e+00,-5.326932793839e-04,-5.325438379867e-04
2.643000000000e+00,-5.255812072596e-04,-5.253728193450e-04
2.644000000000e+00,-5.182570506698e-04,-5.176018102511e-04
2.645000000000e+00,-5.092058514222e-04,-5.090086043151e-04
2.646000000000e+00,-5.000042961680e-04,-4.998135255266e-04
2.647000000000e+00,-4.902641690533e-04,-4.903395293931e-04
2.648000000000e+00,-4.809219787075e-04,-4.807104458761e-04
2.649000000000e+00,-4.711001843925e-04,-4.706651194446e-04
2.650000000000e+00,-4.604641359902e-04,-4.597711751156e-04
2.651000000000e+00,-4.480907112204e-04,-4.479135094954e-04
2.652000000000e+00,-4.356456606939e-04,-4.354035936691e-04
2.653000000000e+00,-4.226386676615e-04,-4.224504416391e-04
2.654000000000e+00,-4.092501486027e-04,-4.090962627826e-04
2.655000000000e+00,-3.957488506505e-04,-3.952076316976e-04
2.656000000000e+00,-3.809590052493e-04,-3.804831777364e-04
2.657000000000e+00,-3.652154224820e-04,-3.648204040690e-04
2.658000000000e+00,-3.488494348508e-04,-3.481839814886e-04
2.659000000000e+00,-3.309284569177e-04,-3.304518642760e-04
2.660000000000e+00,-3.122310813463e-04,-3.115928218540e-04
2.661000000000e+00,-2.921527287096e-04,-2.915159760758e-04
2.662000000000e+00,-2.709968664316e-04,-2.700066683127e-04
2.663000000000e+00,-2.474787085970e-04,-2.469910357333e-04
2.664000000000e+00,-2.230846156622e-04,-2.228672279461e-04
2.665000000000e+00,-1.985993962902e-04,-1.978862071699e-04
2.666000000000e+00,-1.723096818962e-04,-1.719201459892e-04
2.667000000000e+00,-1.452892615556e-04,-1.451210674562e-04
2.668000000000e+00,-1.182443339296e-04,-1.175877997338e-04
2.669000000000e+00,-8.964745605916e-05,-8.903861034366e-05
2.670000000000e+00,-5.969490264017e-05,-5.944638397974e-05
2.671000000000e+00,-2.957232152865e-05,-2.894320853481e-05
2.672000000000e+00,1.885914562603e-06,2.734698770518e-06
2.673000000000e+00,3.525617169147e-05,3.579042336297e-05
2.674000000000e+00,6.966643834649e-05,6.993698103844e-05
2.675000000000e+00,1.044742813600e-04,1.048470712953e-04
2.676000000000e+00,1.399967416689e-04,1.405852805739e-04
2.677000000000e+00,1.766958646565e-04,1.774801016855e-04
2.678000000000e+00,2.150774555780e-04,2.157605468053e-04
2.679000000000e+00,2.548961382320e-04,2.552976061715e-04
2.680000000000e+00,2.954249698433e-04,2.957246998337e-04
2.681000000000e+00,3.366682688618e-04,3.366729952355e-04
2.682000000000e+00,3.776734649449e-04,3.779398610488e-04
2.683000000000e+00,4.192885194002e-04,4.196724390637e-04
2.684000000000e+00,4.617478159485e-04,4.620615078771e-04
2.685000000000e+00,5.047699759096e-04,5.051624005145e-04
2.686000000000e+00,5.485317565658e-04,5.491160943451e-04
2.687000000000e+00,5.935098663402e-04,5.941372172110e-04
2.688000000000e+00,6.399164327362e-04,6.401825006087e-04
2.689000000000e+00,6.867306104610e-04,6.869209300085e-04
2.690000000000e+00,7.338255380538e-04,7.342156201526e-04
2.691000000000e+00,7.817067021620e-04,7.823216154948e-04
2.692000000000e+00,8.307602965522e-04,8.316590216524e-04
2.693000000000e+00,8.819278250593e-04,8.824170275778e-04
2.694000000000e+00,9.338221175684e-04,9.344612213436e-04
2.695000000000e+00,9.868945422508e-04,9.879515549482e-04
2.696000000000e+00,1.042232172134e-03,1.043331248246e-03
2.697000000000e+00,1.099904238037e-03,1.100717779556e-03
2.698000000000e+00,1.159027925709e-03,1.159922132057e-03
2.699000000000e+00,1.220045140242e-03,1.220825544987e-03
2.700000000000e+00,1.282547401882e-03,1.283321105964e-03
2.701000000000e+00,1.346815537968e-03,1.347193404570e-03
2.702000000000e+00,1.411343942479e-03,1.412382522719e-03
2.703000000000e+00,1.478335431237e-03,1.479222052798e-03
2.704000000000e+00,1.547087330466e-03,1.547789159732e-03
2.705000000000e+00,1.617116829680e-03,1.617925155982e-03
2.706000000000e+00,1.688832971610e-03,1.689626586644e-03
2.707000000000e+00,1.762069273843e-03,1.762963097470e-03
2.708000000000e+00,1.837217680811e-03,1.837931313283e-03
2.709000000000e+00,1.913762289270e-03,1.914321453827e-03
2.710000000000e+00,1.991497392400e-03,1.991750342330e-03
2.711000000000e+00,2.069672012375e-03,2.069779545703e-03
2.712000000000e+00,2.148007265153e-03,2.148177028587e-03
2.713000000000e+00,2.226460362677e-03,2.227206678890e-03
2.714000000000e+00,2.306571467873e-03,2.307522452745e-03
2.715000000000e+00,2.388681177950e-03,2.389557129768e-03
2.716000000000e+00,2.472550209102e-03,2.473321683001e-03
2.717000000000e+00,2.557898658868e-03,2.558688498698e-03
2.718000000000e+00,2.644947678716e-03,2.645515456135e-03
2.719000000000e+00,2.732978245304e-03,2.733626549695e-03
2.720000000000e+00,2.822480343007e-03,2.822875990106e-03
2.721000000000e+00,2.912550353472e-03,2.913116531864e-03
2.722000000000e+00,3.004065262900e-03,3.004163235174e-03
2.723000000000e+00,3.095510569758e-03,3.095710225031e-03
2.724000000000e+00,3.187353294637e-03,3.187687084037e-03
2.725000000000e+00,3.280022278509e-03,3.280168047155e-03
2.726000000000e+00,3.372732400033e-03,3.373194772479e-03
2.727000000000e+00,3.466621092566e-03,3.466833512950e-03
2.728000000000e+00,3.560978091050e-03,3.560840687039e-03
2.729000000000e+00,3.654782248272e-03,3.654905186551e-03
2.730000000000e+00,3.749055620085e-03,3.748999441024e-03
2.731000000000e+00,3.843086306366e-03,3.843130717670e-03
2.732000000000e+00,3.937141569056e-03,3.937458089719e-03
2.733000000000e+00,4.031894036058e-03,4.032303525566e-03
2.734000000000e+00,4.127615462851e-03,4.127726107904e-03
2.735000000000e+00,4.223597234815e-03,4.223347717918e-03
2.736000000000e+00,4.318796017651e-03,4.318856151396e-03
2.737000000000e+00,4.414162388612e-03,4.414426772505e-03
2.738000000000e+00,4.510307817532e-03,4.510210883133e-03
2.739000000000e+00,4.606041109787e-03,4.606059164418e-03
2.740000000000e+00,4.701775203097e-03,4.702005554873e-03
2.741000000000e+00,4.798143778876e-03,4.798205935378e-03
2.742000000000e+00,4.894504779381e-03,4.894658271681e-03
2.743000000000e+00,4.991242433987e-03,4.991351032984e-03
2.744000000000e+00,5.088187968970e-03,5.088232039664e-03
2.745000000000e+00,5.185327195302e-03,5.185115023566e-03
2.746000000000e+00,5.281783750800e-03,5.281842274200e-03
2.747000000000e+00,5.378660710812e-03,5.378350783882e-03
2.748000000000e+00,5.474771696769e-03,5.474351729781e-03
2.749000000000e+00,5.570137815749e-03,5.569491932510e-03
2.750000000000e+00,5.663898380633e-03,5.663734435861e-03
2.751000000000e+00,5.757469105692e-03,5.757490175491e-03
2.752000000000e+00,5.851235366261e-03,5.851039357270e-03
2.753000000000e+00,5.944577862555e-03,5.944185401140e-03
2.754000000000e+00,6.037196855521e-03,6.036495999078e-03
2.755000000000e+00,6.128295165986e-03,6.127573712061e-03
2.756000000000e+00,6.217904683199e-03,6.217301791070e-03
2.757000000000e+00,6.306316050198e-03,6.305775872605e-03
2.758000000000e+00,6.393847870646e-03,6.392954767786e-03
2.759000000000e+00,6.479286298231e-03,6.478674998682e-03
2.760000000000e+00,6.563755194863e-03,6.562929808023e-03
2.761000000000e+00,6.646396001389e-03,6.645695379831e-03
2.762000000000e+00,6.727753495609e-03,6.726921631707e-03
2.763000000000e+00,6.807499345043e-03,6.806458015920e-03
2.764000000000e+00,6.884857448653e-03,6.884297478428e-03
2.765000000000e+00,6.961248010110e-03,6.960828055504e-03
2.766000000000e+00,7.036990479045e-03,7.036288074919e-03
2.767000000000e+00,7.110994354900e-03,7.110705109552e-03
2.768000000000e+00,7.184691976201e-03,7.184269610351e-03
2.769000000000e+00,7.257402525524e-03,7.257062993878e-03
2.770000000000e+00,7.329687830446e-03,7.328927835652e-03
2.771000000000e+00,7.400139514537e-03,7.399699140731e-03
2.772000000000e+00,7.469560992653e-03,7.469803096198e-03
2.773000000000e+00,7.539773290285e-03,7.539914376929e-03
2.774000000000e+00,7.610568322879e-03,7.609942926128e-03
2.775000000000e+00,7.679532967341e-03,7.679425572913e-03
2.776000000000e+00,7.748474907085e-03,7.748469532417e-03
2.777000000000e+00,7.817786829657e-03,7.817049143661e-03
2.778000000000e+00,7.885062361907e-03,7.884768020145e-03
2.779000000000e+00,7.952119316623e-03,7.951518068634e-03
2.780000000000e+00,8.017930431067e-03,8.017072589733e-03
2.781000000000e+00,8.081878231922e-03,8.081074428358e-03
2.782000000000e+00,8.144453134304e-03,8.143252338404e-03
2.783000000000e+00,8.204299656120e-03,8.203415855029e-03
2.784000000000e+00,8.262480886834e-03,8.261761229816e-03
2.785000000000e+00,8.319165655738e-03,8.318700286770e-03
2.786000000000e+00,8.375011960349e-03,8.374551242369e-03
2.787000000000e+00,8.430080969881e-03,8.429278115130e-03
2.788000000000e+00,8.483430661697e-03,8.482549412117e-03
2.789000000000e+00,8.534928521327e-03,8.534234448559e-03
2.790000000000e+00,8.584963275918e-03,8.584616676226e-03
2.791000000000e+00,8.634490639585e-03,8.634086341876e-03
2.792000000000e+00,8.683095295696e-03,8.682860496773e-03
2.793000000000e+00,8.731239920272e-03,8.731136138181e-03
2.794000000000e+00,8.779338582038e-03,8.778958333295e-03
2.795000000000e+00,8.826723163663e-03,8.825982957980e-03
2.796000000000e+00,8.872345457737e-03,8.871890413018e-03
2.797000000000e+00,8.917180055936e-03,8.916785632380e-03
2.798000000000e+00,8.961216146363e-03,8.960849573420e-03
2.799000000000e+00,9.004612890651e-03,9.004005149816e-03
2.800000000000e+00,9.046964071283e-03,9.045807885999e-03
2.801000000000e+00,9.086489781348e-03,9.085957538941e-03
2.802000000000e+00,9.125093147511e-03,9.124906172181e-03
2.803000000000e+00,9.163572190174e-03,9.163142649076e-03
2.804000000000e+00,9.200973759499e-03,9.200752413098e-03
2.805000000000e+00,9.237987649052e-03,9.237825233789e-03
2.806000000000e+00,9.274949025316e-03,9.274234407443e-03
2.807000000000e+00,9.310222222977e-03,9.309542824649e-03
2.808000000000e+00,9.344043487926e-03,9.343701353867e-03
2.809000000000e+00,9.377140791520e-03,9.377189415839e-03
2.810000000000e+00,9.410609101283e-03,9.410428728846e-03
2.811000000000e+00,9.443559703962e-03,9.443436953950e-03
2.812000000000e+00,9.476368605281e-03,9.476121177990e-03
2.813000000000e+00,9.508554625191e-03,9.508459512794e-03
2.814000000000e+00,9.540593291375e-03,9.540581680663e-03
2.815000000000e+00,9.572587473208e-03,9.572646142846e-03
2.816000000000e+00,9.604912860882e-03,9.604559305740e-03
2.817000000000e+00,9.636389728220e-03,9.635907344165e-03
2.818000000000e+00,9.666940411776e-03,9.666351464969e-03
2.819000000000e+00,9.695987223370e-03,9.695960926734e-03
2.820000000000e+00,9.725451582681e-03,9.725004050592e-03
2.821000000000e+00,9.753707327936e-03,9.753497279409e-03
2.822000000000e+00,9.781487452088e-03,9.781631507593e-03
2.823000000000e+00,9.809934450663e-03,9.809587933984e-03
2.824000000000e+00,9.837440353908e-03,9.837137391449e-03
2.825000000000e+00,9.864238384203e-03,9.864250633666e-03
2.826000000000e+00,9.891214611314e-03,9.891199871223e-03
2.827000000000e+00,9.918132817248e-03,9.918068049826e-03
2.828000000000e+00,9.945135662014e-03,9.944595781737e-03
2.829000000000e+00,9.970700524326e-03,9.970489416230e-03
2.830000000000e+00,9.995903305747e-03,9.995901631296e-03
2.831000000000e+00,1.002135187567e-02,1.002097964337e-02
2.832000000000e+00,1.004589864278e-02,1.004552751423e-02
2.833000000000e+00,1.006949819233e-02,1.006961927928e-02
2.834000000000e+00,1.009353194738e-02,1.009372664657e-02
2.835000000000e+00,1.011796182583e-02,1.011812440333e-02
2.836000000000e+00,1.014287657896e-02,1.014266259917e-02
2.837000000000e+00,1.016716623119e-02,1.016698705611e-02
2.838000000000e+00,1.019121515905e-02,1.019086520800e-02
2.839000000000e+00,1.021443715814e-02,1.021417039682e-02
2.840000000000e+00,1.023724601576e-02,1.023688886352e-02
2.841000000000e+00,1.025898408574e-02,1.025924645457e-02
2.842000000000e+00,1.028176110903e-02,1.028153308631e-02
2.843000000000e+00,1.030385180775e-02,1.030350221631e-02
2.844000000000e+00,1.032550192549e-02,1.032458955864e-02
2.845000000000e+00,1.034479722120e-02,1.034447562880e-02
2.846000000000e+00,1.036375454861e-02,1.036342083882e-02
2.847000000000e+00,1.038200922408e-02,1.038164839864e-02
2.848000000000e+00,1.039964987815e-02,1.039907803439e-02
2.849000000000e+00,1.041585485630e-02,1.041566964007e-02
2.850000000000e+00,1.043203030851e-02,1.043146941476e-02
2.851000000000e+00,1.044709302691e-02,1.044605868883e-02
2.852000000000e+00,1.046004987791e-02,1.045869043694e-02
2.853000000000e+00,1.047004887568e-02,1.046895741732e-02
2.854000000000e+00,1.047786987194e-02,1.047706268326e-02
2.855000000000e+00,1.048420377768e-02,1.048334202294e-02
2.856000000000e+00,1.048892575923e-02,1.048776618656e-02
2.857000000000e+00,1.049108270706e-02,1.049018352549e-02
2.858000000000e+00,1.049148789286e-02,1.049075792422e-02
2.859000000000e+00,1.049058467455e-02,1.048963556479e-02
2.860000000000e+00,1.048781776331e-02,1.048659771748e-02
2.861000000000e+00,1.048232176035e-02,1.048145949111e-02
2.862000000000e+00,1.047536631118e-02,1.047431372064e-02
2.863000000000e+00,1.046620422048e-02,1.046513174672e-02
2.864000000000e+00,1.045494124511e-02,1.045379118844e-02
2.865000000000e+00,1.044127213808e-02,1.044025502560e-02
2.866000000000e+00,1.042571794702e-02,1.042452325659e-02
2.867000000000e+00,1.040766684339e-02,1.040650976997e-02
2.868000000000e+00,1.038733352254e-02,1.038613392595e-02
2.869000000000e+00,1.036471767146e-02,1.036325014662e-02
2.870000000000e+00,1.033890229464e-02,1.033774859204e-02
2.871000000000e+00,1.031091554064e-02,1.030982424083e-02
2.872000000000e+00,1.028067818593e-02,1.027967548368e-02
2.873000000000e+00,1.024885312008e-02,1.024703950755e-02
2.874000000000e+00,1.021299146133e-02,1.021127490560e-02
2.875000000000e+00,1.017363317530e-02,1.017220731328e-02
2.876000000000e+00,1.013167915503e-02,1.012998659112e-02
2.877000000000e+00,1.008614256680e-02,1.008454876036e-02
2.878000000000e+00,1.003761158892e-02,1.003570406249e-02
2.879000000000e+00,9.985231634164e-03,9.983131169238e-03
2.880000000000e+00,9.928301289710e-03,9.926739255213e-03
2.881000000000e+00,9.868756427233e-03,9.866650523882e-03
2.882000000000e+00,9.804713338422e-03,9.802628509324e-03
2.883000000000e+00,9.736523452470e-03,9.734496457510e-03
2.884000000000e+00,9.664196517059e-03,9.662442469350e-03
2.885000000000e+00,9.588284082613e-03,9.586879797723e-03
2.886000000000e+00,9.510084738004e-03,9.507882481591e-03
2.887000000000e+00,9.427054944745e-03,9.424926768759e-03
2.888000000000e+00,9.339905125416e-03,9.337663794404e-03
2.889000000000e+00,9.248116455375e-03,9.246083911731e-03
2.890000000000e+00,9.152367492676e-03,9.150310678254e-03
2.891000000000e+00,9.052568997613e-03,9.050353603790e-03
2.892000000000e+00,8.948142391847e-03,8.946176899274e-03
2.893000000000e+00,8.840007621718e-03,8.837856888368e-03
2.894000000000e+00,8.727333377430e-03,8.725462056300e-03
2.895000000000e+00,8.611153242070e-03,8.609083540892e-03
2.896000000000e+00,8.490679074985e-03,8.488778325066e-03
2.897000000000e+00,8.366199863652e-03,8.364877918911e-03
2.898000000000e+00,8.239562222081e-03,8.237719905441e-03
2.899000000000e+00,8.109106227863e-03,8.106985812895e-03
2.900000000000e+00,7.974246515052e-03,7.972239889576e-03
2.901000000000e+00,7.835522981608e-03,7.833360265401e-03
2.902000000000e+00,7.692266839021e-03,7.690369054231e-03
2.903000000000e+00,7.545401268911e-03,7.543391256092e-03
2.904000000000e+00,7.394413272200e-03,7.392490026614e-03
2.905000000000e+00,7.239595100895e-03,7.237747435553e-03
2.906000000000e+00,7.081061421292e-03,7.079306503129e-03
2.907000000000e+00,6.919119396151e-03,6.917180688576e-03
2.908000000000e+00,6.753432774558e-03,6.751045394950e-03
2.909000000000e+00,6.582635233928e-03,6.580569562456e-03
2.910000000000e+00,6.407765416075e-03,6.405922335725e-03
2.911000000000e+00,6.229368498716e-03,6.227372086035e-03
2.912000000000e+00,6.046872670211e-03,6.044925979438e-03
2.913000000000e+00,5.860540984834e-03,5.858571126632e-03
2.914000000000e+00,5.670102398458e-03,5.668457121840e-03
2.915000000000e+00,5.476555597987e-03,5.474853493790e-03
2.916000000000e+00,5.279514695205e-03,5.277908916075e-03
2.917000000000e+00,5.079345011789e-03,5.077704360880e-03
2.918000000000e+00,4.875697275230e-03,4.874439909667e-03
2.919000000000e+00,4.669695349651e-03,4.668471468855e-03
2.920000000000e+00,4.461276018114e-03,4.460003665329e-03
2.921000000000e+00,4.250175229030e-03,4.249110824161e-03
2.922000000000e+00,4.037208736884e-03,4.035768398066e-03
2.923000000000e+00,3.821273551589e-03,3.819678954959e-03
2.924000000000e+00,3.601859980218e-03,3.600788684808e-03
2.925000000000e+00,3.380500124990e-03,3.379545741274e-03
2.926000000000e+00,3.157237027676e-03,3.156329138527e-03
2.927000000000e+00,2.932190020529e-03,2.931279960370e-03
2.928000000000e+00,2.705196291205e-03,2.704576647353e-03
2.929000000000e+00,2.476989027315e-03,2.476569684070e-03
2.930000000000e+00,2.248181015679e-03,2.247454360192e-03
2.931000000000e+00,2.017600642250e-03,2.017216053630e-03
2.932000000000e+00,1.786515650359e-03,1.785918267807e-03
2.933000000000e+00,1.554199958179e-03,1.553479967026e-03
2.934000000000e+00,1.320174228580e-03,1.319935174274e-03
2.935000000000e+00,1.085913339154e-03,1.085601798494e-03
2.936000000000e+00,8.511525151722e-04,8.504968931044e-04
2.937000000000e+00,6.147269330089e-04,6.145234345286e-04
2.938000000000e+00,3.780231650059e-04,3.780035670271e-04
2.939000000000e+00,1.414546896950e-04,1.412036550347e-04
2.940000000000e+00,-9.578203416328e-05,-9.591712196119e-05
2.941000000000e+00,-3.332353455589e-04,-3.333056594739e-04
2.942000000000e+00,-5.709805644344e-04,-5.706821443812e-04
2.943000000000e+00,-8.079169077664e-04,-8.076940418336e-04
2.944000000000e+00,-1.044558381652e-03,-1.044190005523e-03
2.945000000000e+00,-1.280092803521e-03,-1.280350612194e-03
2.946000000000e+00,-1.516517219007e-03,-1.516589249010e-03
2.947000000000e+00,-1.753048082212e-03,-1.752926600686e-03
2.948000000000e+00,-1.989347202148e-03,-1.988978336079e-03
2.949000000000e+00,-2.225051120269e-03,-2.224222951795e-03
2.950000000000e+00,-2.458563428253e-03,-2.458508703447e-03
2.951000000000e+00,-2.692113387354e-03,-2.692518801764e-03
2.952000000000e+00,-2.926824209777e-03,-2.926800258430e-03
2.953000000000e+00,-3.161486547979e-03,-3.161014289202e-03
2.954000000000e+00,-3.394920482425e-03,-3.394658276123e-03
2.955000000000e+00,-3.627962533514e-03,-3.627668335262e-03
2.956000000000e+00,-3.860383312162e-03,-3.860086825929e-03
2.957000000000e+00,-4.092286909203e-03,-4.091852339143e-03
2.958000000000e+00,-4.323156238875e-03,-4.322946082075e-03
2.959000000000e+00,-4.553690721685e-03,-4.553532702439e-03
2.960000000000e+00,-4.783922969064e-03,-4.783715551745e-03
2.961000000000e+00,-5.013924971481e-03,-5.013271066725e-03
2.962000000000e+00,-5.242382533609e-03,-5.241757759679e-03
2.963000000000e+00,-5.469815696688e-03,-5.468829054561e-03
2.964000000000e+00,-5.694875938317e-03,-5.694318122936e-03
2.965000000000e+00,-5.919337019604e-03,-5.918170813720e-03
2.966000000000e+00,-6.140980439117e-03,-6.140212612072e-03
2.967000000000e+00,-6.361287945698e-03,-6.360616305753e-03
2.968000000000e+00,-6.579998455696e-03,-6.579926065055e-03
2.969000000000e+00,-6.798825334823e-03,-6.798726740147e-03
2.970000000000e+00,-7.017645610048e-03,-7.017007741605e-03
2.971000000000e+00,-7.235117897542e-03,-7.234122845430e-03
2.972000000000e+00,-7.450379214781e-03,-7.449575055466e-03
2.973000000000e+00,-7.664070068782e-03,-7.663403763236e-03
2.974000000000e+00,-7.876502998648e-03,-7.875800342034e-03
2.975000000000e+00,-8.087459991654e-03,-8.086833162453e-03
2.976000000000e+00,-8.297315532261e-03,-8.296404232966e-03
2.977000000000e+00,-8.505371993107e-03,-8.504126249669e-03
2.978000000000e+00,-8.710762154700e-03,-8.709637266926e-03
2.979000000000e+00,-8.913760900339e-03,-8.913073378668e-03
2.980000000000e+00,-9.115679780920e-03,-9.114784103143e-03
2.981000000000e+00,-9.315650671977e-03,-9.314810495535e-03
2.982000000000e+00,-9.514112491793e-03,-9.512997294729e-03
2.983000000000e+00,-9.710142555968e-03,-9.709157364298e-03
2.984000000000e+00,-9.904386090874e-03,-9.903233117862e-03
2.985000000000e+00,-1.009592351026e-02,-1.009543127580e-02
2.986000000000e+00,-1.028688135513e-02,-1.028619275547e-02
2.987000000000e+00,-1.047634070905e-02,-1.047565356088e-02
2.988000000000e+00,-1.066440633004e-02,-1.066376270045e-02
2.989000000000e+00,-1.085131385420e-02,-1.085042823269e-02
2.990000000000e+00,-1.103636486558e-02,-1.103547835323e-02
2.991000000000e+00,-1.121937635406e-02,-1.121905240822e-02
2.992000000000e+00,-1.140217420580e-02,-1.140151368964e-02
2.993000000000e+00,-1.158327891481e-02,-1.158298808333e-02
2.994000000000e+00,-1.176416521726e-02,-1.176350751707e-02
2.995000000000e+00,-1.194350340515e-02,-1.194292749031e-02
2.996000000000e+00,-1.212180465634e-02,-1.212111181245e-02
2.997000000000e+00,-1.229862343797e-02,-1.229801498643e-02
2.998000000000e+00,-1.247425368392e-02,-1.247367835912e-02
2.999000000000e+00,-1.264875555653e-02,-1.264815416533e-02
3.000000000000e+00,-1.282204998619e-02,-1.282145365230e-02
3.001000000000e+00,-1.299404814319e-02,-1.299367557879e-02
3.002000000000e+00,-1.316543683193e-02,-1.316497271719e-02
3.003000000000e+00,-1.333593156377e-02,-1.333524107131e-02
3.004000000000e+00,-1.350511390437e-02,-1.350408624760e-02
3.005000000000e+00,-1.367197778159e-02,-1.367119616932e-02
3.006000000000e+00,-1.383743653996e-02,-1.383654207150e-02
3.007000000000e+00,-1.400126869676e-02,-1.399990939698e-02
3.008000000000e+00,-1.416204674033e-02,-1.416092706555e-02
3.009000000000e+00,-1.432087340741e-02,-1.431944680058e-02
3.010000000000e+00,-1.447656716641e-02,-1.447541939829e-02
3.011000000000e+00,-1.463006601819e-02,-1.462901693807e-02
3.012000000000e+00,-1.478148468362e-02,-1.478048393636e-02
3.013000000000e+00,-1.493082683528e-02,-1.493000658917e-02
3.014000000000e+00,-1.507870834548e-02,-1.507769878595e-02
3.015000000000e+00,-1.522436889494e-02,-1.522358104858e-02
3.016000000000e+00,-1.536859524355e-02,-1.536774827588e-02
3.017000000000e+00,-1.551106549250e-02,-1.551023689962e-02
3.018000000000e+00,-1.565203221532e-02,-1.565090319197e-02
3.019000000000e+00,-1.579057951818e-02,-1.578952221286e-02
3.020000000000e+00,-1.592693956200e-02,-1.592610950413e-02
3.021000000000e+00,-1.606188921633e-02,-1.606076593589e-02
3.022000000000e+00,-1.619431992183e-02,-1.619349018364e-02
3.023000000000e+00,-1.632513908519e-02,-1.632447768307e-02
3.024000000000e+00,-1.645493033276e-02,-1.645373820517e-02
3.025000000000e+00,-1.658221309951e-02,-1.658076789065e-02
3.026000000000e+00,-1.670641184762e-02,-1.670523306321e-02
3.027000000000e+00,-1.682818536051e-02,-1.682741383200e-02
3.028000000000e+00,-1.694871172806e-02,-1.694767243401e-02
3.029000000000e+00,-1.706704018266e-02,-1.706594738425e-02
3.030000000000e+00,-1.718318521228e-02,-1.718207082873e-02
3.031000000000e+00,-1.729706914292e-02,-1.729602304764e-02
3.032000000000e+00,-1.740881941659e-02,-1.740793325538e-02
3.033000000000e+00,-1.751886235029e-02,-1.751796179842e-02
3.034000000000e+00,-1.762720168381e-02,-1.762603509058e-02
3.035000000000e+00,-1.773319873219e-02,-1.773182401625e-02
3.036000000000e+00,-1.783620369980e-02,-1.783517171427e-02
3.037000000000e+00,-1.793732009350e-02,-1.793629164310e-02
3.038000000000e+00,-1.803627173107e-02,-1.803543039153e-02
3.039000000000e+00,-1.813368099728e-02,-1.813272661423e-02
3.040000000000e+00,-1.822911209414e-02,-1.822815723647e-02
3.041000000000e+00,-1.832271162991e-02,-1.832157158632e-02
3.042000000000e+00,-1.841407715883e-02,-1.841268766387e-02
3.043000000000e+00,-1.850239384214e-02,-1.850134196205e-02
3.044000000000e+00,-1.858883620456e-02,-1.858761399141e-02
3.045000000000e+00,-1.867289996687e-02,-1.867133719669e-02
3.046000000000e+00,-1.875364925774e-02,-1.875218774087e-02
3.047000000000e+00,-1.883148205743e-02,-1.883016446173e-02
3.048000000000e+00,-1.890664128882e-02,-1.890555001623e-02
3.049000000000e+00,-1.897965270365e-02,-1.897865711386e-02
3.050000000000e+00,-1.905088625185e-02,-1.904949408231e-02
3.051000000000e+00,-1.911918150982e-02,-1.911770382700e-02
3.052000000000e+00,-1.918456088085e-02,-1.918296871788e-02
3.053000000000e+00,-1.924663254561e-02,-1.924514834232e-02
3.054000000000e+00,-1.930602215128e-02,-1.930411102764e-02
3.055000000000e+00,-1.936106166573e-02,-1.935983762726e-02
3.056000000000e+00,-1.941404705138e-02,-1.941265361067e-02
3.057000000000e+00,-1.946436279918e-02,-1.946253417437e-02
3.058000000000e+00,-1.951054951397e-02,-1.950931840276e-02
3.059000000000e+00,-1.955461348390e-02,-1.955329274342e-02
3.060000000000e+00,-1.959594884433e-02,-1.959464533499e-02
3.061000000000e+00,-1.963475274583e-02,-1.963327532117e-02
3.062000000000e+00,-1.967069970728e-02,-1.966881776941e-02
3.063000000000e+00,-1.970277303369e-02,-1.970073356138e-02
3.064000000000e+00,-1.973074119501e-02,-1.972859486211e-02
3.065000000000e+00,-1.975458880848e-02,-1.975203903403e-02
3.066000000000e+00,-1.977286721903e-02,-1.977086941053e-02
3.067000000000e+00,-1.978773813368e-02,-1.978511569015e-02
3.068000000000e+00,-1.979681299493e-02,-1.979472152629e-02
3.069000000000e+00,-1.980186618243e-02,-1.980000843889e-02
3.070000000000e+00,-1.980336685001e-02,-1.980135957226e-02
3.071000000000e+00,-1.980062919038e-02,-1.979885560110e-02
3.072000000000e+00,-1.979481280774e-02,-1.979229029516e-02
3.073000000000e+00,-1.978353593773e-02,-1.978115214023e-02
3.074000000000e+00,-1.976752133919e-02,-1.976528481698e-02
3.075000000000e+00,-1.974711857187e-02,-1.974481243113e-02
3.076000000000e+00,-1.972211793852e-02,-1.971968151866e-02
3.077000000000e+00,-1.969225073084e-02,-1.968967080115e-02
3.078000000000e+00,-1.965719719141e-02,-1.965455969368e-02
3.079000000000e+00,-1.961678222827e-02,-1.961432492036e-02
3.080000000000e+00,-1.957136109542e-02,-1.956921612004e-02
3.081000000000e+00,-1.952209463314e-02,-1.951928530326e-02
3.082000000000e+00,-1.946687425212e-02,-1.946413362497e-02
3.083000000000e+00,-1.940605175054e-02,-1.940366996013e-02
3.084000000000e+00,-1.934081254419e-02,-1.933803108489e-02
3.085000000000e+00,-1.926978826985e-02,-1.926704751559e-02
3.086000000000e+00,-1.919333955003e-02,-1.919061684029e-02
3.087000000000e+00,-1.911119860318e-02,-1.910901953631e-02
3.088000000000e+00,-1.902494366021e-02,-1.902274323058e-02
3.089000000000e+00,-1.893440848886e-02,-1.893188036013e-02
3.090000000000e+00,-1.883860509213e-02,-1.883615297659e-02
3.091000000000e+00,-1.873822365163e-02,-1.873524714683e-02
3.092000000000e+00,-1.863132587325e-02,-1.862903327638e-02
3.093000000000e+00,-1.852018212696e-02,-1.851792345672e-02
3.094000000000e+00,-1.840436320953e-02,-1.840232369060e-02
3.095000000000e+00,-1.828492307991e-02,-1.828214691765e-02
3.096000000000e+00,-1.815944900134e-02,-1.815704850327e-02
3.097000000000e+00,-1.802894723950e-02,-1.802737462242e-02
3.098000000000e+00,-1.789617335342e-02,-1.789349247916e-02
3.099000000000e+00,-1.775749801459e-02,-1.775477533129e-02
3.100000000000e+00,-1.761348154780e-02,-1.761060662199e-02
3.101000000000e+00,-1.746368153228e-02,-1.746079049715e-02
3.102000000000e+00,-1.730779218126e-02,-1.730552541267e-02
3.103000000000e+00,-1.714783072993e-02,-1.714519365714e-02
3.104000000000e+00,-1.698237372445e-02,-1.697974713001e-02
3.105000000000e+00,-1.681184122405e-02,-1.680897095386e-02
3.106000000000e+00,-1.663505983453e-02,-1.663299159077e-02
3.107000000000e+00,-1.645473983786e-02,-1.645221560792e-02
3.108000000000e+00,-1.626907466036e-02,-1.626662764995e-02
3.109000000000e+00,-1.607868208248e-02,-1.607607556247e-02
3.110000000000e+00,-1.588268479733e-02,-1.588074831848e-02
3.111000000000e+00,-1.568315680971e-02,-1.568119413276e-02
3.112000000000e+00,-1.547954630212e-02,-1.547786535173e-02
3.113000000000e+00,-1.527252011636e-02,-1.527118045385e-02
3.114000000000e+00,-1.506324376231e-02,-1.506131392701e-02
3.115000000000e+00,-1.484971166474e-02,-1.484807918674e-02
3.116000000000e+00,-1.463278807811e-02,-1.463176187498e-02
3.117000000000e+00,-1.441419785211e-02,-1.441288309432e-02
3.118000000000e+00,-1.419291865028e-02,-1.419134137609e-02
3.119000000000e+00,-1.396857989929e-02,-1.396669762267e-02
3.120000000000e+00,-1.373977372188e-02,-1.373909379184e-02
3.121000000000e+00,-1.351032745257e-02,-1.350924394306e-02
3.122000000000e+00,-1.327882598470e-02,-1.327700940923e-02
3.123000000000e+00,-1.304320376386e-02,-1.304180496122e-02
3.124000000000e+00,-1.280479294837e-02,-1.280377427918e-02
3.125000000000e+00,-1.256491029070e-02,-1.256306183001e-02
3.126000000000e+00,-1.232065374343e-02,-1.231938605347e-02
3.127000000000e+00,-1.207424217971e-02,-1.207282567820e-02
3.128000000000e+00,-1.182487965511e-02,-1.182348807488e-02
3.129000000000e+00,-1.157282337676e-02,-1.157133333659e-02
3.130000000000e+00,-1.131751382024e-02,-1.131648627329e-02
3.131000000000e+00,-1.106047920490e-02,-1.105920720197e-02
3.132000000000e+00,-1.080077888911e-02,-1.079946404652e-02
3.133000000000e+00,-1.053849551071e-02,-1.053707546785e-02
3.134000000000e+00,-1.027329260409e-02,-1.027201394554e-02
3.135000000000e+00,-1.000527733114e-02,-1.000467533647e-02
3.136000000000e+00,-9.736485591137e-03,-9.735647963270e-03
3.137000000000e+00,-9.465744234254e-03,-9.465126508704e-03
3.138000000000e+00,-9.194183671153e-03,-9.192940739797e-03
3.139000000000e+00,-8.919736583905e-03,-8.918785868082e-03
3.140000000000e+00,-8.643212162415e-03,-8.642971866637e-03
3.141000000000e+00,-8.366639481111e-03,-8.366093269030e-03
3.142000000000e+00,-8.089014999447e-03,-8.088074465467e-03
3.143000000000e+00,-7.809028248550e-03,-7.808774599774e-03
3.144000000000e+00,-7.528850731061e-03,-7.528625829108e-03
3.145000000000e+00,-7.248249165661e-03,-7.247865502526e-03
3.146000000000e+00,-6.967057893154e-03,-6.966126269706e-03
3.147000000000e+00,-6.683790605845e-03,-6.682799466628e-03
3.148000000000e+00,-6.398495696476e-03,-6.397661269149e-03
3.149000000000e+00,-6.111329534503e-03,-6.111080879076e-03
3.150000000000e+00,-5.823967611952e-03,-5.823588025823e-03
3.151000000000e+00,-5.535979914403e-03,-5.535188026831e-03
3.152000000000e+00,-5.245934878909e-03,-5.245810472657e-03
3.153000000000e+00,-4.955794866543e-03,-4.956012951564e-03
3.154000000000e+00,-4.666369587265e-03,-4.666266648428e-03
3.155000000000e+00,-4.376525419114e-03,-4.376534928370e-03
3.156000000000e+00,-4.086746748241e-03,-4.086771729001e-03
3.157000000000e+00,-3.797161160214e-03,-3.796872808194e-03
3.158000000000e+00,-3.506875070031e-03,-3.506534092448e-03
3.159000000000e+00,-3.215930314494e-03,-3.215553199643e-03
3.160000000000e+00,-2.924063616578e-03,-2.924001731044e-03
3.161000000000e+00,-2.632285628350e-03,-2.632093331989e-03
3.162000000000e+00,-2.339996440849e-03,-2.339879792758e-03
3.163000000000e+00,-2.047673515653e-03,-2.047253424309e-03
3.164000000000e+00,-1.754201815253e-03,-1.754113267261e-03
3.165000000000e+00,-1.460821819389e-03,-1.460509245920e-03
3.166000000000e+00,-1.166728985134e-03,-1.166361649171e-03
3.167000000000e+00,-8.718078156405e-04,-8.715757260310e-04
3.168000000000e+00,-5.766618994554e-04,-5.760844411422e-04
3.169000000000e+00,-2.800375658862e-04,-2.797325598222e-04
3.170000000000e+00,1.674756808062e-05,1.764099532958e-05
3.171000000000e+00,3.159243497395e-04,3.161026856518e-04
3.172000000000e+00,6.152262378457e-04,6.151774284910e-04
3.173000000000e+00,9.141410166808e-04,9.145952710694e-04
3.174000000000e+00,1.214090718916e-03,1.214761516601e-03
3.175000000000e+00,1.515588307773e-03,1.515915322147e-03
3.176000000000e+00,1.817835670378e-03,1.817575137749e-03
3.177000000000e+00,2.119388575705e-03,2.118968487848e-03
3.178000000000e+00,2.419992866206e-03,2.419756157357e-03
3.179000000000e+00,2.719996426111e-03,2.720234379445e-03
3.180000000000e+00,3.020661369183e-03,3.020897918422e-03
3.181000000000e+00,3.322025283046e-03,3.321764449752e-03
3.182000000000e+00,3.622457906329e-03,3.622574792392e-03
3.183000000000e+00,3.923380705034e-03,3.923349886171e-03
3.184000000000e+00,4.224260834980e-03,4.224030265529e-03
3.185000000000e+00,4.524450373013e-03,4.524513220132e-03
3.186000000000e+00,4.825006081133e-03,4.824875794155e-03
3.187000000000e+00,5.125137681663e-03,5.125138899926e-03
3.188000000000e+00,5.425328273377e-03,5.425357834186e-03
3.189000000000e+00,5.725590468754e-03,5.725552667834e-03
3.190000000000e+00,6.025982287775e-03,6.025439320768e-03
3.191000000000e+00,6.325019529612e-03,6.324536088755e-03
3.192000000000e+00,6.623245140350e-03,6.622548981721e-03
3.193000000000e+00,6.919931591848e-03,6.919363554331e-03
3.194000000000e+00,7.215404089749e-03,7.215152912368e-03
3.195000000000e+00,7.510514015505e-03,7.510193439660e-03
3.196000000000e+00,7.805230351774e-03,7.804215751383e-03
3.197000000000e+00,8.097868942216e-03,8.096378923126e-03
3.198000000000e+00,8.386879291447e-03,8.386378216830e-03
3.199000000000e+00,8.675392998609e-03,8.674767195135e-03
3.200000000000e+00,8.962847315134e-03,8.961643123646e-03
3.201000000000e+00,9.247330823725e-03,9.246782845287e-03
3.202000000000e+00,9.531044982653e-03,9.530438895968e-03
3.203000000000e+00,9.813783156590e-03,9.812526741709e-03
3.204000000000e+00,1.009374429864e-02,1.009238381771e-02
3.205000000000e+00,1.037112481855e-02,1.036943035246e-02
3.206000000000e+00,1.064494568730e-02,1.064334889880e-02
3.207000000000e+00,1.091537687208e-02,1.091430115381e-02
3.208000000000e+00,1.118404908250e-02,1.118266447246e-02
3.209000000000e+00,1.144963995016e-02,1.144853480917e-02
3.210000000000e+00,1.171331301658e-02,1.171192102089e-02
3.211000000000e+00,1.197392098774e-02,1.197281304539e-02
3.212000000000e+00,1.223247546062e-02,1.223130514224e-02
3.213000000000e+00,1.248876747607e-02,1.248734721557e-02
3.214000000000e+00,1.274205114693e-02,1.274077904850e-02
3.215000000000e+00,1.299274296077e-02,1.299169328206e-02
3.216000000000e+00,1.324167221442e-02,1.324012118769e-02
3.217000000000e+00,1.348715674062e-02,1.348580416959e-02
3.218000000000e+00,1.373013892392e-02,1.372862943707e-02
3.219000000000e+00,1.396987972183e-02,1.396861081229e-02
3.220000000000e+00,1.420745605157e-02,1.420561850936e-02
3.221000000000e+00,1.444117583338e-02,1.443918052699e-02
3.222000000000e+00,1.467065935566e-02,1.466909840620e-02
3.223000000000e+00,1.489722267147e-02,1.489565120623e-02
3.224000000000e+00,1.512071208065e-02,1.511896292484e-02
3.225000000000e+00,1.534049515868e-02,1.533902546843e-02
3.226000000000e+00,1.555745881909e-02,1.555601637406e-02
3.227000000000e+00,1.577158046033e-02,1.577001715269e-02
3.228000000000e+00,1.598261762031e-02,1.598078626815e-02
3.229000000000e+00,1.619012396475e-02,1.618780503893e-02
3.230000000000e+00,1.639254454920e-02,1.639073933110e-02
3.231000000000e+00,1.659158747908e-02,1.658984984226e-02
3.232000000000e+00,1.678712287815e-02,1.678546967474e-02
3.233000000000e+00,1.697936748551e-02,1.697776294252e-02
3.234000000000e+00,1.716841319698e-02,1.716681701881e-02
3.235000000000e+00,1.735429734975e-02,1.735256592787e-02
3.236000000000e+00,1.753698190409e-02,1.753459885332e-02
3.237000000000e+00,1.771436519601e-02,1.771248366093e-02
3.238000000000e+00,1.788832280740e-02,1.788626906114e-02
3.239000000000e+00,1.805811581128e-02,1.805595711583e-02
3.240000000000e+00,1.822354068180e-02,1.822138153989e-02
3.241000000000e+00,1.838477305454e-02,1.838238453359e-02
3.242000000000e+00,1.854097192414e-02,1.853891180201e-02
3.243000000000e+00,1.869319371486e-02,1.869118609631e-02
3.244000000000e+00,1.884136481241e-02,1.883946551503e-02
3.245000000000e+00,1.898572047084e-02,1.898399157446e-02
3.246000000000e+00,1.912655718506e-02,1.912508308396e-02
3.247000000000e+00,1.926471119206e-02,1.926287482824e-02
3.248000000000e+00,1.939912671870e-02,1.939705337338e-02
3.249000000000e+00,1.952926804525e-02,1.952730078417e-02
3.250000000000e+00,1.965540561770e-02,1.965369368888e-02
3.251000000000e+00,1.977833027811e-02,1.977641843775e-02
3.252000000000e+00,1.989726372496e-02,1.989548003305e-02
3.253000000000e+00,2.001272461298e-02,2.001083571527e-02
3.254000000000e+00,2.012458343177e-02,2.012224571333e-02
3.255000000000e+00,2.023133048806e-02,2.022946680081e-02
3.256000000000e+00,2.033473497219e-02,2.033259039224e-02
3.257000000000e+00,2.043356414949e-02,2.043174370982e-02
3.258000000000e+00,2.052873175734e-02,2.052725538271e-02
3.259000000000e+00,2.062134392323e-02,2.061932985724e-02
3.260000000000e+00,2.070959912225e-02,2.070770486483e-02
3.261000000000e+00,2.079424000748e-02,2.079219057757e-02
3.262000000000e+00,2.087450037953e-02,2.087282344831e-02
3.263000000000e+00,2.095187611328e-02,2.094961744433e-02
3.264000000000e+00,2.102425412382e-02,2.102240538649e-02
3.265000000000e+00,2.109317906642e-02,2.109127114955e-02
3.266000000000e+00,2.115825696833e-02,2.115632022138e-02
3.267000000000e+00,2.121941371782e-02,2.121761942775e-02
3.268000000000e+00,2.127678406980e-02,2.127554790948e-02
3.269000000000e+00,2.133199319429e-02,2.133061734121e-02
3.270000000000e+00,2.138439795289e-02,2.138291169551e-02
3.271000000000e+00,2.143390899569e-02,2.143218480804e-02
3.272000000000e+00,2.147975905141e-02,2.147826828591e-02
3.273000000000e+00,2.152271900545e-02,2.152116939473e-02
3.274000000000e+00,2.156307897423e-02,2.156046920666e-02
3.275000000000e+00,2.159726212048e-02,2.159561567586e-02
3.276000000000e+00,2.162888780021e-02,2.162675388061e-02
3.277000000000e+00,2.165584636271e-02,2.165400742872e-02
3.278000000000e+00,2.167916010400e-02,2.167757956460e-02
3.279000000000e+00,2.169952008942e-02,2.169773281634e-02
3.280000000000e+00,2.171612282829e-02,2.171453148902e-02
3.281000000000e+00,2.172949170437e-02,2.172818578198e-02
3.282000000000e+00,2.174056186658e-02,2.173882135084e-02
3.283000000000e+00,2.174802964979e-02,2.174610575083e-02
3.284000000000e+00,2.175151205438e-02,2.174977671817e-02
3.285000000000e+00,2.175149701672e-02,2.175002346010e-02
3.286000000000e+00,2.174864077159e-02,2.174714222490e-02
3.287000000000e+00,2.174292371335e-02,2.174107774024e-02
3.288000000000e+00,2.173336503408e-02,2.173152311447e-02
3.289000000000e+00,2.172004173847e-02,2.171845781101e-02
3.290000000000e+00,2.170347516550e-02,2.170230496113e-02
3.291000000000e+00,2.168475788286e-02,2.168352317801e-02
3.292000000000e+00,2.166369911061e-02,2.166206426500e-02
3.293000000000e+00,2.163927297548e-02,2.163750431255e-02
3.294000000000e+00,2.161106342783e-02,2.160972863979e-02
3.295000000000e+00,2.158040323271e-02,2.157898277619e-02
3.296000000000e+00,2.154710023100e-02,2.154517041023e-02
3.297000000000e+00,2.150947844011e-02,2.150802919454e-02
3.298000000000e+00,2.146926766066e-02,2.146768120583e-02
3.299000000000e+00,2.142579558363e-02,2.142418670930e-02
3.300000000000e+00,2.137920193645e-02,2.137739802003e-02
3.301000000000e+00,2.132883470345e-02,2.132721042185e-02
3.302000000000e+00,2.127524010819e-02,2.127376079567e-02
3.303000000000e+00,2.121879038195e-02,2.121726226500e-02
3.304000000000e+00,2.115903079569e-02,2.115798253077e-02
3.305000000000e+00,2.109742265098e-02,2.109632224193e-02
3.306000000000e+00,2.103357371929e-02,2.103245704421e-02
3.307000000000e+00,2.096748380727e-02,2.096636219229e-02
3.308000000000e+00,2.089920481086e-02,2.089793547488e-02
3.309000000000e+00,2.082844914678e-02,2.082698028475e-02
3.310000000000e+00,2.075430107712e-02,2.075358830208e-02
3.311000000000e+00,2.067927202468e-02,2.067815198599e-02
3.312000000000e+00,2.060180599215e-02,2.060064645254e-02
3.313000000000e+00,2.052191748225e-02,2.052095578824e-02
3.314000000000e+00,2.044034894196e-02,2.043906508860e-02
3.315000000000e+00,2.035602653830e-02,2.035478208871e-02
3.316000000000e+00,2.026933881539e-02,2.026791977732e-02
3.317000000000e+00,2.017964722747e-02,2.017839874805e-02
3.318000000000e+00,2.008757297676e-02,2.008626350191e-02
3.319000000000e+00,1.999286033986e-02,1.999154846164e-02
3.320000000000e+00,1.989536507065e-02,1.989438924806e-02
3.321000000000e+00,1.979612331966e-02,1.979500947807e-02
3.322000000000e+00,1.969469992158e-02,1.969327842837e-02
3.323000000000e+00,1.959046235263e-02,1.958875761691e-02
3.324000000000e+00,1.948238446040e-02,1.948133175765e-02
3.325000000000e+00,1.937263339302e-02,1.937132306594e-02
3.326000000000e+00,1.926011620832e-02,1.925876836940e-02
3.327000000000e+00,1.914501169089e-02,1.914346690628e-02
3.328000000000e+00,1.902653237545e-02,1.902538459578e-02
3.329000000000e+00,1.890605217041e-02,1.890465548359e-02
3.330000000000e+00,1.878277025731e-02,1.878109631432e-02
3.331000000000e+00,1.865604492999e-02,1.865437151941e-02
3.332000000000e+00,1.852579403832e-02,1.852451762910e-02
3.333000000000e+00,1.839324819388e-02,1.839182400744e-02
3.334000000000e+00,1.825770056388e-02,1.825642554898e-02
3.335000000000e+00,1.811964978251e-02,1.811844932680e-02
3.336000000000e+00,1.797918199561e-02,1.797804758665e-02
3.337000000000e+00,1.783658871513e-02,1.783520825245e-02
3.338000000000e+00,1.769109451118e-02,1.768975418985e-02
3.339000000000e+00,1.754299926524e-02,1.754159588778e-02
3.340000000000e+00,1.739187503573e-02,1.739088434654e-02
3.341000000000e+00,1.723896143380e-02,1.723801076349e-02
3.342000000000e+00,1.708398116116e-02,1.708334638524e-02
3.343000000000e+00,1.692804054692e-02,1.692703868597e-02
3.344000000000e+00,1.676996622981e-02,1.676882672473e-02
3.345000000000e+00,1.660964877557e-02,1.660833535649e-02
3.346000000000e+00,1.644662704925e-02,1.644532828488e-02
3.347000000000e+00,1.628097724818e-02,1.627976818083e-02
3.348000000000e+00,1.611298646138e-02,1.611171504377e-02
3.349000000000e+00,1.594235015995e-02,1.594128723830e-02
3.350000000000e+00,1.576942152038e-02,1.576888251792e-02
3.351000000000e+00,1.559587335183e-02,1.559484142669e-02
3.352000000000e+00,1.542001720178e-02,1.541893413845e-02
3.353000000000e+00,1.524214393025e-02,1.524077291938e-02
3.354000000000e+00,1.506126316891e-02,1.506018181344e-02
3.355000000000e+00,1.487835435371e-02,1.487728663250e-02
3.356000000000e+00,1.469335968795e-02,1.469213406737e-02
3.357000000000e+00,1.450599228686e-02,1.450451813161e-02
3.358000000000e+00,1.431522131408e-02,1.431449950299e-02
3.359000000000e+00,1.412337306865e-02,1.412269413048e-02
3.360000000000e+00,1.392988719000e-02,1.392972985281e-02
3.361000000000e+00,1.373652565126e-02,1.373592676600e-02
3.362000000000e+00,1.354180294549e-02,1.354105624391e-02
3.363000000000e+00,1.334555720513e-02,1.334474377359e-02
3.364000000000e+00,1.314780734376e-02,1.314669519473e-02
3.365000000000e+00,1.294760349529e-02,1.294669926048e-02
3.366000000000e+00,1.274568106604e-02,1.274481679194e-02
3.367000000000e+00,1.254206304928e-02,1.254118861732e-02
3.368000000000e+00,1.233648873655e-02,1.233604076658e-02
3.369000000000e+00,1.213025295761e-02,1.212970912337e-02
3.370000000000e+00,1.192294302921e-02,1.192226418189e-02
3.371000000000e+00,1.171406334589e-02,1.171371515130e-02
3.372000000000e+00,1.150467332623e-02,1.150427770432e-02
3.373000000000e+00,1.129440607319e-02,1.129411513550e-02
3.374000000000e+00,1.108359411407e-02,1.108329386040e-02
3.375000000000e+00,1.087234736493e-02,1.087163590028e-02
3.376000000000e+00,1.065963885673e-02,1.065865871654e-02
3.377000000000e+00,1.044461243720e-02,1.044417228229e-02
3.378000000000e+00,1.022900207928e-02,1.022850787257e-02
3.379000000000e+00,1.001225677914e-02,1.001197283044e-02
3.380000000000e+00,9.795014604192e-03,9.794775219539e-03
3.381000000000e+00,9.577403395959e-03,9.576976621955e-03
3.382000000000e+00,9.358739207205e-03,9.358627657516e-03
3.383000000000e+00,9.139668818852e-03,9.140232437091e-03
3.384000000000e+00,8.922264225776e-03,8.922279866816e-03
3.385000000000e+00,8.704717809855e-03,8.704513060438e-03
3.386000000000e+00,8.486591034415e-03,8.486586576407e-03
3.387000000000e+00,8.268604430229e-03,8.268495417933e-03
3.388000000000e+00,8.050352112431e-03,8.050248258193e-03
3.389000000000e+00,7.831767749416e-03,7.831923951349e-03
3.390000000000e+00,7.613731528996e-03,7.613634299062e-03
3.391000000000e+00,7.395380397053e-03,7.395251073063e-03
3.392000000000e+00,7.176821107195e-03,7.176579021421e-03
3.393000000000e+00,6.957726975693e-03,6.957489461197e-03
3.394000000000e+00,6.738134895846e-03,6.737951250739e-03
3.395000000000e+00,6.518255001140e-03,6.517972517155e-03
3.396000000000e+00,6.297674604561e-03,6.297602266012e-03
3.397000000000e+00,6.076960466358e-03,6.077112687348e-03
3.398000000000e+00,5.856522543105e-03,5.856928740470e-03
3.399000000000e+00,5.637037731186e-03,5.637335700557e-03
3.400000000000e+00,5.418251555453e-03,5.418222447065e-03
3.401000000000e+00,5.199130613114e-03,5.199338663654e-03
3.402000000000e+00,4.980757841196e-03,4.980524489583e-03
3.403000000000e+00,4.761681421094e-03,4.761530853333e-03
3.404000000000e+00,4.542198012600e-03,4.542447673529e-03
3.405000000000e+00,4.323206403593e-03,4.323806189301e-03
3.406000000000e+00,4.105794101717e-03,4.105859207134e-03
3.407000000000e+00,3.888351116958e-03,3.888204435336e-03
3.408000000000e+00,3.670505588902e-03,3.670449389077e-03
3.409000000000e+00,3.452571255609e-03,3.452621748842e-03
3.410000000000e+00,3.234563611312e-03,3.235075606724e-03
3.411000000000e+00,3.017845163809e-03,3.018279892138e-03
3.412000000000e+00,2.801733312724e-03,2.802566448663e-03
3.413000000000e+00,2.587679451832e-03,2.588094210881e-03
3.414000000000e+00,2.374159248102e-03,2.374738037249e-03
3.415000000000e+00,2.161950856807e-03,2.162352734093e-03
3.416000000000e+00,1.950705037834e-03,1.950629768141e-03
3.417000000000e+00,1.738820501266e-03,1.739359958899e-03
3.418000000000e+00,1.528242725756e-03,1.528920538596e-03
3.419000000000e+00,1.319206177806e-03,1.319609748013e-03
3.420000000000e+00,1.110594499176e-03,1.111525584045e-03
3.421000000000e+00,9.041700608353e-04,9.049622609959e-04
3.422000000000e+00,6.992044256484e-04,7.000302667560e-04
3.423000000000e+00,4.960970790025e-04,4.965149837555e-04
3.424000000000e+00,2.937018152997e-04,2.940171248322e-04
3.425000000000e+00,9.171956028157e-05,9.242658057804e-05
3.426000000000e+00,-1.085797110266e-04,-1.080627470497e-04
3.427000000000e+00,-3.079198255526e-04,-3.074994756132e-04
3.428000000000e+00,-5.063312122517e-04,-5.061431992520e-04
3.429000000000e+00,-7.046018607690e-04,-7.040798844144e-04
3.430000000000e+00,-9.018821613872e-04,-9.009033526552e-04
3.431000000000e+00,-1.096927829516e-03,-1.096080968483e-03
3.432000000000e+00,-1.290580815912e-03,-1.289348954331e-03
3.433000000000e+00,-1.481185996056e-03,-1.480772320861e-03
3.434000000000e+00,-1.671543401281e-03,-1.670714358063e-03
3.435000000000e+00,-1.860109895667e-03,-1.859088666909e-03
3.436000000000e+00,-2.046460010515e-03,-2.045684829868e-03
3.437000000000e+00,-2.231323023995e-03,-2.230663806824e-03
3.438000000000e+00,-2.414947630329e-03,-2.414170325457e-03
3.439000000000e+00,-2.597102484134e-03,-2.595986065339e-03
3.440000000000e+00,-2.776999504806e-03,-2.775653979190e-03
3.441000000000e+00,-2.953925556621e-03,-2.952995287884e-03
3.442000000000e+00,-3.129172400798e-03,-3.128294379460e-03
3.443000000000e+00,-3.302628596914e-03,-3.301808237271e-03
3.444000000000e+00,-3.474575336147e-03,-3.473523105217e-03
3.445000000000e+00,-3.644316225394e-03,-3.643218549806e-03
3.446000000000e+00,-3.811986326451e-03,-3.810702451407e-03
3.447000000000e+00,-3.976534451545e-03,-3.976203414791e-03
3.448000000000e+00,-4.141144362522e-03,-4.140232579178e-03
3.449000000000e+00,-4.303565470102e-03,-4.302785921408e-03
3.450000000000e+00,-4.464407576662e-03,-4.463854348601e-03
3.451000000000e+00,-4.624311554653e-03,-4.623595718690e-03
3.452000000000e+00,-4.782727163126e-03,-4.781951361986e-03
3.453000000000e+00,-4.939558166103e-03,-4.938806082726e-03
3.454000000000e+00,-5.094926622903e-03,-5.094123185971e-03
3.455000000000e+00,-5.248618617695e-03,-5.247915512533e-03
3.456000000000e+00,-5.400941194315e-03,-5.400308729619e-03
3.457000000000e+00,-5.551824655694e-03,-5.551592693653e-03
3.458000000000e+00,-5.702581715186e-03,-5.702000998522e-03
3.459000000000e+00,-5.852049672135e-03,-5.851332639254e-03
3.460000000000e+00,-6.000141676534e-03,-5.999241035212e-03
3.461000000000e+00,-6.146174308266e-03,-6.145619494475e-03
3.462000000000e+00,-6.291436858569e-03,-6.290484104156e-03
3.463000000000e+00,-6.434722386519e-03,-6.433533411967e-03
3.464000000000e+00,-6.575341573567e-03,-6.574577432012e-03
3.465000000000e+00,-6.714667616758e-03,-6.713843231551e-03
3.466000000000e+00,-6.852280815585e-03,-6.851441446142e-03
3.467000000000e+00,-6.988415688364e-03,-6.987115546019e-03
3.468000000000e+00,-7.121838689757e-03,-7.120353528042e-03
3.469000000000e+00,-7.252077636219e-03,-7.250916237205e-03
3.470000000000e+00,-7.380162293437e-03,-7.379017832886e-03
3.471000000000e+00,-7.505756020273e-03,-7.504974950089e-03
3.472000000000e+00,-7.630205210805e-03,-7.628939131125e-03
3.473000000000e+00,-7.751652024340e-03,-7.750941899349e-03
3.474000000000e+00,-7.871674873529e-03,-7.871530289641e-03
3.475000000000e+00,-7.991871437250e-03,-7.991238917197e-03
3.476000000000e+00,-8.110505832134e-03,-8.109938025352e-03
3.477000000000e+00,-8.228211797041e-03,-8.227315492232e-03
3.478000000000e+00,-8.343970481551e-03,-8.343073876036e-03
3.479000000000e+00,-8.457924759434e-03,-8.457044747624e-03
3.480000000000e+00,-8.570315271148e-03,-8.569053504304e-03
3.481000000000e+00,-8.679883035995e-03,-8.678910491229e-03
3.482000000000e+00,-8.787535049497e-03,-8.786779898279e-03
3.483000000000e+00,-8.893974466198e-03,-8.892758133977e-03
3.484000000000e+00,-8.997766151762e-03,-8.996539934085e-03
3.485000000000e+00,-9.099097116147e-03,-9.097964042157e-03
3.486000000000e+00,-9.198045241779e-03,-9.197250824127e-03
3.487000000000e+00,-9.295583859617e-03,-9.294789686859e-03
3.488000000000e+00,-9.391249146407e-03,-9.390985458069e-03
3.489000000000e+00,-9.486852557507e-03,-9.486082830086e-03
3.490000000000e+00,-9.580802178805e-03,-9.579731890864e-03
3.491000000000e+00,-9.672436402039e-03,-9.671507709901e-03
3.492000000000e+00,-9.762262571262e-03,-9.761428821988e-03
3.493000000000e+00,-9.850316985802e-03,-9.849808581448e-03
3.494000000000e+00,-9.937397865513e-03,-9.937075955006e-03
3.495000000000e+00,-1.002405932218e-02,-1.002336517954e-02
3.496000000000e+00,-1.010933564478e-02,-1.010828794581e-02
3.497000000000e+00,-1.019218241767e-02,-1.019154452340e-02
3.498000000000e+00,-1.027395325386e-02,-1.027331989762e-02
3.499000000000e+00,-1.035446920164e-02,-1.035375976256e-02
3.500000000000e+00,-1.043357225396e-02,-1.043276571077e-02
3.501000000000e+00,-1.051106545052e-02,-1.051015356540e-02
3.502000000000e+00,-1.058673482178e-02,-1.058576133703e-02
3.503000000000e+00,-1.066028527261e-02,-1.065965377244e-02
3.504000000000e+00,-1.073263984931e-02,-1.073222777542e-02
3.505000000000e+00,-1.080418081013e-02,-1.080393400586e-02
3.506000000000e+00,-1.087526808062e-02,-1.087504921794e-02
3.507000000000e+00,-1.094606122826e-02,-1.094556369607e-02
3.508000000000e+00,-1.101563414941e-02,-1.101529187657e-02
3.509000000000e+00,-1.108484009724e-02,-1.108404269101e-02
3.510000000000e+00,-1.115201953383e-02,-1.115164578249e-02
3.511000000000e+00,-1.121882988096e-02,-1.121811767550e-02
3.512000000000e+00,-1.128400127056e-02,-1.128333805751e-02
3.513000000000e+00,-1.134800824038e-02,-1.134706361746e-02
3.514000000000e+00,-1.141008730913e-02,-1.140901710955e-02
3.515000000000e+00,-1.146961991770e-02,-1.146928263993e-02
3.516000000000e+00,-1.152903498567e-02,-1.152821718905e-02
3.517000000000e+00,-1.158664633520e-02,-1.158563958368e-02
3.518000000000e+00,-1.164215634975e-02,-1.164121082671e-02
3.519000000000e+00,-1.169579382204e-02,-1.169491459509e-02
3.520000000000e+00,-1.174757486291e-02,-1.174699351861e-02
3.521000000000e+00,-1.179820616320e-02,-1.179789198865e-02
3.522000000000e+00,-1.184830257599e-02,-1.184803014975e-02
3.523000000000e+00,-1.189782488610e-02,-1.189760928674e-02
3.524000000000e+00,-1.194704082251e-02,-1.194661987894e-02
3.525000000000e+00,-1.199527089631e-02,-1.199494323011e-02
3.526000000000e+00,-1.204292818323e-02,-1.204253406384e-02
3.527000000000e+00,-1.208977685631e-02,-1.208935770864e-02
3.528000000000e+00,-1.213573072063e-02,-1.213535384633e-02
3.529000000000e+00,-1.218122644346e-02,-1.218025440614e-02
3.530000000000e+00,-1.222450847206e-02,-1.222356049006e-02
3.531000000000e+00,-1.226575331319e-02,-1.226520098335e-02
3.532000000000e+00,-1.230605381216e-02,-1.230552821300e-02
3.533000000000e+00,-1.234536280080e-02,-1.234468787126e-02
3.534000000000e+00,-1.238327972009e-02,-1.238255657688e-02
3.535000000000e+00,-1.241968972786e-02,-1.241905800528e-02
3.536000000000e+00,-1.245491699917e-02,-1.245424346764e-02
3.537000000000e+00,-1.248860341705e-02,-1.248826698543e-02
3.538000000000e+00,-1.252190196999e-02,-1.252126088505e-02
3.539000000000e+00,-1.255390586045e-02,-1.255301465881e-02
3.540000000000e+00,-1.258374350411e-02,-1.258343968458e-02
3.541000000000e+00,-1.261337445498e-02,-1.261282504760e-02
3.542000000000e+00,-1.264172042342e-02,-1.264126889108e-02
3.543000000000e+00,-1.266919697747e-02,-1.266876493022e-02
3.544000000000e+00,-1.269597343975e-02,-1.269521617573e-02
3.545000000000e+00,-1.272098455298e-02,-1.272043217838e-02
3.546000000000e+00,-1.274504922798e-02,-1.274439806019e-02
3.547000000000e+00,-1.276773250690e-02,-1.276711380457e-02
3.548000000000e+00,-1.278926481390e-02,-1.278848785623e-02
3.549000000000e+00,-1.280924382846e-02,-1.280834514828e-02
3.550000000000e+00,-1.282718343805e-02,-1.282666161926e-02
3.551000000000e+00,-1.284444677466e-02,-1.284355681083e-02
3.552000000000e+00,-1.285957688903e-02,-1.285905571888e-02
3.553000000000e+00,-1.287378888780e-02,-1.287338231434e-02
3.554000000000e+00,-1.288734719672e-02,-1.288671464634e-02
3.555000000000e+00,-1.289932822387e-02,-1.289912661920e-02
3.556000000000e+00,-1.291115687474e-02,-1.291088271366e-02
3.557000000000e+00,-1.292231511092e-02,-1.292216047046e-02
3.558000000000e+00,-1.293332436899e-02,-1.293289222468e-02
3.559000000000e+00,-1.294361297685e-02,-1.294263118830e-02
3.560000000000e+00,-1.295147097216e-02,-1.295098678833e-02
3.561000000000e+00,-1.295857477696e-02,-1.295813709377e-02
3.562000000000e+00,-1.296499094707e-02,-1.296414170442e-02
3.563000000000e+00,-1.296950408331e-02,-1.296871304376e-02
3.564000000000e+00,-1.297235825975e-02,-1.297185910516e-02
3.565000000000e+00,-1.297423737321e-02,-1.297396839193e-02
3.566000000000e+00,-1.297567355142e-02,-1.297534866981e-02
3.567000000000e+00,-1.297663487649e-02,-1.297578094144e-02
3.568000000000e+00,-1.297597822312e-02,-1.297447225167e-02
3.569000000000e+00,-1.297175641121e-02,-1.297088860010e-02
3.570000000000e+00,-1.296594611648e-02,-1.296544497563e-02
3.571000000000e+00,-1.295934490621e-02,-1.295866333278e-02
3.572000000000e+00,-1.295136246386e-02,-1.295050291573e-02
3.573000000000e+00,-1.294160323190e-02,-1.294072514911e-02
3.574000000000e+00,-1.293002446853e-02,-1.292926439188e-02
3.575000000000e+00,-1.291705847095e-02,-1.291614067351e-02
3.576000000000e+00,-1.290213495227e-02,-1.290135202608e-02
3.577000000000e+00,-1.288553544429e-02,-1.288516497481e-02
3.578000000000e+00,-1.286827539083e-02,-1.286809883770e-02
3.579000000000e+00,-1.285086509636e-02,-1.285042134260e-02
3.580000000000e+00,-1.283234255159e-02,-1.283206014799e-02
3.581000000000e+00,-1.281351786815e-02,-1.281285092548e-02
3.582000000000e+00,-1.279320663345e-02,-1.279247903862e-02
3.583000000000e+00,-1.277137330631e-02,-1.277076787018e-02
3.584000000000e+00,-1.274840461780e-02,-1.274778482619e-02
3.585000000000e+00,-1.272408194856e-02,-1.272368967459e-02
3.586000000000e+00,-1.269903747523e-02,-1.269868436372e-02
3.587000000000e+00,-1.267354003406e-02,-1.267267931720e-02
3.588000000000e+00,-1.264598042259e-02,-1.264537240065e-02
3.589000000000e+00,-1.261721617775e-02,-1.261680375343e-02
3.590000000000e+00,-1.258808927828e-02,-1.258689030793e-02
3.591000000000e+00,-1.255597643860e-02,-1.255520564059e-02
3.592000000000e+00,-1.252273172765e-02,-1.252163558482e-02
3.593000000000e+00,-1.248691135146e-02,-1.248630236921e-02
3.594000000000e+00,-1.244995939649e-02,-1.244966373696e-02
3.595000000000e+00,-1.241263054064e-02,-1.241204995939e-02
3.596000000000e+00,-1.237436311660e-02,-1.237305364502e-02
3.597000000000e+00,-1.233285962771e-02,-1.233218311948e-02
3.598000000000e+00,-1.229034721090e-02,-1.228963177389e-02
3.599000000000e+00,-1.224635879486e-02,-1.224561355087e-02
3.600000000000e+00,-1.220094820437e-02,-1.220006507980e-02
3.601000000000e+00,-1.215357213345e-02,-1.215298173350e-02
3.602000000000e+00,-1.210516358147e-02,-1.210453138597e-02
3.603000000000e+00,-1.205558440800e-02,-1.205470583465e-02
3.604000000000e+00,-1.200400542392e-02,-1.200341157228e-02
3.605000000000e+00,-1.195136792047e-02,-1.195072238991e-02
3.606000000000e+00,-1.189777356842e-02,-1.189638211473e-02
3.607000000000e+00,-1.184078840408e-02,-1.183996824080e-02
3.608000000000e+00,-1.178248518715e-02,-1.178163892453e-02
3.609000000000e+00,-1.172234170518e-02,-1.172166664950e-02
3.610000000000e+00,-1.166118274010e-02,-1.165998065837e-02
3.611000000000e+00,-1.159728492534e-02,-1.159624815422e-02
3.612000000000e+00,-1.153146637984e-02,-1.153029272469e-02
3.613000000000e+00,-1.146336150030e-02,-1.146196789367e-02
3.614000000000e+00,-1.139206766132e-02,-1.139135515622e-02
3.615000000000e+00,-1.131958615347e-02,-1.131898801290e-02
3.616000000000e+00,-1.124626002739e-02,-1.124494073091e-02
3.617000000000e+00,-1.116996607308e-02,-1.116862362570e-02
3.618000000000e+00,-1.109104970433e-02,-1.108968897426e-02
3.619000000000e+00,-1.100912023484e-02,-1.100837173023e-02
3.620000000000e+00,-1.092595002760e-02,-1.092517793472e-02
3.621000000000e+00,-1.084156519046e-02,-1.084000732867e-02
3.622000000000e+00,-1.075364661857e-02,-1.075226090188e-02
3.623000000000e+00,-1.066285587887e-02,-1.066189317757e-02
3.624000000000e+00,-1.057053606798e-02,-1.056910139857e-02
3.625000000000e+00,-1.047517077216e-02,-1.047360423745e-02
3.626000000000e+00,-1.037662902282e-02,-1.037511059084e-02
3.627000000000e+00,-1.027493080710e-02,-1.027375382481e-02
3.628000000000e+00,-1.017091650936e-02,-1.016994846577e-02
3.629000000000e+00,-1.006524128230e-02,-1.006384787751e-02
3.630000000000e+00,-9.956593283393e-03,-9.955175382204e-03
3.631000000000e+00,-9.845027713644e-03,-9.843745813562e-03
3.632000000000e+00,-9.731225474691e-03,-9.729316521999e-03
3.633000000000e+00,-9.613546781514e-03,-9.611100438668e-03
3.634000000000e+00,-9.490857168619e-03,-9.488214391745e-03
3.635000000000e+00,-9.362733438450e-03,-9.360295703413e-03
3.636000000000e+00,-9.229711370506e-03,-9.227569089048e-03
3.637000000000e+00,-9.092407075936e-03,-9.090447012637e-03
3.638000000000e+00,-8.951635530315e-03,-8.948903246024e-03
3.639000000000e+00,-8.804791927795e-03,-8.802572712452e-03
3.640000000000e+00,-8.653819011826e-03,-8.651456834337e-03
3.641000000000e+00,-8.498334987080e-03,-8.495321364239e-03
3.642000000000e+00,-8.336480680680e-03,-8.333613834135e-03
3.643000000000e+00,-8.168816690780e-03,-8.166303143934e-03
3.644000000000e+00,-7.996392710439e-03,-7.993681916705e-03
3.645000000000e+00,-7.818224587059e-03,-7.815957185337e-03
3.646000000000e+00,-7.635831807388e-03,-7.633395351418e-03
3.647000000000e+00,-7.448298920918e-03,-7.446164588000e-03
3.648000000000e+00,-7.256912718610e-03,-7.254274021546e-03
3.649000000000e+00,-7.059675761471e-03,-7.057668946541e-03
3.650000000000e+00,-6.859048386588e-03,-6.856375334220e-03
3.651000000000e+00,-6.652755182830e-03,-6.650021340054e-03
3.652000000000e+00,-6.441064938561e-03,-6.438181438203e-03
3.653000000000e+00,-6.223576232022e-03,-6.220575911535e-03
3.654000000000e+00,-6.000206138577e-03,-5.996904704201e-03
3.655000000000e+00,-5.769832310030e-03,-5.767068752478e-03
3.656000000000e+00,-5.534360096809e-03,-5.531236057823e-03
3.657000000000e+00,-5.292457935671e-03,-5.289346829704e-03
3.658000000000e+00,-5.044180748035e-03,-5.041438471742e-03
3.659000000000e+00,-4.790652733905e-03,-4.787759197283e-03
3.660000000000e+00,-4.531302616520e-03,-4.528357464943e-03
3.661000000000e+00,-4.265765662161e-03,-4.263417067698e-03
3.662000000000e+00,-3.995854305429e-03,-3.993400978920e-03
3.663000000000e+00,-3.720991884587e-03,-3.718482207162e-03
3.664000000000e+00,-3.441013521361e-03,-3.438630851085e-03
3.665000000000e+00,-3.156514461219e-03,-3.153786678516e-03
3.666000000000e+00,-2.866175045613e-03,-2.864006141081e-03
3.667000000000e+00,-2.571390498070e-03,-2.570039316425e-03
3.668000000000e+00,-2.274275212156e-03,-2.272746443160e-03
3.669000000000e+00,-1.974564934366e-03,-1.971824796580e-03
3.670000000000e+00,-1.668612207824e-03,-1.666330706256e-03
3.671000000000e+00,-1.358370515665e-03,-1.356068303786e-03
3.672000000000e+00,-1.043535534940e-03,-1.041109427216e-03
3.673000000000e+00,-7.238995339873e-04,-7.213180225054e-04
3.674000000000e+00,-3.987107761124e-04,-3.968453851891e-04
3.675000000000e+00,-7.004140713829e-05,-6.828518260058e-05
3.676000000000e+00,2.617662588919e-04,2.642811561466e-04
3.677000000000e+00,5.990249654163e-04,6.013229964366e-04
3.678000000000e+00,9.410611701173e-04,9.426783204762e-04
3.679000000000e+00,1.285988847673e-03,1.287649201871e-03
3.680000000000e+00,1.634499324256e-03,1.635749900837e-03
3.681000000000e+00,1.985117543395e-03,1.986752551280e-03
3.682000000000e+00,2.339416105747e-03,2.340618598593e-03
3.683000000000e+00,2.695789241313e-03,2.697259129062e-03
3.684000000000e+00,3.055114214678e-03,3.056820038103e-03
3.685000000000e+00,3.418182953950e-03,3.419365297336e-03
3.686000000000e+00,3.783409220110e-03,3.784481068197e-03
3.687000000000e+00,4.150805808206e-03,4.151741752554e-03
3.688000000000e+00,4.520128449334e-03,4.520847144848e-03
3.689000000000e+00,4.890671628062e-03,4.891650070770e-03
3.690000000000e+00,5.263315509520e-03,5.264192573816e-03
3.691000000000e+00,5.637975750934e-03,5.638177827594e-03
3.692000000000e+00,6.012641445803e-03,6.013066385545e-03
3.693000000000e+00,6.388184920426e-03,6.388809809220e-03
3.694000000000e+00,6.765200310528e-03,6.765508544832e-03
3.695000000000e+00,7.142717366784e-03,7.142964733854e-03
3.696000000000e+00,7.520603273727e-03,7.521119110987e-03
3.697000000000e+00,7.899542711709e-03,7.900251609008e-03
3.698000000000e+00,8.280116865034e-03,8.280508697911e-03
3.699000000000e+00,8.661375653889e-03,8.661640531174e-03
3.700000000000e+00,9.043146922281e-03,9.043352089107e-03
3.701000000000e+00,9.425321604554e-03,9.425455862678e-03
3.702000000000e+00,9.807892346847e-03,9.807647688901e-03
3.703000000000e+00,1.018997307673e-02,1.018939039643e-02
3.704000000000e+00,1.057060993325e-02,1.057034767374e-02
3.705000000000e+00,1.095080572843e-02,1.095069135972e-02
3.706000000000e+00,1.133092835060e-02,1.133055714103e-02
3.707000000000e+00,1.171033006956e-02,1.170966159473e-02
3.708000000000e+00,1.208818013198e-02,1.208767147044e-02
3.709000000000e+00,1.246524767496e-02,1.246438356798e-02
3.710000000000e+00,1.284058301726e-02,1.283940125142e-02
3.711000000000e+00,1.321321627213e-02,1.321250930011e-02
3.712000000000e+00,1.358456431385e-02,1.358404616388e-02
3.713000000000e+00,1.395511181678e-02,1.395424734902e-02
3.714000000000e+00,1.432364045428e-02,1.432301021191e-02
3.715000000000e+00,1.469116039384e-02,1.469022391730e-02
3.716000000000e+00,1.505680021230e-02,1.505553867304e-02
3.717000000000e+00,1.541980449428e-02,1.541844454143e-02
3.718000000000e+00,1.578028286959e-02,1.577846835237e-02
3.719000000000e+00,1.613679290351e-02,1.613531667325e-02
3.720000000000e+00,1.649029500468e-02,1.648929490032e-02
3.721000000000e+00,1.684212928516e-02,1.684087100011e-02
3.722000000000e+00,1.719119946179e-02,1.719014882597e-02
3.723000000000e+00,1.753836883942e-02,1.753709360927e-02
3.724000000000e+00,1.788300708252e-02,1.788148211800e-02
3.725000000000e+00,1.822430731816e-02,1.822315259719e-02
3.726000000000e+00,1.856359435010e-02,1.856214383076e-02
3.727000000000e+00,1.890003927967e-02,1.889809340632e-02
3.728000000000e+00,1.923251449080e-02,1.923026566039e-02
3.729000000000e+00,1.956041662459e-02,1.955808435581e-02
3.730000000000e+00,1.988360080074e-02,1.988136537219e-02
3.731000000000e+00,2.020219886214e-02,2.020032617897e-02
3.732000000000e+00,2.051716442329e-02,2.051538560926e-02
3.733000000000e+00,2.082866102228e-02,2.082675909691e-02
3.734000000000e+00,2.113622615382e-02,2.113439578041e-02
3.735000000000e+00,2.144049909064e-02,2.143799369429e-02
3.736000000000e+00,2.173928482676e-02,2.173715481856e-02
3.737000000000e+00,2.203388642825e-02,2.203203969771e-02
3.738000000000e+00,2.232489316388e-02,2.232303283314e-02
3.739000000000e+00,2.261233186320e-02,2.261010274983e-02
3.740000000000e+00,2.289513674556e-02,2.289293899724e-02
3.741000000000e+00,2.317349465077e-02,2.317144651874e-02
3.742000000000e+00,2.344795800505e-02,2.344561326549e-02
3.743000000000e+00,2.371760182998e-02,2.371521852388e-02
3.744000000000e+00,2.398250483560e-02,2.398004728547e-02
3.745000000000e+00,2.424251201639e-02,2.423996140087e-02
3.746000000000e+00,2.449728747189e-02,2.449496941232e-02
3.747000000000e+00,2.474737830960e-02,2.474541815455e-02
3.748000000000e+00,2.499364677592e-02,2.499178545406e-02
3.749000000000e+00,2.523630838551e-02,2.523420269357e-02
3.750000000000e+00,2.547489272354e-02,2.547225419590e-02
3.751000000000e+00,2.570791960146e-02,2.570536661923e-02
3.752000000000e+00,2.593596011225e-02,2.593327171606e-02
3.753000000000e+00,2.615863320037e-02,2.615583526814e-02
3.754000000000e+00,2.637540194341e-02,2.637317179187e-02
3.755000000000e+00,2.658799416677e-02,2.658573177771e-02
3.756000000000e+00,2.679600526282e-02,2.679379095166e-02
3.757000000000e+00,2.699952509767e-02,2.699748603267e-02
3.758000000000e+00,2.719910790118e-02,2.719690632024e-02
3.759000000000e+00,2.739431771415e-02,2.739184882913e-02
3.760000000000e+00,2.758457270190e-02,2.758193405072e-02
3.761000000000e+00,2.776929769851e-02,2.776708746061e-02
3.762000000000e+00,2.794969057822e-02,2.794771613088e-02
3.763000000000e+00,2.812629248601e-02,2.812414114111e-02
3.764000000000e+00,2.829860612046e-02,2.829621257610e-02
3.765000000000e+00,2.846608504587e-02,2.846358846924e-02
3.766000000000e+00,2.862845680629e-02,2.862610914162e-02
3.767000000000e+00,2.878628677770e-02,2.878378149271e-02
3.768000000000e+00,2.893895501318e-02,2.893663233511e-02
3.769000000000e+00,2.908693249137e-02,2.908488820506e-02
3.770000000000e+00,2.923102763389e-02,2.922880972501e-02
3.771000000000e+00,2.937053186060e-02,2.936847017016e-02
3.772000000000e+00,2.950588885991e-02,2.950403138660e-02
3.773000000000e+00,2.963771793179e-02,2.963563674681e-02
3.774000000000e+00,2.976529622266e-02,2.976317288494e-02
3.775000000000e+00,2.988857740553e-02,2.988659286060e-02
3.776000000000e+00,3.000773946651e-02,3.000618652083e-02
3.777000000000e+00,3.012413045036e-02,3.012223046047e-02
3.778000000000e+00,3.023671671390e-02,3.023445134519e-02
3.779000000000e+00,3.034455744689e-02,3.034247814631e-02
3.780000000000e+00,3.044812245003e-02,3.044647574451e-02
3.781000000000e+00,3.054876425600e-02,3.054670708386e-02
3.782000000000e+00,3.064517403301e-02,3.064294551516e-02
3.783000000000e+00,3.073694761228e-02,3.073503419599e-02
3.784000000000e+00,3.082481442555e-02,3.082343284682e-02
3.785000000000e+00,3.091001703680e-02,3.090891841094e-02
3.786000000000e+00,3.099312943446e-02,3.099202272735e-02
3.787000000000e+00,3.107403283283e-02,3.107284876351e-02
3.788000000000e+00,3.115269075367e-02,3.115122717358e-02
3.789000000000e+00,3.122802835522e-02,3.122714321852e-02
3.790000000000e+00,3.130187179663e-02,3.130098116479e-02
3.791000000000e+00,3.137397207441e-02,3.137294070108e-02
3.792000000000e+00,3.144390373226e-02,3.144297593846e-02
3.793000000000e+00,3.151198943390e-02,3.151118121537e-02
3.794000000000e+00,3.157841534097e-02,3.157784997678e-02
3.795000000000e+00,3.164363268635e-02,3.164346094772e-02
3.796000000000e+00,3.170869924979e-02,3.170846153468e-02
3.797000000000e+00,3.177331892108e-02,3.177288988970e-02
3.798000000000e+00,3.183710115280e-02,3.183643777278e-02
3.799000000000e+00,3.189949605811e-02,3.189876995925e-02
3.800000000000e+00,3.196032349917e-02,3.195979359484e-02
3.801000000000e+00,3.202024592019e-02,3.201960362902e-02
3.802000000000e+00,3.207872558794e-02,3.207827564009e-02
3.803000000000e+00,3.213646987916e-02,3.213586192399e-02
3.804000000000e+00,3.219295249553e-02,3.219228118412e-02
3.805000000000e+00,3.224799313009e-02,3.224747159966e-02
3.806000000000e+00,3.230215659422e-02,3.230148310644e-02
3.807000000000e+00,3.235466195476e-02,3.235445712541e-02
3.808000000000e+00,3.240713897156e-02,3.240659015322e-02
3.809000000000e+00,3.245835787117e-02,3.245775635911e-02
3.810000000000e+00,3.250839857854e-02,3.250778162210e-02
3.811000000000e+00,3.255696977948e-02,3.255683668415e-02
3.812000000000e+00,3.260555631828e-02,3.260530589738e-02
3.813000000000e+00,3.265353506769e-02,3.265333396238e-02
3.814000000000e+00,3.270119970155e-02,3.270086071737e-02
3.815000000000e+00,3.274818166508e-02,3.274775586707e-02
3.816000000000e+00,3.279408009697e-02,3.279414126751e-02
3.817000000000e+00,3.284006463968e-02,3.284062951707e-02
3.818000000000e+00,3.288769614558e-02,3.288759927221e-02
3.819000000000e+00,3.293478882568e-02,3.293474077839e-02
3.820000000000e+00,3.298178149142e-02,3.298186569528e-02
3.821000000000e+00,3.302898405950e-02,3.302906540482e-02
3.822000000000e+00,3.307650586240e-02,3.307628432352e-02
3.823000000000e+00,3.312321447068e-02,3.312347475274e-02
3.824000000000e+00,3.317075226172e-02,3.317084778807e-02
3.825000000000e+00,3.321843974919e-02,3.321846949983e-02
3.826000000000e+00,3.326588478551e-02,3.326648281475e-02
3.827000000000e+00,3.331497115208e-02,3.331521286342e-02
3.828000000000e+00,3.336420719287e-02,3.336475907047e-02
3.829000000000e+00,3.341467996573e-02,3.341524538153e-02
3.830000000000e+00,3.346650345445e-02,3.346660396486e-02
3.831000000000e+00,3.351816348276e-02,3.351853619681e-02
3.832000000000e+00,3.357095541795e-02,3.357087110070e-02
3.833000000000e+00,3.362309310977e-02,3.362353252475e-02
3.834000000000e+00,3.367654370746e-02,3.367664904971e-02
3.835000000000e+00,3.372988551766e-02,3.373026677026e-02
3.836000000000e+00,3.378423735295e-02,3.378441683561e-02
3.837000000000e+00,3.383875654636e-02,3.383909955997e-02
3.838000000000e+00,3.389412753801e-02,3.389431495790e-02
3.839000000000e+00,3.394972668902e-02,3.395008212501e-02
3.840000000000e+00,3.400600968886e-02,3.400659542567e-02
3.841000000000e+00,3.406362045760e-02,3.406406313553e-02
3.842000000000e+00,3.412211336628e-02,3.412239356579e-02
3.843000000000e+00,3.418112111429e-02,3.418138943808e-02
3.844000000000e+00,3.424050593764e-02,3.424108984781e-02
3.845000000000e+00,3.430135504396e-02,3.430162661141e-02
3.846000000000e+00,3.436252326218e-02,3.436288175983e-02
3.847000000000e+00,3.442469679341e-02,3.442457210802e-02
3.848000000000e+00,3.448631933892e-02,3.448639594532e-02
3.849000000000e+00,3.454801838962e-02,3.454851524853e-02
3.850000000000e+00,3.461088540559e-02,3.461139019446e-02
3.851000000000e+00,3.467478618146e-02,3.467514415874e-02
3.852000000000e+00,3.473959661674e-02,3.473936032974e-02
3.853000000000e+00,3.480380687101e-02,3.480329005033e-02
3.854000000000e+00,3.486678241071e-02,3.486648554085e-02
3.855000000000e+00,3.492926493869e-02,3.492904860133e-02
3.856000000000e+00,3.499110372602e-02,3.499139140304e-02
3.857000000000e+00,3.505378546002e-02,3.505401143382e-02
3.858000000000e+00,3.511677950688e-02,3.511718835552e-02
3.859000000000e+00,3.518070863569e-02,3.518109435692e-02
3.860000000000e+00,3.524522528467e-02,3.524597084374e-02
3.861000000000e+00,3.531136925632e-02,3.531211964238e-02
3.862000000000e+00,3.537928515229e-02,3.537942394930e-02
3.863000000000e+00,3.544715888224e-02,3.544734770324e-02
3.864000000000e+00,3.551560220513e-02,3.551548092704e-02
3.865000000000e+00,3.558369461415e-02,3.558347964065e-02
3.866000000000e+00,3.565136410312e-02,3.565107291971e-02
3.867000000000e+00,3.571842979408e-02,3.571817112194e-02
3.868000000000e+00,3.578474507579e-02,3.578497533888e-02
3.869000000000e+00,3.585199645472e-02,3.585174557597e-02
3.870000000000e+00,3.591822581703e-02,3.591855779802e-02
3.871000000000e+00,3.598544628190e-02,3.598564446084e-02
3.872000000000e+00,3.605325671543e-02,3.605287220917e-02
3.873000000000e+00,3.611988922012e-02,3.611985118895e-02
3.874000000000e+00,3.618652045359e-02,3.618675924038e-02
3.875000000000e+00,3.625359294488e-02,3.625411932114e-02
3.876000000000e+00,3.632195541205e-02,3.632220206546e-02
3.877000000000e+00,3.639078797678e-02,3.639073986690e-02
3.878000000000e+00,3.645956645703e-02,3.645916953345e-02
3.879000000000e+00,3.652738608069e-02,3.652707812351e-02
3.880000000000e+00,3.659441236409e-02,3.659459001175e-02
3.881000000000e+00,3.666210608967e-02,3.666207562686e-02
3.882000000000e+00,3.672965147831e-02,3.672955717702e-02
3.883000000000e+00,3.679697250512e-02,3.679695486975e-02
3.884000000000e+00,3.686412407153e-02,3.686444537124e-02
3.885000000000e+00,3.693221170369e-02,3.693220114656e-02
3.886000000000e+00,3.700023385564e-02,3.699996500782e-02
3.887000000000e+00,3.706756439028e-02,3.706742998521e-02
3.888000000000e+00,3.713459152147e-02,3.713464609421e-02
3.889000000000e+00,3.720201401626e-02,3.720167531194e-02
3.890000000000e+00,3.726832864890e-02,3.726844961950e-02
3.891000000000e+00,3.733536984805e-02,3.733490138184e-02
3.892000000000e+00,3.740137665090e-02,3.740051059970e-02
3.893000000000e+00,3.746536047318e-02,3.746482854261e-02
3.894000000000e+00,3.752828286922e-02,3.752810160448e-02
3.895000000000e+00,3.759105105858e-02,3.759071039652e-02
3.896000000000e+00,3.765315053083e-02,3.765262411692e-02
3.897000000000e+00,3.771396066678e-02,3.771375175964e-02
3.898000000000e+00,3.777462552657e-02,3.777414809415e-02
3.899000000000e+00,3.783425808762e-02,3.783362790390e-02
3.900000000000e+00,3.789265843000e-02,3.789191062097e-02
3.901000000000e+00,3.794922331241e-02,3.794909133753e-02
3.902000000000e+00,3.800587637100e-02,3.800558721891e-02
3.903000000000e+00,3.806195619773e-02,3.806147298545e-02
3.904000000000e+00,3.811680810392e-02,3.811667155562e-02
3.905000000000e+00,3.817175456158e-02,3.817117573248e-02
3.906000000000e+00,3.822538025124e-02,3.822468130304e-02
3.907000000000e+00,3.827754228230e-02,3.827691426666e-02
3.908000000000e+00,3.832848376639e-02,3.832785439018e-02
3.909000000000e+00,3.837818503512e-02,3.837752414666e-02
3.910000000000e+00,3.842647380369e-02,3.842600511903e-02
3.911000000000e+00,3.847379225368e-02,3.847356297118e-02
3.912000000000e+00,3.852086612668e-02,3.852034697943e-02
3.913000000000e+00,3.856696053708e-02,3.856600226272e-02
3.914000000000e+00,3.861094570439e-02,3.861002025610e-02
3.915000000000e+00,3.865301324695e-02,3.865232244267e-02
3.916000000000e+00,3.869374481935e-02,3.869319600029e-02
3.917000000000e+00,3.873337526708e-02,3.873294547756e-02
3.918000000000e+00,3.877222984390e-02,3.877177346164e-02
3.919000000000e+00,3.880993293929e-02,3.880991155009e-02
3.920000000000e+00,3.884798052963e-02,3.884753273932e-02
3.921000000000e+00,3.888504253203e-02,3.888435646949e-02
3.922000000000e+00,3.892047242475e-02,3.892017279671e-02
3.923000000000e+00,3.895542227841e-02,3.895524928174e-02
3.924000000000e+00,3.899016599634e-02,3.898975316888e-02
3.925000000000e+00,3.902407229136e-02,3.902348130419e-02
3.926000000000e+00,3.905651883073e-02,3.905636916099e-02
3.927000000000e+00,3.908890825959e-02,3.908869432938e-02
3.928000000000e+00,3.912081253960e-02,3.912061010084e-02
3.929000000000e+00,3.915232326102e-02,3.915211155768e-02
3.930000000000e+00,3.918343304336e-02,3.918316231416e-02
3.931000000000e+00,3.921397197908e-02,3.921370912365e-02
3.932000000000e+00,3.924397993190e-02,3.924373383547e-02
3.933000000000e+00,3.927353848340e-02,3.927320597024e-02
3.934000000000e+00,3.930244271950e-02,3.930205982276e-02
3.935000000000e+00,3.933027835183e-02,3.933041626147e-02
3.936000000000e+00,3.935904639155e-02,3.935832619513e-02
3.937000000000e+00,3.938579739161e-02,3.938543494894e-02
3.938000000000e+00,3.941192026024e-02,3.941177274519e-02
3.939000000000e+00,3.943795147378e-02,3.943755966319e-02
3.940000000000e+00,3.946296955119e-02,3.946281218903e-02
3.941000000000e+00,3.948778282319e-02,3.948764363300e-02
3.942000000000e+00,3.951233507748e-02,3.951212632712e-02
3.943000000000e+00,3.953654561456e-02,3.953612467530e-02
3.944000000000e+00,3.955972435120e-02,3.955950319978e-02
3.945000000000e+00,3.958258593159e-02,3.958229900333e-02
3.946000000000e+00,3.960491409200e-02,3.960450083002e-02
3.947000000000e+00,3.962614139528e-02,3.962619437209e-02
3.948000000000e+00,3.964773937541e-02,3.964772528342e-02
3.949000000000e+00,3.966913378910e-02,3.966934954283e-02
3.950000000000e+00,3.969122064410e-02,3.969115393428e-02
3.951000000000e+00,3.971284769113e-02,3.971316410054e-02
3.952000000000e+00,3.973536507829e-02,3.973552788095e-02
3.953000000000e+00,3.975816662809e-02,3.975821810684e-02
3.954000000000e+00,3.978105717617e-02,3.978108407040e-02
3.955000000000e+00,3.980382002010e-02,3.980416767403e-02
3.956000000000e+00,3.982768618254e-02,3.982750742979e-02
3.957000000000e+00,3.985078903113e-02,3.985092053270e-02
3.958000000000e+00,3.987435567015e-02,3.987442609581e-02
3.959000000000e+00,3.989799932152e-02,3.989813664422e-02
3.960000000000e+00,3.992183590500e-02,3.992222563636e-02
3.961000000000e+00,3.994656918821e-02,3.994697595185e-02
3.962000000000e+00,3.997200022264e-02,3.997265167976e-02
3.963000000000e+00,3.999882830363e-02,3.999948823302e-02
3.964000000000e+00,4.002711337939e-02,4.002745696780e-02
3.965000000000e+00,4.005595369566e-02,4.005627205604e-02
3.966000000000e+00,4.008541033306e-02,4.008576814174e-02
3.967000000000e+00,4.011566695131e-02,4.011594684761e-02
3.968000000000e+00,4.014616053002e-02,4.014705611367e-02
3.969000000000e+00,4.017873239927e-02,4.017961528033e-02
3.970000000000e+00,4.021310619829e-02,4.021382946752e-02
3.971000000000e+00,4.024886890233e-02,4.024954241770e-02
3.972000000000e+00,4.028606329629e-02,4.028657350753e-02
3.973000000000e+00,4.032397282515e-02,4.032499241007e-02
3.974000000000e+00,4.036412789722e-02,4.036522706597e-02
3.975000000000e+00,4.040649036621e-02,4.040755430353e-02
3.976000000000e+00,4.045113779380e-02,4.045179034910e-02
3.977000000000e+00,4.049705425574e-02,4.049743751108e-02
3.978000000000e+00,4.054336303068e-02,4.054428953675e-02
3.979000000000e+00,4.059195719932e-02,4.059248840669e-02
3.980000000000e+00,4.064153193932e-02,4.064178039955e-02
3.981000000000e+00,4.069152470824e-02,4.069174404517e-02
3.982000000000e+00,4.074179531389e-02,4.074239693404e-02
3.983000000000e+00,4.079328205574e-02,4.079422976960e-02
3.984000000000e+00,4.084684176777e-02,4.084767042084e-02
3.985000000000e+00,4.090217125968e-02,4.090260452478e-02
3.986000000000e+00,4.095818956160e-02,4.095861496540e-02
3.987000000000e+00,4.101512216609e-02,4.101542209581e-02
3.988000000000e+00,4.107269023786e-02,4.107280026921e-02
3.989000000000e+00,4.113033496201e-02,4.113059491848e-02
3.990000000000e+00,4.118850930464e-02,4.118894422429e-02
3.991000000000e+00,4.124750136788e-02,4.124816951857e-02
3.992000000000e+00,4.130810344782e-02,4.130844988790e-02
3.993000000000e+00,4.136900134045e-02,4.136985799538e-02
3.994000000000e+00,4.143187581150e-02,4.143268211555e-02
3.995000000000e+00,4.149643270946e-02,4.149697946425e-02
3.996000000000e+00,4.156198124070e-02,4.156251192644e-02
3.997000000000e+00,4.162853085391e-02,4.162917676986e-02
3.998000000000e+00,4.169653428000e-02,4.169690824812e-02
3.999000000000e+00,4.176531572521e-02,4.176533088125e-02
4.000000000000e+00,4.183402316984e-02,4.183396685523e-02
4.001000000000e+00,4.190246296628e-02,4.190273402335e-02
4.002000000000e+00,4.197146588944e-02,4.197196878612e-02
4.003000000000e+00,4.204180994144e-02,4.204178769693e-02
4.004000000000e+00,4.211183865949e-02,4.211181297516e-02
4.005000000000e+00,4.218202685903e-02,4.218160865665e-02
4.006000000000e+00,4.225115717432e-02,4.225086219043e-02
4.007000000000e+00,4.231959219013e-02,4.231967638931e-02
4.008000000000e+00,4.238842372010e-02,4.238839942482e-02
4.009000000000e+00,4.245704990479e-02,4.245724946617e-02
4.010000000000e+00,4.252604184697e-02,4.252654095572e-02
4.011000000000e+00,4.259620129216e-02,4.259657656831e-02
4.012000000000e+00,4.266718342366e-02,4.266722934314e-02
4.013000000000e+00,4.273820474336e-02,4.273807708168e-02
4.014000000000e+00,4.280878002308e-02,4.280887828383e-02
4.015000000000e+00,4.287987412340e-02,4.287955640819e-02
4.016000000000e+00,4.294995407420e-02,4.294999912559e-02
4.017000000000e+00,4.302038325298e-02,4.302030056466e-02
4.018000000000e+00,4.309045808537e-02,4.309059283131e-02
4.019000000000e+00,4.316100653066e-02,4.316092193806e-02
4.020000000000e+00,4.323132636786e-02,4.323113493436e-02
4.021000000000e+00,4.330118644800e-02,4.330105004774e-02
4.022000000000e+00,4.337092382844e-02,4.337048554976e-02
4.023000000000e+00,4.343984062648e-02,4.343905693991e-02
4.024000000000e+00,4.350666150205e-02,4.350662632475e-02
4.025000000000e+00,4.357412792723e-02,4.357331570515e-02
4.026000000000e+00,4.363962133037e-02,4.363868211277e-02
4.027000000000e+00,4.370332233686e-02,4.370219418592e-02
4.028000000000e+00,4.376451579241e-02,4.376373284481e-02
4.029000000000e+00,4.382438119624e-02,4.382343820857e-02
4.030000000000e+00,4.388231362581e-02,4.388127849407e-02
4.031000000000e+00,4.393812079925e-02,4.393711210983e-02
4.032000000000e+00,4.399201289920e-02,4.399082205970e-02
4.033000000000e+00,4.404341187750e-02,4.404224617535e-02
4.034000000000e+00,4.409264713972e-02,4.409126557339e-02
4.035000000000e+00,4.413857037305e-02,4.413818848421e-02
4.036000000000e+00,4.418404849806e-02,4.418394974216e-02
4.037000000000e+00,4.422962520445e-02,4.422901398895e-02
4.038000000000e+00,4.427395395509e-02,4.427289654383e-02
4.039000000000e+00,4.431583584362e-02,4.431508534142e-02
4.040000000000e+00,4.435646511330e-02,4.435551875482e-02
4.041000000000e+00,4.439512922728e-02,4.439409062105e-02
4.042000000000e+00,4.443176313185e-02,4.443056876984e-02
4.043000000000e+00,4.446587136167e-02,4.446482670489e-02
4.044000000000e+00,4.449796356766e-02,4.449695212325e-02
4.045000000000e+00,4.452792429930e-02,4.452716690541e-02
4.046000000000e+00,4.455646051299e-02,4.455568461040e-02
4.047000000000e+00,4.458375968105e-02,4.458229021762e-02
4.048000000000e+00,4.460765107740e-02,4.460645544224e-02
4.049000000000e+00,4.462953494649e-02,4.462788862585e-02
4.050000000000e+00,4.464775506271e-02,4.464641572776e-02
4.051000000000e+00,4.466350178280e-02,4.466204549381e-02
4.052000000000e+00,4.467640229847e-02,4.467470315491e-02
4.053000000000e+00,4.468556184249e-02,4.468436931081e-02
4.054000000000e+00,4.469259815058e-02,4.469132347800e-02
4.055000000000e+00,4.469723817701e-02,4.469555637878e-02
4.056000000000e+00,4.469805583949e-02,4.469693156831e-02
4.057000000000e+00,4.469707402678e-02,4.469557691108e-02
4.058000000000e+00,4.469290220676e-02,4.469139508583e-02
4.059000000000e+00,4.468572317320e-02,4.468422348008e-02
4.060000000000e+00,4.467559384045e-02,4.467400679335e-02
4.061000000000e+00,4.466219459441e-02,4.466075913978e-02
4.062000000000e+00,4.464584878586e-02,4.464470984205e-02
4.063000000000e+00,4.462747190469e-02,4.462605656223e-02
4.064000000000e+00,4.460622117228e-02,4.460459603273e-02
4.065000000000e+00,4.458163507621e-02,4.458009970926e-02
4.066000000000e+00,4.455363957903e-02,4.455285543288e-02
4.067000000000e+00,4.452481561502e-02,4.452317668846e-02
4.068000000000e+00,4.449227634680e-02,4.449073922387e-02
4.069000000000e+00,4.445635286195e-02,4.445563970511e-02
4.070000000000e+00,4.441955929691e-02,4.441841558637e-02
4.071000000000e+00,4.438038036093e-02,4.437885989440e-02
4.072000000000e+00,4.433834272669e-02,4.433619413851e-02
4.073000000000e+00,4.429132490925e-02,4.429004084087e-02
4.074000000000e+00,4.424225586609e-02,4.424079878723e-02
4.075000000000e+00,4.419007518903e-02,4.418879109396e-02
4.076000000000e+00,4.413534940836e-02,4.413418456873e-02
4.077000000000e+00,4.407845104987e-02,4.407696674250e-02
4.078000000000e+00,4.401878640522e-02,4.401657996333e-02
4.079000000000e+00,4.395419662944e-02,4.395247812577e-02
4.080000000000e+00,4.388611964260e-02,4.388503929077e-02
4.081000000000e+00,4.381629040015e-02,4.381492292285e-02
4.082000000000e+00,4.374350085933e-02,4.374226935890e-02
4.083000000000e+00,4.366832073968e-02,4.366704504060e-02
4.084000000000e+00,4.359081094694e-02,4.358896373736e-02
4.085000000000e+00,4.350948994997e-02,4.350738320979e-02
4.086000000000e+00,4.342362514063e-02,4.342204561066e-02
4.087000000000e+00,4.333479008755e-02,4.333332243023e-02
4.088000000000e+00,4.324318208324e-02,4.324145584228e-02
4.089000000000e+00,4.314782490953e-02,4.314644101244e-02
4.090000000000e+00,4.305002153355e-02,4.304836608089e-02
4.091000000000e+00,4.294851907732e-02,4.294735265398e-02
4.092000000000e+00,4.284510722189e-02,4.284357928331e-02
4.093000000000e+00,4.273829552231e-02,4.273709069891e-02
4.094000000000e+00,4.262926665699e-02,4.262801678867e-02
4.095000000000e+00,4.251766777978e-02,4.251647288441e-02
4.096000000000e+00,4.240377428855e-02,4.240244034102e-02
4.097000000000e+00,4.228712009820e-02,4.228581744447e-02
4.098000000000e+00,4.216798731498e-02,4.216645966726e-02
4.099000000000e+00,4.204567138240e-02,4.204414275145e-02
4.100000000000e+00,4.192052924942e-02,4.191859394906e-02
4.101000000000e+00,4.179102075313e-02,4.178977422262e-02
4.102000000000e+00,4.165923866951e-02,4.165821743984e-02
4.103000000000e+00,4.152562038626e-02,4.152429291664e-02
4.104000000000e+00,4.138923432037e-02,4.138777770873e-02
4.105000000000e+00,4.125009903416e-02,4.124817493499e-02
4.106000000000e+00,4.110699005008e-02,4.110495147321e-02
4.107000000000e+00,4.095945464703e-02,4.095807205995e-02
4.108000000000e+00,4.080959831426e-02,4.080788968266e-02
4.109000000000e+00,4.065627420559e-02,4.065428562882e-02
4.110000000000e+00,4.049883047703e-02,4.049690909820e-02
4.111000000000e+00,4.033759073510e-02,4.033570451742e-02
4.112000000000e+00,4.017239686696e-02,4.017090177491e-02
4.113000000000e+00,4.000451628118e-02,4.000277656277e-02
4.114000000000e+00,3.983291341429e-02,3.983137964217e-02
4.115000000000e+00,3.965849887555e-02,3.965665471938e-02
4.116000000000e+00,3.948020052036e-02,3.947843291101e-02
4.117000000000e+00,3.929847083738e-02,3.929659686523e-02
4.118000000000e+00,3.911289906301e-02,3.911108528117e-02
4.119000000000e+00,3.892384753935e-02,3.892178289736e-02
4.120000000000e+00,3.873055477239e-02,3.872844937440e-02
4.121000000000e+00,3.853316137374e-02,3.853086835557e-02
4.122000000000e+00,3.833080621477e-02,3.832912611010e-02
4.123000000000e+00,3.812544230590e-02,3.812363198049e-02
4.124000000000e+00,3.791637289831e-02,3.791452581235e-02
4.125000000000e+00,3.770370890111e-02,3.770165095916e-02
4.126000000000e+00,3.748673216047e-02,3.748491551876e-02
4.127000000000e+00,3.726613615526e-02,3.726455568591e-02
4.128000000000e+00,3.704245882407e-02,3.704091392753e-02
4.129000000000e+00,3.681569750699e-02,3.681412278865e-02
4.130000000000e+00,3.658590884947e-02,3.658408228338e-02
4.131000000000e+00,3.635215007301e-02,3.635072428401e-02
4.132000000000e+00,3.611589270083e-02,3.611412808366e-02
4.133000000000e+00,3.587594204194e-02,3.587417074113e-02
4.134000000000e+00,3.563236671209e-02,3.563080615435e-02
4.135000000000e+00,3.538576280471e-02,3.538424169624e-02
4.136000000000e+00,3.513598194041e-02,3.513473530597e-02
4.137000000000e+00,3.488398146538e-02,3.488240892685e-02
4.138000000000e+00,3.462869647520e-02,3.462706357388e-02
4.139000000000e+00,3.437016036780e-02,3.436844224181e-02
4.140000000000e+00,3.410827322812e-02,3.410626629579e-02
4.141000000000e+00,3.384234754359e-02,3.384014821193e-02
4.142000000000e+00,3.357179705983e-02,3.356995148520e-02
4.143000000000e+00,3.329760311440e-02,3.329603413539e-02
4.144000000000e+00,3.302035194771e-02,3.301889599131e-02
4.145000000000e+00,3.274000418538e-02,3.273900567947e-02
4.146000000000e+00,3.245799303752e-02,3.245674080384e-02
4.147000000000e+00,3.217324968501e-02,3.217219469179e-02
4.148000000000e+00,3.188646855898e-02,3.188545082518e-02
4.149000000000e+00,3.159780729101e-02,3.159647509316e-02
4.150000000000e+00,3.130630321331e-02,3.130503675232e-02
4.151000000000e+00,3.101232576473e-02,3.101104366827e-02
4.152000000000e+00,3.071571125625e-02,3.071457907946e-02
4.153000000000e+00,3.041681779642e-02,3.041582393553e-02
4.154000000000e+00,3.011619260955e-02,3.011477310076e-02
4.155000000000e+00,2.981250103142e-02,2.981113833070e-02
4.156000000000e+00,2.950611059148e-02,2.950479482680e-02
4.157000000000e+00,2.919709645395e-02,2.919580919554e-02
4.158000000000e+00,2.888548966422e-02,2.888430594418e-02
4.159000000000e+00,2.857138255650e-02,2.857058564289e-02
4.160000000000e+00,2.825586007167e-02,2.825505388119e-02
4.161000000000e+00,2.793869654121e-02,2.793788195447e-02
4.162000000000e+00,2.761999285498e-02,2.761897143817e-02
4.163000000000e+00,2.729919448286e-02,2.729809192086e-02
4.164000000000e+00,2.697611084862e-02,2.697515863443e-02
4.165000000000e+00,2.665103065059e-02,2.665042134382e-02
4.166000000000e+00,2.632493474479e-02,2.632417202362e-02
4.167000000000e+00,2.599741643282e-02,2.599629663798e-02
4.168000000000e+00,2.566726079112e-02,2.566665060719e-02
4.169000000000e+00,2.533619193646e-02,2.533549323408e-02
4.170000000000e+00,2.500352773108e-02,2.500311927532e-02
4.171000000000e+00,2.467015950284e-02,2.466983267435e-02
4.172000000000e+00,2.433605829462e-02,2.433593160879e-02
4.173000000000e+00,2.400189197939e-02,2.400157139141e-02
4.174000000000e+00,2.366689774798e-02,2.366675454154e-02
4.175000000000e+00,2.333176230330e-02,2.333151047299e-02
4.176000000000e+00,2.299603952012e-02,2.299586142684e-02
4.177000000000e+00,2.265990824786e-02,2.265994972690e-02
4.178000000000e+00,2.232386947025e-02,2.232410297457e-02
4.179000000000e+00,2.198836421857e-02,2.198859234071e-02
4.180000000000e+00,2.165344098174e-02,2.165336726017e-02
4.181000000000e+00,2.131825958777e-02,2.131813315112e-02
4.182000000000e+00,2.098278167744e-02,2.098273472184e-02
4.183000000000e+00,2.064721970718e-02,2.064722933748e-02
4.184000000000e+00,2.031171590698e-02,2.031166120176e-02
4.185000000000e+00,1.997620372119e-02,1.997591829317e-02
4.186000000000e+00,1.963976314379e-02,1.964002177925e-02
4.187000000000e+00,1.930412749506e-02,1.930434417118e-02
4.188000000000e+00,1.896882287827e-02,1.896914238087e-02
4.189000000000e+00,1.863428293316e-02,1.863441810442e-02
4.190000000000e+00,1.830003900772e-02,1.829998741724e-02
4.191000000000e+00,1.796532868442e-02,1.796587718373e-02
4.192000000000e+00,1.763207645475e-02,1.763242488564e-02
4.193000000000e+00,1.729957438211e-02,1.729959763530e-02
4.194000000000e+00,1.696674216421e-02,1.696728888976e-02
4.195000000000e+00,1.663522329522e-02,1.663586250287e-02
4.196000000000e+00,1.630494135156e-02,1.630567021873e-02
4.197000000000e+00,1.597631994573e-02,1.597673936267e-02
4.198000000000e+00,1.564818867143e-02,1.564902019514e-02
4.199000000000e+00,1.532202858618e-02,1.532262841968e-02
4.200000000000e+00,1.499699072302e-02,1.499749666419e-02
4.201000000000e+00,1.467286626918e-02,1.467352920397e-02
4.202000000000e+00,1.435010186670e-02,1.435088219705e-02
4.203000000000e+00,1.402883211700e-02,1.402986913098e-02
4.204000000000e+00,1.370968430375e-02,1.371082166839e-02
4.205000000000e+00,1.339303245211e-02,1.339377696876e-02
4.206000000000e+00,1.307763784950e-02,1.307849281753e-02
4.207000000000e+00,1.276397812818e-02,1.276493956213e-02
4.208000000000e+00,1.245224637877e-02,1.245326869867e-02
4.209000000000e+00,1.214267026678e-02,1.214348918901e-02
4.210000000000e+00,1.183470232267e-02,1.183539971643e-02
4.211000000000e+00,1.152798470923e-02,1.152891746265e-02
4.212000000000e+00,1.122314701477e-02,1.122429602667e-02
4.213000000000e+00,1.092069273943e-02,1.092184584374e-02
4.214000000000e+00,1.062055235350e-02,1.062170100479e-02
4.215000000000e+00,1.032257758587e-02,1.032398208027e-02
4.216000000000e+00,1.002764530873e-02,1.002880581622e-02
4.217000000000e+00,9.734888783959e-03,9.736079298651e-03
4.218000000000e+00,9.444599280586e-03,9.445656703719e-03
4.219000000000e+00,9.156379476821e-03,9.157378436813e-03
4.220000000000e+00,8.870229831413e-03,8.871102886396e-03
4.221000000000e+00,8.585437723722e-03,8.586994584860e-03
4.222000000000e+00,8.304239112479e-03,8.305454504495e-03
4.223000000000e+00,8.025289782420e-03,8.026507924573e-03
4.224000000000e+00,7.748688621998e-03,7.750126711627e-03
4.225000000000e+00,7.475130469871e-03,7.476440137896e-03
4.226000000000e+00,7.204057251769e-03,7.205509692571e-03
4.227000000000e+00,6.935942274655e-03,6.937398630034e-03
4.228000000000e+00,6.670904313397e-03,6.671978421609e-03
4.229000000000e+00,6.407909145428e-03,6.408845768538e-03
4.230000000000e+00,6.146666636170e-03,6.147733861386e-03
4.231000000000e+00,5.887780262151e-03,5.888576709236e-03
4.232000000000e+00,5.630061889218e-03,5.631477908524e-03
4.233000000000e+00,5.375536066907e-03,5.376813694940e-03
4.234000000000e+00,5.123504503024e-03,5.124690421881e-03
4.235000000000e+00,4.873900054361e-03,4.874936892402e-03
4.236000000000e+00,4.626117565083e-03,4.627564096106e-03
4.237000000000e+00,4.381391108904e-03,4.382860312327e-03
4.238000000000e+00,4.139816920484e-03,4.140815873826e-03
4.239000000000e+00,3.899962157495e-03,3.901065975285e-03
4.240000000000e+00,3.662507693301e-03,3.663336415563e-03
4.241000000000e+00,3.426633369248e-03,3.427334292248e-03
4.242000000000e+00,3.192149967674e-03,3.192835833608e-03
4.243000000000e+00,2.958770698688e-03,2.960002336149e-03
4.244000000000e+00,2.728242518938e-03,2.729220389960e-03
4.245000000000e+00,2.499361245048e-03,2.500704224340e-03
4.246000000000e+00,2.273308453968e-03,2.274710365022e-03
4.247000000000e+00,2.050198100182e-03,2.051327882092e-03
4.248000000000e+00,1.829179713183e-03,1.830377334499e-03
4.249000000000e+00,1.610686515658e-03,1.611702897754e-03
4.250000000000e+00,1.394133016523e-03,1.395199676239e-03
4.251000000000e+00,1.179566642226e-03,1.180983207852e-03
4.252000000000e+00,9.681589802711e-04,9.692563735578e-04
4.253000000000e+00,7.586021865268e-04,7.600942165068e-04
4.254000000000e+00,5.521995153605e-04,5.537426915531e-04
4.255000000000e+00,3.489412386418e-04,3.503654020023e-04
4.256000000000e+00,1.484759643935e-04,1.498627862776e-04
4.257000000000e+00,-4.907121056728e-05,-4.804143166598e-05
4.258000000000e+00,-2.446314851233e-04,-2.437986383589e-04
4.259000000000e+00,-4.386015867025e-04,-4.377822980440e-04
4.260000000000e+00,-6.308472738013e-04,-6.301612506238e-04
4.261000000000e+00,-8.219887176247e-04,-8.208358518317e-04
4.262000000000e+00,-1.010700031001e-03,-1.009373924391e-03
4.263000000000e+00,-1.196528394151e-03,-1.195567717772e-03
4.264000000000e+00,-1.380655347774e-03,-1.379610620128e-03
4.265000000000e+00,-1.562586158186e-03,-1.561661921506e-03
4.266000000000e+00,-1.742674615076e-03,-1.741903310443e-03
4.267000000000e+00,-1.921130493009e-03,-1.920677979899e-03
4.268000000000e+00,-2.098891453135e-03,-2.098308032728e-03
4.269000000000e+00,-2.275319061977e-03,-2.274909232045e-03
4.270000000000e+00,-2.451116082848e-03,-2.450488386237e-03
4.271000000000e+00,-2.625543813731e-03,-2.624937890375e-03
4.272000000000e+00,-2.798722425905e-03,-2.798230528684e-03
4.273000000000e+00,-2.971019332657e-03,-2.970397723586e-03
4.274000000000e+00,-3.142091487138e-03,-3.141291605776e-03
4.275000000000e+00,-3.311476413910e-03,-3.310720176458e-03
4.276000000000e+00,-3.479293961569e-03,-3.478709000590e-03
4.277000000000e+00,-3.646048350672e-03,-3.645352373501e-03
4.278000000000e+00,-3.811556621289e-03,-3.810450989786e-03
4.279000000000e+00,-3.974526104047e-03,-3.973785204810e-03
4.280000000000e+00,-4.135967340496e-03,-4.135749395592e-03
4.281000000000e+00,-4.297119222541e-03,-4.297026708513e-03
4.282000000000e+00,-4.458290090808e-03,-4.457803920438e-03
4.283000000000e+00,-4.618417864450e-03,-4.617687652734e-03
4.284000000000e+00,-4.776961210089e-03,-4.776279271494e-03
4.285000000000e+00,-4.934255070574e-03,-4.933423710131e-03
4.286000000000e+00,-5.089694788932e-03,-5.089126888998e-03
4.287000000000e+00,-5.244104082449e-03,-5.243603928989e-03
4.288000000000e+00,-5.397454225792e-03,-5.397087148597e-03
4.289000000000e+00,-5.550280166919e-03,-5.549618360504e-03
4.290000000000e+00,-5.701495919920e-03,-5.701110742526e-03
4.291000000000e+00,-5.852241009964e-03,-5.851549805093e-03
4.292000000000e+00,-6.001302010864e-03,-6.000935548003e-03
4.293000000000e+00,-6.149739771628e-03,-6.149419017125e-03
4.294000000000e+00,-6.297883542599e-03,-6.296872715462e-03
4.295000000000e+00,-6.443457108980e-03,-6.442947490044e-03
4.296000000000e+00,-6.588242104873e-03,-6.587811950689e-03
4.297000000000e+00,-6.732155866175e-03,-6.731762705660e-03
4.298000000000e+00,-6.875331658040e-03,-6.874845835360e-03
4.299000000000e+00,-7.017587253183e-03,-7.016931953709e-03
4.300000000000e+00,-7.158299461548e-03,-7.158041503731e-03
4.301000000000e+00,-7.298442730363e-03,-7.298664383237e-03
4.302000000000e+00,-7.439442606068e-03,-7.439168767112e-03
4.303000000000e+00,-7.579824179521e-03,-7.579218949629e-03
4.304000000000e+00,-7.718605164353e-03,-7.718547264705e-03
4.305000000000e+00,-7.857620631132e-03,-7.857352713828e-03
4.306000000000e+00,-7.996111500812e-03,-7.995542692383e-03
4.307000000000e+00,-8.133365987924e-03,-8.132725505212e-03
4.308000000000e+00,-8.269368132796e-03,-8.268641939627e-03
4.309000000000e+00,-8.403799458845e-03,-8.403244566100e-03
4.310000000000e+00,-8.537226201758e-03,-8.536649288453e-03
4.311000000000e+00,-8.669371086654e-03,-8.669058074079e-03
4.312000000000e+00,-8.800889220772e-03,-8.800834093532e-03
4.313000000000e+00,-8.932447305013e-03,-8.932266143498e-03
4.314000000000e+00,-9.063714587836e-03,-9.063250272060e-03
4.315000000000e+00,-9.193832469891e-03,-9.193597164013e-03
4.316000000000e+00,-9.323507373826e-03,-9.323449836851e-03
4.317000000000e+00,-9.453228026457e-03,-9.452988375734e-03
4.318000000000e+00,-9.582320099884e-03,-9.582227375404e-03
4.319000000000e+00,-9.711195787389e-03,-9.711299341827e-03
4.320000000000e+00,-9.840524397757e-03,-9.840251170150e-03
4.321000000000e+00,-9.969237994586e-03,-9.968749024676e-03
4.322000000000e+00,-1.009675099139e-02,-1.009657566560e-02
4.323000000000e+00,-1.022403614396e-02,-1.022393210931e-02
4.324000000000e+00,-1.035111184042e-02,-1.035102416903e-02
4.325000000000e+00,-1.047811865473e-02,-1.047779581372e-02
4.326000000000e+00,-1.060444398105e-02,-1.060397416255e-02
4.327000000000e+00,-1.072971802816e-02,-1.072936006894e-02
4.328000000000e+00,-1.085436954164e-02,-1.085396120128e-02
4.329000000000e+00,-1.097806153681e-02,-1.097790667262e-02
4.330000000000e+00,-1.110152460704e-02,-1.110142964751e-02
4.331000000000e+00,-1.122493054776e-02,-1.122462686188e-02
4.332000000000e+00,-1.134742479663e-02,-1.134753344870e-02
4.333000000000e+00,-1.147048262492e-02,-1.147029516043e-02
4.334000000000e+00,-1.159293216690e-02,-1.159292755080e-02
4.335000000000e+00,-1.171538407614e-02,-1.171554925061e-02
4.336000000000e+00,-1.183833514538e-02,-1.183830109019e-02
4.337000000000e+00,-1.196104214062e-02,-1.196117402201e-02
4.338000000000e+00,-1.208409398257e-02,-1.208423385155e-02
4.339000000000e+00,-1.220744353162e-02,-1.220754325805e-02
4.340000000000e+00,-1.233092457281e-02,-1.233108437397e-02
4.341000000000e+00,-1.245496419431e-02,-1.245467774987e-02
4.342000000000e+00,-1.257819258914e-02,-1.257795500933e-02
4.343000000000e+00,-1.270105062758e-02,-1.270068669779e-02
4.344000000000e+00,-1.282309437770e-02,-1.282274841523e-02
4.345000000000e+00,-1.294461477349e-02,-1.294396294165e-02
4.346000000000e+00,-1.306457451168e-02,-1.306420208925e-02
4.347000000000e+00,-1.318379158216e-02,-1.318374232769e-02
4.348000000000e+00,-1.330297443048e-02,-1.330308679683e-02
4.349000000000e+00,-1.342239979325e-02,-1.342258403260e-02
4.350000000000e+00,-1.354230111787e-02,-1.354227489477e-02
4.351000000000e+00,-1.366220606170e-02,-1.366184517273e-02
4.352000000000e+00,-1.378123320827e-02,-1.378092304918e-02
4.353000000000e+00,-1.389957055570e-02,-1.389952706705e-02
4.354000000000e+00,-1.401779980502e-02,-1.401807082161e-02
4.355000000000e+00,-1.413665786155e-02,-1.413701489698e-02
4.356000000000e+00,-1.425631957474e-02,-1.425656845521e-02
4.357000000000e+00,-1.437629400329e-02,-1.437684111573e-02
4.358000000000e+00,-1.449744385225e-02,-1.449809291180e-02
4.359000000000e+00,-1.462006305475e-02,-1.462037522290e-02
4.360000000000e+00,-1.474331270099e-02,-1.474328926853e-02
4.361000000000e+00,-1.486627606577e-02,-1.486646854277e-02
4.362000000000e+00,-1.498974161370e-02,-1.498988416433e-02
4.363000000000e+00,-1.511365413335e-02,-1.511335734932e-02
4.364000000000e+00,-1.523684459908e-02,-1.523644192357e-02
4.365000000000e+00,-1.535898670763e-02,-1.535905401288e-02
4.366000000000e+00,-1.548146667362e-02,-1.548159764050e-02
4.367000000000e+00,-1.560409634816e-02,-1.560443514701e-02
4.368000000000e+00,-1.572771410609e-02,-1.572759465489e-02
4.369000000000e+00,-1.585083200602e-02,-1.585078143049e-02
4.370000000000e+00,-1.597397639382e-02,-1.597379570312e-02
4.371000000000e+00,-1.609657196461e-02,-1.609664728036e-02
4.372000000000e+00,-1.621947974131e-02,-1.621947057947e-02
4.373000000000e+00,-1.634233640898e-02,-1.634225300345e-02
4.374000000000e+00,-1.646514076534e-02,-1.646474080571e-02
4.375000000000e+00,-1.658702924949e-02,-1.658658964695e-02
4.376000000000e+00,-1.670795118502e-02,-1.670770068032e-02
4.377000000000e+00,-1.682843050930e-02,-1.682826197132e-02
4.378000000000e+00,-1.694852424433e-02,-1.694851731782e-02
4.379000000000e+00,-1.706869586883e-02,-1.706862990164e-02
4.380000000000e+00,-1.718876945593e-02,-1.718856546964e-02
4.381000000000e+00,-1.730832030431e-02,-1.730819147663e-02
4.382000000000e+00,-1.742784869329e-02,-1.742734974865e-02
4.383000000000e+00,-1.754598515841e-02,-1.754595184874e-02
4.384000000000e+00,-1.766432440543e-02,-1.766424272946e-02
4.385000000000e+00,-1.778232427424e-02,-1.778251159216e-02
4.386000000000e+00,-1.790087676639e-02,-1.790094221131e-02
4.387000000000e+00,-1.801954639260e-02,-1.801943697897e-02
4.388000000000e+00,-1.813817369288e-02,-1.813759554774e-02
4.389000000000e+00,-1.825510198656e-02,-1.825517059810e-02
4.390000000000e+00,-1.837282306251e-02,-1.837218969634e-02
4.391000000000e+00,-1.848882564583e-02,-1.848837727483e-02
4.392000000000e+00,-1.860413961929e-02,-1.860353892657e-02
4.393000000000e+00,-1.871801462525e-02,-1.871772297331e-02
4.394000000000e+00,-1.883157635096e-02,-1.883101641498e-02
4.395000000000e+00,-1.894392758344e-02,-1.894326637006e-02
4.396000000000e+00,-1.905490507134e-02,-1.905430189920e-02
4.397000000000e+00,-1.916462620411e-02,-1.916419450748e-02
4.398000000000e+00,-1.927357570709e-02,-1.927312457909e-02
4.399000000000e+00,-1.938154406872e-02,-1.938123649379e-02
4.400000000000e+00,-1.948891929263e-02,-1.948870385385e-02
4.401000000000e+00,-1.959593335362e-02,-1.959566193633e-02
4.402000000000e+00,-1.970228788510e-02,-1.970215246266e-02
4.403000000000e+00,-1.980866192753e-02,-1.980801777747e-02
4.404000000000e+00,-1.991360396482e-02,-1.991271745003e-02
4.405000000000e+00,-2.001682411607e-02,-2.001569374742e-02
4.406000000000e+00,-2.011743893047e-02,-2.011683636332e-02
4.407000000000e+00,-2.021707522129e-02,-2.021650319024e-02
4.408000000000e+00,-2.031569159499e-02,-2.031482077284e-02
4.409000000000e+00,-2.041244807533e-02,-2.041155701503e-02
4.410000000000e+00,-2.050733112614e-02,-2.050666583102e-02
4.411000000000e+00,-2.060091012369e-02,-2.060040650877e-02
4.412000000000e+00,-2.069356741295e-02,-2.069297436520e-02
4.413000000000e+00,-2.078517778127e-02,-2.078418433524e-02
4.414000000000e+00,-2.087459670835e-02,-2.087365346953e-02
4.415000000000e+00,-2.096217944725e-02,-2.096121941939e-02
4.416000000000e+00,-2.104782530539e-02,-2.104686581506e-02
4.417000000000e+00,-2.113160333894e-02,-2.113055825884e-02
4.418000000000e+00,-2.121315465992e-02,-2.121233524861e-02
4.419000000000e+00,-2.129310079256e-02,-2.129243238478e-02
4.420000000000e+00,-2.137181630552e-02,-2.137104780526e-02
4.421000000000e+00,-2.144892707790e-02,-2.144817950310e-02
4.422000000000e+00,-2.152460549446e-02,-2.152374892425e-02
4.423000000000e+00,-2.159854236231e-02,-2.159763186633e-02
4.424000000000e+00,-2.167065467753e-02,-2.166972388890e-02
4.425000000000e+00,-2.174083092769e-02,-2.174002611022e-02
4.426000000000e+00,-2.180953754601e-02,-2.180853120057e-02
4.427000000000e+00,-2.187625133071e-02,-2.187500713607e-02
4.428000000000e+00,-2.194028714764e-02,-2.193923498476e-02
4.429000000000e+00,-2.200232416855e-02,-2.200125411583e-02
4.430000000000e+00,-2.206223078978e-02,-2.206114227688e-02
4.431000000000e+00,-2.211976309978e-02,-2.211907178287e-02
4.432000000000e+00,-2.217616162308e-02,-2.217534941869e-02
4.433000000000e+00,-2.223077278874e-02,-2.223010568529e-02
4.434000000000e+00,-2.228431530005e-02,-2.228320642499e-02
4.435000000000e+00,-2.233554681536e-02,-2.233414850260e-02
4.436000000000e+00,-2.238402103220e-02,-2.238234346693e-02
4.437000000000e+00,-2.242881459674e-02,-2.242761739418e-02
4.438000000000e+00,-2.247132366642e-02,-2.247042576006e-02
4.439000000000e+00,-2.251201810367e-02,-2.251139397796e-02
4.440000000000e+00,-2.255163873020e-02,-2.255088653479e-02
4.441000000000e+00,-2.258966618291e-02,-2.258893338562e-02
4.442000000000e+00,-2.262632318115e-02,-2.262542837764e-02
4.443000000000e+00,-2.266107151643e-02,-2.266025427979e-02
4.444000000000e+00,-2.269429123332e-02,-2.269332873824e-02
4.445000000000e+00,-2.272556345063e-02,-2.272450362923e-02
4.446000000000e+00,-2.275464353939e-02,-2.275368564417e-02
4.447000000000e+00,-2.278173304154e-02,-2.278100605828e-02
4.448000000000e+00,-2.280765800814e-02,-2.280655552824e-02
4.449000000000e+00,-2.283105836441e-02,-2.283025430136e-02
4.450000000000e+00,-2.285297325447e-02,-2.285221034253e-02
4.451000000000e+00,-2.287350782078e-02,-2.287242255770e-02
4.452000000000e+00,-2.289179279251e-02,-2.289059652032e-02
4.453000000000e+00,-2.290746042968e-02,-2.290667023729e-02
4.454000000000e+00,-2.292174879770e-02,-2.292092790474e-02
4.455000000000e+00,-2.293441426553e-02,-2.293350943663e-02
4.456000000000e+00,-2.294509961095e-02,-2.294449995972e-02
4.457000000000e+00,-2.295465381903e-02,-2.295414522956e-02
4.458000000000e+00,-2.296355845878e-02,-2.296237299725e-02
4.459000000000e+00,-2.296950666876e-02,-2.296886367541e-02
4.460000000000e+00,-2.297462546608e-02,-2.297362041850e-02
4.461000000000e+00,-2.297749295528e-02,-2.297661106143e-02
4.462000000000e+00,-2.297855160295e-02,-2.297788537184e-02
4.463000000000e+00,-2.297857461404e-02,-2.297745550427e-02
4.464000000000e+00,-2.297618944803e-02,-2.297497425827e-02
4.465000000000e+00,-2.297130666734e-02,-2.297021874162e-02
4.466000000000e+00,-2.296417762338e-02,-2.296336070858e-02
4.467000000000e+00,-2.295560565034e-02,-2.295467606199e-02
4.468000000000e+00,-2.294491937662e-02,-2.294440247706e-02
4.469000000000e+00,-2.293338691802e-02,-2.293287517978e-02
4.470000000000e+00,-2.292088657626e-02,-2.292024915788e-02
4.471000000000e+00,-2.290690583410e-02,-2.290659151058e-02
4.472000000000e+00,-2.289244707428e-02,-2.289216886831e-02
4.473000000000e+00,-2.287731430193e-02,-2.287726118752e-02
4.474000000000e+00,-2.286231645483e-02,-2.286198673855e-02
4.475000000000e+00,-2.284642181267e-02,-2.284626909037e-02
4.476000000000e+00,-2.283047786610e-02,-2.282998454236e-02
4.477000000000e+00,-2.281335102277e-02,-2.281288948198e-02
4.478000000000e+00,-2.279546545999e-02,-2.279468668756e-02
4.479000000000e+00,-2.277600570822e-02,-2.277492992145e-02
4.480000000000e+00,-2.275432615030e-02,-2.275320609100e-02
4.481000000000e+00,-2.273008050852e-02,-2.272964150987e-02
4.482000000000e+00,-2.270530393189e-02,-2.270477539293e-02
4.483000000000e+00,-2.267949718350e-02,-2.267876043348e-02
4.484000000000e+00,-2.265208484308e-02,-2.265148652449e-02
4.485000000000e+00,-2.262333854148e-02,-2.262317361159e-02
4.486000000000e+00,-2.259456217617e-02,-2.259420747151e-02
4.487000000000e+00,-2.256478377608e-02,-2.256480325930e-02
4.488000000000e+00,-2.253532679682e-02,-2.253508487867e-02
4.489000000000e+00,-2.250546815704e-02,-2.250480854523e-02
4.490000000000e+00,-2.247382710620e-02,-2.247371846241e-02
4.491000000000e+00,-2.244251624527e-02,-2.244179745263e-02
4.492000000000e+00,-2.240954686847e-02,-2.240866553831e-02
4.493000000000e+00,-2.237463983179e-02,-2.237407800163e-02
4.494000000000e+00,-2.233860694212e-02,-2.233839777908e-02
4.495000000000e+00,-2.230222875182e-02,-2.230216215639e-02
4.496000000000e+00,-2.226584474405e-02,-2.226560660291e-02
4.497000000000e+00,-2.222891489239e-02,-2.222862091726e-02
4.498000000000e+00,-2.219146640716e-02,-2.219091272269e-02
4.499000000000e+00,-2.215311410977e-02,-2.215186977837e-02
4.500000000000e+00,-2.211195399935e-02,-2.211079457074e-02
4.501000000000e+00,-2.206828811290e-02,-2.206770133105e-02
4.502000000000e+00,-2.202364536028e-02,-2.202318137456e-02
4.503000000000e+00,-2.197815842095e-02,-2.197762863863e-02
4.504000000000e+00,-2.193135093184e-02,-2.193132655204e-02
4.505000000000e+00,-2.188466082379e-02,-2.188477839156e-02
4.506000000000e+00,-2.183828928691e-02,-2.183825078488e-02
4.507000000000e+00,-2.179204818729e-02,-2.179140632653e-02
4.508000000000e+00,-2.174420278875e-02,-2.174370311553e-02
4.509000000000e+00,-2.169530212181e-02,-2.169516413955e-02
4.510000000000e+00,-2.164611520373e-02,-2.164629930947e-02
4.511000000000e+00,-2.159761814609e-02,-2.159740356598e-02
4.512000000000e+00,-2.154843974232e-02,-2.154831889800e-02
4.513000000000e+00,-2.149918555726e-02,-2.149888713964e-02
4.514000000000e+00,-2.144904886792e-02,-2.144913668613e-02
4.515000000000e+00,-2.139945422351e-02,-2.139914764814e-02
4.516000000000e+00,-2.134908354161e-02,-2.134871835398e-02
4.517000000000e+00,-2.129786404847e-02,-2.129774494666e-02
4.518000000000e+00,-2.124649675806e-02,-2.124639838988e-02
4.519000000000e+00,-2.119507048120e-02,-2.119463758969e-02
4.520000000000e+00,-2.114277149695e-02,-2.114208403039e-02
4.521000000000e+00,-2.108871131971e-02,-2.108866689554e-02
4.522000000000e+00,-2.103474983397e-02,-2.103496783746e-02
4.523000000000e+00,-2.098129846276e-02,-2.098147097860e-02
4.524000000000e+00,-2.092851548771e-02,-2.092797215591e-02
4.525000000000e+00,-2.087408929456e-02,-2.087402702678e-02
4.526000000000e+00,-2.081984556360e-02,-2.081963834407e-02
4.527000000000e+00,-2.076525815699e-02,-2.076470105378e-02
4.528000000000e+00,-2.070938612345e-02,-2.070886497602e-02
4.529000000000e+00,-2.065251762319e-02,-2.065201274676e-02
4.530000000000e+00,-2.059444686005e-02,-2.059434827536e-02
4.531000000000e+00,-2.053644554741e-02,-2.053612961019e-02
4.532000000000e+00,-2.047790395250e-02,-2.047718972050e-02
4.533000000000e+00,-2.041749549528e-02,-2.041733879350e-02
4.534000000000e+00,-2.035712832203e-02,-2.035680844604e-02
4.535000000000e+00,-2.029598596804e-02,-2.029570412302e-02
4.536000000000e+00,-2.023444069772e-02,-2.023387381817e-02
4.537000000000e+00,-2.017161780472e-02,-2.017110323100e-02
4.538000000000e+00,-2.010766102882e-02,-2.010743560848e-02
4.539000000000e+00,-2.004345852282e-02,-2.004300041186e-02
4.540000000000e+00,-1.997854229199e-02,-1.997746137264e-02
4.541000000000e+00,-1.991085070845e-02,-1.991053119111e-02
4.542000000000e+00,-1.984275836345e-02,-1.984272703086e-02
4.543000000000e+00,-1.977479210002e-02,-1.977455473225e-02
4.544000000000e+00,-1.970625507141e-02,-1.970600812385e-02
4.545000000000e+00,-1.963716579848e-02,-1.963702350009e-02
4.546000000000e+00,-1.956799984690e-02,-1.956753335612e-02
4.547000000000e+00,-1.949764194497e-02,-1.949733603834e-02
4.548000000000e+00,-1.942704537128e-02,-1.942613484707e-02
4.549000000000e+00,-1.935431616435e-02,-1.935350170143e-02
4.550000000000e+00,-1.927982620719e-02,-1.927945123253e-02
4.551000000000e+00,-1.920480145664e-02,-1.920433409547e-02
4.552000000000e+00,-1.912900101315e-02,-1.912800848421e-02
4.553000000000e+00,-1.905117643893e-02,-1.904979709678e-02
4.554000000000e+00,-1.897027190272e-02,-1.896934973587e-02
4.555000000000e+00,-1.888732458271e-02,-1.888729351006e-02
4.556000000000e+00,-1.880484294065e-02,-1.880450948961e-02
4.557000000000e+00,-1.872151882851e-02,-1.872115952640e-02
4.558000000000e+00,-1.863753692742e-02,-1.863704560938e-02
4.559000000000e+00,-1.855256886294e-02,-1.855196350855e-02
4.560000000000e+00,-1.846629802538e-02,-1.846578679338e-02
4.561000000000e+00,-1.837906613631e-02,-1.837848270925e-02
4.562000000000e+00,-1.829082084653e-02,-1.828979938424e-02
4.563000000000e+00,-1.820044326706e-02,-1.819923227937e-02
4.564000000000e+00,-1.810737350010e-02,-1.810663781332e-02
4.565000000000e+00,-1.801290164001e-02,-1.801250262368e-02
4.566000000000e+00,-1.791778598668e-02,-1.791733072346e-02
4.567000000000e+00,-1.782175459264e-02,-1.782121827499e-02
4.568000000000e+00,-1.772463951345e-02,-1.772408219341e-02
4.569000000000e+00,-1.762628106391e-02,-1.762599666820e-02
4.570000000000e+00,-1.752744315148e-02,-1.752722012702e-02
4.571000000000e+00,-1.742826310770e-02,-1.742785324209e-02
4.572000000000e+00,-1.732815313257e-02,-1.732779622440e-02
4.573000000000e+00,-1.722732687384e-02,-1.722698921685e-02
4.574000000000e+00,-1.712609153505e-02,-1.712519640845e-02
4.575000000000e+00,-1.702278408215e-02,-1.702195726276e-02
4.576000000000e+00,-1.691780072186e-02,-1.691714822553e-02
4.577000000000e+00,-1.681159094952e-02,-1.681093776347e-02
4.578000000000e+00,-1.670403245022e-02,-1.670341416698e-02
4.579000000000e+00,-1.659542288358e-02,-1.659444006602e-02
4.580000000000e+00,-1.648466893185e-02,-1.648366493000e-02
4.581000000000e+00,-1.637209130076e-02,-1.637073321552e-02
4.582000000000e+00,-1.625651458482e-02,-1.625542902311e-02
4.583000000000e+00,-1.613884168177e-02,-1.613791546969e-02
4.584000000000e+00,-1.601932180536e-02,-1.601851289250e-02
4.585000000000e+00,-1.589823450218e-02,-1.589746645145e-02
4.586000000000e+00,-1.577540156723e-02,-1.577502813023e-02
4.587000000000e+00,-1.565239810653e-02,-1.565121885077e-02
4.588000000000e+00,-1.552641899130e-02,-1.552567327004e-02
4.589000000000e+00,-1.539942619258e-02,-1.539817986741e-02
4.590000000000e+00,-1.526963964026e-02,-1.526853129502e-02
4.591000000000e+00,-1.513755925089e-02,-1.513685489196e-02
4.592000000000e+00,-1.500404267896e-02,-1.500369868144e-02
4.593000000000e+00,-1.487035712490e-02,-1.486920001181e-02
4.594000000000e+00,-1.473401047797e-02,-1.473276172730e-02
4.595000000000e+00,-1.459513787973e-02,-1.459397017973e-02
4.596000000000e+00,-1.445386547303e-02,-1.445293121247e-02
4.597000000000e+00,-1.431078092798e-02,-1.430993057056e-02
4.598000000000e+00,-1.416611354010e-02,-1.416512066966e-02
4.599000000000e+00,-1.401914585802e-02,-1.401859617699e-02
4.600000000000e+00,-1.387167467928e-02,-1.387029878442e-02
4.601000000000e+00,-1.372103592279e-02,-1.371970937553e-02
4.602000000000e+00,-1.356769860336e-02,-1.356660230322e-02
4.603000000000e+00,-1.341229874426e-02,-1.341113171215e-02
4.604000000000e+00,-1.325455874146e-02,-1.325332153764e-02
4.605000000000e+00,-1.309426402380e-02,-1.309312901447e-02
4.606000000000e+00,-1.293179959116e-02,-1.293059387713e-02
4.607000000000e+00,-1.276671453690e-02,-1.276584356963e-02
4.608000000000e+00,-1.260020274856e-02,-1.259900387954e-02
4.609000000000e+00,-1.243108317866e-02,-1.243001313512e-02
4.610000000000e+00,-1.225972530694e-02,-1.225900259293e-02
4.611000000000e+00,-1.208720005516e-02,-1.208615260767e-02
4.612000000000e+00,-1.191266264286e-02,-1.191113031156e-02
4.613000000000e+00,-1.173462087031e-02,-1.173364236314e-02
4.614000000000e+00,-1.155467133666e-02,-1.155418905865e-02
4.615000000000e+00,-1.137394662820e-02,-1.137343727534e-02
4.616000000000e+00,-1.119239667631e-02,-1.119137980190e-02
4.617000000000e+00,-1.100864516178e-02,-1.100749799607e-02
4.618000000000e+00,-1.082252445741e-02,-1.082145286951e-02
4.619000000000e+00,-1.063434250053e-02,-1.063321138621e-02
4.620000000000e+00,-1.044372111450e-02,-1.044288478547e-02
4.621000000000e+00,-1.025164512662e-02,-1.025058953346e-02
4.622000000000e+00,-1.005756929802e-02,-1.005608741812e-02
4.623000000000e+00,-9.860052849367e-03,-9.859185655521e-03
4.624000000000e+00,-9.661176172741e-03,-9.660191465415e-03
4.625000000000e+00,-9.460090604798e-03,-9.459411694548e-03
4.626000000000e+00,-9.257910481388e-03,-9.256961426937e-03
4.627000000000e+00,-9.053790869658e-03,-9.052598942476e-03
4.628000000000e+00,-8.847321570080e-03,-8.845878576976e-03
4.629000000000e+00,-8.637705005933e-03,-8.636605392848e-03
4.630000000000e+00,-8.426035095686e-03,-8.425019606116e-03
4.631000000000e+00,-8.212211167240e-03,-8.211484087559e-03
4.632000000000e+00,-7.997170323295e-03,-7.996230250813e-03
4.633000000000e+00,-7.780061762406e-03,-7.779305638885e-03
4.634000000000e+00,-7.561430898513e-03,-7.560831033011e-03
4.635000000000e+00,-7.341993162587e-03,-7.340713151905e-03
4.636000000000e+00,-7.119518986469e-03,-7.118544688119e-03
4.637000000000e+00,-6.895400053639e-03,-6.894165086773e-03
4.638000000000e+00,-6.668600574712e-03,-6.667576905757e-03
4.639000000000e+00,-6.439624460282e-03,-6.439109863741e-03
4.640000000000e+00,-6.209895616413e-03,-6.209287988756e-03
4.641000000000e+00,-5.978800222120e-03,-5.978393225956e-03
4.642000000000e+00,-5.746898335908e-03,-5.746626637604e-03
4.643000000000e+00,-5.514782442022e-03,-5.513923159027e-03
4.644000000000e+00,-5.280623773932e-03,-5.279885031005e-03
4.645000000000e+00,-5.044988171066e-03,-5.044460798997e-03
4.646000000000e+00,-4.808249005172e-03,-4.807971861155e-03
4.647000000000e+00,-4.571277349368e-03,-4.570516839091e-03
4.648000000000e+00,-4.332626373205e-03,-4.331720801997e-03
4.649000000000e+00,-4.092031420433e-03,-4.091338142468e-03
4.650000000000e+00,-3.850071277831e-03,-3.849536458958e-03
4.651000000000e+00,-3.607181244346e-03,-3.606439774539e-03
4.652000000000e+00,-3.362889929962e-03,-3.361810745717e-03
4.653000000000e+00,-3.116027442445e-03,-3.115530607628e-03
4.654000000000e+00,-2.868430679734e-03,-2.867974220275e-03
4.655000000000e+00,-2.619980356567e-03,-2.619402249606e-03
4.656000000000e+00,-2.370188843835e-03,-2.369907886214e-03
4.657000000000e+00,-2.119889738472e-03,-2.119765288847e-03
4.658000000000e+00,-1.869555299886e-03,-1.869077554316e-03
4.659000000000e+00,-1.618171916289e-03,-1.617565499570e-03
4.660000000000e+00,-1.365366574439e-03,-1.365097001498e-03
4.661000000000e+00,-1.112297053480e-03,-1.111818865714e-03
4.662000000000e+00,-8.579861095818e-04,-8.578606144263e-04
4.663000000000e+00,-6.036849707197e-04,-6.033985928712e-04
4.664000000000e+00,-3.486014757563e-04,-3.485489347985e-04
4.665000000000e+00,-9.361639812102e-05,-9.337271561826e-05
4.666000000000e+00,1.619359165623e-04,1.622191705444e-04
4.667000000000e+00,4.180807540923e-04,4.183073010332e-04
4.668000000000e+00,6.747389588468e-04,6.748206305610e-04
4.669000000000e+00,9.313009117354e-04,9.318145980550e-04
4.670000000000e+00,1.189046194261e-03,1.189610386660e-03
4.671000000000e+00,1.448180563664e-03,1.448166079823e-03
4.672000000000e+00,1.707100406112e-03,1.706893783548e-03
4.673000000000e+00,1.965612964050e-03,1.965334592591e-03
4.674000000000e+00,2.223219422904e-03,2.223612206474e-03
4.675000000000e+00,2.482040594933e-03,2.482131410420e-03
4.676000000000e+00,2.741108291261e-03,2.740739480205e-03
4.677000000000e+00,2.998996756028e-03,2.999095002727e-03
4.678000000000e+00,3.257606141717e-03,3.257101125458e-03
4.679000000000e+00,3.514826165180e-03,3.514495473456e-03
4.680000000000e+00,3.771450058755e-03,3.771202102036e-03
4.681000000000e+00,4.027678121079e-03,4.027251429978e-03
4.682000000000e+00,4.283066019747e-03,4.282434673757e-03
4.683000000000e+00,4.537065331940e-03,4.536547803700e-03
4.684000000000e+00,4.789972412855e-03,4.789717259325e-03
4.685000000000e+00,5.042458631307e-03,5.042234608647e-03
4.686000000000e+00,5.294604742816e-03,5.294137360078e-03
4.687000000000e+00,5.545760732734e-03,5.545133640607e-03
4.688000000000e+00,5.795762023569e-03,5.794844094611e-03
4.689000000000e+00,6.043536896352e-03,6.043155845371e-03
4.690000000000e+00,6.290948232915e-03,6.290261712088e-03
4.691000000000e+00,6.536859696542e-03,6.536067952085e-03
4.692000000000e+00,6.781224240621e-03,6.780289592104e-03
4.693000000000e+00,7.023633078480e-03,7.022750887477e-03
4.694000000000e+00,7.264299624944e-03,7.263385849434e-03
4.695000000000e+00,7.503342555537e-03,7.501949834157e-03
4.696000000000e+00,7.739384058215e-03,7.738019387206e-03
4.697000000000e+00,7.972574228041e-03,7.971574301556e-03
4.698000000000e+00,8.203814931432e-03,8.202987640302e-03
4.699000000000e+00,8.433800470047e-03,8.432244854062e-03
4.700000000000e+00,8.660330378133e-03,8.658795341546e-03
4.701000000000e+00,8.883750401672e-03,8.882430288717e-03
4.702000000000e+00,9.104493317725e-03,9.103490809133e-03
4.703000000000e+00,9.323222890209e-03,9.322481078268e-03
4.704000000000e+00,9.540812576719e-03,9.539595100291e-03
4.705000000000e+00,9.755554850086e-03,9.754665288664e-03
4.706000000000e+00,9.968972916977e-03,9.967495098604e-03
4.707000000000e+00,1.017906728390e-02,1.017771017743e-02
4.708000000000e+00,1.038675531186e-02,1.038497631532e-02
4.709000000000e+00,1.059042010918e-02,1.058920442650e-02
4.710000000000e+00,1.079195142616e-02,1.079072108152e-02
4.711000000000e+00,1.099089080140e-02,1.098985270283e-02
4.712000000000e+00,1.118791073588e-02,1.118674042468e-02
4.713000000000e+00,1.138246599607e-02,1.138132511104e-02
4.714000000000e+00,1.157514529503e-02,1.157321680769e-02
4.715000000000e+00,1.176340380127e-02,1.176192046183e-02
4.716000000000e+00,1.194885761783e-02,1.194754974552e-02
4.717000000000e+00,1.213175812960e-02,1.213042220585e-02
4.718000000000e+00,1.231203484255e-02,1.231054348667e-02
4.719000000000e+00,1.248929264168e-02,1.248771539576e-02
4.720000000000e+00,1.266342059026e-02,1.266173821709e-02
4.721000000000e+00,1.283406044364e-02,1.283257273617e-02
4.722000000000e+00,1.300171412820e-02,1.300050215784e-02
4.723000000000e+00,1.316683482916e-02,1.316601397971e-02
4.724000000000e+00,1.333092140024e-02,1.332917090630e-02
4.725000000000e+00,1.349096515211e-02,1.348939642649e-02
4.726000000000e+00,1.364809516480e-02,1.364634815773e-02
4.727000000000e+00,1.380153306113e-02,1.380001803665e-02
4.728000000000e+00,1.395201094138e-02,1.395054072241e-02
4.729000000000e+00,1.409980745309e-02,1.409782960744e-02
4.730000000000e+00,1.424326400489e-02,1.424161273792e-02
4.731000000000e+00,1.438356079840e-02,1.438196844919e-02
4.732000000000e+00,1.452073351221e-02,1.451901937196e-02
4.733000000000e+00,1.465446718893e-02,1.465263884034e-02
4.734000000000e+00,1.478455027927e-02,1.478262035031e-02
4.735000000000e+00,1.491066686595e-02,1.490884144557e-02
4.736000000000e+00,1.503334592056e-02,1.503121808384e-02
4.737000000000e+00,1.515143170421e-02,1.514975969057e-02
4.738000000000e+00,1.526621911028e-02,1.526493332629e-02
4.739000000000e+00,1.537860029755e-02,1.537727479341e-02
4.740000000000e+00,1.548837283308e-02,1.548686446787e-02
4.741000000000e+00,1.559510045726e-02,1.559342287595e-02
4.742000000000e+00,1.569864723844e-02,1.569649038421e-02
4.743000000000e+00,1.579745465494e-02,1.579577551974e-02
4.744000000000e+00,1.589305792208e-02,1.589159228425e-02
4.745000000000e+00,1.598570713753e-02,1.598441244116e-02
4.746000000000e+00,1.607601264042e-02,1.607439273345e-02
4.747000000000e+00,1.616267682607e-02,1.616155234392e-02
4.748000000000e+00,1.624746595538e-02,1.624602884100e-02
4.749000000000e+00,1.632936500348e-02,1.632760126335e-02
4.750000000000e+00,1.640756933277e-02,1.640585316060e-02
4.751000000000e+00,1.648248556891e-02,1.648056780050e-02
4.752000000000e+00,1.655332849999e-02,1.655170116127e-02
4.753000000000e+00,1.662112428807e-02,1.661936903427e-02
4.754000000000e+00,1.668529866062e-02,1.668364806849e-02
4.755000000000e+00,1.674611255597e-02,1.674469093724e-02
4.756000000000e+00,1.680426981463e-02,1.680267881733e-02
4.757000000000e+00,1.685907665476e-02,1.685764393059e-02
4.758000000000e+00,1.691115608568e-02,1.690959933906e-02
4.759000000000e+00,1.696006563021e-02,1.695847162440e-02
4.760000000000e+00,1.700585697289e-02,1.700413175809e-02
4.761000000000e+00,1.704794718397e-02,1.704663468074e-02
4.762000000000e+00,1.708761413606e-02,1.708630213113e-02
4.763000000000e+00,1.712457293070e-02,1.712329763053e-02
4.764000000000e+00,1.715945050214e-02,1.715723311689e-02
4.765000000000e+00,1.718930922281e-02,1.718741514105e-02
4.766000000000e+00,1.721554548994e-02,1.721373456318e-02
4.767000000000e+00,1.723809322451e-02,1.723647330956e-02
4.768000000000e+00,1.725746409149e-02,1.725589403594e-02
4.769000000000e+00,1.727370603463e-02,1.727216551199e-02
4.770000000000e+00,1.728676469367e-02,1.728541557067e-02
4.771000000000e+00,1.729745714708e-02,1.729559807718e-02
4.772000000000e+00,1.730409888405e-02,1.730242887099e-02
4.773000000000e+00,1.730751822937e-02,1.730588243913e-02
4.774000000000e+00,1.730746992637e-02,1.730625827828e-02
4.775000000000e+00,1.730523658496e-02,1.730392781594e-02
4.776000000000e+00,1.730033107306e-02,1.729896303429e-02
4.777000000000e+00,1.729282616770e-02,1.729112177726e-02
4.778000000000e+00,1.728173059273e-02,1.728006370429e-02
4.779000000000e+00,1.726744529794e-02,1.726556499784e-02
4.780000000000e+00,1.724918328948e-02,1.724755812325e-02
4.781000000000e+00,1.722776085158e-02,1.722620641848e-02
4.782000000000e+00,1.720330141290e-02,1.720162306330e-02
4.783000000000e+00,1.717547287667e-02,1.717369983211e-02
4.784000000000e+00,1.714402133566e-02,1.714232086068e-02
4.785000000000e+00,1.710925943074e-02,1.710745067849e-02
4.786000000000e+00,1.707080388550e-02,1.706908861739e-02
4.787000000000e+00,1.702876830314e-02,1.702751089275e-02
4.788000000000e+00,1.698428727380e-02,1.698329312312e-02
4.789000000000e+00,1.693807662612e-02,1.693680201089e-02
4.790000000000e+00,1.688888367852e-02,1.688815627572e-02
4.791000000000e+00,1.683888167691e-02,1.683738666014e-02
4.792000000000e+00,1.678527977709e-02,1.678424294957e-02
4.793000000000e+00,1.673000454900e-02,1.672867734878e-02
4.794000000000e+00,1.667176941991e-02,1.667074541384e-02
4.795000000000e+00,1.661169762090e-02,1.661055464255e-02
4.796000000000e+00,1.654927373929e-02,1.654818066946e-02
4.797000000000e+00,1.648442590801e-02,1.648389920981e-02
4.798000000000e+00,1.641882979909e-02,1.641815920329e-02
4.799000000000e+00,1.635200018142e-02,1.635093473292e-02
4.800000000000e+00,1.628268751558e-02,1.628202708100e-02
4.801000000000e+00,1.621217731810e-02,1.621171929567e-02
4.802000000000e+00,1.614070741431e-02,1.614043499828e-02
4.803000000000e+00,1.606905843732e-02,1.606815263285e-02
4.804000000000e+00,1.599534461432e-02,1.599436233157e-02
4.805000000000e+00,1.591954573216e-02,1.591885470112e-02
4.806000000000e+00,1.584232028169e-02,1.584199041732e-02
4.807000000000e+00,1.576472177021e-02,1.576412830715e-02
4.808000000000e+00,1.568568098892e-02,1.568532784282e-02
4.809000000000e+00,1.560611702036e-02,1.560566548097e-02
4.810000000000e+00,1.552547360433e-02,1.552528471862e-02
4.811000000000e+00,1.544454628591e-02,1.544441732480e-02
4.812000000000e+00,1.536342708853e-02,1.536317971566e-02
4.813000000000e+00,1.528178614408e-02,1.528146320500e-02
4.814000000000e+00,1.519952336347e-02,1.519911105594e-02
4.815000000000e+00,1.511628311840e-02,1.511610477244e-02
4.816000000000e+00,1.503286064634e-02,1.503255303328e-02
4.817000000000e+00,1.494873648162e-02,1.494851267327e-02
4.818000000000e+00,1.486398724212e-02,1.486426712738e-02
4.819000000000e+00,1.477992890783e-02,1.478039013435e-02
4.820000000000e+00,1.469698243941e-02,1.469716995214e-02
4.821000000000e+00,1.461424935844e-02,1.461449954786e-02
4.822000000000e+00,1.453204789120e-02,1.453231275971e-02
4.823000000000e+00,1.445042711003e-02,1.445060103034e-02
4.824000000000e+00,1.436905239459e-02,1.436934576585e-02
4.825000000000e+00,1.428836696486e-02,1.428859880923e-02
4.826000000000e+00,1.420797861890e-02,1.420852441785e-02
4.827000000000e+00,1.412870045408e-02,1.412949693142e-02
4.828000000000e+00,1.405125041497e-02,1.405175136005e-02
4.829000000000e+00,1.397467275731e-02,1.397511986875e-02
4.830000000000e+00,1.389904513532e-02,1.389936275672e-02
4.831000000000e+00,1.382394484437e-02,1.382439475513e-02
4.832000000000e+00,1.374970026258e-02,1.375038276105e-02
4.833000000000e+00,1.367695813505e-02,1.367755628786e-02
4.834000000000e+00,1.360538476381e-02,1.360593019693e-02
4.835000000000e+00,1.353490295801e-02,1.353539956350e-02
4.836000000000e+00,1.346541697293e-02,1.346585670094e-02
4.837000000000e+00,1.339680656080e-02,1.339712524001e-02
4.838000000000e+00,1.332913071145e-02,1.332874890077e-02
4.839000000000e+00,1.326012173205e-02,1.326029576805e-02
4.840000000000e+00,1.319169458066e-02,1.319199292002e-02
4.841000000000e+00,1.312388585179e-02,1.312418837751e-02
4.842000000000e+00,1.305671853637e-02,1.305690672709e-02
4.843000000000e+00,1.299001595276e-02,1.298991683576e-02
4.844000000000e+00,1.292290217226e-02,1.292294210350e-02
4.845000000000e+00,1.285615847676e-02,1.285579993894e-02
4.846000000000e+00,1.278823715811e-02,1.278845470656e-02
4.847000000000e+00,1.272106160310e-02,1.272126269745e-02
4.848000000000e+00,1.265409798080e-02,1.265466962099e-02
4.849000000000e+00,1.258827838025e-02,1.258921103612e-02
4.850000000000e+00,1.252452570437e-02,1.252528122183e-02
4.851000000000e+00,1.246246741136e-02,1.246262225717e-02
4.852000000000e+00,1.240041343647e-02,1.240063015496e-02
4.853000000000e+00,1.233893717012e-02,1.233899341899e-02
4.854000000000e+00,1.227737224915e-02,1.227769932680e-02
4.855000000000e+00,1.221655990055e-02,1.221694295601e-02
4.856000000000e+00,1.215661199363e-02,1.215680366325e-02
4.857000000000e+00,1.209697663568e-02,1.209710160850e-02
4.858000000000e+00,1.203768194225e-02,1.203758730661e-02
4.859000000000e+00,1.197799540415e-02,1.197810660941e-02
4.860000000000e+00,1.191872074693e-02,1.191867745503e-02
4.861000000000e+00,1.185915795130e-02,1.185936383450e-02
4.862000000000e+00,1.180017608258e-02,1.180032069912e-02
4.863000000000e+00,1.174126674231e-02,1.174172026741e-02
4.864000000000e+00,1.168371788904e-02,1.168346772799e-02
4.865000000000e+00,1.162551736829e-02,1.162491938822e-02
4.866000000000e+00,1.156572215469e-02,1.156570943277e-02
4.867000000000e+00,1.150620986895e-02,1.150615772774e-02
4.868000000000e+00,1.144649084782e-02,1.144651211403e-02
4.869000000000e+00,1.138705557439e-02,1.138666987993e-02
4.870000000000e+00,1.132651451591e-02,1.132644470321e-02
4.871000000000e+00,1.126596070787e-02,1.126595464367e-02
4.872000000000e+00,1.120549742240e-02,1.120527896232e-02
4.873000000000e+00,1.114457869159e-02,1.114419576095e-02
4.874000000000e+00,1.108277639283e-02,1.108251598595e-02
4.875000000000e+00,1.102046907622e-02,1.102028680204e-02
4.876000000000e+00,1.095793999075e-02,1.095750923435e-02
4.877000000000e+00,1.089445200550e-02,1.089399945928e-02
4.878000000000e+00,1.082995550822e-02,1.082971747091e-02
4.879000000000e+00,1.076513635480e-02,1.076474094319e-02
4.880000000000e+00,1.069962653943e-02,1.069886151127e-02
4.881000000000e+00,1.063230134838e-02,1.063178174135e-02
4.882000000000e+00,1.056416177102e-02,1.056348836618e-02
4.883000000000e+00,1.049437630548e-02,1.049418680286e-02
4.884000000000e+00,1.042434878556e-02,1.042431152600e-02
4.885000000000e+00,1.035452727007e-02,1.035397076086e-02
4.886000000000e+00,1.028340731019e-02,1.028274213135e-02
4.887000000000e+00,1.021084576460e-02,1.021044291291e-02
4.888000000000e+00,1.013726923445e-02,1.013757590154e-02
4.889000000000e+00,1.006467140447e-02,1.006483460726e-02
4.890000000000e+00,9.992460257259e-03,9.992312881667e-03
4.891000000000e+00,9.919664719015e-03,9.919859514767e-03
4.892000000000e+00,9.847392212658e-03,9.847600912115e-03
4.893000000000e+00,9.775836059761e-03,9.775350417291e-03
4.894000000000e+00,9.703095880256e-03,9.702394310353e-03
4.895000000000e+00,9.628812684001e-03,9.628291423371e-03
4.896000000000e+00,9.553477821809e-03,9.553132817844e-03
4.897000000000e+00,9.477712708060e-03,9.476999619903e-03
4.898000000000e+00,9.400176946988e-03,9.399824846130e-03
4.899000000000e+00,9.322123175718e-03,9.321819565167e-03
4.900000000000e+00,9.243235858273e-03,9.243377642828e-03
4.901000000000e+00,9.165064044224e-03,9.164706119032e-03
4.902000000000e+00,9.085959947465e-03,9.085503463590e-03
4.903000000000e+00,9.006019584201e-03,9.005402323013e-03
4.904000000000e+00,8.924560364550e-03,8.924399918816e-03
4.905000000000e+00,8.843014740906e-03,8.842823826674e-03
4.906000000000e+00,8.761037146902e-03,8.760885616115e-03
4.907000000000e+00,8.678728761553e-03,8.678667669569e-03
4.908000000000e+00,8.596407347784e-03,8.596202726901e-03
4.909000000000e+00,8.513572100091e-03,8.513407032447e-03
4.910000000000e+00,8.430580756077e-03,8.430091268259e-03
4.911000000000e+00,8.346473497410e-03,8.345956443672e-03
4.912000000000e+00,8.261311479303e-03,8.260863941555e-03
4.913000000000e+00,8.175193717736e-03,8.174869020599e-03
4.914000000000e+00,8.088830264620e-03,8.087784960093e-03
4.915000000000e+00,7.999881486872e-03,7.999212064605e-03
4.916000000000e+00,7.909615626277e-03,7.909273867596e-03
4.917000000000e+00,7.819144682393e-03,7.818092896035e-03
4.918000000000e+00,7.726048506130e-03,7.725409232148e-03
4.919000000000e+00,7.631779801739e-03,7.631377746939e-03
4.920000000000e+00,7.536890176151e-03,7.536255895012e-03
4.921000000000e+00,7.440723736135e-03,7.439853857385e-03
4.922000000000e+00,7.342719027247e-03,7.341857785394e-03
4.923000000000e+00,7.242973298711e-03,7.242131669954e-03
4.924000000000e+00,7.141787592879e-03,7.140479758788e-03
4.925000000000e+00,7.037571758822e-03,7.036639924693e-03
4.926000000000e+00,6.931920026141e-03,6.930515546869e-03
4.927000000000e+00,6.823100741760e-03,6.821965446825e-03
4.928000000000e+00,6.712124021247e-03,6.711113011880e-03
4.929000000000e+00,6.598945870869e-03,6.598341731323e-03
4.930000000000e+00,6.485073077941e-03,6.483803697388e-03
4.931000000000e+00,6.368116615973e-03,6.367318118626e-03
4.932000000000e+00,6.249807107843e-03,6.248985860477e-03
4.933000000000e+00,6.129990140277e-03,6.128804189623e-03
4.934000000000e+00,6.007623825493e-03,6.006516206387e-03
4.935000000000e+00,5.882850276969e-03,5.882219238621e-03
4.936000000000e+00,5.757268944069e-03,5.756109703863e-03
4.937000000000e+00,5.629142290450e-03,5.627826332775e-03
4.938000000000e+00,5.498643641156e-03,5.496664093823e-03
4.939000000000e+00,5.363896062172e-03,5.361869438501e-03
4.940000000000e+00,5.225199630847e-03,5.222960393312e-03
4.941000000000e+00,5.081970288458e-03,5.079701626800e-03
4.942000000000e+00,4.933914198681e-03,4.932300235984e-03
4.943000000000e+00,4.782768051568e-03,4.781497377301e-03
4.944000000000e+00,4.629270156228e-03,4.627856647503e-03
4.945000000000e+00,4.472890272502e-03,4.471379115186e-03
4.946000000000e+00,4.313618251788e-03,4.311630649050e-03
4.947000000000e+00,4.150662656399e-03,4.147605709806e-03
4.948000000000e+00,3.980997791269e-03,3.978241222227e-03
4.949000000000e+00,3.805856715275e-03,3.803427936842e-03
4.950000000000e+00,3.626002130342e-03,3.623603915196e-03
4.951000000000e+00,3.441108381373e-03,3.439211462648e-03
4.952000000000e+00,3.252741189045e-03,3.250618336569e-03
4.953000000000e+00,3.060149200700e-03,3.057724519241e-03
4.954000000000e+00,2.862474929782e-03,2.860229880237e-03
4.955000000000e+00,2.660610041140e-03,2.657855141641e-03
4.956000000000e+00,2.453317384542e-03,2.449942488513e-03
4.957000000000e+00,2.238618713352e-03,2.236091084981e-03
4.958000000000e+00,2.019318331278e-03,2.016781102843e-03
4.959000000000e+00,1.794600953596e-03,1.792598686064e-03
4.960000000000e+00,1.566577886602e-03,1.563593655243e-03
4.961000000000e+00,1.332157625082e-03,1.329035842381e-03
4.962000000000e+00,1.091605001717e-03,1.088308841600e-03
4.963000000000e+00,8.439537601360e-04,8.416015649211e-04
4.964000000000e+00,5.919642172859e-04,5.897790323329e-04
4.965000000000e+00,3.356406150470e-04,3.334119611159e-04
4.966000000000e+00,7.496789574599e-05,7.243020162397e-05
4.967000000000e+00,-1.908197061777e-04,-1.935047494429e-04
4.968000000000e+00,-4.623475772633e-04,-4.643592673293e-04
4.969000000000e+00,-7.375524017961e-04,-7.397423881389e-04
4.970000000000e+00,-1.016734988210e-03,-1.019987676447e-03
4.971000000000e+00,-1.303164924217e-03,-1.305906503682e-03
4.972000000000e+00,-1.594565767328e-03,-1.597841545863e-03
4.973000000000e+00,-1.892574932712e-03,-1.896248107782e-03
4.974000000000e+00,-2.198428521862e-03,-2.201388927108e-03
4.975000000000e+00,-2.509737717462e-03,-2.512910745086e-03
4.976000000000e+00,-2.827708097546e-03,-2.830410667231e-03
4.977000000000e+00,-3.151202180164e-03,-3.153115826029e-03
4.978000000000e+00,-3.478341778380e-03,-3.479936323916e-03
4.979000000000e+00,-3.808460364435e-03,-3.810341184995e-03
4.980000000000e+00,-4.142159453864e-03,-4.144669971063e-03
4.981000000000e+00,-4.481486058029e-03,-4.483233914353e-03
4.982000000000e+00,-4.824154276074e-03,-4.825456475812e-03
4.983000000000e+00,-5.169043610619e-03,-5.170768644778e-03
4.984000000000e+00,-5.517820292731e-03,-5.519207110488e-03
4.985000000000e+00,-5.868531559856e-03,-5.871150681643e-03
4.986000000000e+00,-6.225942636842e-03,-6.226707428651e-03
4.987000000000e+00,-6.583797830246e-03,-6.584807929259e-03
4.988000000000e+00,-6.944403637005e-03,-6.944371817154e-03
4.989000000000e+00,-7.304065184719e-03,-7.304908474211e-03
4.990000000000e+00,-7.665636444595e-03,-7.666983763500e-03
4.991000000000e+00,-8.030090852000e-03,-8.031429533603e-03
4.992000000000e+00,-8.397225628863e-03,-8.398501776605e-03
4.993000000000e+00,-8.766872111552e-03,-8.768044925037e-03
4.994000000000e+00,-9.139418287549e-03,-9.139265182875e-03
4.995000000000e+00,-9.510994719588e-03,-9.508081238206e-03
4.996000000000e+00,-9.884108911736e-03,-9.837363359971e-03
4.997000000000e+00,-1.025873078966e-02,-9.986372379041e-03
