time_lag,vacf_aa_norm,vacf_ibi_norm,vacf_gle_norm
0.000000000000000000e+00,1.000000000000000000e+00,1.000000000000000000e+00,1.000000000000000000e+00
1.000000000000000000e+01,9.966922843677803456e-01,9.999703232449171919e-01,9.943279329677925382e-01
2.000000000000000000e+01,9.869007106195734069e-01,9.998935267031744401e-01,9.797914504488837162e-01
3.000000000000000000e+01,9.711937698029368127e-01,9.997703510505656643e-01,9.591559768946674724e-01
4.000000000000000000e+01,9.503999258745801093e-01,9.996020170659767334e-01,9.344549600978072634e-01
5.000000000000000000e+01,9.254801098862240893e-01,9.993902354078092465e-01,9.072025213008305666e-01
6.000000000000000000e+01,8.974156275681973716e-01,9.991371988416020145e-01,8.785238833428038463e-01
7.000000000000000000e+01,8.671291562277967380e-01,9.988454586582088401e-01,8.492379316159028857e-01
8.000000000000000000e+01,8.354397728942308810e-01,9.985178941395376206e-01,8.199326588127334725e-01
9.000000000000000000e+01,8.030444727862515730e-01,9.981576021243657726e-01,7.910355718954018567e-01
1.000000000000000000e+02,7.705168166535508734e-01,9.977678061465355963e-01,7.628522535044685027e-01
1.100000000000000000e+02,7.383149433187349286e-01,9.973517441897361557e-01,7.355883213479381677e-01
1.200000000000000000e+02,7.067939086581268571e-01,9.969126193951348691e-01,7.093753254613391901e-01
1.300000000000000000e+02,6.762196973656264820e-01,9.964535372973410965e-01,6.842857550550228707e-01
1.400000000000000000e+02,6.467832508760058552e-01,9.959774952730222619e-01,6.603540133225968001e-01
1.500000000000000000e+02,6.186133624712466528e-01,9.954872946372358422e-01,6.375817044387881438e-01
1.600000000000000000e+02,5.917881401970035427e-01,9.949855162048318880e-01,6.159521664970099009e-01
1.700000000000000000e+02,5.663452534460741150e-01,9.944744651727532858e-01,5.954400174389858913e-01
1.800000000000000000e+02,5.422909738129348955e-01,9.939561007311749075e-01,5.760124396431971494e-01
1.900000000000000000e+02,5.196077544261297199e-01,9.934318966933816109e-01,5.576283615669254123e-01
2.000000000000000000e+02,4.982602918924430302e-01,9.929028471115353138e-01,5.402364021419585605e-01
2.100000000000000000e+02,4.782003889481127312e-01,9.923694150022128735e-01,5.237759210680527078e-01
2.200000000000000000e+02,4.593709981979864909e-01,9.918316562025053518e-01,5.081878057512954072e-01
2.300000000000000000e+02,4.417094038442712089e-01,9.912893329835472667e-01,4.934154708185188865e-01
2.400000000000000000e+02,4.251494562043831027e-01,9.907420346014964574e-01,4.794028037186980340e-01
2.500000000000000000e+02,4.096233761546784757e-01,9.901893535026430326e-01,4.661027337987462271e-01
2.600000000000000000e+02,3.950636075530347679e-01,9.896310288814148537e-01,4.534699113183486840e-01
2.700000000000000000e+02,3.814044524446278395e-01,9.890669658666673136e-01,4.414565290860414937e-01
2.800000000000000000e+02,3.685830625173227570e-01,9.884972354518565263e-01,4.300119639628384172e-01
2.900000000000000000e+02,3.565397820403758411e-01,9.879220079215714767e-01,4.190839071186397424e-01
3.000000000000000000e+02,3.452181755363883386e-01,9.873415615507269427e-01,4.086273028529440188e-01
3.100000000000000000e+02,3.345650695903414351e-01,9.867561129755405558e-01,3.986086380595251222e-01
3.200000000000000000e+02,3.245305904586128776e-01,9.861658305686633597e-01,3.890044691809017574e-01
3.300000000000000000e+02,3.150681442658099796e-01,9.855708092886358296e-01,3.797997932100997120e-01
3.400000000000000000e+02,3.061343709741395913e-01,9.849710620508089765e-01,3.709769493251202643e-01
3.500000000000000000e+02,2.976889555313413926e-01,9.843665290801821843e-01,3.625141748755579818e-01
3.600000000000000000e+02,2.896942393306790597e-01,9.837571326583064435e-01,3.543871290732545920e-01
3.700000000000000000e+02,2.821147742363919186e-01,9.831427185687340309e-01,3.465728901001622342e-01
3.800000000000000000e+02,2.749170533797561933e-01,9.825230646861828898e-01,3.390473861741578609e-01
3.900000000000000000e+02,2.680695685664905570e-01,9.818979425995875143e-01,3.317917366104988219e-01
4.000000000000000000e+02,2.615430245410507726e-01,9.812671740699514533e-01,3.247939408663449989e-01
4.100000000000000000e+02,2.553103682625907922e-01,9.806306134977025302e-01,3.180415486449147400e-01
4.200000000000000000e+02,2.493466517552793971e-01,9.799881562979997351e-01,3.115229394880120739e-01
4.300000000000000000e+02,2.436289492128472511e-01,9.793397926531088871e-01,3.052217251367344564e-01
4.400000000000000000e+02,2.381364483107664687e-01,9.786856515399956491e-01,2.991294920093193199e-01
4.500000000000000000e+02,2.328507342490004350e-01,9.780259394297342590e-01,2.932330956802310373e-01
4.600000000000000000e+02,2.277561231018011556e-01,9.773610218138227834e-01,2.875200013808150712e-01
4.700000000000000000e+02,2.228398033282153190e-01,9.766914259377384999e-01,2.819917708564498859e-01
4.800000000000000000e+02,2.180915846072292164e-01,9.760178156541322592e-01,2.766365271645579993e-01
4.900000000000000000e+02,2.135032367872912173e-01,9.753409796687467770e-01,2.714362494896691569e-01
5.000000000000000000e+02,2.090677079595023580e-01,9.746618562584122847e-01,2.663791445779485900e-01
5.100000000000000000e+02,2.047785822042202108e-01,9.739815485426465136e-01,2.614547484639668795e-01
5.200000000000000000e+02,2.006297767938708676e-01,9.733012330884532881e-01,2.566480748938280154e-01
5.300000000000000000e+02,1.966152717952229234e-01,9.726221990078741664e-01,2.519539094391229916e-01
5.400000000000000000e+02,1.927288182380763881e-01,9.719457654293097715e-01,2.473767276155852957e-01
5.500000000000000000e+02,1.889636685036399089e-01,9.712733307926909587e-01,2.429251896894425722e-01
5.600000000000000000e+02,1.853123767172510650e-01,9.706063596568230700e-01,2.386070851084221844e-01
5.700000000000000000e+02,1.817668089796809772e-01,9.699463005021485840e-01,2.344236785378518428e-01
5.800000000000000000e+02,1.783185332538458068e-01,9.692945580852736498e-01,2.303735821144276552e-01
5.900000000000000000e+02,1.749596082539747743e-01,9.686525709430058306e-01,2.264583453271616087e-01
6.000000000000000000e+02,1.716833783455649076e-01,9.680216884275417710e-01,2.226796335105894753e-01
6.100000000000000000e+02,1.684847024092694101e-01,9.674031333139034849e-01,2.190319303553494301e-01
6.200000000000000000e+02,1.653597064877149747e-01,9.667980596540729499e-01,2.155085286108805731e-01
6.300000000000000000e+02,1.623055552332416385e-01,9.662074360235618498e-01,2.121007197347608564e-01
6.400000000000000000e+02,1.593203093258413194e-01,9.656319496682128634e-01,2.087937718759056704e-01
6.500000000000000000e+02,1.564026981924994120e-01,9.650720240988671650e-01,2.055735308244700521e-01
6.600000000000000000e+02,1.535517920319611207e-01,9.645277894609327607e-01,2.024333335500105024e-01
6.700000000000000000e+02,1.507666659099408946e-01,9.639990859713584159e-01,1.993707279891285267e-01
6.800000000000000000e+02,1.480461928012677952e-01,9.634854502244126762e-01,1.963884367811536413e-01
6.900000000000000000e+02,1.453889889637483834e-01,9.629860779347317878e-01,1.934937086914853555e-01
7.000000000000000000e+02,1.427933476620309172e-01,9.624998617620924568e-01,1.906921512859319767e-01
7.100000000000000000e+02,1.402571470755171745e-01,9.620254810419422986e-01,1.879824868260146220e-01
7.200000000000000000e+02,1.377779091092286856e-01,9.615614009309892962e-01,1.853573217108075710e-01
7.300000000000000000e+02,1.353530832030301889e-01,9.611059104103251149e-01,1.828071146364199095e-01
7.400000000000000000e+02,1.329804362468987033e-01,9.606572102570076765e-01,1.803176360445893078e-01
7.500000000000000000e+02,1.306583381282272194e-01,9.602134461404856491e-01,1.778787468936423866e-01
7.600000000000000000e+02,1.283856593167028437e-01,9.597727437283573027e-01,1.754779266430968321e-01
7.700000000000000000e+02,1.261609646999403977e-01,9.593332125104515606e-01,1.731000108250120573e-01
7.800000000000000000e+02,1.239815940293317181e-01,9.588929960834114974e-01,1.707387459692976395e-01
7.900000000000000000e+02,1.218437700073081720e-01,9.584503610107139027e-01,1.683894746936309694e-01
8.000000000000000000e+02,1.197431443960037672e-01,9.580036952710161424e-01,1.660534537497000696e-01
8.100000000000000000e+02,1.176749858048975611e-01,9.575515278664621377e-01,1.637371521702544741e-01
8.200000000000000000e+02,1.156342737015072231e-01,9.570925413681879990e-01,1.614543146170257515e-01
8.300000000000000000e+02,1.136159646451529032e-01,9.566256084884503519e-01,1.592094542408275248e-01
8.400000000000000000e+02,1.116154327586061229e-01,9.561498584083222285e-01,1.569988004306221985e-01
8.500000000000000000e+02,1.096289883333691761e-01,9.556646631834433414e-01,1.548212959856637705e-01
8.600000000000000000e+02,1.076543315028684056e-01,9.551696626602480533e-01,1.526794485577807337e-01
8.700000000000000000e+02,1.056907795211946277e-01,9.546648409650477785e-01,1.505763432718557338e-01
8.800000000000000000e+02,1.037390843268559820e-01,9.541505154513333364e-01,1.485225517259398942e-01
8.900000000000000000e+02,1.018008090997463422e-01,9.536273137283779455e-01,1.465199861501486067e-01
9.000000000000000000e+02,9.987773496171185872e-02,9.530961871333056834e-01,1.445663558533492321e-01
9.100000000000000000e+02,9.797178404946661756e-02,9.525583668336899956e-01,1.426594218227412447e-01
9.200000000000000000e+02,9.608522682498545076e-02,9.520152569127915410e-01,1.407960480251359281e-01
9.300000000000000000e+02,9.422067792776814277e-02,9.514683472396813224e-01,1.389729218199561578e-01
9.400000000000000000e+02,9.238093806663014163e-02,9.509191118337195769e-01,1.371846979835302238e-01
9.500000000000000000e+02,9.056888558988709925e-02,9.503689760549297594e-01,1.354166084166749107e-01
9.600000000000000000e+02,8.878714299205164862e-02,9.498192638924034537e-01,1.336600448915573891e-01
9.700000000000000000e+02,8.703748596018871797e-02,9.492711933744825137e-01,1.319137083912649555e-01
9.800000000000000000e+02,8.532033007266805191e-02,9.487258372969332720e-01,1.301823039853001740e-01
9.900000000000000000e+02,8.363451611009069253e-02,9.481841500530293620e-01,1.284670842932863211e-01
1.000000000000000000e+03,8.197758837897717310e-02,9.476469982655102431e-01,1.267669093296948657e-01
1.010000000000000000e+03,8.034651931022318561e-02,9.471151291276461714e-01,1.250730326773888956e-01
1.020000000000000000e+03,7.873856594159037159e-02,9.465892572626678492e-01,1.233815717374026066e-01
1.030000000000000000e+03,7.715209816944289256e-02,9.460700078776148603e-01,1.216981620034798817e-01
1.040000000000000000e+03,7.558727841812344639e-02,9.455579355285854692e-01,1.200224525027782790e-01
1.050000000000000000e+03,7.404637470077576888e-02,9.450535275409184255e-01,1.183568191744268638e-01
1.060000000000000000e+03,7.253366844012493209e-02,9.445571798980998413e-01,1.167023598281745067e-01
1.070000000000000000e+03,7.105505183445520734e-02,9.440691757711335841e-01,1.150601910640773468e-01
1.080000000000000000e+03,6.961735498747718964e-02,9.435896787484446824e-01,1.134320183966195661e-01
1.090000000000000000e+03,6.822744045108644628e-02,9.431187132572940168e-01,1.118186983248338900e-01
1.100000000000000000e+03,6.689115885000228301e-02,9.426561366837616918e-01,1.102175976137081681e-01
1.110000000000000000e+03,6.561237213669775248e-02,9.422016352499116287e-01,1.086282592429191202e-01
1.120000000000000000e+03,6.439238280194506392e-02,9.417547289879211192e-01,1.070521855917960646e-01
1.130000000000000000e+03,6.322999968866058196e-02,9.413147771909908812e-01,1.054952523782504981e-01
1.140000000000000000e+03,6.212213611232668409e-02,9.408810085142226276e-01,1.039649440802167951e-01
1.150000000000000000e+03,6.106462171187701515e-02,9.404525502395970626e-01,1.024610595819356457e-01
1.160000000000000000e+03,6.005291411359912207e-02,9.400284277746691064e-01,1.009852510716374024e-01
1.170000000000000000e+03,5.908247841969763853e-02,9.396075832716682674e-01,9.954163106765819002e-02
1.180000000000000000e+03,5.814881663280758312e-02,9.391889234285276666e-01,9.812547985985414778e-02
1.190000000000000000e+03,5.724749066810762288e-02,9.387713780328745816e-01,9.673460317383697493e-02
1.200000000000000000e+03,5.637446638059320086e-02,9.383538655964586139e-01,9.537431258371877052e-02
1.210000000000000000e+03,5.552658482463489198e-02,9.379352786650738683e-01,9.404173259614098668e-02
1.220000000000000000e+03,5.470179355340599320e-02,9.375145165944309689e-01,9.273719510404736244e-02
1.230000000000000000e+03,5.389907767502929992e-02,9.370905396858205672e-01,9.145590643900081140e-02
1.240000000000000000e+03,5.311825269890554230e-02,9.366624029942998142e-01,9.019688055835496654e-02
1.250000000000000000e+03,5.235974420490775022e-02,9.362291778914525464e-01,8.896633717127330754e-02
1.260000000000000000e+03,5.162433299080479432e-02,9.357900613529347433e-01,8.777115886189293392e-02
1.270000000000000000e+03,5.091281031173845728e-02,9.353443680954770523e-01,8.661012999604188189e-02
1.280000000000000000e+03,5.022559871521014435e-02,9.348915357979755703e-01,8.547900572191660662e-02
1.290000000000000000e+03,4.956246544086124334e-02,9.344312071658276153e-01,8.436977427239751581e-02
1.300000000000000000e+03,4.892241873446821071e-02,9.339631159590499054e-01,8.328341130879099441e-02
1.310000000000000000e+03,4.830381174838758312e-02,9.334872086646500700e-01,8.222550232846316531e-02
1.320000000000000000e+03,4.770459883099068682e-02,9.330035660763783545e-01,8.120212197924746300e-02
1.330000000000000000e+03,4.712260148924173747e-02,9.325124850728577774e-01,8.021719130537008358e-02
1.340000000000000000e+03,4.655565197832589597e-02,9.320143644873420952e-01,7.926948937320582589e-02
1.350000000000000000e+03,4.600163755638554675e-02,9.315097667879741472e-01,7.835618627521842572e-02
1.360000000000000000e+03,4.545854502328289248e-02,9.309993186628785500e-01,7.747252817428047778e-02
1.370000000000000000e+03,4.492412443663584137e-02,9.304838289349172120e-01,7.660909280167298163e-02
1.380000000000000000e+03,4.439504253381752752e-02,9.299641802935114665e-01,7.575539169625437885e-02
1.390000000000000000e+03,4.386728080234832822e-02,9.294412715097103428e-01,7.490332741176464193e-02
1.400000000000000000e+03,4.333755638857058473e-02,9.289160856470110028e-01,7.404757380679917456e-02
1.410000000000000000e+03,4.280381254513276890e-02,9.283896800647462033e-01,7.318916062242573906e-02
1.420000000000000000e+03,4.226502240472843758e-02,9.278631259832217371e-01,7.232908074995189618e-02
1.430000000000000000e+03,4.172089883249829184e-02,9.273374561496169344e-01,7.146683941508111260e-02
1.440000000000000000e+03,4.117162692861366796e-02,9.268136865303799876e-01,7.060043376281315008e-02
1.450000000000000000e+03,4.061767406936218211e-02,9.262928274970462228e-01,6.973660882452148435e-02
1.460000000000000000e+03,4.005972736327500366e-02,9.257758151557676785e-01,6.888519077645847977e-02
1.470000000000000000e+03,3.949872346490948538e-02,9.252634954295909653e-01,6.806205813850707553e-02
1.480000000000000000e+03,3.893589321289552679e-02,9.247566195100480613e-01,6.727155711616950029e-02
1.490000000000000000e+03,3.837283871140012570e-02,9.242558203054570543e-01,6.651239965067992643e-02
1.500000000000000000e+03,3.781171862358726626e-02,9.237615558028330343e-01,6.578165303210149750e-02
1.510000000000000000e+03,3.725537778381520643e-02,9.232741033883382631e-01,6.507338746175721222e-02
1.520000000000000000e+03,3.670714254868429061e-02,9.227935512281090213e-01,6.437805038589212991e-02
1.530000000000000000e+03,3.617029871253395895e-02,9.223197851879991749e-01,6.369329892540510907e-02
1.540000000000000000e+03,3.564752582980248302e-02,9.218524450903586853e-01,6.301819713179102056e-02
1.550000000000000000e+03,3.514049844402013928e-02,9.213910687663507959e-01,6.234852308257156361e-02
1.560000000000000000e+03,3.464974233684623567e-02,9.209351420434341851e-01,6.168703601938205910e-02
1.570000000000000000e+03,3.417483213649212537e-02,9.204842033010439684e-01,6.103498601220379988e-02
1.580000000000000000e+03,3.371491486790344910e-02,9.200378874666442774e-01,6.038952711999671236e-02
1.590000000000000000e+03,3.326932689571477503e-02,9.195960096014713647e-01,5.974863586740481597e-02
1.600000000000000000e+03,3.283800763931572081e-02,9.191584090250003447e-01,5.911539821052311933e-02
1.610000000000000000e+03,3.242158581845947657e-02,9.187248457358913045e-01,5.849351304574378768e-02
1.620000000000000000e+03,3.202124909182887946e-02,9.182949779358905440e-01,5.788198877284154997e-02
1.630000000000000000e+03,3.163852071809922922e-02,9.178683095274591253e-01,5.727960161254259941e-02
1.640000000000000000e+03,3.127495487858553830e-02,9.174442718007111974e-01,5.668608608547191091e-02
1.650000000000000000e+03,3.093177700585601764e-02,9.170221644209394229e-01,5.610291573053396291e-02
1.660000000000000000e+03,3.060957511849803775e-02,9.166011453880953397e-01,5.552876994778264963e-02
1.670000000000000000e+03,3.030811278964532299e-02,9.161804179254093849e-01,5.496287526539410384e-02
1.680000000000000000e+03,3.002629867181368095e-02,9.157591740702261118e-01,5.440804191781619531e-02
1.690000000000000000e+03,2.976244328291171443e-02,9.153365276139240336e-01,5.386523845215083345e-02
1.700000000000000000e+03,2.951480918626226899e-02,9.149116139811571680e-01,5.333529050203035526e-02
1.710000000000000000e+03,2.928218441339568504e-02,9.144835741142555152e-01,5.281641763160821457e-02
1.720000000000000000e+03,2.906422451403437718e-02,9.140515083653653061e-01,5.230444624407965676e-02
1.730000000000000000e+03,2.886148700763620234e-02,9.136145365896852777e-01,5.180151208893095383e-02
1.740000000000000000e+03,2.867521117283769808e-02,9.131717972981777676e-01,5.130891583135909623e-02
1.750000000000000000e+03,2.850692721071220251e-02,9.127224969333296301e-01,5.082678267124336041e-02
1.760000000000000000e+03,2.835796682976535546e-02,9.122660280583284598e-01,5.035296247147163368e-02
1.770000000000000000e+03,2.822896860929690818e-02,9.118019078954945345e-01,4.988797591339974580e-02
1.780000000000000000e+03,2.811950528765128077e-02,9.113298694454846638e-01,4.943186215677923545e-02
1.790000000000000000e+03,2.802788097412087925e-02,9.108499613141873841e-01,4.898388998521201881e-02
1.800000000000000000e+03,2.795112089866800056e-02,9.103625499413710020e-01,4.853826335297160843e-02
1.810000000000000000e+03,2.788525339777776085e-02,9.098683430533709426e-01,4.809498581758295255e-02
1.820000000000000000e+03,2.782578561981722404e-02,9.093682711281579900e-01,4.764477968174372913e-02
1.830000000000000000e+03,2.776820941520853278e-02,9.088635146760399852e-01,4.717303340980422144e-02
1.840000000000000000e+03,2.770852500304069738e-02,9.083554342556475758e-01,4.666862640682918617e-02
1.850000000000000000e+03,2.764367994426650613e-02,9.078454502962555184e-01,4.612614124025323642e-02
1.860000000000000000e+03,2.757174708682035014e-02,9.073350135334796729e-01,4.555791075558403985e-02
1.870000000000000000e+03,2.749177448369275259e-02,9.068255512099001603e-01,4.496994968860244801e-02
1.880000000000000000e+03,2.740340538411207422e-02,9.063184412766301934e-01,4.436243311260766597e-02
1.890000000000000000e+03,2.730645558650696830e-02,9.058150031857107320e-01,4.374248403738615482e-02
1.900000000000000000e+03,2.720060376182992581e-02,9.053164178671408990e-01,4.312195106036907644e-02
1.910000000000000000e+03,2.708530328320090871e-02,9.048237189550946136e-01,4.251214130215602571e-02
1.920000000000000000e+03,2.695990776615381224e-02,9.043378449620872450e-01,4.191494110201166023e-02
1.930000000000000000e+03,2.682385221275492351e-02,9.038596023444723793e-01,4.132978715363789385e-02
1.940000000000000000e+03,2.667681010505080705e-02,9.033896087812410824e-01,4.076017405039660674e-02
1.950000000000000000e+03,2.651868359663939884e-02,9.029282619386693742e-01,4.020789509787068422e-02
1.960000000000000000e+03,2.634944576738852337e-02,9.024757030119596735e-01,3.967888839278152502e-02
1.970000000000000000e+03,2.616923570543271821e-02,9.020318484764822120e-01,3.918680480326344057e-02
1.980000000000000000e+03,2.597874687044590333e-02,9.015964231227615588e-01,3.874159583799750839e-02
1.990000000000000000e+03,2.577954365944214177e-02,9.011689764347503573e-01,3.834503075931842281e-02
2.000000000000000000e+03,2.557397111880003668e-02,9.007488077099502499e-01,3.799355791669203897e-02
2.010000000000000000e+03,2.536467584456906024e-02,9.003350452730527476e-01,3.767248500130705030e-02
2.020000000000000000e+03,2.515398098433082458e-02,8.999267149106100483e-01,3.736944995878167808e-02
2.030000000000000000e+03,2.494323872072162079e-02,8.995227497462534583e-01,3.708015344262738378e-02
2.040000000000000000e+03,2.473219664164316017e-02,8.991219771563285779e-01,3.680833956981400396e-02
2.050000000000000000e+03,2.451859567739625781e-02,8.987231652215668110e-01,3.655371582544834214e-02
2.060000000000000000e+03,2.429833853647364941e-02,8.983250636470733186e-01,3.631365434201657555e-02
2.070000000000000000e+03,2.406624659065928484e-02,8.979264130308421965e-01,3.607851319199886081e-02
2.080000000000000000e+03,2.381704257586315238e-02,8.975260615304608836e-01,3.583987247035127360e-02
2.090000000000000000e+03,2.354624257312206911e-02,8.971228843098535410e-01,3.558832265453686083e-02
2.100000000000000000e+03,2.325081970611520693e-02,8.967158563400767779e-01,3.531986137496087585e-02
2.110000000000000000e+03,2.292959607933636387e-02,8.963040459453639475e-01,3.504297619831606148e-02
2.120000000000000000e+03,2.258338906614552888e-02,8.958866689390718729e-01,3.476373826227095731e-02
2.130000000000000000e+03,2.221497311623107929e-02,8.954630838926724845e-01,3.448112440354470648e-02
2.140000000000000000e+03,2.182888520144499536e-02,8.950328069331762171e-01,3.418382577061639116e-02
2.150000000000000000e+03,2.143098008316125097e-02,8.945954967269119651e-01,3.385683944013254815e-02
2.160000000000000000e+03,2.102764562845381088e-02,8.941509773907939662e-01,3.349337778687478534e-02
2.170000000000000000e+03,2.062484019306679364e-02,8.936992275856749934e-01,3.309609390649004973e-02
2.180000000000000000e+03,2.022727337577617454e-02,8.932403993945816634e-01,3.267011364895429371e-02
2.190000000000000000e+03,1.983791717407237115e-02,8.927747121946246756e-01,3.221599194398831051e-02
2.200000000000000000e+03,1.945785561534840377e-02,8.923025306455938388e-01,3.173541514916005529e-02
2.210000000000000000e+03,1.908651891782438270e-02,8.918242928489225063e-01,3.123416473235065757e-02
2.220000000000000000e+03,1.872236477991563730e-02,8.913404969341437445e-01,3.072055393689707148e-02
2.230000000000000000e+03,1.836377849023639389e-02,8.908517250894218975e-01,3.020682328839820879e-02
2.240000000000000000e+03,1.800979463292377500e-02,8.903585703276375440e-01,2.970715931530227075e-02
2.250000000000000000e+03,1.766043526541105288e-02,8.898616586020394736e-01,2.922542852241778732e-02
2.260000000000000000e+03,1.731673225159277574e-02,8.893616176737345613e-01,2.876686219216002469e-02
2.270000000000000000e+03,1.698057924794646109e-02,8.888591071347567985e-01,2.834160350772417861e-02
2.280000000000000000e+03,1.665449747979136363e-02,8.883548463465575917e-01,2.795146611608749845e-02
2.290000000000000000e+03,1.634136963913454879e-02,8.878495538690773792e-01,2.758587646691595952e-02
2.300000000000000000e+03,1.604412348422065357e-02,8.873440061016623082e-01,2.723019320086614639e-02
2.310000000000000000e+03,1.576539959985475900e-02,8.868390292535890396e-01,2.686573117651955278e-02
2.320000000000000000e+03,1.550737495511398528e-02,8.863354298419930943e-01,2.648051817832007548e-02
2.330000000000000000e+03,1.527178576632145200e-02,8.858340444211862952e-01,2.606872858862028727e-02
2.340000000000000000e+03,1.505999637695492124e-02,8.853357395729355428e-01,2.563756906728854174e-02
2.350000000000000000e+03,1.487303215064221702e-02,8.848413507931731647e-01,2.519626398741528842e-02
2.360000000000000000e+03,1.471153463246752287e-02,8.843516723049776873e-01,2.475292977046901835e-02
2.370000000000000000e+03,1.457558089086440599e-02,8.838674247196780520e-01,2.431634665410392637e-02
2.380000000000000000e+03,1.446445034167337905e-02,8.833892553318477558e-01,2.389451472674065241e-02
2.390000000000000000e+03,1.437648948305532762e-02,8.829176871869384158e-01,2.349179419000805083e-02
2.400000000000000000e+03,1.430915085341015122e-02,8.824531260705594793e-01,2.311477715398704141e-02
2.410000000000000000e+03,1.425919397642764520e-02,8.819958861445534870e-01,2.276530469997841213e-02
2.420000000000000000e+03,1.422287994641831775e-02,8.815460818394710296e-01,2.244118467198665326e-02
2.430000000000000000e+03,1.419599515126691858e-02,8.811036681333924703e-01,2.214574753711616786e-02
2.440000000000000000e+03,1.417387519992275441e-02,8.806683891581648105e-01,2.188136413337630690e-02
2.450000000000000000e+03,1.415172034809803088e-02,8.802397486673579907e-01,2.165319690289405075e-02
2.460000000000000000e+03,1.412512460393303831e-02,8.798170093710749873e-01,2.146384125306175297e-02
2.470000000000000000e+03,1.409050748843647047e-02,8.793990678525770432e-01,2.131116629245503186e-02
2.480000000000000000e+03,1.404530692503714977e-02,8.789845369444574397e-01,2.118956465755269386e-02
2.490000000000000000e+03,1.398802286392926940e-02,8.785718233701930169e-01,2.109120461580695285e-02
2.500000000000000000e+03,1.391823395508215259e-02,8.781591924653741055e-01,2.101297369197565809e-02
2.510000000000000000e+03,1.383657591582304787e-02,8.777448940592018634e-01,2.095702004631007365e-02
2.520000000000000000e+03,1.374451155242755254e-02,8.773272478035901711e-01,2.091848521319614532e-02
2.530000000000000000e+03,1.364390707648941922e-02,8.769047385982028375e-01,2.089205979204789010e-02
2.540000000000000000e+03,1.353684746532109184e-02,8.764761000660481471e-01,2.086887100542651058e-02
2.550000000000000000e+03,1.342584123166604484e-02,8.760403261845191025e-01,2.085282953146370272e-02
2.560000000000000000e+03,1.331404378112134579e-02,8.755967172333848358e-01,2.084787733428839981e-02
2.570000000000000000e+03,1.320504564522167676e-02,8.751448460986556155e-01,2.085188037883123693e-02
2.580000000000000000e+03,1.310209143735095901e-02,8.746845244638584704e-01,2.086985473213632397e-02
2.590000000000000000e+03,1.300716672351319089e-02,8.742158275448190796e-01,2.090256856712579409e-02
2.600000000000000000e+03,1.292051684341714683e-02,8.737390573056681431e-01,2.094387433846425089e-02
2.610000000000000000e+03,1.284064005074944843e-02,8.732547437891489128e-01,2.098948092940830859e-02
2.620000000000000000e+03,1.276452654868403223e-02,8.727635748377792213e-01,2.103657538582977618e-02
2.630000000000000000e+03,1.268791471024309676e-02,8.722664077587460874e-01,2.107843979687422722e-02
2.640000000000000000e+03,1.260553778723978204e-02,8.717643330625435283e-01,2.110691574234753454e-02
2.650000000000000000e+03,1.251164601293192243e-02,8.712585532373683384e-01,2.111253968750884807e-02
2.660000000000000000e+03,1.240079957587314485e-02,8.707503399857223769e-01,2.109606624887084073e-02
2.670000000000000000e+03,1.226847009607712896e-02,8.702409240884311226e-01,2.105202631522979512e-02
2.680000000000000000e+03,1.211118010945908159e-02,8.697313864114248894e-01,2.097688925161362433e-02
2.690000000000000000e+03,1.192632110827950009e-02,8.692225402231519293e-01,2.087207161296318614e-02
2.700000000000000000e+03,1.171193256804809249e-02,8.687149353908876215e-01,2.074479728148131280e-02
2.710000000000000000e+03,1.146662125870045144e-02,8.682088975103270378e-01,2.060193171003980167e-02
2.720000000000000000e+03,1.118961742803188143e-02,8.677046259461234090e-01,2.044225572878399788e-02
2.730000000000000000e+03,1.088083886421917224e-02,8.672023771537771264e-01,2.026631368004118416e-02
2.740000000000000000e+03,1.054087509608854674e-02,8.667024574155894889e-01,2.007884584855926594e-02
2.750000000000000000e+03,1.017097016948017955e-02,8.662052912537913096e-01,1.988830552058339779e-02
2.760000000000000000e+03,9.773126458585017218e-03,8.657112861268568826e-01,1.970477928105728374e-02
2.770000000000000000e+03,9.350298623426055514e-03,8.652208709786698426e-01,1.953616372670717929e-02
2.780000000000000000e+03,8.906496752374312015e-03,8.647344136337131726e-01,1.938687893129846171e-02
2.790000000000000000e+03,8.446636393794544270e-03,8.642522729542861937e-01,1.926456363044327935e-02
2.800000000000000000e+03,7.976161545178724055e-03,8.637747563266562345e-01,1.916879767598386741e-02
2.810000000000000000e+03,7.500664386630284848e-03,8.633020519732723663e-01,1.909334209685360773e-02
2.820000000000000000e+03,7.025731907411434524e-03,8.628342725261828328e-01,1.902732400754669415e-02
2.830000000000000000e+03,6.557103493323295298e-03,8.623714519895452346e-01,1.895690259999893018e-02
2.840000000000000000e+03,6.100882548758550933e-03,8.619135509760068592e-01,1.886955129227621542e-02
2.850000000000000000e+03,5.663350329826861290e-03,8.614604568246226890e-01,1.876072961856353749e-02
2.860000000000000000e+03,5.250479150650364316e-03,8.610119891886783838e-01,1.863317271844298559e-02
2.870000000000000000e+03,4.867557835563517468e-03,8.605678729102359537e-01,1.848317917603638921e-02
2.880000000000000000e+03,4.519090330794786441e-03,8.601277885386143796e-01,1.831121671801426778e-02
2.890000000000000000e+03,4.208807229757254194e-03,8.596913633503991958e-01,1.812070621045818938e-02
2.900000000000000000e+03,3.939499222604737547e-03,8.592582312266455746e-01,1.791474247955596524e-02
2.910000000000000000e+03,3.712701768522212991e-03,8.588280073667899917e-01,1.769888768790773767e-02
2.920000000000000000e+03,3.528458153499271829e-03,8.584003066844351215e-01,1.748117795660384527e-02
2.930000000000000000e+03,3.385280227931069044e-03,8.579746590250296734e-01,1.726545444484362327e-02
2.940000000000000000e+03,3.280379849112697623e-03,8.575506081459348673e-01,1.705187556453634928e-02
2.950000000000000000e+03,3.210188239863832459e-03,8.571276543598527198e-01,1.683854164206485815e-02
2.960000000000000000e+03,3.170925350296015070e-03,8.567052413648770237e-01,1.662591030107420098e-02
2.970000000000000000e+03,3.158979659284132623e-03,8.562827593437327689e-01,1.642212474227099442e-02
2.980000000000000000e+03,3.171048519097758363e-03,8.558595803863869866e-01,1.623074047842800252e-02
2.990000000000000000e+03,3.203997298852952896e-03,8.554349916043711977e-01,1.605564378421790728e-02
3.000000000000000000e+03,3.254458303071040490e-03,8.550082208703034814e-01,1.590421451932310520e-02
3.010000000000000000e+03,3.318353173175968372e-03,8.545785601391183706e-01,1.577810692968089484e-02
3.020000000000000000e+03,3.390652324193788644e-03,8.541453449354057259e-01,1.567429739576057385e-02
3.030000000000000000e+03,3.465470818961162349e-03,8.537080278489010965e-01,1.559087661179566105e-02
3.040000000000000000e+03,3.536327383514679783e-03,8.532661642180969785e-01,1.552360107215408624e-02
3.050000000000000000e+03,3.596427582123572567e-03,8.528194550671761576e-01,1.546732814645215663e-02
3.060000000000000000e+03,3.638894698281405077e-03,8.523678313481369839e-01,1.542286778203749709e-02
3.070000000000000000e+03,3.656943451008958217e-03,8.519114603578930023e-01,1.538997012776407644e-02
3.080000000000000000e+03,3.644085942259966699e-03,8.514507593361444471e-01,1.535990770128516439e-02
3.090000000000000000e+03,3.594457594903094789e-03,8.509864071947572661e-01,1.532407034863043395e-02
3.100000000000000000e+03,3.503303703637173413e-03,8.505191240232450323e-01,1.527796603189484140e-02
3.110000000000000000e+03,3.367577363884371056e-03,8.500494709162684792e-01,1.521686285782345750e-02
3.120000000000000000e+03,3.186474691443338253e-03,8.495777686990017008e-01,1.513700487943244258e-02
3.130000000000000000e+03,2.961651570578242246e-03,8.491041383181007207e-01,1.503742220583801324e-02
3.140000000000000000e+03,2.696939505488064361e-03,8.486288025087527220e-01,1.491563583424292475e-02
3.150000000000000000e+03,2.397699846962196655e-03,8.481522509630099460e-01,1.477124340482887516e-02
3.160000000000000000e+03,2.070171240879588835e-03,8.476752727418292999e-01,1.460021011653993631e-02
3.170000000000000000e+03,1.721013640235164550e-03,8.471988187416037430e-01,1.440147623529283022e-02
3.180000000000000000e+03,1.357068942343681939e-03,8.467238285157778765e-01,1.417672326112407594e-02
3.190000000000000000e+03,9.852586101032141837e-04,8.462511358715620879e-01,1.393017725364581634e-02
3.200000000000000000e+03,6.124867230415302708e-04,8.457814405544626934e-01,1.366124592287568280e-02
3.210000000000000000e+03,2.454986736409487682e-04,8.453152775043260014e-01,1.337255242883536935e-02
3.220000000000000000e+03,-1.092473208948787093e-04,8.448529969536162643e-01,1.307357394588811415e-02
3.230000000000000000e+03,-4.457088778118588552e-04,8.443948351262058338e-01,1.276844551929403639e-02
3.240000000000000000e+03,-7.584109034509508218e-04,8.439408946487250152e-01,1.245956857508075111e-02
3.250000000000000000e+03,-1.042561089727501696e-03,8.434911619852034637e-01,1.214472648012106595e-02
3.260000000000000000e+03,-1.294148389551059118e-03,8.430455500901241628e-01,1.182575036707708173e-02
3.270000000000000000e+03,-1.510164872816734723e-03,8.426039634050791483e-01,1.150598420693533727e-02
3.280000000000000000e+03,-1.688888926033248715e-03,8.421663201162390422e-01,1.119645329119024930e-02
3.290000000000000000e+03,-1.830027681949740730e-03,8.417325530407008261e-01,1.090832855008313194e-02
3.300000000000000000e+03,-1.934658201253978667e-03,8.413025845903273625e-01,1.064609071353767381e-02
3.310000000000000000e+03,-2.004989272436597143e-03,8.408763429650788490e-01,1.041023559712526622e-02
3.320000000000000000e+03,-2.044198266690297559e-03,8.404536980093310072e-01,1.019132209350018421e-02
3.330000000000000000e+03,-2.056562177630560928e-03,8.400343974768796906e-01,9.978102758802199004e-03
3.340000000000000000e+03,-2.047559289565805372e-03,8.396181192026449525e-01,9.771683568413543422e-03
3.350000000000000000e+03,-2.023566324560789349e-03,8.392045091625253139e-01,9.581107029300661021e-03
3.360000000000000000e+03,-1.991032770571487913e-03,8.387931546844591413e-01,9.412939283676329330e-03
3.370000000000000000e+03,-1.955498400742460008e-03,8.383835496639148177e-01,9.273391992777430329e-03
3.380000000000000000e+03,-1.921146003483208391e-03,8.379750838592354700e-01,9.162233804550515281e-03
3.390000000000000000e+03,-1.891064394872244737e-03,8.375671596530800400e-01,9.084322859926342517e-03
3.400000000000000000e+03,-1.867763539056886083e-03,8.371591585655555612e-01,9.037130846262834971e-03
3.410000000000000000e+03,-1.853491477487479756e-03,8.367504370145878445e-01,9.001326474837588118e-03
3.420000000000000000e+03,-1.850215477254965688e-03,8.363403941497346006e-01,8.959623577779341624e-03
3.430000000000000000e+03,-1.859337715377208178e-03,8.359284876186975355e-01,8.898484204071039488e-03
3.440000000000000000e+03,-1.881339263782302743e-03,8.355142051402307812e-01,8.821012340121919815e-03
3.450000000000000000e+03,-1.915601994247998017e-03,8.350970972892507449e-01,8.743336676036670210e-03
3.460000000000000000e+03,-1.960565379601840897e-03,8.346767869565208109e-01,8.688529695560076940e-03
3.470000000000000000e+03,-2.014123198079351140e-03,8.342529936526139611e-01,8.667120313410952084e-03
3.480000000000000000e+03,-2.073997298595015634e-03,8.338254599518141186e-01,8.686634704415253927e-03
3.490000000000000000e+03,-2.137933051352155882e-03,8.333939354198457439e-01,8.749082569458763170e-03
3.500000000000000000e+03,-2.203806975506040523e-03,8.329583167735719051e-01,8.848388147276854340e-03
3.510000000000000000e+03,-2.269774123310160704e-03,8.325185090806124233e-01,8.979253522508832616e-03
3.520000000000000000e+03,-2.334419578452128982e-03,8.320743693061256607e-01,9.136108165255936095e-03
3.530000000000000000e+03,-2.396920875511706402e-03,8.316257512793271411e-01,9.304454136643353079e-03
3.540000000000000000e+03,-2.457299471660536177e-03,8.311724904531446745e-01,9.473654858595812259e-03
3.550000000000000000e+03,-2.516658721349276494e-03,8.307144127302699133e-01,9.641121487538656040e-03
3.560000000000000000e+03,-2.577246252800309383e-03,8.302513917747557093e-01,9.801897283056889079e-03
3.570000000000000000e+03,-2.642324044617780539e-03,8.297835021616069007e-01,9.958007171656286030e-03
3.580000000000000000e+03,-2.715879714042342651e-03,8.293111411323739190e-01,1.010749560933123237e-02
3.590000000000000000e+03,-2.802209155022592803e-03,8.288350221815782293e-01,1.023784567882796148e-02
3.600000000000000000e+03,-2.905435421205408274e-03,8.283561669480485889e-01,1.034517555733657605e-02
3.610000000000000000e+03,-3.028991320330719390e-03,8.278758277683072597e-01,1.043310709681579372e-02
3.620000000000000000e+03,-3.175047867367886134e-03,8.273953582519520955e-01,1.051703373910520961e-02
3.630000000000000000e+03,-3.343967774130769243e-03,8.269160562719920504e-01,1.060365175947773457e-02
3.640000000000000000e+03,-3.533989383696602669e-03,8.264391223603357872e-01,1.068113724906658013e-02
3.650000000000000000e+03,-3.741264353771984151e-03,8.259656515208235739e-01,1.074416499613998870e-02
3.660000000000000000e+03,-3.960190466414598501e-03,8.254965721849917282e-01,1.079342472980520350e-02
3.670000000000000000e+03,-4.183928363159979472e-03,8.250325694046261038e-01,1.083614511918426851e-02
3.680000000000000000e+03,-4.404988831384730463e-03,8.245740938423777866e-01,1.087397772346090224e-02
3.690000000000000000e+03,-4.615738336165388367e-03,8.241214118270648870e-01,1.090166140116947957e-02
3.700000000000000000e+03,-4.808733695328053746e-03,8.236745869104480366e-01,1.091730555487290151e-02
3.710000000000000000e+03,-4.976964049895667846e-03,8.232334890864819732e-01,1.092258040569935723e-02
3.720000000000000000e+03,-5.114128908286375702e-03,8.227978340388104606e-01,1.090862436754426110e-02
3.730000000000000000e+03,-5.214975059767640655e-03,8.223672234891108435e-01,1.087321280618270408e-02
3.740000000000000000e+03,-5.275636822496339480e-03,8.219411650637694633e-01,1.081752053031163376e-02
3.750000000000000000e+03,-5.293937037579011379e-03,8.215191359778993840e-01,1.073407169750870312e-02
3.760000000000000000e+03,-5.269660098661846717e-03,8.211006429511009674e-01,1.060870974466875116e-02
3.770000000000000000e+03,-5.204734327404422940e-03,8.206852086979876670e-01,1.043152358332988076e-02
3.780000000000000000e+03,-5.103130320186752104e-03,8.202723333673128669e-01,1.020381501793870931e-02
3.790000000000000000e+03,-4.970472961700849249e-03,8.198614828875124827e-01,9.944138575826384774e-03
3.800000000000000000e+03,-4.813442797738042532e-03,8.194521678304563794e-01,9.665449310885110626e-03
3.810000000000000000e+03,-4.639055047145938630e-03,8.190439283736686837e-01,9.383048238203179139e-03
3.820000000000000000e+03,-4.454020882395449618e-03,8.186363147317853306e-01,9.106010608980662224e-03
3.830000000000000000e+03,-4.264292098270211669e-03,8.182289209213774450e-01,8.841080287249118014e-03
3.840000000000000000e+03,-4.074745206551965045e-03,8.178213508668347176e-01,8.594100386044061651e-03
3.850000000000000000e+03,-3.888965831397503663e-03,8.174132566151147694e-01,8.368671732996053880e-03
3.860000000000000000e+03,-3.709194798418612767e-03,8.170043544480604103e-01,8.164020925519497110e-03
3.870000000000000000e+03,-3.536397904883300386e-03,8.165944265096327648e-01,7.982093097732864337e-03
3.880000000000000000e+03,-3.370345150383655900e-03,8.161833846719818153e-01,7.826386127189452827e-03
3.890000000000000000e+03,-3.209751262107974484e-03,8.157712751581417399e-01,7.694286766674328891e-03
3.900000000000000000e+03,-3.052554384605955014e-03,8.153583518938190000e-01,7.577652488021488497e-03
3.910000000000000000e+03,-2.896321832304196361e-03,8.149450791028902685e-01,7.472125313965690720e-03
3.920000000000000000e+03,-2.738680252856804786e-03,8.145321154588160972e-01,7.362923745441024397e-03
3.930000000000000000e+03,-2.577692400764219471e-03,8.141202780631187075e-01,7.235555687822236084e-03
3.940000000000000000e+03,-2.412228023412313523e-03,8.137102794278634477e-01,7.078690491266432377e-03
3.950000000000000000e+03,-2.242297579027524145e-03,8.133023352313524246e-01,6.895340353686695185e-03
3.960000000000000000e+03,-2.069096170708911286e-03,8.128961253292634748e-01,6.688283722771335565e-03
3.970000000000000000e+03,-1.894647220165934483e-03,8.124908712341730732e-01,6.466738285120615139e-03
3.980000000000000000e+03,-1.721310772201416076e-03,8.120856043271192926e-01,6.240212798702275514e-03
3.990000000000000000e+03,-1.551449609032213867e-03,8.116794340411930264e-01,6.026584230682329769e-03
4.000000000000000000e+03,-1.387277927586219768e-03,8.112717859628811867e-01,5.838827063170209941e-03
4.010000000000000000e+03,-1.230730028050612372e-03,8.108623793919050859e-01,5.676391843074479401e-03
4.020000000000000000e+03,-1.083030888538409967e-03,8.104510895564742690e-01,5.533237677841169357e-03
4.030000000000000000e+03,-9.438253016618889605e-04,8.100378925860544088e-01,5.402514612681243167e-03
4.040000000000000000e+03,-8.107485276830359629e-04,8.096227742558687046e-01,5.271931719831687846e-03
4.050000000000000000e+03,-6.800280782440596165e-04,8.092056880312192835e-01,5.127003272175085190e-03
4.060000000000000000e+03,-5.473502612854698728e-04,8.087866135595114248e-01,4.956260901608569580e-03
4.070000000000000000e+03,-4.085658844452117323e-04,8.083655360770917175e-01,4.758018134450360710e-03
4.080000000000000000e+03,-2.602613535484413036e-04,8.079424655425681001e-01,4.538896134816192661e-03
4.090000000000000000e+03,-1.001293441438966784e-04,8.075175695316981761e-01,4.305465249933260359e-03
4.100000000000000000e+03,7.294020746005194810e-05,8.070910860806176368e-01,4.061747333728403520e-03
4.110000000000000000e+03,2.590149227494125891e-04,8.066633860078057383e-01,3.812465788201578349e-03
4.120000000000000000e+03,4.573690533679352927e-04,8.062349170988543090e-01,3.564450308358630554e-03
4.130000000000000000e+03,6.666729285777731485e-04,8.058062230317775132e-01,3.319620466491139243e-03
4.140000000000000000e+03,8.850970647656247747e-04,8.053779028616602220e-01,3.087755894794733721e-03
4.150000000000000000e+03,1.110350347022218218e-03,8.049505854320763154e-01,2.880794395079166754e-03
4.160000000000000000e+03,1.339712098132356472e-03,8.045248732037375561e-01,2.709215586638209425e-03
4.170000000000000000e+03,1.570177964679316538e-03,8.041013712518031431e-01,2.582705858115551083e-03
4.180000000000000000e+03,1.798722232231350247e-03,8.036807177481288811e-01,2.505529564466216219e-03
4.190000000000000000e+03,2.022647507006592772e-03,8.032636337437932816e-01,2.477764672081816336e-03
4.200000000000000000e+03,2.240023792306681909e-03,8.028509675668736856e-01,2.485661391439707157e-03
4.210000000000000000e+03,2.449998750644716630e-03,8.024437405622616426e-01,2.518037223529090516e-03
4.220000000000000000e+03,2.652600937973659864e-03,8.020430584845228417e-01,2.574619366874422981e-03
4.230000000000000000e+03,2.848111488002965253e-03,8.016496979531076983e-01,2.651862385879216657e-03
4.240000000000000000e+03,3.036504841085480542e-03,8.012636895331932685e-01,2.739708650847136589e-03
4.250000000000000000e+03,3.217294191106021516e-03,8.008841106865386417e-01,2.836539131209671067e-03
4.260000000000000000e+03,3.389750484837465282e-03,8.005093739465435343e-01,2.928547469279368064e-03
4.270000000000000000e+03,3.553088611976789376e-03,8.001377603725816634e-01,3.000482592984869169e-03
4.280000000000000000e+03,3.706318475775766119e-03,7.997677418005876282e-01,3.040982656073768029e-03
4.290000000000000000e+03,3.847958147790199630e-03,7.993981069283339069e-01,3.043474049725545735e-03
4.300000000000000000e+03,3.975823566431305363e-03,7.990279197839679215e-01,3.003178313982652389e-03
4.310000000000000000e+03,4.087103977567165154e-03,7.986564237820250600e-01,2.918231974898510741e-03
4.320000000000000000e+03,4.178849569969328784e-03,7.982829603453023282e-01,2.793571920040670287e-03
4.330000000000000000e+03,4.248468805512372118e-03,7.979070139570357822e-01,2.636339038697393510e-03
4.340000000000000000e+03,4.293848408240900569e-03,7.975281628615061846e-01,2.453675764519353420e-03
4.350000000000000000e+03,4.313238539182330349e-03,7.971460932188462190e-01,2.253386718878864874e-03
4.360000000000000000e+03,4.305173616695524320e-03,7.967605600842765368e-01,2.037088284046554773e-03
4.370000000000000000e+03,4.268526826534274100e-03,7.963714435274781289e-01,1.804217877605038007e-03
4.380000000000000000e+03,4.202727035726840608e-03,7.959787102115288837e-01,1.557275567344485303e-03
4.390000000000000000e+03,4.108028122769767990e-03,7.955824318881576929e-01,1.304223208437667487e-03
4.400000000000000000e+03,3.985614503344569320e-03,7.951827827861155384e-01,1.046553587551631677e-03
4.410000000000000000e+03,3.837466364524821233e-03,7.947800690355641962e-01,7.905830472826791584e-04
4.420000000000000000e+03,3.666088514340378520e-03,7.943746740537142026e-01,5.489750539471448688e-04
4.430000000000000000e+03,3.474206641253515214e-03,7.939671081986391377e-01,3.268795834428830623e-04
4.440000000000000000e+03,3.264448575848982303e-03,7.935579388758855490e-01,1.197779544290132142e-04
4.450000000000000000e+03,3.039072702092123022e-03,7.931478078713641855e-01,-8.512339209317142563e-05
4.460000000000000000e+03,2.799893989642391820e-03,7.927374360530801134e-01,-2.949164429409446039e-04
4.470000000000000000e+03,2.548446669439082945e-03,7.923275633038956434e-01,-5.131313469739862219e-04
4.480000000000000000e+03,2.286176592814641566e-03,7.919189324582134315e-01,-7.363132300110479100e-04
4.490000000000000000e+03,2.014467479637871775e-03,7.915122435779105015e-01,-9.649303703570054997e-04
4.500000000000000000e+03,1.734791203622234592e-03,7.911081449145315192e-01,-1.182605579248803204e-03
4.510000000000000000e+03,1.449189508988706901e-03,7.907072145933129459e-01,-1.380377071231477220e-03
4.520000000000000000e+03,1.160800134832860398e-03,7.903098980557516917e-01,-1.554624483345302044e-03
4.530000000000000000e+03,8.741877592857989591e-04,7.899164706742207720e-01,-1.695063802930299197e-03
4.540000000000000000e+03,5.952962329551479432e-04,7.895270743615331321e-01,-1.793295107932706264e-03
4.550000000000000000e+03,3.309436724708031017e-04,7.891416550922273343e-01,-1.838956307226581946e-03
4.560000000000000000e+03,8.794804189151950158e-05,7.887599851628326331e-01,-1.831384386509550630e-03
4.570000000000000000e+03,-1.278074367254307668e-04,7.883816626315472975e-01,-1.773388004195984580e-03
4.580000000000000000e+03,-3.120373221048933568e-04,7.880061222738635740e-01,-1.663540468973985975e-03
4.590000000000000000e+03,-4.623962992345113650e-04,7.876326878391146646e-01,-1.510330329561346361e-03
4.600000000000000000e+03,-5.785611960572086682e-04,7.872606480634011250e-01,-1.322545658070786506e-03
4.610000000000000000e+03,-6.620644717505885400e-04,7.868893988674419138e-01,-1.107840595710951831e-03
4.620000000000000000e+03,-7.158931002652644052e-04,7.865185668964055354e-01,-8.708574057528106370e-04
4.630000000000000000e+03,-7.439242095810528988e-04,7.861480653651301553e-01,-6.123606741074047151e-04
4.640000000000000000e+03,-7.503536542196371671e-04,7.857780916481651445e-01,-3.402114860844302879e-04
4.650000000000000000e+03,-7.392360952834842224e-04,7.854090094374641673e-01,-6.341312025251492023e-05
4.660000000000000000e+03,-7.141698181725807506e-04,7.850412116799599938e-01,2.126195880674489763e-04
4.670000000000000000e+03,-6.781230044410874571e-04,7.846749528844234600e-01,4.800909539293301870e-04
4.680000000000000000e+03,-6.334296156501159798e-04,7.843102014651825993e-01,7.284061591016337961e-04
4.690000000000000000e+03,-5.821088676315046371e-04,7.839466540576909281e-01,9.546572668161165415e-04
4.700000000000000000e+03,-5.264379276339244693e-04,7.835837286107857347e-01,1.163110429213514742e-03
4.710000000000000000e+03,-4.690572150702352131e-04,7.832206783339105138e-01,1.351612795135243321e-03
4.720000000000000000e+03,-4.122189681956263223e-04,7.828567155002245093e-01,1.524391535512197894e-03
4.730000000000000000e+03,-3.569721103499940047e-04,7.824911012648834152e-01,1.676787891540448133e-03
4.740000000000000000e+03,-3.028237829743078637e-04,7.821231625594986525e-01,1.812231065287968476e-03
4.750000000000000000e+03,-2.478264209125682362e-04,7.817523363281099202e-01,1.935405472172568257e-03
4.760000000000000000e+03,-1.890258714583603356e-04,7.813781795276559805e-01,2.050813430318518520e-03
4.770000000000000000e+03,-1.230780414037810008e-04,7.810003492926190782e-01,2.163503164046224735e-03
4.780000000000000000e+03,-4.679378300692856615e-05,7.806186296113430956e-01,2.276697332356821153e-03
4.790000000000000000e+03,4.245011384819165199e-05,7.802328921098261594e-01,2.391677258895874396e-03
4.800000000000000000e+03,1.464494926771100938e-04,7.798431060268929960e-01,2.513842431060639947e-03
4.810000000000000000e+03,2.661179386890020300e-04,7.794493521254398649e-01,2.638180714854358819e-03
4.820000000000000000e+03,4.016758376884411747e-04,7.790518514074891154e-01,2.752479982003745197e-03
4.830000000000000000e+03,5.529695313726665142e-04,7.786509215093043723e-01,2.854671757226245280e-03
4.840000000000000000e+03,7.197080674101202389e-04,7.782470286881182364e-01,2.944758817733012391e-03
4.850000000000000000e+03,9.016154132070487975e-04,7.778407434134405607e-01,3.022161097337637287e-03
4.860000000000000000e+03,1.098547871448693654e-03,7.774327258212192504e-01,3.084031220518203189e-03
4.870000000000000000e+03,1.310490161536813098e-03,7.770236634455356395e-01,3.130705446035009394e-03
4.880000000000000000e+03,1.537376859535407713e-03,7.766142400663516021e-01,3.169601210119671417e-03
4.890000000000000000e+03,1.778748448078913517e-03,7.762051546258923462e-01,3.202121915888690457e-03
4.900000000000000000e+03,2.033354699997406197e-03,7.757970143978490940e-01,3.226980010638058095e-03
4.910000000000000000e+03,2.298948348437559498e-03,7.753903967635726868e-01,3.245733439517275651e-03
4.920000000000000000e+03,2.572276470036006287e-03,7.749858336165792450e-01,3.261877332897047434e-03
4.930000000000000000e+03,2.848972690354085926e-03,7.745837631677358059e-01,3.274673491296113681e-03
4.940000000000000000e+03,3.123270346748432957e-03,7.741845710902685029e-01,3.284937875648643365e-03
4.950000000000000000e+03,3.387859064176421565e-03,7.737885442962590954e-01,3.288703283824465692e-03
4.960000000000000000e+03,3.634159169453536360e-03,7.733959237308617451e-01,3.284507142457868730e-03
4.970000000000000000e+03,3.852953043504016035e-03,7.730068279553280464e-01,3.281208553993635989e-03
4.980000000000000000e+03,4.035211757050728883e-03,7.726212824167248971e-01,3.281036233615365963e-03
4.990000000000000000e+03,4.172996091905641081e-03,7.722392220324065804e-01,3.283374370245996984e-03
5.000000000000000000e+03,4.260297232249960278e-03,7.718604278744368719e-01,3.281113596890729549e-03
5.010000000000000000e+03,4.293615834541703730e-03,7.714845509395172884e-01,3.266353228714493143e-03
5.020000000000000000e+03,4.272005197556633972e-03,7.711110877844892242e-01,3.237021404635271552e-03
5.030000000000000000e+03,4.196594291972102417e-03,7.707393147604295613e-01,3.195627890770935241e-03
5.040000000000000000e+03,4.069990149361186506e-03,7.703683463606401105e-01,3.153436837510760309e-03
5.050000000000000000e+03,3.895829679897688021e-03,7.699972711045370843e-01,3.109246358096826902e-03
5.060000000000000000e+03,3.678496755762378743e-03,7.696250892861584703e-01,3.067115027769978623e-03
5.070000000000000000e+03,3.422892213747371661e-03,7.692509047265951860e-01,3.035762539338918153e-03
5.080000000000000000e+03,3.134143090535624829e-03,7.688740457457895472e-01,3.022364815789544898e-03
5.090000000000000000e+03,2.817305022045648276e-03,7.684942365926484831e-01,3.023495901293441097e-03
5.100000000000000000e+03,2.477179394345252559e-03,7.681114003446355420e-01,3.027084077294378128e-03
5.110000000000000000e+03,2.118209413184068794e-03,7.677256546288335759e-01,3.022901806445273988e-03
5.120000000000000000e+03,1.744388502891968881e-03,7.673372314573307928e-01,3.015360810903695236e-03
5.130000000000000000e+03,1.359258815645324843e-03,7.669464510779724353e-01,3.005444625411558390e-03
5.140000000000000000e+03,9.660792857433863137e-04,7.665536639839771738e-01,2.998826104039401669e-03
5.150000000000000000e+03,5.681322015967380564e-04,7.661592240461172487e-01,3.008151862152033066e-03
5.160000000000000000e+03,1.689860717744885992e-04,7.657634754977626912e-01,3.033167328625276538e-03
5.170000000000000000e+03,-2.275033410628547639e-04,7.653667560042709539e-01,3.062538399172270824e-03
5.180000000000000000e+03,-6.173459816178994246e-04,7.649694379392555366e-01,3.089730256535695198e-03
5.190000000000000000e+03,-9.965654014733585017e-04,7.645719075027587186e-01,3.109057093609670936e-03
5.200000000000000000e+03,-1.361440444491693021e-03,7.641745530896917327e-01,3.112825183263231467e-03
5.210000000000000000e+03,-1.708820480465168519e-03,7.637777539457510922e-01,3.101727803330393395e-03
5.220000000000000000e+03,-2.036327042123423341e-03,7.633818716276229432e-01,3.075913334891240605e-03
5.230000000000000000e+03,-2.342319402721743798e-03,7.629871249035721226e-01,3.030981145269853738e-03
5.240000000000000000e+03,-2.625563648727791567e-03,7.625936351131886726e-01,2.959682114998394425e-03
5.250000000000000000e+03,-2.884683040975724849e-03,7.622014447615664823e-01,2.864502874958328553e-03
5.260000000000000000e+03,-3.117815648614541326e-03,7.618104938502388013e-01,2.749000315354113624e-03
5.270000000000000000e+03,-3.322689052807989950e-03,7.614206157833400823e-01,2.625408255378098091e-03
5.280000000000000000e+03,-3.496736867911219744e-03,7.610315414365694808e-01,2.499780485074368317e-03
5.290000000000000000e+03,-3.637229742116945656e-03,7.606429488228347857e-01,2.379123194022782131e-03
5.300000000000000000e+03,-3.741633909860655419e-03,7.602545459474696621e-01,2.263750586483914955e-03
5.310000000000000000e+03,-3.808168092107006280e-03,7.598660304369051488e-01,2.142029278122385954e-03
5.320000000000000000e+03,-3.836293964908915523e-03,7.594771492234292376e-01,2.015904579729108689e-03
5.330000000000000000e+03,-3.826911173336365775e-03,7.590877082089286798e-01,1.884469907383251814e-03
5.340000000000000000e+03,-3.782376757717971754e-03,7.586975867544167862e-01,1.744014768671037739e-03
5.350000000000000000e+03,-3.706537023422145066e-03,7.583067873652358237e-01,1.594136912967797186e-03
5.360000000000000000e+03,-3.604564607847980488e-03,7.579153683030395161e-01,1.436380283542000331e-03
5.370000000000000000e+03,-3.482308661073841433e-03,7.575235485293806414e-01,1.279649785862494761e-03
5.380000000000000000e+03,-3.345478545950643454e-03,7.571316362871525207e-01,1.124441486207362461e-03
5.390000000000000000e+03,-3.198908172902227131e-03,7.567399698343975079e-01,9.732644383420805670e-04
5.400000000000000000e+03,-3.046023472413277033e-03,7.563489126526461437e-01,8.342552098157894180e-04
5.410000000000000000e+03,-2.888732440455437939e-03,7.559587701146853744e-01,7.105709288391314719e-04
5.420000000000000000e+03,-2.727656156536307965e-03,7.555698677590260148e-01,5.998967939400803905e-04
5.430000000000000000e+03,-2.562448029798772113e-03,7.551824897970748074e-01,4.880628003245018106e-04
5.440000000000000000e+03,-2.392071773143081195e-03,7.547968350724023612e-01,3.648725867578534853e-04
5.450000000000000000e+03,-2.215020882020443064e-03,7.544130928795050872e-01,2.243454469544169257e-04
5.460000000000000000e+03,-2.029639486389412002e-03,7.540314318236066571e-01,6.482093932670258106e-05
5.470000000000000000e+03,-1.834680196010163170e-03,7.536519312610329147e-01,-1.117075751982479521e-04
5.480000000000000000e+03,-1.629956254435331424e-03,7.532746069972502401e-01,-2.955614914026354458e-04
5.490000000000000000e+03,-1.416865283440505666e-03,7.528994460601887706e-01,-4.882206762457484564e-04
5.500000000000000000e+03,-1.198636211171602442e-03,7.525263980127214758e-01,-6.909546560380675374e-04
5.510000000000000000e+03,-9.800540601948399492e-04,7.521553169984867004e-01,-8.981577502729983647e-04
5.520000000000000000e+03,-7.665152575329332949e-04,7.517860144415189350e-01,-1.109291033252128144e-03
5.530000000000000000e+03,-5.627816000631623988e-04,7.514182068735762998e-01,-1.327456563886927898e-03
5.540000000000000000e+03,-3.719906201427524654e-04,7.510514837547754841e-01,-1.549232164229974885e-03
5.550000000000000000e+03,-1.952957879222205035e-04,7.506854003158562882e-01,-1.769842649416004899e-03
5.560000000000000000e+03,-3.227955047123112531e-05,7.503194574862659394e-01,-1.994083938311721083e-03
5.570000000000000000e+03,1.181357225416657873e-04,7.499531078775862891e-01,-2.227009186970772044e-03
5.580000000000000000e+03,2.568739959318663466e-04,7.495858019664083383e-01,-2.475977425606538159e-03
5.590000000000000000e+03,3.843184120187007080e-04,7.492170719303201665e-01,-2.743001868236614234e-03
5.600000000000000000e+03,5.002238849878456453e-04,7.488465094946450407e-01,-3.021540474268475263e-03
5.610000000000000000e+03,6.037393123281904923e-04,7.484738142737423772e-01,-3.308984345323417921e-03
5.620000000000000000e+03,6.934441482546955041e-04,7.480987803658655233e-01,-3.592141561701906426e-03
5.630000000000000000e+03,7.673269503823816574e-04,7.477213231695317708e-01,-3.858839786329310451e-03
5.640000000000000000e+03,8.226838686168423502e-04,7.473414717755564318e-01,-4.104654350361432689e-03
5.650000000000000000e+03,8.560252519799029305e-04,7.469593867004812315e-01,-4.328406239411853977e-03
5.660000000000000000e+03,8.631991487757178063e-04,7.465753314166074794e-01,-4.527332854029896513e-03
5.670000000000000000e+03,8.398414795678299169e-04,7.461896545501872646e-01,-4.698460153060700188e-03
5.680000000000000000e+03,7.819879047957213570e-04,7.458027935086108950e-01,-4.837251855217513004e-03
5.690000000000000000e+03,6.866095480172976911e-04,7.454152485427777419e-01,-4.942514543061390410e-03
5.700000000000000000e+03,5.520077808599993573e-04,7.450275574905677045e-01,-5.012911712886576263e-03
5.710000000000000000e+03,3.781736589773847441e-04,7.446402240352023583e-01,-5.059333420750791906e-03
5.720000000000000000e+03,1.671610221021262350e-04,7.442537380088496413e-01,-5.096469897341027178e-03
5.730000000000000000e+03,-7.661772485069014648e-05,7.438685356514109781e-01,-5.132591182967289473e-03
5.740000000000000000e+03,-3.462699935362445014e-04,7.434849730096654286e-01,-5.169028436173567741e-03
5.750000000000000000e+03,-6.327183356257189443e-04,7.431033118044556574e-01,-5.201404293658368205e-03
5.760000000000000000e+03,-9.257162985013637482e-04,7.427237935214524578e-01,-5.230388379863303017e-03
5.770000000000000000e+03,-1.215062683729385869e-03,7.423465486697299331e-01,-5.253174101263195957e-03
5.780000000000000000e+03,-1.490357000206298617e-03,7.419716488670113907e-01,-5.271679674333740358e-03
5.790000000000000000e+03,-1.739672828529421770e-03,7.415991423379825198e-01,-5.285876762600063943e-03
5.800000000000000000e+03,-1.951134580118011989e-03,7.412290521433765322e-01,-5.294002836372367973e-03
5.810000000000000000e+03,-2.115908584937870821e-03,7.408613547298158464e-01,-5.317021635636685548e-03
5.820000000000000000e+03,-2.229359667772962562e-03,7.404959503575067048e-01,-5.363437891475387846e-03
5.830000000000000000e+03,-2.290875933940729383e-03,7.401326489488606608e-01,-5.433499499357165481e-03
5.840000000000000000e+03,-2.303037804667688784e-03,7.397712302473049562e-01,-5.524965369450990371e-03
5.850000000000000000e+03,-2.270494510332299928e-03,7.394113700707142245e-01,-5.647814927094006732e-03
5.860000000000000000e+03,-2.199030660739341968e-03,7.390526576925302571e-01,-5.804009652386288819e-03
5.870000000000000000e+03,-2.095060879526142172e-03,7.386946251608013103e-01,-5.993820374394542676e-03
5.880000000000000000e+03,-1.965276985234351743e-03,7.383368127847421691e-01,-6.221701695504251901e-03
5.890000000000000000e+03,-1.816237202720090774e-03,7.379787248694912316e-01,-6.478296704965163209e-03
5.900000000000000000e+03,-1.654055200453323623e-03,7.376198793444708190e-01,-6.751625030256198402e-03
5.910000000000000000e+03,-1.484277319150807770e-03,7.372599224288690634e-01,-7.033773270225386447e-03
5.920000000000000000e+03,-1.311737247387679672e-03,7.368986384863795980e-01,-7.314829105020169767e-03
5.930000000000000000e+03,-1.140200380993713208e-03,7.365359630297600990e-01,-7.590478733879015179e-03
5.940000000000000000e+03,-9.719093955307188219e-04,7.361719893462473907e-01,-7.862406652392467041e-03
5.950000000000000000e+03,-8.073561780206730317e-04,7.358069470480855800e-01,-8.126899371040963507e-03
5.960000000000000000e+03,-6.455716265773636187e-04,7.354411049979971970e-01,-8.379872832383852832e-03
5.970000000000000000e+03,-4.848301042058781977e-04,7.350747573151000802e-01,-8.616318408289859801e-03
5.980000000000000000e+03,-3.232896804286119335e-04,7.347082705385051815e-01,-8.834677946458088099e-03
5.990000000000000000e+03,-1.592010330701474057e-04,7.343419253837875083e-01,-9.028825045348796638e-03
6.000000000000000000e+03,9.064170358495390412e-06,7.339759547774129533e-01,-9.182705383894713969e-03
6.010000000000000000e+03,1.828618085632333318e-04,7.336105044531385788e-01,-9.285508754992269700e-03
6.020000000000000000e+03,3.632055027182379855e-04,7.332456969110427991e-01,-9.342043131620332216e-03
6.030000000000000000e+03,5.509372024348007345e-04,7.328815687577717730e-01,-9.359800956645474360e-03
6.040000000000000000e+03,7.471592470409641352e-04,7.325180930092347609e-01,-9.345499027750387225e-03
6.050000000000000000e+03,9.537135810825424567e-04,7.321552082485041080e-01,-9.305798718319283069e-03
6.060000000000000000e+03,1.173102603486803801e-03,7.317929060053847135e-01,-9.248420766825783679e-03
6.070000000000000000e+03,1.407834691269094435e-03,7.314311211290230874e-01,-9.181158145697108919e-03
6.080000000000000000e+03,1.659688343397534458e-03,7.310697686574931797e-01,-9.108431462786781285e-03
6.090000000000000000e+03,1.929111465188993726e-03,7.307087441310575748e-01,-9.025712625178202581e-03
6.100000000000000000e+03,2.215073291024466807e-03,7.303479350558006455e-01,-8.932433693559990728e-03
6.110000000000000000e+03,2.515409146248310471e-03,7.299871970804245880e-01,-8.833997173409619680e-03
6.120000000000000000e+03,2.827288797379640464e-03,7.296262872381205078e-01,-8.736076910198127543e-03
6.130000000000000000e+03,3.147700080701315659e-03,7.292649119937935076e-01,-8.634564431940794718e-03
6.140000000000000000e+03,3.473875151702096598e-03,7.289027205212784688e-01,-8.526171954307971979e-03
6.150000000000000000e+03,3.803488676614740632e-03,7.285392474378922234e-01,-8.409019889419085472e-03
6.160000000000000000e+03,4.134667177402320988e-03,7.281739062753884717e-01,-8.282713002923790258e-03
6.170000000000000000e+03,4.465959142637984138e-03,7.278061822076364873e-01,-8.146804499366241611e-03
6.180000000000000000e+03,4.796299680473178201e-03,7.274357895523577699e-01,-7.993935909751974031e-03
6.190000000000000000e+03,5.124909714312074309e-03,7.270628579644768941e-01,-7.820748093120659383e-03
6.200000000000000000e+03,5.451048126055168912e-03,7.266879567739706891e-01,-7.626562359742483123e-03
6.210000000000000000e+03,5.773682983062584061e-03,7.263119880875378298e-01,-7.409503325557253474e-03
6.220000000000000000e+03,6.091287275615226739e-03,7.259360001193868595e-01,-7.163481451015340715e-03
6.230000000000000000e+03,6.401755837328402220e-03,7.255609523872683653e-01,-6.891138442702538468e-03
6.240000000000000000e+03,6.702360669707391194e-03,7.251875900421530519e-01,-6.593760975827115886e-03
6.250000000000000000e+03,6.989899693902425909e-03,7.248164254491962222e-01,-6.271751705892768605e-03
6.260000000000000000e+03,7.261060749211110422e-03,7.244478134735967689e-01,-5.925927720772053257e-03
6.270000000000000000e+03,7.512742237630194372e-03,7.240819378271683426e-01,-5.556043686625339144e-03
6.280000000000000000e+03,7.742213040475424621e-03,7.237188769928680765e-01,-5.168969260456511214e-03
6.290000000000000000e+03,7.947160697304641100e-03,7.233586280834605198e-01,-4.782175408334071905e-03
6.300000000000000000e+03,8.125626928714274264e-03,7.230011021530311499e-01,-4.402027284387833792e-03
6.310000000000000000e+03,8.275869640643758463e-03,7.226461835245600041e-01,-4.041710681449935116e-03
6.320000000000000000e+03,8.396265710015884606e-03,7.222937161840647935e-01,-3.702388552242736382e-03
6.330000000000000000e+03,8.485251194670050123e-03,7.219435336770834155e-01,-3.374824926472946764e-03
6.340000000000000000e+03,8.541196188070251244e-03,7.215954402620002872e-01,-3.054556566249525505e-03
6.350000000000000000e+03,8.562206945490908813e-03,7.212491790596222696e-01,-2.743736437242107629e-03
6.360000000000000000e+03,8.546103537895755053e-03,7.209044937528447106e-01,-2.445944651989669528e-03
6.370000000000000000e+03,8.490820066159457738e-03,7.205611001544057759e-01,-2.176094586425811502e-03
6.380000000000000000e+03,8.395099048787678375e-03,7.202187038789399365e-01,-1.942207431867269641e-03
6.390000000000000000e+03,8.259161415609414178e-03,7.198769934168735007e-01,-1.744730187355422952e-03
6.400000000000000000e+03,8.085097615204161342e-03,7.195356354298866330e-01,-1.575806520146468990e-03
6.410000000000000000e+03,7.876845358536719785e-03,7.191943147354274979e-01,-1.424304570660404282e-03
6.420000000000000000e+03,7.639756040943117971e-03,7.188527271910726268e-01,-1.272103740032188863e-03
6.430000000000000000e+03,7.379921287873876003e-03,7.185105928775475936e-01,-1.105754438849303276e-03
6.440000000000000000e+03,7.103529396799940915e-03,7.181676409709555342e-01,-9.147535516833952846e-04
6.450000000000000000e+03,6.816357803883025569e-03,7.178235887067938581e-01,-6.983851744089120519e-04
6.460000000000000000e+03,6.523386919516446433e-03,7.174782263167429619e-01,-4.564480282243234092e-04
6.470000000000000000e+03,6.228748678698456040e-03,7.171313816923418072e-01,-1.983590748788117313e-04
6.480000000000000000e+03,5.936097244398670127e-03,7.167829301460743041e-01,6.673240934698526086e-05
6.490000000000000000e+03,5.648949943410697117e-03,7.164327816473236021e-01,3.203912612917742984e-04
6.500000000000000000e+03,5.370710233330156305e-03,7.160808874293290716e-01,5.634518283987294653e-04
6.510000000000000000e+03,5.104596950776903695e-03,7.157272381330491706e-01,7.979105176259459944e-04
6.520000000000000000e+03,4.853629872068974255e-03,7.153718464991321024e-01,1.024600608340014724e-03
6.530000000000000000e+03,4.620478152370122507e-03,7.150147108284279351e-01,1.250744500104957477e-03
6.540000000000000000e+03,4.407143489951846106e-03,7.146558494296431086e-01,1.480897979398311049e-03
6.550000000000000000e+03,4.214734430504372097e-03,7.142952767074941534e-01,1.703341159534898456e-03
6.560000000000000000e+03,4.043506879690002796e-03,7.139330089924936784e-01,1.913212031347897874e-03
6.570000000000000000e+03,3.893113153888511004e-03,7.135690515039324611e-01,2.108220874182481670e-03
6.580000000000000000e+03,3.762915324033946733e-03,7.132033623547471279e-01,2.282286593584832886e-03
6.590000000000000000e+03,3.652238517029503771e-03,7.128359341201392363e-01,2.434317398559043485e-03
6.600000000000000000e+03,3.560436740437941151e-03,7.124667500646736373e-01,2.567906332874138418e-03
6.610000000000000000e+03,3.486712089392801205e-03,7.120958529148274652e-01,2.679722064340314160e-03
6.620000000000000000e+03,3.429850452097875542e-03,7.117233870587151845e-01,2.776836402616344752e-03
6.630000000000000000e+03,3.388086050554465784e-03,7.113496027024361901e-01,2.863115658556855160e-03
6.640000000000000000e+03,3.359181024633552722e-03,7.109748635224952817e-01,2.940124331147764714e-03
6.650000000000000000e+03,3.340775384624990098e-03,7.105996387456641195e-01,3.005556276690852895e-03
6.660000000000000000e+03,3.330814227911700013e-03,7.102244614138426559e-01,3.050781391084012636e-03
6.670000000000000000e+03,3.327538625146849761e-03,7.098498664463318564e-01,3.070917422480101515e-03
6.680000000000000000e+03,3.329044331225192426e-03,7.094763746635731616e-01,3.060668627588288958e-03
6.690000000000000000e+03,3.333026051283044001e-03,7.091044382739024599e-01,3.014342844716672194e-03
6.700000000000000000e+03,3.336917267525646609e-03,7.087344746269783613e-01,2.930856473201332198e-03
6.710000000000000000e+03,3.338141462541695682e-03,7.083668457205423152e-01,2.810423841929892384e-03
6.720000000000000000e+03,3.334311417136074339e-03,7.080018589862083767e-01,2.659956452181891536e-03
6.730000000000000000e+03,3.323425390261870206e-03,7.076397306604881310e-01,2.486404876053961363e-03
6.740000000000000000e+03,3.304093867050819731e-03,7.072806237797440998e-01,2.294833420703239635e-03
6.750000000000000000e+03,3.275738939915388837e-03,7.069246269022393392e-01,2.087975256442997640e-03
6.760000000000000000e+03,3.238712002273935742e-03,7.065717253495349404e-01,1.870162929280914672e-03
6.770000000000000000e+03,3.194288256886960910e-03,7.062217723469029762e-01,1.639112091561259303e-03
6.780000000000000000e+03,3.144443181583180588e-03,7.058744864870333258e-01,1.395723580564252027e-03
6.790000000000000000e+03,3.091396003894136043e-03,7.055294561842412326e-01,1.146743679069479232e-03
6.800000000000000000e+03,3.037117847257222916e-03,7.051861939990690109e-01,9.015539114058489364e-04
6.810000000000000000e+03,2.983057772497492519e-03,7.048441712194021269e-01,6.675876317718263449e-04
6.820000000000000000e+03,2.930189581818107292e-03,7.045028495161262949e-01,4.411760305505969294e-04
6.830000000000000000e+03,2.879332956975856703e-03,7.041617308536539666e-01,2.158577059235294469e-04
6.840000000000000000e+03,2.831537220979509287e-03,7.038203903869220124e-01,-1.253613879753697924e-05
6.850000000000000000e+03,2.788218135573033996e-03,7.034784796621813552e-01,-2.415121072393833224e-04
6.860000000000000000e+03,2.750929124966351117e-03,7.031357282550269039e-01,-4.619416186837894760e-04
6.870000000000000000e+03,2.720926701298907215e-03,7.027919449128353646e-01,-6.671589932958828803e-04
6.880000000000000000e+03,2.698773791831737563e-03,7.024470082585370090e-01,-8.585086376935711396e-04
6.890000000000000000e+03,2.684116028342655325e-03,7.021008714536068895e-01,-1.040099076659082786e-03
6.900000000000000000e+03,2.675579264927114946e-03,7.017535225887647776e-01,-1.213454631702365859e-03
6.910000000000000000e+03,2.670717014299007260e-03,7.014050071061760372e-01,-1.386235831102639818e-03
6.920000000000000000e+03,2.666109162838333803e-03,7.010554193282015900e-01,-1.550444119377411166e-03
6.930000000000000000e+03,2.657801997628320232e-03,7.007049040158952469e-01,-1.699705385685841043e-03
6.940000000000000000e+03,2.642131707923738113e-03,7.003536763379756280e-01,-1.835634377048038458e-03
6.950000000000000000e+03,2.616602520648139175e-03,7.000019475673563418e-01,-1.952777063406343485e-03
6.960000000000000000e+03,2.580402180228927138e-03,6.996500245738599411e-01,-2.048742359606214695e-03
6.970000000000000000e+03,2.534351477026235578e-03,6.992982413400645747e-01,-2.124513992139435460e-03
6.980000000000000000e+03,2.480213937645828377e-03,6.989469761649429458e-01,-2.186858886454806986e-03
6.990000000000000000e+03,2.419767410470282515e-03,6.985966396770839637e-01,-2.235881876950687307e-03
7.000000000000000000e+03,2.354306606113976304e-03,6.982477153509489831e-01,-2.267126265151200859e-03
7.010000000000000000e+03,2.284508456025691799e-03,6.979006405268008972e-01,-2.283350744736660325e-03
7.020000000000000000e+03,2.210435350625569555e-03,6.975558175998624044e-01,-2.282786770370418689e-03
7.030000000000000000e+03,2.131706018077071229e-03,6.972135375479270314e-01,-2.265318357004240512e-03
7.040000000000000000e+03,2.047831025772239334e-03,6.968740811698498350e-01,-2.234958937898050887e-03
7.050000000000000000e+03,1.958688451160008320e-03,6.965376230861211049e-01,-2.193913533373953537e-03
7.060000000000000000e+03,1.865006434031735031e-03,6.962041804415906032e-01,-2.141962482193263476e-03
7.070000000000000000e+03,1.768595691813977825e-03,6.958736502033592286e-01,-2.088204170610789140e-03
7.080000000000000000e+03,1.672216410917850985e-03,6.955457819044109646e-01,-2.041692006248538912e-03
7.090000000000000000e+03,1.579228424081777519e-03,6.952202934736279039e-01,-1.998088278268646701e-03
7.100000000000000000e+03,1.493066674492977237e-03,6.948967505972037939e-01,-1.952782614794760369e-03
7.110000000000000000e+03,1.416364115741761695e-03,6.945746120170174231e-01,-1.889969093256526440e-03
7.120000000000000000e+03,1.349855741061864066e-03,6.942532280924420540e-01,-1.809623347576256843e-03
7.130000000000000000e+03,1.291916199967064116e-03,6.939318344983903541e-01,-1.712398408935470731e-03
7.140000000000000000e+03,1.239276563276574131e-03,6.936096170081260670e-01,-1.593791876348235300e-03
7.150000000000000000e+03,1.188212602841838420e-03,6.932856861742202614e-01,-1.446463994984324795e-03
7.160000000000000000e+03,1.135411584459702005e-03,6.929591176856317869e-01,-1.268387110083183614e-03
7.170000000000000000e+03,1.078268814673397167e-03,6.926290041540570375e-01,-1.063411386794923998e-03
7.180000000000000000e+03,1.014768922779489416e-03,6.922946082898752129e-01,-8.399745738651304963e-04
7.190000000000000000e+03,9.432217806514908796e-04,6.919553259725361727e-01,-6.047737613393106785e-04
7.200000000000000000e+03,8.620232229303334374e-04,6.916108286549553785e-01,-3.623650868755924040e-04
7.210000000000000000e+03,7.695295684171745733e-04,6.912610866174782043e-01,-1.064159577256697562e-04
7.220000000000000000e+03,6.641030568121440540e-04,6.909063814604921028e-01,1.668669271941281408e-04
7.230000000000000000e+03,5.443326905359964583e-04,6.905472866974262658e-01,4.441364906955070453e-04
7.240000000000000000e+03,4.093382852914352545e-04,6.901846140210979863e-01,7.198973176235716996e-04
7.250000000000000000e+03,2.589791709275649097e-04,6.898192978638452155e-01,9.987386617310012576e-04
7.260000000000000000e+03,9.377415520856968397e-05,6.894523930121398969e-01,1.296751688713713947e-03
7.270000000000000000e+03,-8.547182480834260602e-05,6.890848982941282230e-01,1.622621773980689741e-03
7.280000000000000000e+03,-2.781021014158593951e-04,6.887177510052068241e-01,1.973125838395125078e-03
7.290000000000000000e+03,-4.838059598195991462e-04,6.883517972728273593e-01,2.338318684239101396e-03
7.300000000000000000e+03,-7.023797554680986065e-04,6.879876877320730832e-01,2.715646175340159438e-03
7.310000000000000000e+03,-9.332572751919493599e-04,6.876259114318008514e-01,3.105214329597719147e-03
7.320000000000000000e+03,-1.175314326891138076e-03,6.872667932421725467e-01,3.499244722046303702e-03
7.330000000000000000e+03,-1.427081224769189121e-03,6.869105031259769012e-01,3.893351755627406322e-03
7.340000000000000000e+03,-1.687056417908759176e-03,6.865570649394019398e-01,4.277741097868817052e-03
7.350000000000000000e+03,-1.953860354077090970e-03,6.862064938277872006e-01,4.645391618342182595e-03
7.360000000000000000e+03,-2.226183580630223657e-03,6.858588118056250238e-01,4.991656824817428464e-03
7.370000000000000000e+03,-2.502638265154879128e-03,6.855140918222997204e-01,5.306293416403519425e-03
7.380000000000000000e+03,-2.781650209617538699e-03,6.851723683062134196e-01,5.587001049437191613e-03
7.390000000000000000e+03,-3.061529938523005739e-03,6.848337626867333494e-01,5.834349490410240154e-03
7.400000000000000000e+03,-3.340789025921912445e-03,6.844984252514130230e-01,6.041008793842245900e-03
7.410000000000000000e+03,-3.618521045149103617e-03,6.841664483030578392e-01,6.213841626744123076e-03
7.420000000000000000e+03,-3.894521426819226844e-03,6.838379276669435125e-01,6.356550587288448649e-03
7.430000000000000000e+03,-4.168999676507641194e-03,6.835129057342338443e-01,6.481126294504800135e-03
7.440000000000000000e+03,-4.442040572279653751e-03,6.831914255239912581e-01,6.600355137589598159e-03
7.450000000000000000e+03,-4.713121963662186310e-03,6.828734242245887431e-01,6.716170892380110384e-03
7.460000000000000000e+03,-4.981001221501946651e-03,6.825587920650012519e-01,6.822251429978423189e-03
7.470000000000000000e+03,-5.244055689015866134e-03,6.822474097936763737e-01,6.910927708684461677e-03
7.480000000000000000e+03,-5.500698497741829569e-03,6.819390580056663431e-01,6.979444091829807226e-03
7.490000000000000000e+03,-5.749532331928878387e-03,6.816334893589757193e-01,7.028094447549760627e-03
7.500000000000000000e+03,-5.989439457033051209e-03,6.813303941423624055e-01,7.047890823027976731e-03
7.510000000000000000e+03,-6.219939124864197824e-03,6.810294535804527483e-01,7.042263664736843690e-03
7.520000000000000000e+03,-6.441719368717195929e-03,6.807303148817664962e-01,7.017191982528695436e-03
7.530000000000000000e+03,-6.656688744034470334e-03,6.804326094596727659e-01,6.968546839090923421e-03
7.540000000000000000e+03,-6.867253233419413384e-03,6.801358857798824875e-01,6.891801547657831761e-03
7.550000000000000000e+03,-7.075514781842264303e-03,6.798396675989836213e-01,6.782450283766177854e-03
7.560000000000000000e+03,-7.282856256865757709e-03,6.795434929329038365e-01,6.641239687553051121e-03
7.570000000000000000e+03,-7.489742264640491566e-03,6.792468698802092142e-01,6.475570246641720873e-03
7.580000000000000000e+03,-7.695538281209196585e-03,6.789493270839178640e-01,6.297800987780931802e-03
7.590000000000000000e+03,-7.898483388047241455e-03,6.786503645316166455e-01,6.113160357640586712e-03
7.600000000000000000e+03,-8.096011341217356633e-03,6.783494195734058874e-01,5.928362815292335768e-03
7.610000000000000000e+03,-8.285426552224094826e-03,6.780459325106885649e-01,5.750106643018543413e-03
7.620000000000000000e+03,-8.464835671906595013e-03,6.777394223476965740e-01,5.584716105676531747e-03
7.630000000000000000e+03,-8.633950773077042964e-03,6.774294328364839357e-01,5.425638133296241221e-03
7.640000000000000000e+03,-8.794393768598238181e-03,6.771155570452276340e-01,5.261204481702520981e-03
7.650000000000000000e+03,-8.949469299172469611e-03,6.767975159459630463e-01,5.091222841791117129e-03
7.660000000000000000e+03,-9.103368282969261441e-03,6.764750937604457892e-01,4.925652695757227854e-03
7.670000000000000000e+03,-9.260021726276781995e-03,6.761482180822311339e-01,4.777079271328619342e-03
7.680000000000000000e+03,-9.422135975347165765e-03,6.758169659044404032e-01,4.644755565349979048e-03
7.690000000000000000e+03,-9.590689206870464667e-03,6.754815742140656276e-01,4.511641216710197792e-03
7.700000000000000000e+03,-9.764885177468754160e-03,6.751423479555725971e-01,4.370602310221015883e-03
7.710000000000000000e+03,-9.942585769912604468e-03,6.747996751254253800e-01,4.225320740703212598e-03
7.720000000000000000e+03,-1.012112031175688848e-02,6.744540619420138494e-01,4.075181009275417876e-03
7.730000000000000000e+03,-1.029806576110535790e-02,6.741060710138115919e-01,3.921078941969073639e-03
7.740000000000000000e+03,-1.047164335433159454e-02,6.737563513874451626e-01,3.765711150390902134e-03
7.750000000000000000e+03,-1.064068840303856490e-02,6.734056187697438078e-01,3.615696874105605446e-03
7.760000000000000000e+03,-1.080433493061450784e-02,6.730546446564686924e-01,3.473740710427741709e-03
7.770000000000000000e+03,-1.096156783823768605e-02,6.727042546348200869e-01,3.329554720235990833e-03
7.780000000000000000e+03,-1.111076824747824800e-02,6.723553059447592295e-01,3.182340522362904316e-03
7.790000000000000000e+03,-1.124955835877819270e-02,6.720087288143679061e-01,3.035642844694529888e-03
7.800000000000000000e+03,-1.137526137807712105e-02,6.716654878848241639e-01,2.888642411716645878e-03
7.810000000000000000e+03,-1.148570513022012865e-02,6.713265929844806079e-01,2.743940420078061146e-03
7.820000000000000000e+03,-1.157960915205783446e-02,6.709930923104722167e-01,2.606029973257947049e-03
7.830000000000000000e+03,-1.165641495004071139e-02,6.706660590641922992e-01,2.477105779518094016e-03
7.840000000000000000e+03,-1.171605880832936840e-02,6.703465717743184449e-01,2.350531711377529687e-03
7.850000000000000000e+03,-1.175879056157291477e-02,6.700356249943117959e-01,2.226013266934882828e-03
7.860000000000000000e+03,-1.178487009472677267e-02,6.697339175476141326e-01,2.111750681315715562e-03
7.870000000000000000e+03,-1.179414173539865447e-02,6.694417197040521961e-01,2.013378914820089603e-03
7.880000000000000000e+03,-1.178565162145256418e-02,6.691588252878789556e-01,1.947391595317518728e-03
7.890000000000000000e+03,-1.175749483269274316e-02,6.688845635010124413e-01,1.918980186128592391e-03
7.900000000000000000e+03,-1.170696374524946015e-02,6.686179079191352237e-01,1.918282039940779954e-03
7.910000000000000000e+03,-1.163096122286558405e-02,6.683576077989159536e-01,1.938687561179923847e-03
7.920000000000000000e+03,-1.152657106295631485e-02,6.681023117645732423e-01,1.976139173635123661e-03
7.930000000000000000e+03,-1.139161912103248131e-02,6.678505691206426675e-01,2.036001041017672288e-03
7.940000000000000000e+03,-1.122511488780463321e-02,6.676008914833931884e-01,2.122024573769403649e-03
7.950000000000000000e+03,-1.102751214992517964e-02,6.673517803232705825e-01,2.233060028942424231e-03
7.960000000000000000e+03,-1.080072683033200115e-02,6.671017715687084237e-01,2.371041061283766203e-03
7.970000000000000000e+03,-1.054793570299574455e-02,6.668494795123939278e-01,2.527301280102662012e-03
7.980000000000000000e+03,-1.027324483957484103e-02,6.665936515286837727e-01,2.691381162661274709e-03
7.990000000000000000e+03,-9.981272306797796603e-03,6.663332978435797527e-01,2.855194051933468511e-03
8.000000000000000000e+03,-9.676662479222029184e-03,6.660677051547235772e-01,3.014918922725821210e-03
8.010000000000000000e+03,-9.363617265020307209e-03,6.657964175248847205e-01,3.160608365199702157e-03
8.020000000000000000e+03,-9.045593334083381828e-03,6.655192288896506492e-01,3.287531862361934686e-03
8.030000000000000000e+03,-8.725208220201018799e-03,6.652360682333554598e-01,3.383248807980181183e-03
8.040000000000000000e+03,-8.404202551046310518e-03,6.649469685423152754e-01,3.430987062993845309e-03
8.050000000000000000e+03,-8.083383948336037711e-03,6.646520138609983697e-01,3.418117262119708781e-03
8.060000000000000000e+03,-7.762725624651612387e-03,6.643513773169881231e-01,3.352832917518740706e-03
8.070000000000000000e+03,-7.441771653734228879e-03,6.640452632729938465e-01,3.253330344742920866e-03
8.080000000000000000e+03,-7.120248279203517106e-03,6.637338915925263816e-01,3.126243810732080332e-03
8.090000000000000000e+03,-6.798563051110113192e-03,6.634175291719829337e-01,2.974938957579321280e-03
8.100000000000000000e+03,-6.477958168726946284e-03,6.630965419574059716e-01,2.817296720215853052e-03
8.110000000000000000e+03,-6.160343414219825522e-03,6.627712966844415687e-01,2.668042150012102376e-03
8.120000000000000000e+03,-5.847946277337191974e-03,6.624422114927390748e-01,2.539144910547673408e-03
8.130000000000000000e+03,-5.542938697797569585e-03,6.621097912298373744e-01,2.435307482165287134e-03
8.140000000000000000e+03,-5.247172444566045035e-03,6.617746070482416476e-01,2.359776883792229999e-03
8.150000000000000000e+03,-4.961969393527761694e-03,6.614371954310513946e-01,2.312494596696867705e-03
8.160000000000000000e+03,-4.687926530890129846e-03,6.610981307372516547e-01,2.294017029929036437e-03
8.170000000000000000e+03,-4.424886930651699204e-03,6.607580345014831824e-01,2.303027575693313792e-03
8.180000000000000000e+03,-4.172163899360974149e-03,6.604175263010293451e-01,2.332375496013613242e-03
8.190000000000000000e+03,-3.928957475207504706e-03,6.600772348884730301e-01,2.365334736003821443e-03
8.200000000000000000e+03,-3.694899209315488740e-03,6.597378164390973465e-01,2.390508539459897282e-03
8.210000000000000000e+03,-3.470658890964563575e-03,6.593998567209254924e-01,2.405783348425940323e-03
8.220000000000000000e+03,-3.258216800863013470e-03,6.590638786085178946e-01,2.417907298290558442e-03
8.230000000000000000e+03,-3.060430616482757472e-03,6.587303830063627741e-01,2.431132220232606802e-03
8.240000000000000000e+03,-2.880145603875384347e-03,6.583998458412432253e-01,2.447621896539480760e-03
8.250000000000000000e+03,-2.719406386861346076e-03,6.580727107921965358e-01,2.474197405990965267e-03
8.260000000000000000e+03,-2.578986145408382075e-03,6.577494071203200399e-01,2.504243993142405734e-03
8.270000000000000000e+03,-2.458044699781586351e-03,6.574302963862940219e-01,2.525149465820663262e-03
8.280000000000000000e+03,-2.353910285529039071e-03,6.571157073555753403e-01,2.530092952903920545e-03
8.290000000000000000e+03,-2.262282573765269245e-03,6.568058662822144900e-01,2.524209187367475182e-03
8.300000000000000000e+03,-2.177926018720003146e-03,6.565009333291308424e-01,2.510868158124110894e-03
8.310000000000000000e+03,-2.095596167544933140e-03,6.562009857201024365e-01,2.497995999656472434e-03
8.320000000000000000e+03,-2.010867838789657039e-03,6.559060397663242226e-01,2.492065142555877598e-03
8.330000000000000000e+03,-1.920587392291366784e-03,6.556160585982756528e-01,2.492950705545920586e-03
8.340000000000000000e+03,-1.822884203521458460e-03,6.553308689248772412e-01,2.502229278925862787e-03
8.350000000000000000e+03,-1.716924184538706028e-03,6.550501591270270207e-01,2.520653710324834845e-03
8.360000000000000000e+03,-1.602615043464574330e-03,6.547734938769175228e-01,2.549630476177547258e-03
8.370000000000000000e+03,-1.480424708032851032e-03,6.545003809297319508e-01,2.591478921459022290e-03
8.380000000000000000e+03,-1.351387994140312724e-03,6.542302301709370660e-01,2.639828364161783507e-03
8.390000000000000000e+03,-1.217074513599380754e-03,6.539623649765640145e-01,2.685520651385055538e-03
8.400000000000000000e+03,-1.079312733876644807e-03,6.536960363293660148e-01,2.716399595249912712e-03
8.410000000000000000e+03,-9.397731390917051430e-04,6.534304302677911291e-01,2.726044794892118223e-03
8.420000000000000000e+03,-7.996053115308158999e-04,6.531647052896991656e-01,2.713995055501352508e-03
8.430000000000000000e+03,-6.594822958123889873e-04,6.528979913254739920e-01,2.680809984325735647e-03
8.440000000000000000e+03,-5.201131570756969578e-04,6.526294185765559863e-01,2.630019195691394446e-03
8.450000000000000000e+03,-3.828034168629687595e-04,6.523581079784421810e-01,2.558347727959695873e-03
8.460000000000000000e+03,-2.497616938019385719e-04,6.520831754060802954e-01,2.470394564046134774e-03
8.470000000000000000e+03,-1.241516356369041932e-04,6.518037524566199226e-01,2.372338206620829264e-03
8.480000000000000000e+03,-1.004273725485123872e-05,6.515189605705594689e-01,2.269289208133319028e-03
8.490000000000000000e+03,8.776792850470780066e-05,6.512279168181455136e-01,2.158714785962566676e-03
8.500000000000000000e+03,1.642636797111836279e-04,6.509298134185086404e-01,2.047291392676803528e-03
8.510000000000000000e+03,2.149557948693145925e-04,6.506239395095162470e-01,1.944012945064773137e-03
8.520000000000000000e+03,2.364371177677982935e-04,6.503098542256802173e-01,1.857988704150584499e-03
8.530000000000000000e+03,2.265899063803154150e-04,6.499874674730276025e-01,1.798072347312053201e-03
8.540000000000000000e+03,1.847183527716133558e-04,6.496570950934823507e-01,1.766727980866601754e-03
8.550000000000000000e+03,1.117646502691270200e-04,6.493194764042455880e-01,1.761700758521506397e-03
8.560000000000000000e+03,1.047514156900440902e-05,6.489757572380318029e-01,1.779456820958994585e-03
8.570000000000000000e+03,-1.145734034177164169e-04,6.486274455883568324e-01,1.809425196482502066e-03
8.580000000000000000e+03,-2.569711393434138589e-04,6.482762680454725590e-01,1.852753973938203258e-03
8.590000000000000000e+03,-4.084609188158223924e-04,6.479240121190880108e-01,1.912083469383438336e-03
8.600000000000000000e+03,-5.592474484512419824e-04,6.475724271525273856e-01,1.990870160208701393e-03
8.610000000000000000e+03,-6.990541127638750119e-04,6.472229204674948555e-01,2.091963421967922478e-03
8.620000000000000000e+03,-8.186913903798057101e-04,6.468764152845445370e-01,2.205315147266816156e-03
8.630000000000000000e+03,-9.113906598926936435e-04,6.465334710949577346e-01,2.323394083632683571e-03
8.640000000000000000e+03,-9.733779966843586224e-04,6.461942876980057981e-01,2.443253954197452220e-03
8.650000000000000000e+03,-1.003549190819713827e-03,6.458589910585160743e-01,2.565845145861698779e-03
8.660000000000000000e+03,-1.002619818457258730e-03,6.455277861512284110e-01,2.688854839650629477e-03
8.670000000000000000e+03,-9.723862832734813831e-04,6.452008935820864322e-01,2.816639895147291482e-03
8.680000000000000000e+03,-9.153179182109078254e-04,6.448785798473558595e-01,2.948015746045201755e-03
8.690000000000000000e+03,-8.343414028220664472e-04,6.445611529224550829e-01,3.083884028333241413e-03
8.700000000000000000e+03,-7.327062493770682182e-04,6.442488626492670623e-01,3.215692490528581325e-03
8.710000000000000000e+03,-6.137049158642082216e-04,6.439418908602692060e-01,3.331830822861743622e-03
8.720000000000000000e+03,-4.801385227838332755e-04,6.436402728113961302e-01,3.423850383678389824e-03
8.730000000000000000e+03,-3.338692290923312442e-04,6.433439245065889489e-01,3.497407038830345743e-03
8.740000000000000000e+03,-1.759192378021817217e-04,6.430526095294455402e-01,3.552864885025773783e-03
8.750000000000000000e+03,-7.177523581798032288e-06,6.427659563475115467e-01,3.594034656620329147e-03
8.760000000000000000e+03,1.708360503246656879e-04,6.424835101472350374e-01,3.615510604975554626e-03
8.770000000000000000e+03,3.558483581500060974e-04,6.422047002117164949e-01,3.623309037608332152e-03
8.780000000000000000e+03,5.453305626533764845e-04,6.419288850673094959e-01,3.622902800340885038e-03
8.790000000000000000e+03,7.369269578224348083e-04,6.416554209012635956e-01,3.630377497008771548e-03
8.800000000000000000e+03,9.284576505038767214e-04,6.413836701112413108e-01,3.655636510811251672e-03
8.810000000000000000e+03,1.117802036180580005e-03,6.411130117017534991e-01,3.696076225680158117e-03
8.820000000000000000e+03,1.302879668058696313e-03,6.408428924515834346e-01,3.762510239946804773e-03
8.830000000000000000e+03,1.481643594803521259e-03,6.405727977079117563e-01,3.862414567004552896e-03
8.840000000000000000e+03,1.651918068208084412e-03,6.403021978246842272e-01,3.991303263829092986e-03
8.850000000000000000e+03,1.811028979993966085e-03,6.400305582465398713e-01,4.141883699651072170e-03
8.860000000000000000e+03,1.955620776103392851e-03,6.397574231843402570e-01,4.302945191339084194e-03
8.870000000000000000e+03,2.081830806767711022e-03,6.394823820047914609e-01,4.466276143625715414e-03
8.880000000000000000e+03,2.185582036250481499e-03,6.392050332508800725e-01,4.628382794624077805e-03
8.890000000000000000e+03,2.262846171752856076e-03,6.389249835755863582e-01,4.792294414532588705e-03
8.900000000000000000e+03,2.309896848160789950e-03,6.386418899067207722e-01,4.955229632514959910e-03
8.910000000000000000e+03,2.323595041519467899e-03,6.383554743617265714e-01,5.119937058558242209e-03
8.920000000000000000e+03,2.301654374706365962e-03,6.380654884462646503e-01,5.297580601278055641e-03
8.930000000000000000e+03,2.242881724875065309e-03,6.377717744040577452e-01,5.494610128940447327e-03
8.940000000000000000e+03,2.147482305245816941e-03,6.374742434215381337e-01,5.708570746964973866e-03
8.950000000000000000e+03,2.017216423859847022e-03,6.371728392056442702e-01,5.924338931848086888e-03
8.960000000000000000e+03,1.855005190820080072e-03,6.368676630246428161e-01,6.142374694684633527e-03
8.970000000000000000e+03,1.664422482428705311e-03,6.365588920290746744e-01,6.361519408119565427e-03
8.980000000000000000e+03,1.449847749761074825e-03,6.362467493247254691e-01,6.572581259527100414e-03
8.990000000000000000e+03,1.216847200970894508e-03,6.359315148064891288e-01,6.770109174563458156e-03
9.000000000000000000e+03,9.720185624257700763e-04,6.356135316063658003e-01,6.952139543257472402e-03
9.010000000000000000e+03,7.222414812541946838e-04,6.352931739963115776e-01,7.117474242340625368e-03
9.020000000000000000e+03,4.737938464002876076e-04,6.349708423496848164e-01,7.263797907388622362e-03
9.030000000000000000e+03,2.317634184060982983e-04,6.346469029124576222e-01,7.400852399685598285e-03
9.040000000000000000e+03,-4.694205637000736654e-08,6.343217254009012596e-01,7.537868869402586901e-03
9.050000000000000000e+03,-2.188760365230941292e-04,6.339957082268707911e-01,7.686363045014025369e-03
9.060000000000000000e+03,-4.230668688260508627e-04,6.336692371547931746e-01,7.849287352467589768e-03
9.070000000000000000e+03,-6.127501420223487559e-04,6.333427939429594478e-01,8.022383416777587387e-03
9.080000000000000000e+03,-7.899307501246791629e-04,6.330171002381216327e-01,8.201482912880087017e-03
9.090000000000000000e+03,-9.578368778064780004e-04,6.326930406479100988e-01,8.392039942782451509e-03
9.100000000000000000e+03,-1.120708855392542162e-03,6.323717086927326259e-01,8.582616847222425405e-03
9.110000000000000000e+03,-1.283756810638809597e-03,6.320543950989733206e-01,8.770081334835913220e-03
9.120000000000000000e+03,-1.452642013777505044e-03,6.317424456891870266e-01,8.958073853206762610e-03
9.130000000000000000e+03,-1.632661481321173334e-03,6.314369313059925437e-01,9.147431292081491944e-03
9.140000000000000000e+03,-1.828260679798359920e-03,6.311385132638093198e-01,9.341408884556668193e-03
9.150000000000000000e+03,-2.042820642176470299e-03,6.308473278704034293e-01,9.548687059273712821e-03
9.160000000000000000e+03,-2.278433129659435813e-03,6.305630726808594266e-01,9.766513492399101631e-03
9.170000000000000000e+03,-2.536019200390899220e-03,6.302851421615555116e-01,9.992343674526695668e-03
9.180000000000000000e+03,-2.815656222567837572e-03,6.300128143413974424e-01,1.022115925730653248e-02
9.190000000000000000e+03,-3.116609089443564753e-03,6.297453722085147865e-01,1.044112174376005640e-02
9.200000000000000000e+03,-3.437240012346807864e-03,6.294821911606284237e-01,1.064804154533948582e-02
9.210000000000000000e+03,-3.775139683141776059e-03,6.292226754984475701e-01,1.082950581555128071e-02
9.220000000000000000e+03,-4.127389618609767982e-03,6.289662415635779436e-01,1.098267609697222563e-02
9.230000000000000000e+03,-4.490768331595758681e-03,6.287123526463400669e-01,1.110764140970631024e-02
9.240000000000000000e+03,-4.861887896865826897e-03,6.284604728354542535e-01,1.120834716211214707e-02
9.250000000000000000e+03,-5.237251223557439980e-03,6.282100380352747537e-01,1.128827697066839102e-02
9.260000000000000000e+03,-5.613129834565640242e-03,6.279604579786670637e-01,1.134196754585781175e-02
9.270000000000000000e+03,-5.985245955864682693e-03,6.277111316245707062e-01,1.136639303898511442e-02
9.280000000000000000e+03,-6.348571387188110468e-03,6.274614663258835101e-01,1.135303119988374972e-02
9.290000000000000000e+03,-6.697578569534991255e-03,6.272108259181808920e-01,1.129619585307739538e-02
9.300000000000000000e+03,-7.026743278900655400e-03,6.269585938573143391e-01,1.120581129787295675e-02
9.310000000000000000e+03,-7.331000897959015147e-03,6.267041973492082363e-01,1.108077789627736481e-02
9.320000000000000000e+03,-7.606305054909795298e-03,6.264471311289157018e-01,1.092131617898388363e-02
9.330000000000000000e+03,-7.850505537952025617e-03,6.261868856535814931e-01,1.072932921549555989e-02
9.340000000000000000e+03,-8.064264446205227088e-03,6.259230578516534749e-01,1.050747452649728950e-02
9.350000000000000000e+03,-8.251402945864129770e-03,6.256553798164596891e-01,1.026602191388218017e-02
9.360000000000000000e+03,-8.418325981196595267e-03,6.253836424011410822e-01,1.002024330954138544e-02
9.370000000000000000e+03,-8.572663633899977112e-03,6.251078111941504867e-01,9.784103530676001997e-03
9.380000000000000000e+03,-8.721669101745469291e-03,6.248278778886742213e-01,9.553316043498603222e-03
9.390000000000000000e+03,-8.870927788875158579e-03,6.245439195678638145e-01,9.329886692634620574e-03
9.400000000000000000e+03,-9.023540723288814291e-03,6.242560417119439320e-01,9.134877262311403082e-03
9.410000000000000000e+03,-9.179666844034253467e-03,6.239644068829881540e-01,8.988551598104320417e-03
9.420000000000000000e+03,-9.336472317513026462e-03,6.236692758365777189e-01,8.892930611237210431e-03
9.430000000000000000e+03,-9.488749442920118432e-03,6.233709856660729631e-01,8.844587891512732669e-03
9.440000000000000000e+03,-9.630160767953551901e-03,6.230698685372614287e-01,8.844301982901767514e-03
9.450000000000000000e+03,-9.754563078573990145e-03,6.227663406736466678e-01,8.893417649522370599e-03
9.460000000000000000e+03,-9.856937987533471307e-03,6.224608968733909009e-01,8.980364104417304025e-03
9.470000000000000000e+03,-9.933843793283091486e-03,6.221540447356144199e-01,9.079374889037447258e-03
9.480000000000000000e+03,-9.983473272951983585e-03,6.218462407596682118e-01,9.171907931594136879e-03
9.490000000000000000e+03,-1.000546260459011551e-02,6.215380397406223834e-01,9.252097404107845202e-03
9.500000000000000000e+03,-1.000062410979639729e-02,6.212299594442586281e-01,9.325893783901095108e-03
9.510000000000000000e+03,-9.970716262068184121e-03,6.209224793693751687e-01,9.392446095049250196e-03
9.520000000000000000e+03,-9.918316208006065435e-03,6.206160979609313122e-01,9.444825972612562112e-03
9.530000000000000000e+03,-9.846793467679632386e-03,6.203112537802726312e-01,9.462662179731773024e-03
9.540000000000000000e+03,-9.760263195634085245e-03,6.200083771279067957e-01,9.437160993297758274e-03
9.550000000000000000e+03,-9.663269850108248057e-03,6.197078793540506947e-01,9.360449525403324866e-03
9.560000000000000000e+03,-9.560101787396730819e-03,6.194101035259430565e-01,9.229655190555166935e-03
9.570000000000000000e+03,-9.454045036454555850e-03,6.191153133284631460e-01,9.036534591190883287e-03
9.580000000000000000e+03,-9.346919252613255374e-03,6.188236830580539083e-01,8.775866396595152774e-03
9.590000000000000000e+03,-9.239083819293945551e-03,6.185354240615841270e-01,8.453446852379279883e-03
9.600000000000000000e+03,-9.129856670719268749e-03,6.182506855273449675e-01,8.085093312053554665e-03
9.610000000000000000e+03,-9.017970572448498479e-03,6.179695085315235481e-01,7.698634368105833348e-03
9.620000000000000000e+03,-8.901763934140716206e-03,6.176918614517321604e-01,7.307148965701108778e-03
9.630000000000000000e+03,-8.779152446965986928e-03,6.174176063786049884e-01,6.917781146693823338e-03
9.640000000000000000e+03,-8.647717958982215763e-03,6.171465725296267912e-01,6.526930460814015650e-03
9.650000000000000000e+03,-8.505337007728663162e-03,6.168784852720553546e-01,6.137906393130873606e-03
9.660000000000000000e+03,-8.351224404443833432e-03,6.166129924388543682e-01,5.765409762078245112e-03
9.670000000000000000e+03,-8.186521534687792728e-03,6.163496601280288312e-01,5.425829148924129174e-03
9.680000000000000000e+03,-8.013937283486717231e-03,6.160880577261513835e-01,5.119639284766662121e-03
9.690000000000000000e+03,-7.836777389761601098e-03,6.158277118889572410e-01,4.838044143707267986e-03
9.700000000000000000e+03,-7.657952384776321036e-03,6.155681417898676289e-01,4.581405560748638695e-03
9.710000000000000000e+03,-7.479345116143325950e-03,6.153088898126892747e-01,4.348092319752657961e-03
9.720000000000000000e+03,-7.301582729708805571e-03,6.150495475301004378e-01,4.135323483739394672e-03
9.730000000000000000e+03,-7.124160923341641902e-03,6.147897301569141826e-01,3.937234386768745896e-03
9.740000000000000000e+03,-6.945946597503319976e-03,6.145291624066365754e-01,3.738181056618640041e-03
9.750000000000000000e+03,-6.765931875381014406e-03,6.142676114292503486e-01,3.529325530157107274e-03
9.760000000000000000e+03,-6.583873351352337484e-03,6.140048607378741918e-01,3.318448947440575964e-03
9.770000000000000000e+03,-6.400465656746473324e-03,6.137407343715098884e-01,3.115359145970909675e-03
9.780000000000000000e+03,-6.216936535021608777e-03,6.134751270264716672e-01,2.931815788206405034e-03
9.790000000000000000e+03,-6.034294869104487105e-03,6.132079945369880436e-01,2.778261536400954222e-03
9.800000000000000000e+03,-5.852667427723025166e-03,6.129394061624484635e-01,2.645941758624519285e-03
9.810000000000000000e+03,-5.671086674329370650e-03,6.126695011391208867e-01,2.517742400991828181e-03
9.820000000000000000e+03,-5.487869885986799805e-03,6.123984962769151164e-01,2.379561555721258596e-03
9.830000000000000000e+03,-5.301450456683913862e-03,6.121266440607309178e-01,2.226200936624056752e-03
9.840000000000000000e+03,-5.111210898258722324e-03,6.118542726001163778e-01,2.059721818613643920e-03
9.850000000000000000e+03,-4.917840269922211030e-03,6.115817362236544152e-01,1.888332349788159103e-03
9.860000000000000000e+03,-4.723203110000231617e-03,6.113093929710606833e-01,1.721792835169080795e-03
9.870000000000000000e+03,-4.530028690517157522e-03,6.110375680316485481e-01,1.561667159040497008e-03
9.880000000000000000e+03,-4.341545079982206227e-03,6.107664513712166565e-01,1.412939017336724496e-03
9.890000000000000000e+03,-4.160979381381870075e-03,6.104961343716682753e-01,1.271485313049256806e-03
9.900000000000000000e+03,-3.991057931824597629e-03,6.102266419989414992e-01,1.124306451066808734e-03
9.910000000000000000e+03,-3.833908667291740981e-03,6.099580277369843762e-01,9.712543323707694244e-04
9.920000000000000000e+03,-3.691188013840742115e-03,6.096902460712938510e-01,8.096462305732021530e-04
9.930000000000000000e+03,-3.564219475792720741e-03,6.094233078194325470e-01,6.513907314702749307e-04
9.940000000000000000e+03,-3.454466213749254628e-03,6.091573143204747076e-01,4.990771128829005155e-04
9.950000000000000000e+03,-3.364193240358656720e-03,6.088924129075858893e-01,3.579111032870927822e-04
9.960000000000000000e+03,-3.296863112681554762e-03,6.086287561048540073e-01,2.328183269911816421e-04
9.970000000000000000e+03,-3.257086226425653583e-03,6.083664955344944003e-01,1.193598556389080268e-04
9.980000000000000000e+03,-3.250005739408045029e-03,6.081057765292638972e-01,1.206856669031488792e-05
9.990000000000000000e+03,-3.280137777785682891e-03,6.078467292125241395e-01,-8.066585011355236227e-05
